"period","segment_label","market","date","evaluation_index","is_baseline","daily_difference","cumulative_difference"
"main_oos","Main OOS 2018--2023","DAX",2018-01-01,0,TRUE,,0
"main_oos","Main OOS 2018--2023","DAX",2018-01-02,1,FALSE,0.231641423556449,0.231641423556449
"main_oos","Main OOS 2018--2023","DAX",2018-01-03,2,FALSE,0.234528380972411,0.46616980452886
"main_oos","Main OOS 2018--2023","DAX",2018-01-04,3,FALSE,0.166996559231006,0.633166363759866
"main_oos","Main OOS 2018--2023","DAX",2018-01-05,4,FALSE,0.0380091363591615,0.671175500119027
"main_oos","Main OOS 2018--2023","DAX",2018-01-08,5,FALSE,-0.034434553961425,0.636740946157602
"main_oos","Main OOS 2018--2023","DAX",2018-01-09,6,FALSE,-0.0557038494269422,0.58103709673066
"main_oos","Main OOS 2018--2023","DAX",2018-01-10,7,FALSE,-0.0770647077996773,0.503972388930983
"main_oos","Main OOS 2018--2023","DAX",2018-01-11,8,FALSE,0.0296450266553805,0.533617415586363
"main_oos","Main OOS 2018--2023","DAX",2018-01-12,9,FALSE,0.0890184327450703,0.622635848331434
"main_oos","Main OOS 2018--2023","DAX",2018-01-15,10,FALSE,0.0742133590942058,0.696849207425639
"main_oos","Main OOS 2018--2023","DAX",2018-01-16,11,FALSE,0.108315378325053,0.805164585750692
"main_oos","Main OOS 2018--2023","DAX",2018-01-17,12,FALSE,0.0958463522109212,0.901010937961613
"main_oos","Main OOS 2018--2023","DAX",2018-01-18,13,FALSE,0.148114127265083,1.0491250652267
"main_oos","Main OOS 2018--2023","DAX",2018-01-19,14,FALSE,0.0890263011798973,1.13815136640659
"main_oos","Main OOS 2018--2023","DAX",2018-01-22,15,FALSE,-0.00219421980871792,1.13595714659788
"main_oos","Main OOS 2018--2023","DAX",2018-01-23,16,FALSE,-0.0178664788930236,1.11809066770485
"main_oos","Main OOS 2018--2023","DAX",2018-01-24,17,FALSE,-0.0638641809603111,1.05422648674454
"main_oos","Main OOS 2018--2023","DAX",2018-01-25,18,FALSE,0.079382038354376,1.13360852509892
"main_oos","Main OOS 2018--2023","DAX",2018-01-26,19,FALSE,0.151992768942533,1.28560129404145
"main_oos","Main OOS 2018--2023","DAX",2018-01-29,20,FALSE,0.123431820203288,1.40903311424474
"main_oos","Main OOS 2018--2023","DAX",2018-01-30,21,FALSE,0.121674001188488,1.53070711543323
"main_oos","Main OOS 2018--2023","DAX",2018-01-31,22,FALSE,0.190765926710964,1.72147304214419
"main_oos","Main OOS 2018--2023","DAX",2018-02-01,23,FALSE,0.176422461141054,1.89789550328524
"main_oos","Main OOS 2018--2023","DAX",2018-02-02,24,FALSE,0.248770403483515,2.14666590676876
"main_oos","Main OOS 2018--2023","DAX",2018-02-05,25,FALSE,0.303185914698063,2.44985182146682
"main_oos","Main OOS 2018--2023","DAX",2018-02-06,26,FALSE,-3.63192749267175,-1.18207567120493
"main_oos","Main OOS 2018--2023","DAX",2018-02-07,27,FALSE,0.347257280894113,-0.834818390310812
"main_oos","Main OOS 2018--2023","DAX",2018-02-08,28,FALSE,-1.9048957320467,-2.73971412235751
"main_oos","Main OOS 2018--2023","DAX",2018-02-09,29,FALSE,0.306371460818183,-2.43334266153933
"main_oos","Main OOS 2018--2023","DAX",2018-02-12,30,FALSE,0.313209217664017,-2.12013344387531
"main_oos","Main OOS 2018--2023","DAX",2018-02-13,31,FALSE,0.218193234268854,-1.90194020960645
"main_oos","Main OOS 2018--2023","DAX",2018-02-14,32,FALSE,0.218557546404511,-1.68338266320194
"main_oos","Main OOS 2018--2023","DAX",2018-02-15,33,FALSE,0.145318969978384,-1.53806369322356
"main_oos","Main OOS 2018--2023","DAX",2018-02-16,34,FALSE,0.109966092662352,-1.42809760056121
"main_oos","Main OOS 2018--2023","DAX",2018-02-19,35,FALSE,0.0569594334849812,-1.37113816707623
"main_oos","Main OOS 2018--2023","DAX",2018-02-20,36,FALSE,0.0833088177424259,-1.2878293493338
"main_oos","Main OOS 2018--2023","DAX",2018-02-21,37,FALSE,0.0368888998495751,-1.25094044948423
"main_oos","Main OOS 2018--2023","DAX",2018-02-22,38,FALSE,0.0345889797707448,-1.21635146971348
"main_oos","Main OOS 2018--2023","DAX",2018-02-23,39,FALSE,0.0278664489089031,-1.18848502080458
"main_oos","Main OOS 2018--2023","DAX",2018-02-26,40,FALSE,0.00976229075142498,-1.17872273005315
"main_oos","Main OOS 2018--2023","DAX",2018-02-27,41,FALSE,-0.00651624766991454,-1.18523897772307
"main_oos","Main OOS 2018--2023","DAX",2018-02-28,42,FALSE,0.0326607251958897,-1.15257825252718
"main_oos","Main OOS 2018--2023","DAX",2018-03-01,43,FALSE,-3.38857557721297,-4.54115382974014
"main_oos","Main OOS 2018--2023","DAX",2018-03-02,44,FALSE,-1.03544012168527,-5.57659395142541
"main_oos","Main OOS 2018--2023","DAX",2018-03-05,45,FALSE,0.294425590953298,-5.28216836047211
"main_oos","Main OOS 2018--2023","DAX",2018-03-06,46,FALSE,0.179840598484893,-5.10232776198722
"main_oos","Main OOS 2018--2023","DAX",2018-03-07,47,FALSE,0.147993454261504,-4.95433430772572
"main_oos","Main OOS 2018--2023","DAX",2018-03-08,48,FALSE,0.0716162422509701,-4.88271806547475
"main_oos","Main OOS 2018--2023","DAX",2018-03-09,49,FALSE,0.014576241367122,-4.86814182410762
"main_oos","Main OOS 2018--2023","DAX",2018-03-12,50,FALSE,0.0137633644019466,-4.85437845970568
"main_oos","Main OOS 2018--2023","DAX",2018-03-13,51,FALSE,-0.0232132298242429,-4.87759168952992
"main_oos","Main OOS 2018--2023","DAX",2018-03-14,52,FALSE,0.101933775237911,-4.77565791429201
"main_oos","Main OOS 2018--2023","DAX",2018-03-15,53,FALSE,0.0790952027884961,-4.69656271150351
"main_oos","Main OOS 2018--2023","DAX",2018-03-16,54,FALSE,0.0191856844705831,-4.67737702703293
"main_oos","Main OOS 2018--2023","DAX",2018-03-19,55,FALSE,0.000967426737826127,-4.6764096002951
"main_oos","Main OOS 2018--2023","DAX",2018-03-20,56,FALSE,0.112648387908487,-4.56376121238662
"main_oos","Main OOS 2018--2023","DAX",2018-03-21,57,FALSE,0.0590443850981959,-4.50471682728842
"main_oos","Main OOS 2018--2023","DAX",2018-03-22,58,FALSE,0.0438675925627205,-4.4608492347257
"main_oos","Main OOS 2018--2023","DAX",2018-03-23,59,FALSE,0.157738737603635,-4.30311049712206
"main_oos","Main OOS 2018--2023","DAX",2018-03-26,60,FALSE,0.233035917217047,-4.07007457990502
"main_oos","Main OOS 2018--2023","DAX",2018-03-27,61,FALSE,0.259250267756439,-3.81082431214858
"main_oos","Main OOS 2018--2023","DAX",2018-03-28,62,FALSE,0.141628684288904,-3.66919562785968
"main_oos","Main OOS 2018--2023","DAX",2018-03-29,63,FALSE,0.132854139180586,-3.53634148867909
"main_oos","Main OOS 2018--2023","DAX",2018-04-03,64,FALSE,0.0457265617570868,-3.490614926922
"main_oos","Main OOS 2018--2023","DAX",2018-04-04,65,FALSE,0.094772836113004,-3.395842090809
"main_oos","Main OOS 2018--2023","DAX",2018-04-05,66,FALSE,0.110579677066439,-3.28526241374256
"main_oos","Main OOS 2018--2023","DAX",2018-04-06,67,FALSE,-0.107081947459367,-3.39234436120193
"main_oos","Main OOS 2018--2023","DAX",2018-04-09,68,FALSE,-0.057316871381548,-3.44966123258347
"main_oos","Main OOS 2018--2023","DAX",2018-04-10,69,FALSE,-0.0793175625044187,-3.52897879508789
"main_oos","Main OOS 2018--2023","DAX",2018-04-11,70,FALSE,-0.138055477555366,-3.66703427264326
"main_oos","Main OOS 2018--2023","DAX",2018-04-12,71,FALSE,-0.0552226081544474,-3.72225688079771
"main_oos","Main OOS 2018--2023","DAX",2018-04-13,72,FALSE,-0.113482161003649,-3.83573904180136
"main_oos","Main OOS 2018--2023","DAX",2018-04-16,73,FALSE,-0.128073484564539,-3.9638125263659
"main_oos","Main OOS 2018--2023","DAX",2018-04-17,74,FALSE,-0.0744695401330753,-4.03828206649897
"main_oos","Main OOS 2018--2023","DAX",2018-04-18,75,FALSE,-0.184929214244449,-4.22321128074342
"main_oos","Main OOS 2018--2023","DAX",2018-04-19,76,FALSE,-0.185565237815251,-4.40877651855867
"main_oos","Main OOS 2018--2023","DAX",2018-04-20,77,FALSE,-0.153715429364441,-4.56249194792311
"main_oos","Main OOS 2018--2023","DAX",2018-04-23,78,FALSE,-0.120625955010301,-4.68311790293341
"main_oos","Main OOS 2018--2023","DAX",2018-04-24,79,FALSE,-0.123445315089799,-4.80656321802321
"main_oos","Main OOS 2018--2023","DAX",2018-04-25,80,FALSE,-0.0831907649415338,-4.88975398296475
"main_oos","Main OOS 2018--2023","DAX",2018-04-26,81,FALSE,0.0222328371135685,-4.86752114585118
"main_oos","Main OOS 2018--2023","DAX",2018-04-27,82,FALSE,-0.00787548872320021,-4.87539663457438
"main_oos","Main OOS 2018--2023","DAX",2018-04-30,83,FALSE,-0.0404945995480321,-4.91589123412241
"main_oos","Main OOS 2018--2023","DAX",2018-05-02,84,FALSE,-0.0650212762694706,-4.98091251039188
"main_oos","Main OOS 2018--2023","DAX",2018-05-03,85,FALSE,-0.181736414129969,-5.16264892452185
"main_oos","Main OOS 2018--2023","DAX",2018-05-04,86,FALSE,-0.0420939443767077,-5.20474286889856
"main_oos","Main OOS 2018--2023","DAX",2018-05-07,87,FALSE,-0.108538943999805,-5.31328181289836
"main_oos","Main OOS 2018--2023","DAX",2018-05-08,88,FALSE,-0.162469320492523,-5.47575113339089
"main_oos","Main OOS 2018--2023","DAX",2018-05-09,89,FALSE,-0.118049333230474,-5.59380046662136
"main_oos","Main OOS 2018--2023","DAX",2018-05-10,90,FALSE,-0.13223701040969,-5.72603747703105
"main_oos","Main OOS 2018--2023","DAX",2018-05-11,91,FALSE,-0.158729180018335,-5.88476665704939
"main_oos","Main OOS 2018--2023","DAX",2018-05-14,92,FALSE,-0.123227902395595,-6.00799455944498
"main_oos","Main OOS 2018--2023","DAX",2018-05-15,93,FALSE,-0.0877742046300418,-6.09576876407502
"main_oos","Main OOS 2018--2023","DAX",2018-05-16,94,FALSE,-0.0693021525856043,-6.16507091666063
"main_oos","Main OOS 2018--2023","DAX",2018-05-17,95,FALSE,-0.07355194766274,-6.23862286432337
"main_oos","Main OOS 2018--2023","DAX",2018-05-18,96,FALSE,-0.133880350390282,-6.37250321471365
"main_oos","Main OOS 2018--2023","DAX",2018-05-22,97,FALSE,-0.0621917948501087,-6.43469500956376
"main_oos","Main OOS 2018--2023","DAX",2018-05-23,98,FALSE,3.16523020252919,-3.26946480703457
"main_oos","Main OOS 2018--2023","DAX",2018-05-24,99,FALSE,0.102063742399417,-3.16740106463515
"main_oos","Main OOS 2018--2023","DAX",2018-05-25,100,FALSE,0.167973941524379,-2.99942712311077
"main_oos","Main OOS 2018--2023","DAX",2018-05-28,101,FALSE,0.122612639760923,-2.87681448334985
"main_oos","Main OOS 2018--2023","DAX",2018-05-29,102,FALSE,0.165077700320308,-2.71173678302954
"main_oos","Main OOS 2018--2023","DAX",2018-05-30,103,FALSE,0.241265065457293,-2.47047171757225
"main_oos","Main OOS 2018--2023","DAX",2018-05-31,104,FALSE,0.165701024093198,-2.30477069347905
"main_oos","Main OOS 2018--2023","DAX",2018-06-01,105,FALSE,0.250321794706269,-2.05444889877278
"main_oos","Main OOS 2018--2023","DAX",2018-06-04,106,FALSE,0.177245081971753,-1.87720381680103
"main_oos","Main OOS 2018--2023","DAX",2018-06-05,107,FALSE,0.14458210599279,-1.73262171080824
"main_oos","Main OOS 2018--2023","DAX",2018-06-06,108,FALSE,0.118492875054779,-1.61412883575346
"main_oos","Main OOS 2018--2023","DAX",2018-06-07,109,FALSE,0.0893489817950526,-1.5247798539584
"main_oos","Main OOS 2018--2023","DAX",2018-06-08,110,FALSE,0.10394884941087,-1.42083100454753
"main_oos","Main OOS 2018--2023","DAX",2018-06-11,111,FALSE,0.140109562154799,-1.28072144239273
"main_oos","Main OOS 2018--2023","DAX",2018-06-12,112,FALSE,0.102683170041689,-1.17803827235105
"main_oos","Main OOS 2018--2023","DAX",2018-06-13,113,FALSE,0.106112081029494,-1.07192619132155
"main_oos","Main OOS 2018--2023","DAX",2018-06-14,114,FALSE,0.0849917187026827,-0.986934472618869
"main_oos","Main OOS 2018--2023","DAX",2018-06-15,115,FALSE,-0.0919168403099162,-1.07885131292878
"main_oos","Main OOS 2018--2023","DAX",2018-06-18,116,FALSE,0.0165772556501422,-1.06227405727864
"main_oos","Main OOS 2018--2023","DAX",2018-06-19,117,FALSE,0.136869371767922,-0.925404685510721
"main_oos","Main OOS 2018--2023","DAX",2018-06-20,118,FALSE,0.203809387283563,-0.721595298227158
"main_oos","Main OOS 2018--2023","DAX",2018-06-21,119,FALSE,0.176005457930183,-0.545589840296975
"main_oos","Main OOS 2018--2023","DAX",2018-06-22,120,FALSE,0.246714742306481,-0.298875097990494
"main_oos","Main OOS 2018--2023","DAX",2018-06-25,121,FALSE,-5.90658310992744,-6.20545820791793
"main_oos","Main OOS 2018--2023","DAX",2018-06-26,122,FALSE,0.303374197366017,-5.90208401055191
"main_oos","Main OOS 2018--2023","DAX",2018-06-27,123,FALSE,0.281807002469553,-5.62027700808236
"main_oos","Main OOS 2018--2023","DAX",2018-06-28,124,FALSE,0.206474221959125,-5.41380278612324
"main_oos","Main OOS 2018--2023","DAX",2018-06-29,125,FALSE,0.257203580584207,-5.15659920553903
"main_oos","Main OOS 2018--2023","DAX",2018-07-02,126,FALSE,0.175826456908356,-4.98077274863067
"main_oos","Main OOS 2018--2023","DAX",2018-07-03,127,FALSE,0.197068825702087,-4.78370392292858
"main_oos","Main OOS 2018--2023","DAX",2018-07-04,128,FALSE,0.135120347725223,-4.64858357520336
"main_oos","Main OOS 2018--2023","DAX",2018-07-05,129,FALSE,0.144314699377447,-4.50426887582591
"main_oos","Main OOS 2018--2023","DAX",2018-07-06,130,FALSE,0.0524261840650495,-4.45184269176086
"main_oos","Main OOS 2018--2023","DAX",2018-07-09,131,FALSE,0.0335811002319364,-4.41826159152893
"main_oos","Main OOS 2018--2023","DAX",2018-07-10,132,FALSE,0.00947173406923052,-4.4087898574597
"main_oos","Main OOS 2018--2023","DAX",2018-07-11,133,FALSE,-0.0130614785940848,-4.42185133605378
"main_oos","Main OOS 2018--2023","DAX",2018-07-12,134,FALSE,0.105926092567963,-4.31592524348582
"main_oos","Main OOS 2018--2023","DAX",2018-07-13,135,FALSE,0.0664222961757,-4.24950294731012
"main_oos","Main OOS 2018--2023","DAX",2018-07-16,136,FALSE,0.0445486885881645,-4.20495425872195
"main_oos","Main OOS 2018--2023","DAX",2018-07-17,137,FALSE,0.031036605059692,-4.17391765366226
"main_oos","Main OOS 2018--2023","DAX",2018-07-18,138,FALSE,-0.0196748336630328,-4.1935924873253
"main_oos","Main OOS 2018--2023","DAX",2018-07-19,139,FALSE,-0.0705116644409443,-4.26410415176624
"main_oos","Main OOS 2018--2023","DAX",2018-07-20,140,FALSE,0.0117788745589171,-4.25232527720732
"main_oos","Main OOS 2018--2023","DAX",2018-07-23,141,FALSE,0.0951889443706935,-4.15713633283663
"main_oos","Main OOS 2018--2023","DAX",2018-07-24,142,FALSE,0.0984344802654984,-4.05870185257113
"main_oos","Main OOS 2018--2023","DAX",2018-07-25,143,FALSE,0.00537032198980647,-4.05333153058132
"main_oos","Main OOS 2018--2023","DAX",2018-07-26,144,FALSE,0.0863723563919698,-3.96695917418935
"main_oos","Main OOS 2018--2023","DAX",2018-07-27,145,FALSE,-0.0767872937814795,-4.04374646797083
"main_oos","Main OOS 2018--2023","DAX",2018-07-30,146,FALSE,-0.0947701077425023,-4.13851657571334
"main_oos","Main OOS 2018--2023","DAX",2018-07-31,147,FALSE,-0.0359256668437953,-4.17444224255713
"main_oos","Main OOS 2018--2023","DAX",2018-08-01,148,FALSE,-0.0438873051121527,-4.21832954766928
"main_oos","Main OOS 2018--2023","DAX",2018-08-02,149,FALSE,0.0190742890239006,-4.19925525864538
"main_oos","Main OOS 2018--2023","DAX",2018-08-03,150,FALSE,0.123301284573219,-4.07595397407216
"main_oos","Main OOS 2018--2023","DAX",2018-08-06,151,FALSE,0.0836500357998124,-3.99230393827235
"main_oos","Main OOS 2018--2023","DAX",2018-08-07,152,FALSE,0.0879715272081982,-3.90433241106415
"main_oos","Main OOS 2018--2023","DAX",2018-08-08,153,FALSE,0.0676311395053226,-3.83670127155883
"main_oos","Main OOS 2018--2023","DAX",2018-08-09,154,FALSE,0.0750601974396432,-3.76164107411919
"main_oos","Main OOS 2018--2023","DAX",2018-08-10,155,FALSE,-2.13136597593298,-5.89300705005217
"main_oos","Main OOS 2018--2023","DAX",2018-08-13,156,FALSE,0.189497795323608,-5.70350925472856
"main_oos","Main OOS 2018--2023","DAX",2018-08-14,157,FALSE,0.210897782056103,-5.49261147267246
"main_oos","Main OOS 2018--2023","DAX",2018-08-15,158,FALSE,0.188367894645134,-5.30424357802732
"main_oos","Main OOS 2018--2023","DAX",2018-08-16,159,FALSE,0.245565982368825,-5.0586775956585
"main_oos","Main OOS 2018--2023","DAX",2018-08-17,160,FALSE,0.195867433305915,-4.86281016235258
"main_oos","Main OOS 2018--2023","DAX",2018-08-20,161,FALSE,0.197375203917736,-4.66543495843485
"main_oos","Main OOS 2018--2023","DAX",2018-08-21,162,FALSE,0.12054038070685,-4.544894577728
"main_oos","Main OOS 2018--2023","DAX",2018-08-22,163,FALSE,0.095232955206124,-4.44966162252187
"main_oos","Main OOS 2018--2023","DAX",2018-08-23,164,FALSE,0.0824572604447895,-4.36720436207708
"main_oos","Main OOS 2018--2023","DAX",2018-08-24,165,FALSE,0.0979953988861229,-4.26920896319096
"main_oos","Main OOS 2018--2023","DAX",2018-08-27,166,FALSE,0.0906942809066245,-4.17851468228434
"main_oos","Main OOS 2018--2023","DAX",2018-08-28,167,FALSE,-0.0117063227001948,-4.19022100498453
"main_oos","Main OOS 2018--2023","DAX",2018-08-29,168,FALSE,0.00608541592048972,-4.18413558906404
"main_oos","Main OOS 2018--2023","DAX",2018-08-30,169,FALSE,-0.00200324013688435,-4.18613882920093
"main_oos","Main OOS 2018--2023","DAX",2018-08-31,170,FALSE,0.0702959836182195,-4.11584284558271
"main_oos","Main OOS 2018--2023","DAX",2018-09-03,171,FALSE,0.142023235094866,-3.97381961048784
"main_oos","Main OOS 2018--2023","DAX",2018-09-04,172,FALSE,0.151385161690958,-3.82243444879688
"main_oos","Main OOS 2018--2023","DAX",2018-09-05,173,FALSE,0.212717859577115,-3.60971658921977
"main_oos","Main OOS 2018--2023","DAX",2018-09-06,174,FALSE,0.260881397426966,-3.3488351917928
"main_oos","Main OOS 2018--2023","DAX",2018-09-07,175,FALSE,0.269812341160209,-3.07902285063259
"main_oos","Main OOS 2018--2023","DAX",2018-09-10,176,FALSE,0.243482756936804,-2.83554009369579
"main_oos","Main OOS 2018--2023","DAX",2018-09-11,177,FALSE,0.223053570487959,-2.61248652320783
"main_oos","Main OOS 2018--2023","DAX",2018-09-12,178,FALSE,0.226768864037758,-2.38571765917007
"main_oos","Main OOS 2018--2023","DAX",2018-09-13,179,FALSE,0.19121922359125,-2.19449843557882
"main_oos","Main OOS 2018--2023","DAX",2018-09-14,180,FALSE,0.180574231463597,-2.01392420411522
"main_oos","Main OOS 2018--2023","DAX",2018-09-17,181,FALSE,0.144483160590909,-1.86944104352432
"main_oos","Main OOS 2018--2023","DAX",2018-09-18,182,FALSE,0.172391702090034,-1.69704934143428
"main_oos","Main OOS 2018--2023","DAX",2018-09-19,183,FALSE,0.132799297937647,-1.56425004349663
"main_oos","Main OOS 2018--2023","DAX",2018-09-20,184,FALSE,0.100442114895329,-1.46380792860131
"main_oos","Main OOS 2018--2023","DAX",2018-09-21,185,FALSE,0.0228142164924234,-1.44099371210888
"main_oos","Main OOS 2018--2023","DAX",2018-09-24,186,FALSE,-0.0361896955972363,-1.47718340770612
"main_oos","Main OOS 2018--2023","DAX",2018-09-25,187,FALSE,0.0561615639602742,-1.42102184374584
"main_oos","Main OOS 2018--2023","DAX",2018-09-26,188,FALSE,0.0405811593031618,-1.38044068444268
"main_oos","Main OOS 2018--2023","DAX",2018-09-27,189,FALSE,0.0365828025219903,-1.34385788192069
"main_oos","Main OOS 2018--2023","DAX",2018-09-28,190,FALSE,-0.827614101806053,-2.17147198372675
"main_oos","Main OOS 2018--2023","DAX",2018-10-01,191,FALSE,0.170856059660989,-2.00061592406576
"main_oos","Main OOS 2018--2023","DAX",2018-10-02,192,FALSE,0.109628153482421,-1.89098777058333
"main_oos","Main OOS 2018--2023","DAX",2018-10-04,193,FALSE,0.151781560442988,-1.73920621014035
"main_oos","Main OOS 2018--2023","DAX",2018-10-05,194,FALSE,0.182493288553358,-1.55671292158699
"main_oos","Main OOS 2018--2023","DAX",2018-10-08,195,FALSE,0.241619280346138,-1.31509364124085
"main_oos","Main OOS 2018--2023","DAX",2018-10-09,196,FALSE,0.289804456615665,-1.02528918462519
"main_oos","Main OOS 2018--2023","DAX",2018-10-10,197,FALSE,-7.13957352931217,-8.16486271393736
"main_oos","Main OOS 2018--2023","DAX",2018-10-11,198,FALSE,0.337328419636356,-7.827534294301
"main_oos","Main OOS 2018--2023","DAX",2018-10-12,199,FALSE,0.365743686382881,-7.46179060791812
"main_oos","Main OOS 2018--2023","DAX",2018-10-15,200,FALSE,0.338456657464436,-7.12333395045368
"main_oos","Main OOS 2018--2023","DAX",2018-10-16,201,FALSE,0.275146872475566,-6.84818707797812
"main_oos","Main OOS 2018--2023","DAX",2018-10-17,202,FALSE,0.171669715688039,-6.67651736229008
"main_oos","Main OOS 2018--2023","DAX",2018-10-18,203,FALSE,0.189420800689539,-6.48709656160054
"main_oos","Main OOS 2018--2023","DAX",2018-10-19,204,FALSE,0.227812820166139,-6.2592837414344
"main_oos","Main OOS 2018--2023","DAX",2018-10-22,205,FALSE,0.227087637679631,-6.03219610375477
"main_oos","Main OOS 2018--2023","DAX",2018-10-23,206,FALSE,-2.0485172596095,-8.08071336336427
"main_oos","Main OOS 2018--2023","DAX",2018-10-24,207,FALSE,0.294575680677219,-7.78613768268705
"main_oos","Main OOS 2018--2023","DAX",2018-10-25,208,FALSE,0.285454978229479,-7.50068270445757
"main_oos","Main OOS 2018--2023","DAX",2018-10-26,209,FALSE,0.209321108276874,-7.2913615961807
"main_oos","Main OOS 2018--2023","DAX",2018-10-29,210,FALSE,0.238382643423429,-7.05297895275727
"main_oos","Main OOS 2018--2023","DAX",2018-10-30,211,FALSE,0.157382708480096,-6.89559624427717
"main_oos","Main OOS 2018--2023","DAX",2018-10-31,212,FALSE,0.16382193894753,-6.73177430532964
"main_oos","Main OOS 2018--2023","DAX",2018-11-01,213,FALSE,0.0734902936342134,-6.65828401169543
"main_oos","Main OOS 2018--2023","DAX",2018-11-02,214,FALSE,0.0609886019072401,-6.59729540978819
"main_oos","Main OOS 2018--2023","DAX",2018-11-05,215,FALSE,0.0313097865780168,-6.56598562321017
"main_oos","Main OOS 2018--2023","DAX",2018-11-06,216,FALSE,0.056948146309064,-6.50903747690111
"main_oos","Main OOS 2018--2023","DAX",2018-11-07,217,FALSE,0.0655214549843,-6.44351602191681
"main_oos","Main OOS 2018--2023","DAX",2018-11-08,218,FALSE,0.010103988299762,-6.43341203361704
"main_oos","Main OOS 2018--2023","DAX",2018-11-09,219,FALSE,0.0587844453398754,-6.37462758827717
"main_oos","Main OOS 2018--2023","DAX",2018-11-12,220,FALSE,-0.527907675417671,-6.90253526369484
"main_oos","Main OOS 2018--2023","DAX",2018-11-13,221,FALSE,0.149805605214674,-6.75272965848017
"main_oos","Main OOS 2018--2023","DAX",2018-11-14,222,FALSE,0.0539862294757651,-6.6987434290044
"main_oos","Main OOS 2018--2023","DAX",2018-11-15,223,FALSE,0.0945280654636762,-6.60421536354073
"main_oos","Main OOS 2018--2023","DAX",2018-11-16,224,FALSE,0.130573132676121,-6.4736422308646
"main_oos","Main OOS 2018--2023","DAX",2018-11-19,225,FALSE,0.125847943595279,-6.34779428726933
"main_oos","Main OOS 2018--2023","DAX",2018-11-20,226,FALSE,0.172777883559,-6.17501640371033
"main_oos","Main OOS 2018--2023","DAX",2018-11-21,227,FALSE,0.226645342300605,-5.94837106140972
"main_oos","Main OOS 2018--2023","DAX",2018-11-22,228,FALSE,0.102911362495302,-5.84545969891442
"main_oos","Main OOS 2018--2023","DAX",2018-11-23,229,FALSE,0.15194040250814,-5.69351929640628
"main_oos","Main OOS 2018--2023","DAX",2018-11-26,230,FALSE,0.11941491133811,-5.57410438506817
"main_oos","Main OOS 2018--2023","DAX",2018-11-27,231,FALSE,0.0212506752800226,-5.55285370978815
"main_oos","Main OOS 2018--2023","DAX",2018-11-28,232,FALSE,0.0537938488829457,-5.4990598609052
"main_oos","Main OOS 2018--2023","DAX",2018-11-29,233,FALSE,0.0537394529391984,-5.445320407966
"main_oos","Main OOS 2018--2023","DAX",2018-11-30,234,FALSE,0.0489169031904275,-5.39640350477558
"main_oos","Main OOS 2018--2023","DAX",2018-12-03,235,FALSE,0.0631914786533412,-5.33321202612223
"main_oos","Main OOS 2018--2023","DAX",2018-12-04,236,FALSE,-0.0808907297220252,-5.41410275584426
"main_oos","Main OOS 2018--2023","DAX",2018-12-05,237,FALSE,0.0205048145150337,-5.39359794132923
"main_oos","Main OOS 2018--2023","DAX",2018-12-06,238,FALSE,-4.05803427876903,-9.45163222009825
"main_oos","Main OOS 2018--2023","DAX",2018-12-07,239,FALSE,0.229165312333987,-9.22246690776427
"main_oos","Main OOS 2018--2023","DAX",2018-12-10,240,FALSE,0.212830058798793,-9.00963684896547
"main_oos","Main OOS 2018--2023","DAX",2018-12-11,241,FALSE,0.242105152579374,-8.7675316963861
"main_oos","Main OOS 2018--2023","DAX",2018-12-12,242,FALSE,0.155880790414493,-8.61165090597161
"main_oos","Main OOS 2018--2023","DAX",2018-12-13,243,FALSE,0.0852428544502382,-8.52640805152137
"main_oos","Main OOS 2018--2023","DAX",2018-12-14,244,FALSE,0.0695805142681385,-8.45682753725323
"main_oos","Main OOS 2018--2023","DAX",2018-12-17,245,FALSE,0.0840288933868631,-8.37279864386637
"main_oos","Main OOS 2018--2023","DAX",2018-12-18,246,FALSE,0.118234916034328,-8.25456372783204
"main_oos","Main OOS 2018--2023","DAX",2018-12-19,247,FALSE,0.12241259817741,-8.13215112965463
"main_oos","Main OOS 2018--2023","DAX",2018-12-20,248,FALSE,0.0993466775537197,-8.03280445210091
"main_oos","Main OOS 2018--2023","DAX",2018-12-21,249,FALSE,0.153854413509996,-7.87895003859092
"main_oos","Main OOS 2018--2023","DAX",2018-12-27,250,FALSE,-0.893523896379409,-8.77247393497033
"main_oos","Main OOS 2018--2023","DAX",2018-12-28,251,FALSE,0.201655908943227,-8.5708180260271
"main_oos","Main OOS 2018--2023","DAX",2019-01-02,252,FALSE,0.0893431248921144,-8.48147490113499
"main_oos","Main OOS 2018--2023","DAX",2019-01-03,253,FALSE,0.0650218719254174,-8.41645302920957
"main_oos","Main OOS 2018--2023","DAX",2019-01-04,254,FALSE,0.129673818820589,-8.28677921038898
"main_oos","Main OOS 2018--2023","DAX",2019-01-07,255,FALSE,-0.0692254534599965,-8.35600466384897
"main_oos","Main OOS 2018--2023","DAX",2019-01-08,256,FALSE,-0.0644635088847729,-8.42046817273375
"main_oos","Main OOS 2018--2023","DAX",2019-01-09,257,FALSE,-0.0906763735698468,-8.51114454630359
"main_oos","Main OOS 2018--2023","DAX",2019-01-10,258,FALSE,-0.123899728184161,-8.63504427448776
"main_oos","Main OOS 2018--2023","DAX",2019-01-11,259,FALSE,-0.141105519700895,-8.77614979418865
"main_oos","Main OOS 2018--2023","DAX",2019-01-14,260,FALSE,-0.112562415493495,-8.88871220968215
"main_oos","Main OOS 2018--2023","DAX",2019-01-15,261,FALSE,-0.0854458085389007,-8.97415801822105
"main_oos","Main OOS 2018--2023","DAX",2019-01-16,262,FALSE,-0.0962987757350193,-9.07045679395607
"main_oos","Main OOS 2018--2023","DAX",2019-01-17,263,FALSE,-0.102526160230091,-9.17298295418616
"main_oos","Main OOS 2018--2023","DAX",2019-01-18,264,FALSE,-0.0782755738652394,-9.2512585280514
"main_oos","Main OOS 2018--2023","DAX",2019-01-21,265,FALSE,-0.294416306484715,-9.54567483453611
"main_oos","Main OOS 2018--2023","DAX",2019-01-22,266,FALSE,-0.200519943984612,-9.74619477852072
"main_oos","Main OOS 2018--2023","DAX",2019-01-23,267,FALSE,-0.151290928255079,-9.8974857067758
"main_oos","Main OOS 2018--2023","DAX",2019-01-24,268,FALSE,-0.128249302449073,-10.0257350092249
"main_oos","Main OOS 2018--2023","DAX",2019-01-25,269,FALSE,-0.146155831014057,-10.1718908402389
"main_oos","Main OOS 2018--2023","DAX",2019-01-28,270,FALSE,-0.228817430545599,-10.4007082707845
"main_oos","Main OOS 2018--2023","DAX",2019-01-29,271,FALSE,-0.134348719784409,-10.5350569905689
"main_oos","Main OOS 2018--2023","DAX",2019-01-30,272,FALSE,-0.140894533534462,-10.6759515241034
"main_oos","Main OOS 2018--2023","DAX",2019-01-31,273,FALSE,-0.0904678417805991,-10.766419365884
"main_oos","Main OOS 2018--2023","DAX",2019-02-01,274,FALSE,-0.0862704864817956,-10.8526898523658
"main_oos","Main OOS 2018--2023","DAX",2019-02-04,275,FALSE,-0.0867902392972733,-10.9394800916631
"main_oos","Main OOS 2018--2023","DAX",2019-02-05,276,FALSE,-0.071185891306117,-11.0106659829692
"main_oos","Main OOS 2018--2023","DAX",2019-02-06,277,FALSE,-0.241857037400663,-11.2525230203699
"main_oos","Main OOS 2018--2023","DAX",2019-02-07,278,FALSE,7.7179293630884,-3.53459365728145
"main_oos","Main OOS 2018--2023","DAX",2019-02-08,279,FALSE,0.15844176234625,-3.3761518949352
"main_oos","Main OOS 2018--2023","DAX",2019-02-11,280,FALSE,0.202528077925465,-3.17362381700973
"main_oos","Main OOS 2018--2023","DAX",2019-02-12,281,FALSE,0.130249717000389,-3.04337410000934
"main_oos","Main OOS 2018--2023","DAX",2019-02-13,282,FALSE,0.0649002126761755,-2.97847388733317
"main_oos","Main OOS 2018--2023","DAX",2019-02-14,283,FALSE,0.0394174374637097,-2.93905644986946
"main_oos","Main OOS 2018--2023","DAX",2019-02-15,284,FALSE,0.0929763872155132,-2.84608006265394
"main_oos","Main OOS 2018--2023","DAX",2019-02-18,285,FALSE,-0.0530414654391771,-2.89912152809312
"main_oos","Main OOS 2018--2023","DAX",2019-02-19,286,FALSE,-0.0585463466561116,-2.95766787474923
"main_oos","Main OOS 2018--2023","DAX",2019-02-20,287,FALSE,-0.0787175170101624,-3.03638539175939
"main_oos","Main OOS 2018--2023","DAX",2019-02-21,288,FALSE,-0.121893218666842,-3.15827861042624
"main_oos","Main OOS 2018--2023","DAX",2019-02-22,289,FALSE,-0.130894498884812,-3.28917310931105
"main_oos","Main OOS 2018--2023","DAX",2019-02-25,290,FALSE,-0.143016225687237,-3.43218933499829
"main_oos","Main OOS 2018--2023","DAX",2019-02-26,291,FALSE,-0.157295369425316,-3.5894847044236
"main_oos","Main OOS 2018--2023","DAX",2019-02-27,292,FALSE,-0.160597450533917,-3.75008215495752
"main_oos","Main OOS 2018--2023","DAX",2019-02-28,293,FALSE,-0.078451951782009,-3.82853410673953
"main_oos","Main OOS 2018--2023","DAX",2019-03-01,294,FALSE,-0.0838793234404238,-3.91241343017995
"main_oos","Main OOS 2018--2023","DAX",2019-03-04,295,FALSE,-0.118906018883166,-4.03131944906312
"main_oos","Main OOS 2018--2023","DAX",2019-03-05,296,FALSE,-0.0937469573468512,-4.12506640640997
"main_oos","Main OOS 2018--2023","DAX",2019-03-06,297,FALSE,-0.0931223074091925,-4.21818871381916
"main_oos","Main OOS 2018--2023","DAX",2019-03-07,298,FALSE,-0.0347830149763193,-4.25297172879548
"main_oos","Main OOS 2018--2023","DAX",2019-03-08,299,FALSE,0.0514860948346672,-4.20148563396081
"main_oos","Main OOS 2018--2023","DAX",2019-03-11,300,FALSE,0.115767688604901,-4.08571794535591
"main_oos","Main OOS 2018--2023","DAX",2019-03-12,301,FALSE,0.0578446373506931,-4.02787330800522
"main_oos","Main OOS 2018--2023","DAX",2019-03-13,302,FALSE,0.0906854998320707,-3.93718780817315
"main_oos","Main OOS 2018--2023","DAX",2019-03-14,303,FALSE,0.0679982162238244,-3.86918959194933
"main_oos","Main OOS 2018--2023","DAX",2019-03-15,304,FALSE,0.0672908052303558,-3.80189878671897
"main_oos","Main OOS 2018--2023","DAX",2019-03-18,305,FALSE,-0.00406646218817741,-3.80596524890715
"main_oos","Main OOS 2018--2023","DAX",2019-03-19,306,FALSE,0.043680183787465,-3.76228506511968
"main_oos","Main OOS 2018--2023","DAX",2019-03-20,307,FALSE,2.03953661688802,-1.72274844823166
"main_oos","Main OOS 2018--2023","DAX",2019-03-21,308,FALSE,0.136591942908883,-1.58615650532278
"main_oos","Main OOS 2018--2023","DAX",2019-03-22,309,FALSE,0.170748327445316,-1.41540817787746
"main_oos","Main OOS 2018--2023","DAX",2019-03-25,310,FALSE,0.259034024754725,-1.15637415312274
"main_oos","Main OOS 2018--2023","DAX",2019-03-26,311,FALSE,0.248051697970482,-0.908322455152254
"main_oos","Main OOS 2018--2023","DAX",2019-03-27,312,FALSE,0.200279778634327,-0.708042676517927
"main_oos","Main OOS 2018--2023","DAX",2019-03-28,313,FALSE,0.183269201926543,-0.524773474591384
"main_oos","Main OOS 2018--2023","DAX",2019-03-29,314,FALSE,0.166421638263174,-0.35835183632821
"main_oos","Main OOS 2018--2023","DAX",2019-04-01,315,FALSE,0.0922452899367863,-0.266106546391424
"main_oos","Main OOS 2018--2023","DAX",2019-04-02,316,FALSE,-0.0086240815071239,-0.274730627898548
"main_oos","Main OOS 2018--2023","DAX",2019-04-03,317,FALSE,-0.0382308287396333,-0.312961456638181
"main_oos","Main OOS 2018--2023","DAX",2019-04-04,318,FALSE,-0.1307920620094,-0.443753518647581
"main_oos","Main OOS 2018--2023","DAX",2019-04-05,319,FALSE,-0.151152400670668,-0.594905919318249
"main_oos","Main OOS 2018--2023","DAX",2019-04-08,320,FALSE,-0.165415837524094,-0.760321756842342
"main_oos","Main OOS 2018--2023","DAX",2019-04-09,321,FALSE,-0.109586873107041,-0.869908629949383
"main_oos","Main OOS 2018--2023","DAX",2019-04-10,322,FALSE,-0.00234392200385303,-0.872252551953236
"main_oos","Main OOS 2018--2023","DAX",2019-04-11,323,FALSE,-0.0221374695014618,-0.894390021454698
"main_oos","Main OOS 2018--2023","DAX",2019-04-12,324,FALSE,-0.036593994706374,-0.930984016161072
"main_oos","Main OOS 2018--2023","DAX",2019-04-15,325,FALSE,-0.0562149422196543,-0.987198958380726
"main_oos","Main OOS 2018--2023","DAX",2019-04-16,326,FALSE,-0.0607315524511285,-1.04793051083185
"main_oos","Main OOS 2018--2023","DAX",2019-04-17,327,FALSE,-0.0906582909190732,-1.13858880175093
"main_oos","Main OOS 2018--2023","DAX",2019-04-18,328,FALSE,-0.0998131004253688,-1.2384019021763
"main_oos","Main OOS 2018--2023","DAX",2019-04-23,329,FALSE,-0.118681998262877,-1.35708390043917
"main_oos","Main OOS 2018--2023","DAX",2019-04-24,330,FALSE,-0.118026135458833,-1.47511003589801
"main_oos","Main OOS 2018--2023","DAX",2019-04-25,331,FALSE,-0.140780974287772,-1.61589101018578
"main_oos","Main OOS 2018--2023","DAX",2019-04-26,332,FALSE,-0.0845020238875003,-1.70039303407328
"main_oos","Main OOS 2018--2023","DAX",2019-04-29,333,FALSE,-0.0796997509045152,-1.78009278497779
"main_oos","Main OOS 2018--2023","DAX",2019-04-30,334,FALSE,-0.0717185565203797,-1.85181134149817
"main_oos","Main OOS 2018--2023","DAX",2019-05-02,335,FALSE,-0.0924962923615162,-1.94430763385969
"main_oos","Main OOS 2018--2023","DAX",2019-05-03,336,FALSE,-0.083230071570197,-2.02753770542989
"main_oos","Main OOS 2018--2023","DAX",2019-05-06,337,FALSE,1.04748872591569,-0.980048979514199
"main_oos","Main OOS 2018--2023","DAX",2019-05-07,338,FALSE,-2.22072222642121,-3.20077120593541
"main_oos","Main OOS 2018--2023","DAX",2019-05-08,339,FALSE,0.187459757063416,-3.013311448872
"main_oos","Main OOS 2018--2023","DAX",2019-05-09,340,FALSE,-1.9634056867287,-4.97671713560069
"main_oos","Main OOS 2018--2023","DAX",2019-05-10,341,FALSE,0.21952918267144,-4.75718795292925
"main_oos","Main OOS 2018--2023","DAX",2019-05-13,342,FALSE,0.175144289553488,-4.58204366337576
"main_oos","Main OOS 2018--2023","DAX",2019-05-14,343,FALSE,0.230385116651695,-4.35165854672407
"main_oos","Main OOS 2018--2023","DAX",2019-05-15,344,FALSE,0.168055682152934,-4.18360286457114
"main_oos","Main OOS 2018--2023","DAX",2019-05-16,345,FALSE,0.106195865961438,-4.0774069986097
"main_oos","Main OOS 2018--2023","DAX",2019-05-17,346,FALSE,-0.0161338436697738,-4.09354084227947
"main_oos","Main OOS 2018--2023","DAX",2019-05-20,347,FALSE,0.0261695959195616,-4.06737124635991
"main_oos","Main OOS 2018--2023","DAX",2019-05-21,348,FALSE,0.129032791272305,-3.9383384550876
"main_oos","Main OOS 2018--2023","DAX",2019-05-22,349,FALSE,0.0770746658802461,-3.86126378920736
"main_oos","Main OOS 2018--2023","DAX",2019-05-23,350,FALSE,0.050135292775094,-3.81112849643227
"main_oos","Main OOS 2018--2023","DAX",2019-05-24,351,FALSE,0.147954063029598,-3.66317443340267
"main_oos","Main OOS 2018--2023","DAX",2019-05-27,352,FALSE,0.110216379243232,-3.55295805415943
"main_oos","Main OOS 2018--2023","DAX",2019-05-28,353,FALSE,0.0781476766486686,-3.47481037751077
"main_oos","Main OOS 2018--2023","DAX",2019-05-29,354,FALSE,0.094390513287532,-3.38041986422323
"main_oos","Main OOS 2018--2023","DAX",2019-05-30,355,FALSE,0.170170301238019,-3.21024956298522
"main_oos","Main OOS 2018--2023","DAX",2019-05-31,356,FALSE,0.13569469599111,-3.0745548669941
"main_oos","Main OOS 2018--2023","DAX",2019-06-03,357,FALSE,0.209819669177718,-2.86473519781639
"main_oos","Main OOS 2018--2023","DAX",2019-06-04,358,FALSE,0.165552448709327,-2.69918274910706
"main_oos","Main OOS 2018--2023","DAX",2019-06-05,359,FALSE,0.0586229271720993,-2.64055982193496
"main_oos","Main OOS 2018--2023","DAX",2019-06-06,360,FALSE,0.0323683897896514,-2.60819143214531
"main_oos","Main OOS 2018--2023","DAX",2019-06-07,361,FALSE,0.0410417126332505,-2.56714971951206
"main_oos","Main OOS 2018--2023","DAX",2019-06-11,362,FALSE,-0.00537891414144909,-2.57252863365351
"main_oos","Main OOS 2018--2023","DAX",2019-06-12,363,FALSE,-0.0546639513420661,-2.62719258499557
"main_oos","Main OOS 2018--2023","DAX",2019-06-13,364,FALSE,-0.0194410576757529,-2.64663364267133
"main_oos","Main OOS 2018--2023","DAX",2019-06-14,365,FALSE,-0.0411994626879455,-2.68783310535927
"main_oos","Main OOS 2018--2023","DAX",2019-06-17,366,FALSE,0.0234121256110342,-2.66442097974824
"main_oos","Main OOS 2018--2023","DAX",2019-06-18,367,FALSE,0.0333068096593707,-2.63111417008887
"main_oos","Main OOS 2018--2023","DAX",2019-06-19,368,FALSE,-0.152815252655474,-2.78392942274434
"main_oos","Main OOS 2018--2023","DAX",2019-06-20,369,FALSE,-0.124214718688051,-2.90814414143239
"main_oos","Main OOS 2018--2023","DAX",2019-06-21,370,FALSE,-0.142722575228442,-3.05086671666084
"main_oos","Main OOS 2018--2023","DAX",2019-06-24,371,FALSE,-0.123032640915109,-3.17389935757594
"main_oos","Main OOS 2018--2023","DAX",2019-06-25,372,FALSE,-0.0545243044987991,-3.22842366207474
"main_oos","Main OOS 2018--2023","DAX",2019-06-26,373,FALSE,-0.00080057503461517,-3.22922423710936
"main_oos","Main OOS 2018--2023","DAX",2019-06-27,374,FALSE,0.000534440233533662,-3.22868979687582
"main_oos","Main OOS 2018--2023","DAX",2019-06-28,375,FALSE,0.000154057801781349,-3.22853573907404
"main_oos","Main OOS 2018--2023","DAX",2019-07-01,376,FALSE,-0.0920136806603322,-3.32054941973438
"main_oos","Main OOS 2018--2023","DAX",2019-07-02,377,FALSE,-0.168675823676368,-3.48922524341074
"main_oos","Main OOS 2018--2023","DAX",2019-07-03,378,FALSE,-0.171589854486565,-3.66081509789731
"main_oos","Main OOS 2018--2023","DAX",2019-07-04,379,FALSE,-0.217781046236703,-3.87859614413401
"main_oos","Main OOS 2018--2023","DAX",2019-07-05,380,FALSE,-0.218393968202774,-4.09699011233679
"main_oos","Main OOS 2018--2023","DAX",2019-07-08,381,FALSE,-0.114755052128312,-4.2117451644651
"main_oos","Main OOS 2018--2023","DAX",2019-07-09,382,FALSE,-0.0658075566198537,-4.27755272108495
"main_oos","Main OOS 2018--2023","DAX",2019-07-10,383,FALSE,0.0519484127851126,-4.22560430829984
"main_oos","Main OOS 2018--2023","DAX",2019-07-11,384,FALSE,0.107586419223265,-4.11801788907657
"main_oos","Main OOS 2018--2023","DAX",2019-07-12,385,FALSE,0.137550980068546,-3.98046690900803
"main_oos","Main OOS 2018--2023","DAX",2019-07-15,386,FALSE,0.142174036281673,-3.83829287272636
"main_oos","Main OOS 2018--2023","DAX",2019-07-16,387,FALSE,0.104797223765863,-3.73349564896049
"main_oos","Main OOS 2018--2023","DAX",2019-07-17,388,FALSE,0.0837683961778557,-3.64972725278264
"main_oos","Main OOS 2018--2023","DAX",2019-07-18,389,FALSE,0.163605502712562,-3.48612175007008
"main_oos","Main OOS 2018--2023","DAX",2019-07-19,390,FALSE,0.230021974424385,-3.25609977564569
"main_oos","Main OOS 2018--2023","DAX",2019-07-22,391,FALSE,0.206994412560446,-3.04910536308524
"main_oos","Main OOS 2018--2023","DAX",2019-07-23,392,FALSE,0.193430919695986,-2.85567444338926
"main_oos","Main OOS 2018--2023","DAX",2019-07-24,393,FALSE,-0.0178406939778555,-2.87351513736711
"main_oos","Main OOS 2018--2023","DAX",2019-07-25,394,FALSE,-0.0294591388635226,-2.90297427623064
"main_oos","Main OOS 2018--2023","DAX",2019-07-26,395,FALSE,0.110942756898717,-2.79203151933192
"main_oos","Main OOS 2018--2023","DAX",2019-07-29,396,FALSE,0.078067943223808,-2.71396357610811
"main_oos","Main OOS 2018--2023","DAX",2019-07-30,397,FALSE,-2.83443396777333,-5.54839754388145
"main_oos","Main OOS 2018--2023","DAX",2019-07-31,398,FALSE,0.24279214658205,-5.3056053972994
"main_oos","Main OOS 2018--2023","DAX",2019-08-01,399,FALSE,0.237662970658691,-5.0679424266407
"main_oos","Main OOS 2018--2023","DAX",2019-08-02,400,FALSE,-8.9676153874484,-14.0355578140891
"main_oos","Main OOS 2018--2023","DAX",2019-08-05,401,FALSE,0.374007527190665,-13.6615502868984
"main_oos","Main OOS 2018--2023","DAX",2019-08-06,402,FALSE,0.392824638937549,-13.2687256479609
"main_oos","Main OOS 2018--2023","DAX",2019-08-07,403,FALSE,0.371759316150889,-12.89696633181
"main_oos","Main OOS 2018--2023","DAX",2019-08-08,404,FALSE,0.305964220960389,-12.5910021108496
"main_oos","Main OOS 2018--2023","DAX",2019-08-09,405,FALSE,0.177121000110259,-12.4138811107394
"main_oos","Main OOS 2018--2023","DAX",2019-08-12,406,FALSE,0.227964487728202,-12.1859166230112
"main_oos","Main OOS 2018--2023","DAX",2019-08-13,407,FALSE,0.19868594361275,-11.9872306793984
"main_oos","Main OOS 2018--2023","DAX",2019-08-14,408,FALSE,0.148972440938362,-11.83825823846
"main_oos","Main OOS 2018--2023","DAX",2019-08-15,409,FALSE,0.242612595029543,-11.5956456434305
"main_oos","Main OOS 2018--2023","DAX",2019-08-16,410,FALSE,0.234539921777326,-11.3611057216532
"main_oos","Main OOS 2018--2023","DAX",2019-08-19,411,FALSE,0.137946071204291,-11.2231596504489
"main_oos","Main OOS 2018--2023","DAX",2019-08-20,412,FALSE,0.0534677605337235,-11.1696918899152
"main_oos","Main OOS 2018--2023","DAX",2019-08-21,413,FALSE,0.0768408175142437,-11.0928510724009
"main_oos","Main OOS 2018--2023","DAX",2019-08-22,414,FALSE,-0.00889918056700512,-11.1017502529679
"main_oos","Main OOS 2018--2023","DAX",2019-08-23,415,FALSE,0.019204797807574,-11.0825454551603
"main_oos","Main OOS 2018--2023","DAX",2019-08-26,416,FALSE,0.0909667811601813,-10.9915786740002
"main_oos","Main OOS 2018--2023","DAX",2019-08-27,417,FALSE,0.0508769630249994,-10.9407017109752
"main_oos","Main OOS 2018--2023","DAX",2019-08-28,418,FALSE,0.00929080838414564,-10.931410902591
"main_oos","Main OOS 2018--2023","DAX",2019-08-29,419,FALSE,0.0275139402327038,-10.9038969623583
"main_oos","Main OOS 2018--2023","DAX",2019-08-30,420,FALSE,-0.0545745223921279,-10.9584714847504
"main_oos","Main OOS 2018--2023","DAX",2019-09-02,421,FALSE,-0.0650501605151435,-11.0235216452656
"main_oos","Main OOS 2018--2023","DAX",2019-09-03,422,FALSE,-0.0674849080602962,-11.0910065533259
"main_oos","Main OOS 2018--2023","DAX",2019-09-04,423,FALSE,-0.0227953792762703,-11.1138019326021
"main_oos","Main OOS 2018--2023","DAX",2019-09-05,424,FALSE,-0.081626888238731,-11.1954288208409
"main_oos","Main OOS 2018--2023","DAX",2019-09-06,425,FALSE,-0.122644511622479,-11.3180733324634
"main_oos","Main OOS 2018--2023","DAX",2019-09-09,426,FALSE,-0.13668090197421,-11.4547542344376
"main_oos","Main OOS 2018--2023","DAX",2019-09-10,427,FALSE,-0.139839892181408,-11.594594126619
"main_oos","Main OOS 2018--2023","DAX",2019-09-11,428,FALSE,-0.139121169646649,-11.7337152962656
"main_oos","Main OOS 2018--2023","DAX",2019-09-12,429,FALSE,-0.174528078655574,-11.9082433749212
"main_oos","Main OOS 2018--2023","DAX",2019-09-13,430,FALSE,-0.184145475588923,-12.0923888505101
"main_oos","Main OOS 2018--2023","DAX",2019-09-16,431,FALSE,-0.188932604761284,-12.2813214552714
"main_oos","Main OOS 2018--2023","DAX",2019-09-17,432,FALSE,-0.0715963341111323,-12.3529177893825
"main_oos","Main OOS 2018--2023","DAX",2019-09-18,433,FALSE,-0.0469928468551948,-12.3999106362377
"main_oos","Main OOS 2018--2023","DAX",2019-09-19,434,FALSE,-0.0420509276714338,-12.4419615639092
"main_oos","Main OOS 2018--2023","DAX",2019-09-20,435,FALSE,-0.0671061981174119,-12.5090677620266
"main_oos","Main OOS 2018--2023","DAX",2019-09-23,436,FALSE,-0.0584316654628005,-12.5674994274894
"main_oos","Main OOS 2018--2023","DAX",2019-09-24,437,FALSE,0.0537075552460387,-12.5137918722433
"main_oos","Main OOS 2018--2023","DAX",2019-09-25,438,FALSE,0.0992385390936654,-12.4145533331497
"main_oos","Main OOS 2018--2023","DAX",2019-09-26,439,FALSE,0.154764000876359,-12.2597893322733
"main_oos","Main OOS 2018--2023","DAX",2019-09-27,440,FALSE,0.135375403540127,-12.1244139287332
"main_oos","Main OOS 2018--2023","DAX",2019-09-30,441,FALSE,0.0687366952293926,-12.0556772335038
"main_oos","Main OOS 2018--2023","DAX",2019-10-01,442,FALSE,0.0837811286071102,-11.9718961048967
"main_oos","Main OOS 2018--2023","DAX",2019-10-02,443,FALSE,-8.64898733138768,-20.6208834362844
"main_oos","Main OOS 2018--2023","DAX",2019-10-04,444,FALSE,0.331860929960108,-20.2890225063243
"main_oos","Main OOS 2018--2023","DAX",2019-10-07,445,FALSE,0.272081999017922,-20.0169405073063
"main_oos","Main OOS 2018--2023","DAX",2019-10-08,446,FALSE,0.21276429621341,-19.8041762110929
"main_oos","Main OOS 2018--2023","DAX",2019-10-09,447,FALSE,0.244683703802465,-19.5594925072905
"main_oos","Main OOS 2018--2023","DAX",2019-10-10,448,FALSE,0.162233790350189,-19.3972587169403
"main_oos","Main OOS 2018--2023","DAX",2019-10-11,449,FALSE,0.120685673134102,-19.2765730438062
"main_oos","Main OOS 2018--2023","DAX",2019-10-14,450,FALSE,-0.0859215357636958,-19.3624945795699
"main_oos","Main OOS 2018--2023","DAX",2019-10-15,451,FALSE,-0.0841280985985111,-19.4466226781684
"main_oos","Main OOS 2018--2023","DAX",2019-10-16,452,FALSE,-0.138891918192379,-19.5855145963608
"main_oos","Main OOS 2018--2023","DAX",2019-10-17,453,FALSE,-0.156403718976447,-19.7419183153372
"main_oos","Main OOS 2018--2023","DAX",2019-10-18,454,FALSE,-0.147174924289369,-19.8890932396266
"main_oos","Main OOS 2018--2023","DAX",2019-10-21,455,FALSE,-0.125768618715741,-20.0148618583423
"main_oos","Main OOS 2018--2023","DAX",2019-10-22,456,FALSE,-0.162570586745782,-20.1774324450881
"main_oos","Main OOS 2018--2023","DAX",2019-10-23,457,FALSE,-0.167611306003526,-20.3450437510916
"main_oos","Main OOS 2018--2023","DAX",2019-10-24,458,FALSE,-0.175029723363225,-20.5200734744548
"main_oos","Main OOS 2018--2023","DAX",2019-10-25,459,FALSE,-0.184563871166202,-20.704637345621
"main_oos","Main OOS 2018--2023","DAX",2019-10-28,460,FALSE,-0.173266130293436,-20.8779034759145
"main_oos","Main OOS 2018--2023","DAX",2019-10-29,461,FALSE,-0.168079569821381,-21.0459830457359
"main_oos","Main OOS 2018--2023","DAX",2019-10-30,462,FALSE,-0.142235450044998,-21.1882184957809
"main_oos","Main OOS 2018--2023","DAX",2019-10-31,463,FALSE,-0.0737536330675033,-21.2619721288484
"main_oos","Main OOS 2018--2023","DAX",2019-11-01,464,FALSE,-0.0212828382517674,-21.2832549671001
"main_oos","Main OOS 2018--2023","DAX",2019-11-04,465,FALSE,-0.0819655443365406,-21.3652205114367
"main_oos","Main OOS 2018--2023","DAX",2019-11-05,466,FALSE,-0.224427633530083,-21.5896481449668
"main_oos","Main OOS 2018--2023","DAX",2019-11-06,467,FALSE,-0.222021313818982,-21.8116694587857
"main_oos","Main OOS 2018--2023","DAX",2019-11-07,468,FALSE,-0.211567069409002,-22.0232365281947
"main_oos","Main OOS 2018--2023","DAX",2019-11-08,469,FALSE,-0.256677940626915,-22.2799144688217
"main_oos","Main OOS 2018--2023","DAX",2019-11-11,470,FALSE,-0.139219693440571,-22.4191341622622
"main_oos","Main OOS 2018--2023","DAX",2019-11-12,471,FALSE,-0.0836971578080907,-22.5028313200703
"main_oos","Main OOS 2018--2023","DAX",2019-11-13,472,FALSE,-0.123624191346963,-22.6264555114173
"main_oos","Main OOS 2018--2023","DAX",2019-11-14,473,FALSE,-0.0344501821443102,-22.6609056935616
"main_oos","Main OOS 2018--2023","DAX",2019-11-15,474,FALSE,0.0340161431971098,-22.6268895503645
"main_oos","Main OOS 2018--2023","DAX",2019-11-18,475,FALSE,0.00717739606752343,-22.619712154297
"main_oos","Main OOS 2018--2023","DAX",2019-11-19,476,FALSE,0.0589102714749852,-22.560801882822
"main_oos","Main OOS 2018--2023","DAX",2019-11-20,477,FALSE,0.0487687761758793,-22.5120331066461
"main_oos","Main OOS 2018--2023","DAX",2019-11-21,478,FALSE,0.117686850895665,-22.3943462557504
"main_oos","Main OOS 2018--2023","DAX",2019-11-22,479,FALSE,0.147110953592641,-22.2472353021578
"main_oos","Main OOS 2018--2023","DAX",2019-11-25,480,FALSE,0.141203685949107,-22.1060316162087
"main_oos","Main OOS 2018--2023","DAX",2019-11-26,481,FALSE,0.0783318203663788,-22.0276997958423
"main_oos","Main OOS 2018--2023","DAX",2019-11-27,482,FALSE,0.108703637079693,-21.9189961587626
"main_oos","Main OOS 2018--2023","DAX",2019-11-28,483,FALSE,0.0908025802567005,-21.8281935785059
"main_oos","Main OOS 2018--2023","DAX",2019-11-29,484,FALSE,0.150070657509749,-21.6781229209962
"main_oos","Main OOS 2018--2023","DAX",2019-12-02,485,FALSE,-9.11547869512463,-30.7936016161208
"main_oos","Main OOS 2018--2023","DAX",2019-12-03,486,FALSE,0.33925628176737,-30.4543453343534
"main_oos","Main OOS 2018--2023","DAX",2019-12-04,487,FALSE,0.314963343994159,-30.1393819903593
"main_oos","Main OOS 2018--2023","DAX",2019-12-05,488,FALSE,0.176978311610598,-29.9624036787487
"main_oos","Main OOS 2018--2023","DAX",2019-12-06,489,FALSE,0.22044320400058,-29.7419604747481
"main_oos","Main OOS 2018--2023","DAX",2019-12-09,490,FALSE,0.141790632446849,-29.6001698423012
"main_oos","Main OOS 2018--2023","DAX",2019-12-10,491,FALSE,0.171286009497317,-29.4288838328039
"main_oos","Main OOS 2018--2023","DAX",2019-12-11,492,FALSE,0.186138208321856,-29.242745624482
"main_oos","Main OOS 2018--2023","DAX",2019-12-12,493,FALSE,0.141336576262153,-29.1014090482199
"main_oos","Main OOS 2018--2023","DAX",2019-12-13,494,FALSE,0.100736178882611,-29.0006728693373
"main_oos","Main OOS 2018--2023","DAX",2019-12-16,495,FALSE,0.0712906858325566,-28.9293821835047
"main_oos","Main OOS 2018--2023","DAX",2019-12-17,496,FALSE,-0.0152561823023212,-28.944638365807
"main_oos","Main OOS 2018--2023","DAX",2019-12-18,497,FALSE,0.089493899461603,-28.8551444663455
"main_oos","Main OOS 2018--2023","DAX",2019-12-19,498,FALSE,0.13529036244592,-28.7198541038995
"main_oos","Main OOS 2018--2023","DAX",2019-12-20,499,FALSE,0.139586781433953,-28.5802673224656
"main_oos","Main OOS 2018--2023","DAX",2019-12-23,500,FALSE,0.0685938405536874,-28.5116734819119
"main_oos","Main OOS 2018--2023","DAX",2019-12-27,501,FALSE,0.0759644892035491,-28.4357089927083
"main_oos","Main OOS 2018--2023","DAX",2019-12-30,502,FALSE,0.0615107871249683,-28.3741982055834
"main_oos","Main OOS 2018--2023","DAX",2020-01-02,503,FALSE,0.127344752237121,-28.2468534533462
"main_oos","Main OOS 2018--2023","DAX",2020-01-03,504,FALSE,0.0178363485104822,-28.2290171048358
"main_oos","Main OOS 2018--2023","DAX",2020-01-06,505,FALSE,0.138912778350979,-28.0901043264848
"main_oos","Main OOS 2018--2023","DAX",2020-01-07,506,FALSE,0.182640761944403,-27.9074635645404
"main_oos","Main OOS 2018--2023","DAX",2020-01-08,507,FALSE,0.116161694970522,-27.7913018695699
"main_oos","Main OOS 2018--2023","DAX",2020-01-09,508,FALSE,0.0608794358663713,-27.7304224337035
"main_oos","Main OOS 2018--2023","DAX",2020-01-10,509,FALSE,-0.0494487155004277,-27.7798711492039
"main_oos","Main OOS 2018--2023","DAX",2020-01-13,510,FALSE,-0.0422442720967204,-27.8221154213006
"main_oos","Main OOS 2018--2023","DAX",2020-01-14,511,FALSE,-0.011971489877157,-27.8340869111778
"main_oos","Main OOS 2018--2023","DAX",2020-01-15,512,FALSE,-0.0243186674531766,-27.858405578631
"main_oos","Main OOS 2018--2023","DAX",2020-01-16,513,FALSE,0.0080491290521465,-27.8503564495788
"main_oos","Main OOS 2018--2023","DAX",2020-01-17,514,FALSE,0.0154289311020479,-27.8349275184768
"main_oos","Main OOS 2018--2023","DAX",2020-01-20,515,FALSE,-0.0398908953364172,-27.8748184138132
"main_oos","Main OOS 2018--2023","DAX",2020-01-21,516,FALSE,-0.0324194704210186,-27.9072378842342
"main_oos","Main OOS 2018--2023","DAX",2020-01-22,517,FALSE,-0.0311659091739029,-27.9384037934081
"main_oos","Main OOS 2018--2023","DAX",2020-01-23,518,FALSE,0.0345389732046126,-27.9038648202035
"main_oos","Main OOS 2018--2023","DAX",2020-01-24,519,FALSE,0.127247590607289,-27.7766172295962
"main_oos","Main OOS 2018--2023","DAX",2020-01-27,520,FALSE,1.89003193637297,-25.8865852932233
"main_oos","Main OOS 2018--2023","DAX",2020-01-28,521,FALSE,0.242974980786226,-25.643610312437
"main_oos","Main OOS 2018--2023","DAX",2020-01-29,522,FALSE,0.168899670344407,-25.4747106420926
"main_oos","Main OOS 2018--2023","DAX",2020-01-30,523,FALSE,0.141612587445421,-25.3330980546472
"main_oos","Main OOS 2018--2023","DAX",2020-01-31,524,FALSE,0.207401105345415,-25.1256969493018
"main_oos","Main OOS 2018--2023","DAX",2020-02-03,525,FALSE,0.248448736972947,-24.8772482123288
"main_oos","Main OOS 2018--2023","DAX",2020-02-04,526,FALSE,0.197591280286806,-24.679656932042
"main_oos","Main OOS 2018--2023","DAX",2020-02-05,527,FALSE,0.0466114184284245,-24.6330455136136
"main_oos","Main OOS 2018--2023","DAX",2020-02-06,528,FALSE,-0.0524713557122194,-24.6855168693258
"main_oos","Main OOS 2018--2023","DAX",2020-02-07,529,FALSE,-0.0939562754160201,-24.7794731447418
"main_oos","Main OOS 2018--2023","DAX",2020-02-10,530,FALSE,-0.0544978920179942,-24.8339710367598
"main_oos","Main OOS 2018--2023","DAX",2020-02-11,531,FALSE,-0.0514262038716702,-24.8853972406315
"main_oos","Main OOS 2018--2023","DAX",2020-02-12,532,FALSE,-0.109729859846222,-24.9951271004777
"main_oos","Main OOS 2018--2023","DAX",2020-02-13,533,FALSE,-0.159863663099562,-25.1549907635773
"main_oos","Main OOS 2018--2023","DAX",2020-02-14,534,FALSE,-0.157948098571487,-25.3129388621488
"main_oos","Main OOS 2018--2023","DAX",2020-02-17,535,FALSE,-0.154858891929654,-25.4677977540784
"main_oos","Main OOS 2018--2023","DAX",2020-02-18,536,FALSE,-0.154451668675899,-25.6222494227543
"main_oos","Main OOS 2018--2023","DAX",2020-02-19,537,FALSE,-0.0499263781048589,-25.6721758008592
"main_oos","Main OOS 2018--2023","DAX",2020-02-20,538,FALSE,-0.095569748428433,-25.7677455492876
"main_oos","Main OOS 2018--2023","DAX",2020-02-21,539,FALSE,0.0142071038406,-25.753538445447
"main_oos","Main OOS 2018--2023","DAX",2020-02-24,540,FALSE,-4.46713914072328,-30.2206775861703
"main_oos","Main OOS 2018--2023","DAX",2020-02-25,541,FALSE,0.35267585217543,-29.8680017339949
"main_oos","Main OOS 2018--2023","DAX",2020-02-26,542,FALSE,0.354275243338098,-29.5137264906568
"main_oos","Main OOS 2018--2023","DAX",2020-02-27,543,FALSE,-6.26835452958396,-35.7820810202407
"main_oos","Main OOS 2018--2023","DAX",2020-02-28,544,FALSE,-7.33426449432295,-43.1163455145637
"main_oos","Main OOS 2018--2023","DAX",2020-03-02,545,FALSE,0.412404688139616,-42.7039408264241
"main_oos","Main OOS 2018--2023","DAX",2020-03-03,546,FALSE,0.352941644962206,-42.3509991814619
"main_oos","Main OOS 2018--2023","DAX",2020-03-04,547,FALSE,0.267661016481823,-42.08333816498
"main_oos","Main OOS 2018--2023","DAX",2020-03-05,548,FALSE,0.183352421587184,-41.8999857433929
"main_oos","Main OOS 2018--2023","DAX",2020-03-06,549,FALSE,-1.05793255184709,-42.95791829524
"main_oos","Main OOS 2018--2023","DAX",2020-03-09,550,FALSE,-16.1991192772787,-59.1570375725186
"main_oos","Main OOS 2018--2023","DAX",2020-03-10,551,FALSE,0.468364359669841,-58.6886732128488
"main_oos","Main OOS 2018--2023","DAX",2020-03-11,552,FALSE,0.410814968244952,-58.2778582446038
"main_oos","Main OOS 2018--2023","DAX",2020-03-12,553,FALSE,-26.7457200430844,-85.0235782876882
"main_oos","Main OOS 2018--2023","DAX",2020-03-13,554,FALSE,0.570906383253793,-84.4526719044344
"main_oos","Main OOS 2018--2023","DAX",2020-03-16,555,FALSE,0.495563979641562,-83.9571079247929
"main_oos","Main OOS 2018--2023","DAX",2020-03-17,556,FALSE,0.437298122294933,-83.5198098024979
"main_oos","Main OOS 2018--2023","DAX",2020-03-18,557,FALSE,0.332337741472836,-83.1874720610251
"main_oos","Main OOS 2018--2023","DAX",2020-03-19,558,FALSE,0.326171139265176,-82.8613009217599
"main_oos","Main OOS 2018--2023","DAX",2020-03-20,559,FALSE,0.227547194634698,-82.6337537271252
"main_oos","Main OOS 2018--2023","DAX",2020-03-23,560,FALSE,0.0806933557747018,-82.5530603713505
"main_oos","Main OOS 2018--2023","DAX",2020-03-24,561,FALSE,0.10251783609108,-82.4505425352594
"main_oos","Main OOS 2018--2023","DAX",2020-03-25,562,FALSE,-0.251614928109954,-82.7021574633694
"main_oos","Main OOS 2018--2023","DAX",2020-03-26,563,FALSE,-0.304664224017031,-83.0068216873864
"main_oos","Main OOS 2018--2023","DAX",2020-03-27,564,FALSE,-0.344657068010611,-83.351478755397
"main_oos","Main OOS 2018--2023","DAX",2020-03-30,565,FALSE,-0.167323200513669,-83.5188019559107
"main_oos","Main OOS 2018--2023","DAX",2020-03-31,566,FALSE,-0.230792649820211,-83.7495946057309
"main_oos","Main OOS 2018--2023","DAX",2020-04-01,567,FALSE,-0.271814108647342,-84.0214087143783
"main_oos","Main OOS 2018--2023","DAX",2020-04-02,568,FALSE,-0.106464108830986,-84.1278728232093
"main_oos","Main OOS 2018--2023","DAX",2020-04-03,569,FALSE,-0.130506237958021,-84.2583790611673
"main_oos","Main OOS 2018--2023","DAX",2020-04-06,570,FALSE,-0.113704144378642,-84.3720832055459
"main_oos","Main OOS 2018--2023","DAX",2020-04-07,571,FALSE,-0.379371299083849,-84.7514545046298
"main_oos","Main OOS 2018--2023","DAX",2020-04-08,572,FALSE,-0.455088892316097,-85.2065433969459
"main_oos","Main OOS 2018--2023","DAX",2020-04-09,573,FALSE,-0.438354535291923,-85.6448979322378
"main_oos","Main OOS 2018--2023","DAX",2020-04-14,574,FALSE,-0.500068773393787,-86.1449667056316
"main_oos","Main OOS 2018--2023","DAX",2020-04-15,575,FALSE,10.5698659611594,-75.5751007444722
"main_oos","Main OOS 2018--2023","DAX",2020-04-16,576,FALSE,-0.21042319444256,-75.7855239389147
"main_oos","Main OOS 2018--2023","DAX",2020-04-17,577,FALSE,-0.22296951888527,-76.0084934578
"main_oos","Main OOS 2018--2023","DAX",2020-04-20,578,FALSE,-0.357781594072479,-76.3662750518724
"main_oos","Main OOS 2018--2023","DAX",2020-04-21,579,FALSE,7.59443571630094,-68.7718393355715
"main_oos","Main OOS 2018--2023","DAX",2020-04-22,580,FALSE,-0.112113853474724,-68.8839531890462
"main_oos","Main OOS 2018--2023","DAX",2020-04-23,581,FALSE,-0.166874701348685,-69.0508278903949
"main_oos","Main OOS 2018--2023","DAX",2020-04-24,582,FALSE,-0.196086704903607,-69.2469145952985
"main_oos","Main OOS 2018--2023","DAX",2020-04-27,583,FALSE,-0.0997971304452485,-69.3467117257438
"main_oos","Main OOS 2018--2023","DAX",2020-04-28,584,FALSE,-0.248848046563873,-69.5955597723077
"main_oos","Main OOS 2018--2023","DAX",2020-04-29,585,FALSE,-0.288488021040912,-69.8840477933486
"main_oos","Main OOS 2018--2023","DAX",2020-04-30,586,FALSE,-0.414945922270776,-70.2989937156193
"main_oos","Main OOS 2018--2023","DAX",2020-05-04,587,FALSE,-0.211398967232014,-70.5103926828514
"main_oos","Main OOS 2018--2023","DAX",2020-05-05,588,FALSE,-0.0422259017727287,-70.5526185846241
"main_oos","Main OOS 2018--2023","DAX",2020-05-06,589,FALSE,-0.140220238223121,-70.6928388228472
"main_oos","Main OOS 2018--2023","DAX",2020-05-07,590,FALSE,-0.0910979355840649,-70.7839367584313
"main_oos","Main OOS 2018--2023","DAX",2020-05-08,591,FALSE,-0.143037207501776,-70.926973965933
"main_oos","Main OOS 2018--2023","DAX",2020-05-11,592,FALSE,-0.192694208489821,-71.1196681744229
"main_oos","Main OOS 2018--2023","DAX",2020-05-12,593,FALSE,-0.145787630551266,-71.2654558049741
"main_oos","Main OOS 2018--2023","DAX",2020-05-13,594,FALSE,-0.148354997607737,-71.4138108025819
"main_oos","Main OOS 2018--2023","DAX",2020-05-14,595,FALSE,-0.0220451953524701,-71.4358559979344
"main_oos","Main OOS 2018--2023","DAX",2020-05-15,596,FALSE,0.0477320005384043,-71.388123997396
"main_oos","Main OOS 2018--2023","DAX",2020-05-18,597,FALSE,-0.00973637673438299,-71.3978603741303
"main_oos","Main OOS 2018--2023","DAX",2020-05-19,598,FALSE,-0.302658558733812,-71.7005189328641
"main_oos","Main OOS 2018--2023","DAX",2020-05-20,599,FALSE,-0.313288773840426,-72.0138077067046
"main_oos","Main OOS 2018--2023","DAX",2020-05-21,600,FALSE,-0.34812020719511,-72.3619279138997
"main_oos","Main OOS 2018--2023","DAX",2020-05-22,601,FALSE,-0.232407667088014,-72.5943355809877
"main_oos","Main OOS 2018--2023","DAX",2020-05-25,602,FALSE,-0.239008180915972,-72.8333437619037
"main_oos","Main OOS 2018--2023","DAX",2020-05-26,603,FALSE,-0.37580150124575,-73.2091452631494
"main_oos","Main OOS 2018--2023","DAX",2020-05-27,604,FALSE,-0.397057704393414,-73.6062029675428
"main_oos","Main OOS 2018--2023","DAX",2020-05-28,605,FALSE,-0.425768321255795,-74.0319712887986
"main_oos","Main OOS 2018--2023","DAX",2020-05-29,606,FALSE,-0.442533096173711,-74.4745043849723
"main_oos","Main OOS 2018--2023","DAX",2020-06-02,607,FALSE,-0.237235910535522,-74.7117402955078
"main_oos","Main OOS 2018--2023","DAX",2020-06-03,608,FALSE,-0.425429304120281,-75.1371695996281
"main_oos","Main OOS 2018--2023","DAX",2020-06-04,609,FALSE,-0.555213981623553,-75.6923835812517
"main_oos","Main OOS 2018--2023","DAX",2020-06-05,610,FALSE,-0.498294379541594,-76.1906779607933
"main_oos","Main OOS 2018--2023","DAX",2020-06-08,611,FALSE,-0.597202236326181,-76.7878801971194
"main_oos","Main OOS 2018--2023","DAX",2020-06-09,612,FALSE,-0.561872782375822,-77.3497529794953
"main_oos","Main OOS 2018--2023","DAX",2020-06-10,613,FALSE,-0.368991793140445,-77.7187447726357
"main_oos","Main OOS 2018--2023","DAX",2020-06-11,614,FALSE,11.9500427643635,-65.7687020082722
"main_oos","Main OOS 2018--2023","DAX",2020-06-12,615,FALSE,0.00223888216001811,-65.7664631261122
"main_oos","Main OOS 2018--2023","DAX",2020-06-15,616,FALSE,-0.0320273861732208,-65.7984905122855
"main_oos","Main OOS 2018--2023","DAX",2020-06-16,617,FALSE,-0.0457809282098416,-65.8442714404953
"main_oos","Main OOS 2018--2023","DAX",2020-06-17,618,FALSE,-0.215441294991618,-66.0597127354869
"main_oos","Main OOS 2018--2023","DAX",2020-06-18,619,FALSE,-0.23828206150184,-66.2979947969887
"main_oos","Main OOS 2018--2023","DAX",2020-06-19,620,FALSE,-0.179486362711181,-66.4774811596999
"main_oos","Main OOS 2018--2023","DAX",2020-06-22,621,FALSE,-0.196625624775132,-66.6741067844751
"main_oos","Main OOS 2018--2023","DAX",2020-06-23,622,FALSE,-0.144451842704829,-66.8185586271799
"main_oos","Main OOS 2018--2023","DAX",2020-06-24,623,FALSE,8.68255244942462,-58.1360061777553
"main_oos","Main OOS 2018--2023","DAX",2020-06-25,624,FALSE,-0.00758847442074551,-58.143594652176
"main_oos","Main OOS 2018--2023","DAX",2020-06-26,625,FALSE,-0.0568521051799298,-58.2004467573559
"main_oos","Main OOS 2018--2023","DAX",2020-06-29,626,FALSE,-0.0206503357330483,-58.221097093089
"main_oos","Main OOS 2018--2023","DAX",2020-06-30,627,FALSE,-0.0797702855183817,-58.3008673786074
"main_oos","Main OOS 2018--2023","DAX",2020-07-01,628,FALSE,-0.0978016630597982,-58.3986690416672
"main_oos","Main OOS 2018--2023","DAX",2020-07-02,629,FALSE,-0.0670190061700588,-58.4656880478372
"main_oos","Main OOS 2018--2023","DAX",2020-07-03,630,FALSE,-0.207043470809792,-58.672731518647
"main_oos","Main OOS 2018--2023","DAX",2020-07-06,631,FALSE,-0.153879071542583,-58.8266105901896
"main_oos","Main OOS 2018--2023","DAX",2020-07-07,632,FALSE,-0.211489631021134,-59.0381002212107
"main_oos","Main OOS 2018--2023","DAX",2020-07-08,633,FALSE,-0.136030102026024,-59.1741303232368
"main_oos","Main OOS 2018--2023","DAX",2020-07-09,634,FALSE,-0.070460753114113,-59.2445910763509
"main_oos","Main OOS 2018--2023","DAX",2020-07-10,635,FALSE,-0.0793197324302288,-59.3239108087811
"main_oos","Main OOS 2018--2023","DAX",2020-07-13,636,FALSE,-0.124959366713553,-59.4488701754946
"main_oos","Main OOS 2018--2023","DAX",2020-07-14,637,FALSE,-0.171703565005851,-59.6205737405005
"main_oos","Main OOS 2018--2023","DAX",2020-07-15,638,FALSE,-0.0993577814797897,-59.7199315219803
"main_oos","Main OOS 2018--2023","DAX",2020-07-16,639,FALSE,-0.183399875693947,-59.9033313976742
"main_oos","Main OOS 2018--2023","DAX",2020-07-17,640,FALSE,-0.142522688366087,-60.0458540860403
"main_oos","Main OOS 2018--2023","DAX",2020-07-20,641,FALSE,-0.162537227646533,-60.2083913136868
"main_oos","Main OOS 2018--2023","DAX",2020-07-21,642,FALSE,-0.191889253177291,-60.4002805668641
"main_oos","Main OOS 2018--2023","DAX",2020-07-22,643,FALSE,-0.220096878697567,-60.6203774455617
"main_oos","Main OOS 2018--2023","DAX",2020-07-23,644,FALSE,-0.146735484952149,-60.7671129305139
"main_oos","Main OOS 2018--2023","DAX",2020-07-24,645,FALSE,2.41723705192238,-58.3498758785915
"main_oos","Main OOS 2018--2023","DAX",2020-07-27,646,FALSE,0.0241944742482203,-58.3256814043433
"main_oos","Main OOS 2018--2023","DAX",2020-07-28,647,FALSE,0.0116474691485062,-58.3140339351948
"main_oos","Main OOS 2018--2023","DAX",2020-07-29,648,FALSE,0.00998171777713797,-58.3040522174176
"main_oos","Main OOS 2018--2023","DAX",2020-07-30,649,FALSE,-1.11110824437349,-59.4151604617911
"main_oos","Main OOS 2018--2023","DAX",2020-07-31,650,FALSE,0.180787462878263,-59.2343729989128
"main_oos","Main OOS 2018--2023","DAX",2020-08-03,651,FALSE,0.156034882223494,-59.0783381166893
"main_oos","Main OOS 2018--2023","DAX",2020-08-04,652,FALSE,-0.0338348097536749,-59.112172926443
"main_oos","Main OOS 2018--2023","DAX",2020-08-05,653,FALSE,-0.0366139391085447,-59.1487868655516
"main_oos","Main OOS 2018--2023","DAX",2020-08-06,654,FALSE,-0.0568410914785158,-59.2056279570301
"main_oos","Main OOS 2018--2023","DAX",2020-08-07,655,FALSE,-0.0178484985742016,-59.2234764556043
"main_oos","Main OOS 2018--2023","DAX",2020-08-10,656,FALSE,-0.0380396303934789,-59.2615160859978
"main_oos","Main OOS 2018--2023","DAX",2020-08-11,657,FALSE,-0.0336611651896481,-59.2951772511874
"main_oos","Main OOS 2018--2023","DAX",2020-08-12,658,FALSE,-0.172732416828285,-59.4679096680157
"main_oos","Main OOS 2018--2023","DAX",2020-08-13,659,FALSE,-0.199585203374373,-59.6674948713901
"main_oos","Main OOS 2018--2023","DAX",2020-08-14,660,FALSE,-0.136228384277878,-59.803723255668
"main_oos","Main OOS 2018--2023","DAX",2020-08-17,661,FALSE,-0.0609861893243226,-59.8647094449923
"main_oos","Main OOS 2018--2023","DAX",2020-08-18,662,FALSE,-0.065961387837657,-59.9306708328299
"main_oos","Main OOS 2018--2023","DAX",2020-08-19,663,FALSE,-0.0278594358896327,-59.9585302687196
"main_oos","Main OOS 2018--2023","DAX",2020-08-20,664,FALSE,-0.0525018254001739,-60.0110320941197
"main_oos","Main OOS 2018--2023","DAX",2020-08-21,665,FALSE,0.0349544417703314,-59.9760776523494
"main_oos","Main OOS 2018--2023","DAX",2020-08-24,666,FALSE,0.0767482280604104,-59.899329424289
"main_oos","Main OOS 2018--2023","DAX",2020-08-25,667,FALSE,-0.11121836207336,-60.0105477863624
"main_oos","Main OOS 2018--2023","DAX",2020-08-26,668,FALSE,-0.110805569449115,-60.1213533558115
"main_oos","Main OOS 2018--2023","DAX",2020-08-27,669,FALSE,-0.153213728277743,-60.2745670840892
"main_oos","Main OOS 2018--2023","DAX",2020-08-28,670,FALSE,-0.0754519242942742,-60.3500190083835
"main_oos","Main OOS 2018--2023","DAX",2020-08-31,671,FALSE,-0.0259293869313673,-60.3759483953149
"main_oos","Main OOS 2018--2023","DAX",2020-09-01,672,FALSE,0.0209726547823037,-60.3549757405325
"main_oos","Main OOS 2018--2023","DAX",2020-09-02,673,FALSE,0.0213837628219007,-60.3335919777106
"main_oos","Main OOS 2018--2023","DAX",2020-09-03,674,FALSE,-0.171645914908731,-60.5052378926194
"main_oos","Main OOS 2018--2023","DAX",2020-09-04,675,FALSE,-0.0478044869636796,-60.553042379583
"main_oos","Main OOS 2018--2023","DAX",2020-09-07,676,FALSE,0.0487616134187303,-60.5042807661643
"main_oos","Main OOS 2018--2023","DAX",2020-09-08,677,FALSE,-0.0837172816487963,-60.5879980478131
"main_oos","Main OOS 2018--2023","DAX",2020-09-09,678,FALSE,-0.0134324089999454,-60.6014304568131
"main_oos","Main OOS 2018--2023","DAX",2020-09-10,679,FALSE,-0.133494162126289,-60.7349246189394
"main_oos","Main OOS 2018--2023","DAX",2020-09-11,680,FALSE,-0.114207283522974,-60.8491319024623
"main_oos","Main OOS 2018--2023","DAX",2020-09-14,681,FALSE,-0.109204151736576,-60.9583360541989
"main_oos","Main OOS 2018--2023","DAX",2020-09-15,682,FALSE,-0.098839188161028,-61.0571752423599
"main_oos","Main OOS 2018--2023","DAX",2020-09-16,683,FALSE,-0.0926504149178833,-61.1498256572778
"main_oos","Main OOS 2018--2023","DAX",2020-09-17,684,FALSE,-0.087551393575382,-61.2373770508532
"main_oos","Main OOS 2018--2023","DAX",2020-09-18,685,FALSE,-0.0307522911371003,-61.2681293419903
"main_oos","Main OOS 2018--2023","DAX",2020-09-21,686,FALSE,-2.50834448945982,-63.7764738314501
"main_oos","Main OOS 2018--2023","DAX",2020-09-22,687,FALSE,0.276694565216612,-63.4997792662335
"main_oos","Main OOS 2018--2023","DAX",2020-09-23,688,FALSE,0.252499868571626,-63.2472793976619
"main_oos","Main OOS 2018--2023","DAX",2020-09-24,689,FALSE,0.238929987882246,-63.0083494097796
"main_oos","Main OOS 2018--2023","DAX",2020-09-25,690,FALSE,0.239637620439561,-62.7687117893401
"main_oos","Main OOS 2018--2023","DAX",2020-09-28,691,FALSE,0.261889084378248,-62.5068227049618
"main_oos","Main OOS 2018--2023","DAX",2020-09-29,692,FALSE,-0.00347533211388207,-62.5102980370757
"main_oos","Main OOS 2018--2023","DAX",2020-09-30,693,FALSE,0.0178171290958096,-62.4924809079799
"main_oos","Main OOS 2018--2023","DAX",2020-10-01,694,FALSE,0.0274775397207954,-62.4650033682591
"main_oos","Main OOS 2018--2023","DAX",2020-10-02,695,FALSE,0.0401732982192817,-62.4248300700398
"main_oos","Main OOS 2018--2023","DAX",2020-10-05,696,FALSE,0.0690103078141602,-62.3558197622257
"main_oos","Main OOS 2018--2023","DAX",2020-10-06,697,FALSE,0.0100804509752139,-62.3457393112504
"main_oos","Main OOS 2018--2023","DAX",2020-10-07,698,FALSE,-0.00774894289406003,-62.3534882541445
"main_oos","Main OOS 2018--2023","DAX",2020-10-08,699,FALSE,-0.0066781523267454,-62.3601664064713
"main_oos","Main OOS 2018--2023","DAX",2020-10-09,700,FALSE,-0.0503500619591468,-62.4105164684304
"main_oos","Main OOS 2018--2023","DAX",2020-10-12,701,FALSE,-0.0515357753685148,-62.4620522437989
"main_oos","Main OOS 2018--2023","DAX",2020-10-13,702,FALSE,-0.0773335103528723,-62.5393857541518
"main_oos","Main OOS 2018--2023","DAX",2020-10-14,703,FALSE,0.0138609369077254,-62.525524817244
"main_oos","Main OOS 2018--2023","DAX",2020-10-15,704,FALSE,-0.385687719804348,-62.9112125370484
"main_oos","Main OOS 2018--2023","DAX",2020-10-16,705,FALSE,0.158015005128661,-62.7531975319197
"main_oos","Main OOS 2018--2023","DAX",2020-10-19,706,FALSE,0.0430737229383402,-62.7101238089814
"main_oos","Main OOS 2018--2023","DAX",2020-10-20,707,FALSE,0.041951839438078,-62.6681719695433
"main_oos","Main OOS 2018--2023","DAX",2020-10-21,708,FALSE,0.092075564541001,-62.5760964050023
"main_oos","Main OOS 2018--2023","DAX",2020-10-22,709,FALSE,0.14455406726986,-62.4315423377325
"main_oos","Main OOS 2018--2023","DAX",2020-10-23,710,FALSE,0.135660501553276,-62.2958818361792
"main_oos","Main OOS 2018--2023","DAX",2020-10-26,711,FALSE,-4.02229731342987,-66.3181791496091
"main_oos","Main OOS 2018--2023","DAX",2020-10-27,712,FALSE,0.222862515001599,-66.0953166346075
"main_oos","Main OOS 2018--2023","DAX",2020-10-28,713,FALSE,-7.38791036494702,-73.4832269995545
"main_oos","Main OOS 2018--2023","DAX",2020-10-29,714,FALSE,0.259985589382212,-73.2232414101723
"main_oos","Main OOS 2018--2023","DAX",2020-10-30,715,FALSE,0.224384760539921,-72.9988566496324
"main_oos","Main OOS 2018--2023","DAX",2020-11-02,716,FALSE,0.202242999399802,-72.7966136502326
"main_oos","Main OOS 2018--2023","DAX",2020-11-03,717,FALSE,0.0905697215447674,-72.7060439286878
"main_oos","Main OOS 2018--2023","DAX",2020-11-04,718,FALSE,-0.0348011501744687,-72.7408450788623
"main_oos","Main OOS 2018--2023","DAX",2020-11-05,719,FALSE,-0.111846444275635,-72.8526915231379
"main_oos","Main OOS 2018--2023","DAX",2020-11-06,720,FALSE,-0.17971747944366,-73.0324090025816
"main_oos","Main OOS 2018--2023","DAX",2020-11-09,721,FALSE,-0.14568423866364,-73.1780932412452
"main_oos","Main OOS 2018--2023","DAX",2020-11-10,722,FALSE,-0.336549524281291,-73.5146427655265
"main_oos","Main OOS 2018--2023","DAX",2020-11-11,723,FALSE,-0.358579471417682,-73.8732222369442
"main_oos","Main OOS 2018--2023","DAX",2020-11-12,724,FALSE,-0.369710482262235,-74.2429327192064
"main_oos","Main OOS 2018--2023","DAX",2020-11-13,725,FALSE,-0.262157120825046,-74.5050898400315
"main_oos","Main OOS 2018--2023","DAX",2020-11-16,726,FALSE,-0.261812845225827,-74.7669026852573
"main_oos","Main OOS 2018--2023","DAX",2020-11-17,727,FALSE,-0.257574739651353,-75.0244774249087
"main_oos","Main OOS 2018--2023","DAX",2020-11-18,728,FALSE,-0.244292558805032,-75.2687699837137
"main_oos","Main OOS 2018--2023","DAX",2020-11-19,729,FALSE,-0.236292553410102,-75.5050625371238
"main_oos","Main OOS 2018--2023","DAX",2020-11-20,730,FALSE,-0.14606048076037,-75.6511230178842
"main_oos","Main OOS 2018--2023","DAX",2020-11-23,731,FALSE,-0.139041810306781,-75.7901648281909
"main_oos","Main OOS 2018--2023","DAX",2020-11-24,732,FALSE,-0.107463803565591,-75.8976286317565
"main_oos","Main OOS 2018--2023","DAX",2020-11-25,733,FALSE,-0.173188111616379,-76.0708167433729
"main_oos","Main OOS 2018--2023","DAX",2020-11-26,734,FALSE,-0.14725185269112,-76.218068596064
"main_oos","Main OOS 2018--2023","DAX",2020-11-27,735,FALSE,-0.130567049447977,-76.348635645512
"main_oos","Main OOS 2018--2023","DAX",2020-11-30,736,FALSE,-0.125704930013614,-76.4743405755256
"main_oos","Main OOS 2018--2023","DAX",2020-12-01,737,FALSE,-0.0593903886473255,-76.533730964173
"main_oos","Main OOS 2018--2023","DAX",2020-12-02,738,FALSE,-0.0867759922646227,-76.6205069564376
"main_oos","Main OOS 2018--2023","DAX",2020-12-03,739,FALSE,-0.0115519727057847,-76.6320589291434
"main_oos","Main OOS 2018--2023","DAX",2020-12-04,740,FALSE,0.0504419189642318,-76.5816170101791
"main_oos","Main OOS 2018--2023","DAX",2020-12-07,741,FALSE,0.0392525512111908,-76.5423644589679
"main_oos","Main OOS 2018--2023","DAX",2020-12-08,742,FALSE,0.0838738247312467,-76.4584906342367
"main_oos","Main OOS 2018--2023","DAX",2020-12-09,743,FALSE,0.0908260121010864,-76.3676646221356
"main_oos","Main OOS 2018--2023","DAX",2020-12-10,744,FALSE,0.0644198691350746,-76.3032447530005
"main_oos","Main OOS 2018--2023","DAX",2020-12-11,745,FALSE,-0.928184229800558,-77.2314289828011
"main_oos","Main OOS 2018--2023","DAX",2020-12-14,746,FALSE,0.165919731857704,-77.0655092509434
"main_oos","Main OOS 2018--2023","DAX",2020-12-15,747,FALSE,0.101453837546985,-76.9640554133964
"main_oos","Main OOS 2018--2023","DAX",2020-12-16,748,FALSE,0.00715810595125244,-76.9568973074452
"main_oos","Main OOS 2018--2023","DAX",2020-12-17,749,FALSE,-0.121660076333255,-77.0785573837784
"main_oos","Main OOS 2018--2023","DAX",2020-12-18,750,FALSE,-0.160010756904295,-77.2385681406827
"main_oos","Main OOS 2018--2023","DAX",2020-12-21,751,FALSE,5.37336485134808,-71.8652032893346
"main_oos","Main OOS 2018--2023","DAX",2020-12-22,752,FALSE,0.129117734774055,-71.7360855545606
"main_oos","Main OOS 2018--2023","DAX",2020-12-23,753,FALSE,0.0479407932473466,-71.6881447613132
"main_oos","Main OOS 2018--2023","DAX",2020-12-28,754,FALSE,-0.0265617001445131,-71.7147064614578
"main_oos","Main OOS 2018--2023","DAX",2020-12-29,755,FALSE,-0.112851972264936,-71.8275584337227
"main_oos","Main OOS 2018--2023","DAX",2020-12-30,756,FALSE,-0.101218609679208,-71.9287770434019
"main_oos","Main OOS 2018--2023","DAX",2021-01-04,757,FALSE,-0.080782681834445,-72.0095597252363
"main_oos","Main OOS 2018--2023","DAX",2021-01-05,758,FALSE,-0.0867777369227267,-72.0963374621591
"main_oos","Main OOS 2018--2023","DAX",2021-01-06,759,FALSE,-0.0250630197936974,-72.1214004819528
"main_oos","Main OOS 2018--2023","DAX",2021-01-07,760,FALSE,-0.162978369014354,-72.2843788509671
"main_oos","Main OOS 2018--2023","DAX",2021-01-08,761,FALSE,-0.17547841284505,-72.4598572638122
"main_oos","Main OOS 2018--2023","DAX",2021-01-11,762,FALSE,-0.186618276915948,-72.6464755407281
"main_oos","Main OOS 2018--2023","DAX",2021-01-12,763,FALSE,-0.0949843617724195,-72.7414599025005
"main_oos","Main OOS 2018--2023","DAX",2021-01-13,764,FALSE,-0.076117228207663,-72.8175771307082
"main_oos","Main OOS 2018--2023","DAX",2021-01-14,765,FALSE,-0.0676916748642773,-72.8852688055725
"main_oos","Main OOS 2018--2023","DAX",2021-01-15,766,FALSE,-0.0639134781112738,-72.9491822836838
"main_oos","Main OOS 2018--2023","DAX",2021-01-18,767,FALSE,0.0329879093609904,-72.9161943743228
"main_oos","Main OOS 2018--2023","DAX",2021-01-19,768,FALSE,0.0241535638852359,-72.8920408104375
"main_oos","Main OOS 2018--2023","DAX",2021-01-20,769,FALSE,0.0614114196885422,-72.830629390749
"main_oos","Main OOS 2018--2023","DAX",2021-01-21,770,FALSE,0.012433677783084,-72.8181957129659
"main_oos","Main OOS 2018--2023","DAX",2021-01-22,771,FALSE,0.0345241583622102,-72.7836715546037
"main_oos","Main OOS 2018--2023","DAX",2021-01-25,772,FALSE,-1.10232250250776,-73.8859940571115
"main_oos","Main OOS 2018--2023","DAX",2021-01-26,773,FALSE,0.142719559009133,-73.7432744981023
"main_oos","Main OOS 2018--2023","DAX",2021-01-27,774,FALSE,-0.0110707072171015,-73.7543452053194
"main_oos","Main OOS 2018--2023","DAX",2021-01-28,775,FALSE,0.0934458804529257,-73.6608993248665
"main_oos","Main OOS 2018--2023","DAX",2021-01-29,776,FALSE,0.0800959604578522,-73.5808033644087
"main_oos","Main OOS 2018--2023","DAX",2021-02-01,777,FALSE,0.149240330366356,-73.4315630340423
"main_oos","Main OOS 2018--2023","DAX",2021-02-02,778,FALSE,0.0567711904619608,-73.3747918435803
"main_oos","Main OOS 2018--2023","DAX",2021-02-03,779,FALSE,-0.0341508969244315,-73.4089427405048
"main_oos","Main OOS 2018--2023","DAX",2021-02-04,780,FALSE,-0.0698624712082019,-73.478805211713
"main_oos","Main OOS 2018--2023","DAX",2021-02-05,781,FALSE,-0.106795116274042,-73.585600327987
"main_oos","Main OOS 2018--2023","DAX",2021-02-08,782,FALSE,-0.110495885898896,-73.6960962138859
"main_oos","Main OOS 2018--2023","DAX",2021-02-09,783,FALSE,-0.115707414892865,-73.8118036287788
"main_oos","Main OOS 2018--2023","DAX",2021-02-10,784,FALSE,-0.0679746260327667,-73.8797782548115
"main_oos","Main OOS 2018--2023","DAX",2021-02-11,785,FALSE,-0.00842163241682403,-73.8881998872284
"main_oos","Main OOS 2018--2023","DAX",2021-02-12,786,FALSE,-0.0440273906795792,-73.9322272779079
"main_oos","Main OOS 2018--2023","DAX",2021-02-15,787,FALSE,-0.0341498046566246,-73.9663770825646
"main_oos","Main OOS 2018--2023","DAX",2021-02-16,788,FALSE,-0.035762149425822,-74.0021392319904
"main_oos","Main OOS 2018--2023","DAX",2021-02-17,789,FALSE,0.0165433075614492,-73.9855959244289
"main_oos","Main OOS 2018--2023","DAX",2021-02-18,790,FALSE,0.0962998974173692,-73.8892960270116
"main_oos","Main OOS 2018--2023","DAX",2021-02-19,791,FALSE,0.10081230346094,-73.7884837235506
"main_oos","Main OOS 2018--2023","DAX",2021-02-22,792,FALSE,0.045904211466433,-73.7425795120842
"main_oos","Main OOS 2018--2023","DAX",2021-02-23,793,FALSE,0.089178324247617,-73.6534011878366
"main_oos","Main OOS 2018--2023","DAX",2021-02-24,794,FALSE,0.135396043803172,-73.5180051440334
"main_oos","Main OOS 2018--2023","DAX",2021-02-25,795,FALSE,0.0681160412852009,-73.4498891027482
"main_oos","Main OOS 2018--2023","DAX",2021-02-26,796,FALSE,0.125233527488492,-73.3246555752597
"main_oos","Main OOS 2018--2023","DAX",2021-03-01,797,FALSE,0.175025812799759,-73.14962976246
"main_oos","Main OOS 2018--2023","DAX",2021-03-02,798,FALSE,-0.00807220612245363,-73.1577019685824
"main_oos","Main OOS 2018--2023","DAX",2021-03-03,799,FALSE,-0.0134809285566011,-73.171182897139
"main_oos","Main OOS 2018--2023","DAX",2021-03-04,800,FALSE,-0.0230463587271557,-73.1942292558662
"main_oos","Main OOS 2018--2023","DAX",2021-03-05,801,FALSE,0.00963654773180167,-73.1845927081344
"main_oos","Main OOS 2018--2023","DAX",2021-03-08,802,FALSE,0.0920378452759294,-73.0925548628584
"main_oos","Main OOS 2018--2023","DAX",2021-03-09,803,FALSE,-0.227651295621699,-73.3202061584801
"main_oos","Main OOS 2018--2023","DAX",2021-03-10,804,FALSE,-0.232303575012856,-73.552509733493
"main_oos","Main OOS 2018--2023","DAX",2021-03-11,805,FALSE,-0.255590869299097,-73.8081006027921
"main_oos","Main OOS 2018--2023","DAX",2021-03-12,806,FALSE,-0.257524075744409,-74.0656246785365
"main_oos","Main OOS 2018--2023","DAX",2021-03-15,807,FALSE,-0.174267573363126,-74.2398922518996
"main_oos","Main OOS 2018--2023","DAX",2021-03-16,808,FALSE,-0.115919523183263,-74.3558117750829
"main_oos","Main OOS 2018--2023","DAX",2021-03-17,809,FALSE,-0.142165951792312,-74.4979777268752
"main_oos","Main OOS 2018--2023","DAX",2021-03-18,810,FALSE,-0.13558068887241,-74.6335584157476
"main_oos","Main OOS 2018--2023","DAX",2021-03-19,811,FALSE,-0.235808144992065,-74.8693665607397
"main_oos","Main OOS 2018--2023","DAX",2021-03-22,812,FALSE,-0.0849709649026646,-74.9543375256423
"main_oos","Main OOS 2018--2023","DAX",2021-03-23,813,FALSE,-0.0923023296703405,-75.0466398553127
"main_oos","Main OOS 2018--2023","DAX",2021-03-24,814,FALSE,-0.0856130281928815,-75.1322528835056
"main_oos","Main OOS 2018--2023","DAX",2021-03-25,815,FALSE,-0.0235695869257477,-75.1558224704313
"main_oos","Main OOS 2018--2023","DAX",2021-03-26,816,FALSE,-0.0116251425497493,-75.1674476129811
"main_oos","Main OOS 2018--2023","DAX",2021-03-29,817,FALSE,-0.0854127901125619,-75.2528604030936
"main_oos","Main OOS 2018--2023","DAX",2021-03-30,818,FALSE,-0.105533363743403,-75.358393766837
"main_oos","Main OOS 2018--2023","DAX",2021-03-31,819,FALSE,-0.227051447522494,-75.5854452143595
"main_oos","Main OOS 2018--2023","DAX",2021-04-01,820,FALSE,-0.17392311358779,-75.7593683279473
"main_oos","Main OOS 2018--2023","DAX",2021-04-06,821,FALSE,-0.190115261530583,-75.9494835894779
"main_oos","Main OOS 2018--2023","DAX",2021-04-07,822,FALSE,-0.203798238048685,-76.1532818275266
"main_oos","Main OOS 2018--2023","DAX",2021-04-08,823,FALSE,-0.149158477716937,-76.3024403052435
"main_oos","Main OOS 2018--2023","DAX",2021-04-09,824,FALSE,-0.150829321332302,-76.4532696265758
"main_oos","Main OOS 2018--2023","DAX",2021-04-12,825,FALSE,-0.142466394680411,-76.5957360212562
"main_oos","Main OOS 2018--2023","DAX",2021-04-13,826,FALSE,-0.0997992487752661,-76.6955352700315
"main_oos","Main OOS 2018--2023","DAX",2021-04-14,827,FALSE,-0.0832269580346912,-76.7787622280662
"main_oos","Main OOS 2018--2023","DAX",2021-04-15,828,FALSE,-0.0275717507365143,-76.8063339788027
"main_oos","Main OOS 2018--2023","DAX",2021-04-16,829,FALSE,-0.0186722505607964,-76.8250062293635
"main_oos","Main OOS 2018--2023","DAX",2021-04-19,830,FALSE,-0.187486262589475,-77.012492491953
"main_oos","Main OOS 2018--2023","DAX",2021-04-20,831,FALSE,2.13809961914947,-74.8743928728035
"main_oos","Main OOS 2018--2023","DAX",2021-04-21,832,FALSE,0.0872873442681603,-74.7871055285353
"main_oos","Main OOS 2018--2023","DAX",2021-04-22,833,FALSE,0.066604480097954,-74.7205010484374
"main_oos","Main OOS 2018--2023","DAX",2021-04-23,834,FALSE,0.011265869412171,-74.7092351790252
"main_oos","Main OOS 2018--2023","DAX",2021-04-26,835,FALSE,0.0535075237702221,-74.655727655255
"main_oos","Main OOS 2018--2023","DAX",2021-04-27,836,FALSE,0.0548166407272792,-74.6009110145277
"main_oos","Main OOS 2018--2023","DAX",2021-04-28,837,FALSE,0.102375622863855,-74.4985353916639
"main_oos","Main OOS 2018--2023","DAX",2021-04-29,838,FALSE,0.0977169928077823,-74.4008183988561
"main_oos","Main OOS 2018--2023","DAX",2021-04-30,839,FALSE,0.160465345594379,-74.2403530532617
"main_oos","Main OOS 2018--2023","DAX",2021-05-03,840,FALSE,0.156501121167496,-74.0838519320942
"main_oos","Main OOS 2018--2023","DAX",2021-05-04,841,FALSE,-4.47907936772583,-78.56293129982
"main_oos","Main OOS 2018--2023","DAX",2021-05-05,842,FALSE,0.270121052182482,-78.2928102476376
"main_oos","Main OOS 2018--2023","DAX",2021-05-06,843,FALSE,0.0634340231793737,-78.2293762244582
"main_oos","Main OOS 2018--2023","DAX",2021-05-07,844,FALSE,0.0501948365561571,-78.179181387902
"main_oos","Main OOS 2018--2023","DAX",2021-05-10,845,FALSE,-0.0466375706105824,-78.2258189585126
"main_oos","Main OOS 2018--2023","DAX",2021-05-11,846,FALSE,-0.0590147244063655,-78.284833682919
"main_oos","Main OOS 2018--2023","DAX",2021-05-12,847,FALSE,0.0757504935451974,-78.2090831893738
"main_oos","Main OOS 2018--2023","DAX",2021-05-13,848,FALSE,0.0550889323485246,-78.1539942570253
"main_oos","Main OOS 2018--2023","DAX",2021-05-14,849,FALSE,0.0374228061361359,-78.1165714508891
"main_oos","Main OOS 2018--2023","DAX",2021-05-17,850,FALSE,-0.0741544674634216,-78.1907259183525
"main_oos","Main OOS 2018--2023","DAX",2021-05-18,851,FALSE,-0.0620150345865129,-78.252740952939
"main_oos","Main OOS 2018--2023","DAX",2021-05-19,852,FALSE,-0.0518110531736775,-78.3045520061127
"main_oos","Main OOS 2018--2023","DAX",2021-05-20,853,FALSE,0.0726700583532458,-78.2318819477595
"main_oos","Main OOS 2018--2023","DAX",2021-05-21,854,FALSE,-0.057634086551084,-78.2895160343106
"main_oos","Main OOS 2018--2023","DAX",2021-05-25,855,FALSE,-0.0777852558695036,-78.3673012901801
"main_oos","Main OOS 2018--2023","DAX",2021-05-26,856,FALSE,-0.0751739690690032,-78.4424752592491
"main_oos","Main OOS 2018--2023","DAX",2021-05-27,857,FALSE,-0.0628481749892218,-78.5053234342383
"main_oos","Main OOS 2018--2023","DAX",2021-05-28,858,FALSE,-0.0200872286325724,-78.5254106628709
"main_oos","Main OOS 2018--2023","DAX",2021-05-31,859,FALSE,-0.0569946062919602,-78.5824052691628
"main_oos","Main OOS 2018--2023","DAX",2021-06-01,860,FALSE,0.0317545560690966,-78.5506507130937
"main_oos","Main OOS 2018--2023","DAX",2021-06-02,861,FALSE,-0.0381115641668177,-78.5887622772606
"main_oos","Main OOS 2018--2023","DAX",2021-06-03,862,FALSE,-0.0478983377488089,-78.6366606150094
"main_oos","Main OOS 2018--2023","DAX",2021-06-04,863,FALSE,-0.0442162827827968,-78.6808768977922
"main_oos","Main OOS 2018--2023","DAX",2021-06-07,864,FALSE,-0.0503511218870991,-78.7312280196793
"main_oos","Main OOS 2018--2023","DAX",2021-06-08,865,FALSE,-0.0218320487798787,-78.7530600684591
"main_oos","Main OOS 2018--2023","DAX",2021-06-09,866,FALSE,0.0307693182185176,-78.7222907502406
"main_oos","Main OOS 2018--2023","DAX",2021-06-10,867,FALSE,0.0899522303219984,-78.6323385199186
"main_oos","Main OOS 2018--2023","DAX",2021-06-11,868,FALSE,0.116108095535111,-78.5162304243835
"main_oos","Main OOS 2018--2023","DAX",2021-06-14,869,FALSE,0.0255369509379275,-78.4906934734456
"main_oos","Main OOS 2018--2023","DAX",2021-06-15,870,FALSE,0.062553655134225,-78.4281398183114
"main_oos","Main OOS 2018--2023","DAX",2021-06-16,871,FALSE,0.0573060165068597,-78.3708338018045
"main_oos","Main OOS 2018--2023","DAX",2021-06-17,872,FALSE,0.0953596272029908,-78.2754741746015
"main_oos","Main OOS 2018--2023","DAX",2021-06-18,873,FALSE,-4.71083488791622,-82.9863090625177
"main_oos","Main OOS 2018--2023","DAX",2021-06-21,874,FALSE,0.244384696265049,-82.7419243662527
"main_oos","Main OOS 2018--2023","DAX",2021-06-22,875,FALSE,0.125885282794487,-82.6160390834582
"main_oos","Main OOS 2018--2023","DAX",2021-06-23,876,FALSE,0.120905972907114,-82.4951331105511
"main_oos","Main OOS 2018--2023","DAX",2021-06-24,877,FALSE,0.185214915872354,-82.3099181946787
"main_oos","Main OOS 2018--2023","DAX",2021-06-25,878,FALSE,0.106315896280164,-82.2036022983986
"main_oos","Main OOS 2018--2023","DAX",2021-06-28,879,FALSE,0.0952062933575664,-82.108396005041
"main_oos","Main OOS 2018--2023","DAX",2021-06-29,880,FALSE,0.138338961359473,-81.9700570436815
"main_oos","Main OOS 2018--2023","DAX",2021-06-30,881,FALSE,0.0575775982927116,-81.9124794453888
"main_oos","Main OOS 2018--2023","DAX",2021-07-01,882,FALSE,0.126331298007836,-81.786148147381
"main_oos","Main OOS 2018--2023","DAX",2021-07-02,883,FALSE,0.0924272658073915,-81.6937208815736
"main_oos","Main OOS 2018--2023","DAX",2021-07-05,884,FALSE,0.083603717726557,-81.610117163847
"main_oos","Main OOS 2018--2023","DAX",2021-07-06,885,FALSE,0.0862979578999614,-81.5238192059471
"main_oos","Main OOS 2018--2023","DAX",2021-07-07,886,FALSE,0.151296839208632,-81.3725223667385
"main_oos","Main OOS 2018--2023","DAX",2021-07-08,887,FALSE,0.0274051494070131,-81.3451172173314
"main_oos","Main OOS 2018--2023","DAX",2021-07-09,888,FALSE,0.147581532113765,-81.1975356852177
"main_oos","Main OOS 2018--2023","DAX",2021-07-12,889,FALSE,-0.00557383428440161,-81.2031095195021
"main_oos","Main OOS 2018--2023","DAX",2021-07-13,890,FALSE,-0.0362543729815745,-81.2393638924837
"main_oos","Main OOS 2018--2023","DAX",2021-07-14,891,FALSE,-0.0370533484473241,-81.276417240931
"main_oos","Main OOS 2018--2023","DAX",2021-07-15,892,FALSE,-0.0273280802416158,-81.3037453211726
"main_oos","Main OOS 2018--2023","DAX",2021-07-16,893,FALSE,0.0566266548960361,-81.2471186662766
"main_oos","Main OOS 2018--2023","DAX",2021-07-19,894,FALSE,-3.52876495088008,-84.7758836171567
"main_oos","Main OOS 2018--2023","DAX",2021-07-20,895,FALSE,0.225637209510636,-84.550246407646
"main_oos","Main OOS 2018--2023","DAX",2021-07-21,896,FALSE,0.179031008481843,-84.3712153991642
"main_oos","Main OOS 2018--2023","DAX",2021-07-22,897,FALSE,0.0758305698486974,-84.2953848293155
"main_oos","Main OOS 2018--2023","DAX",2021-07-23,898,FALSE,0.0461149050189205,-84.2492699242966
"main_oos","Main OOS 2018--2023","DAX",2021-07-26,899,FALSE,-0.0196712847470868,-84.2689412090436
"main_oos","Main OOS 2018--2023","DAX",2021-07-27,900,FALSE,0.00810295359731716,-84.2608382554463
"main_oos","Main OOS 2018--2023","DAX",2021-07-28,901,FALSE,0.0651321280876065,-84.1957061273587
"main_oos","Main OOS 2018--2023","DAX",2021-07-29,902,FALSE,0.0548772559421165,-84.1408288714166
"main_oos","Main OOS 2018--2023","DAX",2021-07-30,903,FALSE,0.0440686696516965,-84.0967602017649
"main_oos","Main OOS 2018--2023","DAX",2021-08-02,904,FALSE,0.0905005577880873,-84.0062596439768
"main_oos","Main OOS 2018--2023","DAX",2021-08-03,905,FALSE,0.075972869633899,-83.9302867743429
"main_oos","Main OOS 2018--2023","DAX",2021-08-04,906,FALSE,0.106995199674615,-83.8232915746683
"main_oos","Main OOS 2018--2023","DAX",2021-08-05,907,FALSE,0.0310800160050859,-83.7922115586632
"main_oos","Main OOS 2018--2023","DAX",2021-08-06,908,FALSE,0.0195448259333051,-83.7726667327299
"main_oos","Main OOS 2018--2023","DAX",2021-08-09,909,FALSE,0.0233849378839623,-83.7492817948459
"main_oos","Main OOS 2018--2023","DAX",2021-08-10,910,FALSE,0.0544356428957198,-83.6948461519502
"main_oos","Main OOS 2018--2023","DAX",2021-08-11,911,FALSE,0.0714172424787993,-83.6234289094714
"main_oos","Main OOS 2018--2023","DAX",2021-08-12,912,FALSE,0.06594568868698,-83.5574832207844
"main_oos","Main OOS 2018--2023","DAX",2021-08-13,913,FALSE,-0.0176351848017371,-83.5751184055862
"main_oos","Main OOS 2018--2023","DAX",2021-08-16,914,FALSE,-0.0107418549932996,-83.5858602605795
"main_oos","Main OOS 2018--2023","DAX",2021-08-17,915,FALSE,0.0560191577931728,-83.5298411027863
"main_oos","Main OOS 2018--2023","DAX",2021-08-18,916,FALSE,0.0752174342720111,-83.4546236685143
"main_oos","Main OOS 2018--2023","DAX",2021-08-19,917,FALSE,-2.37035625297346,-85.8249799214878
"main_oos","Main OOS 2018--2023","DAX",2021-08-20,918,FALSE,0.170668913544314,-85.6543110079434
"main_oos","Main OOS 2018--2023","DAX",2021-08-23,919,FALSE,0.164424751337324,-85.4898862566061
"main_oos","Main OOS 2018--2023","DAX",2021-08-24,920,FALSE,0.161341101151756,-85.3285451554543
"main_oos","Main OOS 2018--2023","DAX",2021-08-25,921,FALSE,0.151518353615976,-85.1770268018384
"main_oos","Main OOS 2018--2023","DAX",2021-08-26,922,FALSE,0.192397193719764,-84.9846296081186
"main_oos","Main OOS 2018--2023","DAX",2021-08-27,923,FALSE,0.225499769886314,-84.7591298382323
"main_oos","Main OOS 2018--2023","DAX",2021-08-30,924,FALSE,0.20305074771733,-84.556079090515
"main_oos","Main OOS 2018--2023","DAX",2021-08-31,925,FALSE,0.205670175773238,-84.3504089147417
"main_oos","Main OOS 2018--2023","DAX",2021-09-01,926,FALSE,0.233120292390196,-84.1172886223515
"main_oos","Main OOS 2018--2023","DAX",2021-09-02,927,FALSE,0.25381223131387,-83.8634763910377
"main_oos","Main OOS 2018--2023","DAX",2021-09-03,928,FALSE,0.263854102748968,-83.5996222882887
"main_oos","Main OOS 2018--2023","DAX",2021-09-06,929,FALSE,0.28905484559362,-83.3105674426951
"main_oos","Main OOS 2018--2023","DAX",2021-09-07,930,FALSE,0.110916714554921,-83.1996507281402
"main_oos","Main OOS 2018--2023","DAX",2021-09-08,931,FALSE,-5.20436319861808,-88.4040139267582
"main_oos","Main OOS 2018--2023","DAX",2021-09-09,932,FALSE,0.252281264561838,-88.1517326621964
"main_oos","Main OOS 2018--2023","DAX",2021-09-10,933,FALSE,0.228728457217662,-87.9230042049787
"main_oos","Main OOS 2018--2023","DAX",2021-09-13,934,FALSE,0.234699859486636,-87.6883043454921
"main_oos","Main OOS 2018--2023","DAX",2021-09-14,935,FALSE,0.175922671490839,-87.5123816740013
"main_oos","Main OOS 2018--2023","DAX",2021-09-15,936,FALSE,0.178338299460092,-87.3340433745412
"main_oos","Main OOS 2018--2023","DAX",2021-09-16,937,FALSE,0.214080119998105,-87.1199632545431
"main_oos","Main OOS 2018--2023","DAX",2021-09-17,938,FALSE,0.207065511466077,-86.912897743077
"main_oos","Main OOS 2018--2023","DAX",2021-09-20,939,FALSE,-9.32641100090681,-96.2393087439838
"main_oos","Main OOS 2018--2023","DAX",2021-09-21,940,FALSE,0.302562266488681,-95.9367464774951
"main_oos","Main OOS 2018--2023","DAX",2021-09-22,941,FALSE,0.161837724936614,-95.7749087525585
"main_oos","Main OOS 2018--2023","DAX",2021-09-23,942,FALSE,0.0866291003811339,-95.6882796521774
"main_oos","Main OOS 2018--2023","DAX",2021-09-24,943,FALSE,0.0296280098211237,-95.6586516423563
"main_oos","Main OOS 2018--2023","DAX",2021-09-27,944,FALSE,0.0756496550493244,-95.5830019873069
"main_oos","Main OOS 2018--2023","DAX",2021-09-28,945,FALSE,-0.600707797711556,-96.1837097850185
"main_oos","Main OOS 2018--2023","DAX",2021-09-29,946,FALSE,0.15433705126373,-96.0293727337548
"main_oos","Main OOS 2018--2023","DAX",2021-09-30,947,FALSE,0.103447137996554,-95.9259255957582
"main_oos","Main OOS 2018--2023","DAX",2021-10-01,948,FALSE,0.141797525775982,-95.7841280699822
"main_oos","Main OOS 2018--2023","DAX",2021-10-04,949,FALSE,0.177254563579665,-95.6068735064026
"main_oos","Main OOS 2018--2023","DAX",2021-10-05,950,FALSE,0.211953093853725,-95.3949204125488
"main_oos","Main OOS 2018--2023","DAX",2021-10-06,951,FALSE,0.127760767457981,-95.2671596450909
"main_oos","Main OOS 2018--2023","DAX",2021-10-07,952,FALSE,0.177096149375953,-95.0900634957149
"main_oos","Main OOS 2018--2023","DAX",2021-10-08,953,FALSE,0.0298392423051648,-95.0602242534097
"main_oos","Main OOS 2018--2023","DAX",2021-10-11,954,FALSE,0.0499029828708166,-95.0103212705389
"main_oos","Main OOS 2018--2023","DAX",2021-10-12,955,FALSE,0.0510563887612372,-94.9592648817777
"main_oos","Main OOS 2018--2023","DAX",2021-10-13,956,FALSE,0.0864618189633162,-94.8728030628144
"main_oos","Main OOS 2018--2023","DAX",2021-10-14,957,FALSE,0.0512562960152569,-94.8215467667991
"main_oos","Main OOS 2018--2023","DAX",2021-10-15,958,FALSE,-0.0600648378009947,-94.8816116046001
"main_oos","Main OOS 2018--2023","DAX",2021-10-18,959,FALSE,-0.104520369631504,-94.9861319742316
"main_oos","Main OOS 2018--2023","DAX",2021-10-19,960,FALSE,-0.032648819285263,-95.0187807935169
"main_oos","Main OOS 2018--2023","DAX",2021-10-20,961,FALSE,-0.0291729993830923,-95.0479537929
"main_oos","Main OOS 2018--2023","DAX",2021-10-21,962,FALSE,-0.0234291919476122,-95.0713829848476
"main_oos","Main OOS 2018--2023","DAX",2021-10-22,963,FALSE,0.0260519833539816,-95.0453310014936
"main_oos","Main OOS 2018--2023","DAX",2021-10-25,964,FALSE,0.015748421203992,-95.0295825802896
"main_oos","Main OOS 2018--2023","DAX",2021-10-26,965,FALSE,0.0116607498098413,-95.0179218304798
"main_oos","Main OOS 2018--2023","DAX",2021-10-27,966,FALSE,-0.0860449363033997,-95.1039667667832
"main_oos","Main OOS 2018--2023","DAX",2021-10-28,967,FALSE,-0.0388004595246119,-95.1427672263078
"main_oos","Main OOS 2018--2023","DAX",2021-10-29,968,FALSE,-0.0149076055843005,-95.1576748318921
"main_oos","Main OOS 2018--2023","DAX",2021-11-01,969,FALSE,0.0112375771512461,-95.1464372547408
"main_oos","Main OOS 2018--2023","DAX",2021-11-02,970,FALSE,-0.0518566543399994,-95.1982939090808
"main_oos","Main OOS 2018--2023","DAX",2021-11-03,971,FALSE,-0.1374176664622,-95.335711575543
"main_oos","Main OOS 2018--2023","DAX",2021-11-04,972,FALSE,-0.137622905254651,-95.4733344807977
"main_oos","Main OOS 2018--2023","DAX",2021-11-05,973,FALSE,-0.148614692448114,-95.6219491732458
"main_oos","Main OOS 2018--2023","DAX",2021-11-08,974,FALSE,-0.145567244235712,-95.7675164174815
"main_oos","Main OOS 2018--2023","DAX",2021-11-09,975,FALSE,-0.114032677069491,-95.881549094551
"main_oos","Main OOS 2018--2023","DAX",2021-11-10,976,FALSE,-0.0783290568465997,-95.9598781513976
"main_oos","Main OOS 2018--2023","DAX",2021-11-11,977,FALSE,-0.0714476671449911,-96.0313258185426
"main_oos","Main OOS 2018--2023","DAX",2021-11-12,978,FALSE,-0.0508971170803898,-96.082222935623
"main_oos","Main OOS 2018--2023","DAX",2021-11-15,979,FALSE,-0.0335778345573138,-96.1158007701803
"main_oos","Main OOS 2018--2023","DAX",2021-11-16,980,FALSE,-0.0394788106868247,-96.1552795808671
"main_oos","Main OOS 2018--2023","DAX",2021-11-17,981,FALSE,-0.11890772171004,-96.2741873025772
"main_oos","Main OOS 2018--2023","DAX",2021-11-18,982,FALSE,-0.104932867792788,-96.37912017037
"main_oos","Main OOS 2018--2023","DAX",2021-11-19,983,FALSE,-0.0379724155339327,-96.4170925859039
"main_oos","Main OOS 2018--2023","DAX",2021-11-22,984,FALSE,0.0382683050110206,-96.3788242808929
"main_oos","Main OOS 2018--2023","DAX",2021-11-23,985,FALSE,-2.78682889647365,-99.1656531773665
"main_oos","Main OOS 2018--2023","DAX",2021-11-24,986,FALSE,0.184938302656165,-98.9807148747103
"main_oos","Main OOS 2018--2023","DAX",2021-11-25,987,FALSE,0.176075340077988,-98.8046395346324
"main_oos","Main OOS 2018--2023","DAX",2021-11-26,988,FALSE,-14.9153532951312,-113.719992829764
"main_oos","Main OOS 2018--2023","DAX",2021-11-29,989,FALSE,0.549688930467148,-113.170303899296
"main_oos","Main OOS 2018--2023","DAX",2021-11-30,990,FALSE,0.501958031485324,-112.668345867811
"main_oos","Main OOS 2018--2023","DAX",2021-12-01,991,FALSE,0.485094321435895,-112.183251546375
"main_oos","Main OOS 2018--2023","DAX",2021-12-02,992,FALSE,0.222748720636947,-111.960502825738
"main_oos","Main OOS 2018--2023","DAX",2021-12-03,993,FALSE,0.259323371634229,-111.701179454104
"main_oos","Main OOS 2018--2023","DAX",2021-12-06,994,FALSE,0.264657395524255,-111.43652205858
"main_oos","Main OOS 2018--2023","DAX",2021-12-07,995,FALSE,0.152593260294694,-111.283928798285
"main_oos","Main OOS 2018--2023","DAX",2021-12-08,996,FALSE,-0.0489107464880227,-111.332839544773
"main_oos","Main OOS 2018--2023","DAX",2021-12-09,997,FALSE,0.0000761221519036681,-111.332763422621
"main_oos","Main OOS 2018--2023","DAX",2021-12-10,998,FALSE,0.0196499243297379,-111.313113498291
"main_oos","Main OOS 2018--2023","DAX",2021-12-13,999,FALSE,0.028486557205289,-111.284626941086
"main_oos","Main OOS 2018--2023","DAX",2021-12-14,1000,FALSE,0.0280955784226238,-111.256531362664
"main_oos","Main OOS 2018--2023","DAX",2021-12-15,1001,FALSE,0.0846265862927371,-111.171904776371
"main_oos","Main OOS 2018--2023","DAX",2021-12-16,1002,FALSE,0.0754282737449181,-111.096476502626
"main_oos","Main OOS 2018--2023","DAX",2021-12-17,1003,FALSE,0.00230165320093656,-111.094174849425
"main_oos","Main OOS 2018--2023","DAX",2021-12-20,1004,FALSE,0.0517523380144389,-111.04242251141
"main_oos","Main OOS 2018--2023","DAX",2021-12-21,1005,FALSE,0.120902298601825,-110.921520212809
"main_oos","Main OOS 2018--2023","DAX",2021-12-22,1006,FALSE,0.0238623945226277,-110.897657818286
"main_oos","Main OOS 2018--2023","DAX",2021-12-23,1007,FALSE,-0.0250253543115468,-110.922683172598
"main_oos","Main OOS 2018--2023","DAX",2021-12-27,1008,FALSE,-0.0831075042399521,-111.005790676838
"main_oos","Main OOS 2018--2023","DAX",2021-12-28,1009,FALSE,-0.102412967537967,-111.108203644376
"main_oos","Main OOS 2018--2023","DAX",2021-12-29,1010,FALSE,-0.1413566650876,-111.249560309463
"main_oos","Main OOS 2018--2023","DAX",2021-12-30,1011,FALSE,-0.0615479243792141,-111.311108233842
"main_oos","Main OOS 2018--2023","DAX",2022-01-03,1012,FALSE,-0.0588790666305106,-111.369987300473
"main_oos","Main OOS 2018--2023","DAX",2022-01-04,1013,FALSE,-0.106286487538663,-111.476273788011
"main_oos","Main OOS 2018--2023","DAX",2022-01-05,1014,FALSE,-0.149055532771826,-111.625329320783
"main_oos","Main OOS 2018--2023","DAX",2022-01-06,1015,FALSE,-0.180347747480723,-111.805677068264
"main_oos","Main OOS 2018--2023","DAX",2022-01-07,1016,FALSE,-0.0234673239413241,-111.829144392205
"main_oos","Main OOS 2018--2023","DAX",2022-01-10,1017,FALSE,0.0294269765333517,-111.799717415672
"main_oos","Main OOS 2018--2023","DAX",2022-01-11,1018,FALSE,0.0959564138742974,-111.703761001798
"main_oos","Main OOS 2018--2023","DAX",2022-01-12,1019,FALSE,0.00899245460232856,-111.694768547195
"main_oos","Main OOS 2018--2023","DAX",2022-01-13,1020,FALSE,-0.00690615378214288,-111.701674700978
"main_oos","Main OOS 2018--2023","DAX",2022-01-14,1021,FALSE,-0.0133157887827977,-111.71499048976
"main_oos","Main OOS 2018--2023","DAX",2022-01-17,1022,FALSE,0.0553635396706498,-111.65962695009
"main_oos","Main OOS 2018--2023","DAX",2022-01-18,1023,FALSE,0.047028166164123,-111.612598783926
"main_oos","Main OOS 2018--2023","DAX",2022-01-19,1024,FALSE,0.110417770830613,-111.502181013095
"main_oos","Main OOS 2018--2023","DAX",2022-01-20,1025,FALSE,0.0999890874747047,-111.40219192562
"main_oos","Main OOS 2018--2023","DAX",2022-01-21,1026,FALSE,-0.706906752117317,-112.109098677738
"main_oos","Main OOS 2018--2023","DAX",2022-01-24,1027,FALSE,-7.03317019741478,-119.142268875152
"main_oos","Main OOS 2018--2023","DAX",2022-01-25,1028,FALSE,0.283085320656994,-118.859183554495
"main_oos","Main OOS 2018--2023","DAX",2022-01-26,1029,FALSE,0.223455800396214,-118.635727754099
"main_oos","Main OOS 2018--2023","DAX",2022-01-27,1030,FALSE,0.063348465787433,-118.572379288312
"main_oos","Main OOS 2018--2023","DAX",2022-01-28,1031,FALSE,0.0404856261223667,-118.531893662189
"main_oos","Main OOS 2018--2023","DAX",2022-01-31,1032,FALSE,0.105043338024964,-118.426850324164
"main_oos","Main OOS 2018--2023","DAX",2022-02-01,1033,FALSE,0.059311822411459,-118.367538501753
"main_oos","Main OOS 2018--2023","DAX",2022-02-02,1034,FALSE,0.0186870964054684,-118.348851405347
"main_oos","Main OOS 2018--2023","DAX",2022-02-03,1035,FALSE,0.0128677932421879,-118.335983612105
"main_oos","Main OOS 2018--2023","DAX",2022-02-04,1036,FALSE,0.0849996446760994,-118.250983967429
"main_oos","Main OOS 2018--2023","DAX",2022-02-07,1037,FALSE,0.142870770310193,-118.108113197119
"main_oos","Main OOS 2018--2023","DAX",2022-02-08,1038,FALSE,0.10508733788039,-118.003025859239
"main_oos","Main OOS 2018--2023","DAX",2022-02-09,1039,FALSE,0.0993955445410197,-117.903630314698
"main_oos","Main OOS 2018--2023","DAX",2022-02-10,1040,FALSE,-0.0146225946672791,-117.918252909365
"main_oos","Main OOS 2018--2023","DAX",2022-02-11,1041,FALSE,-0.0219598792791986,-117.940212788644
"main_oos","Main OOS 2018--2023","DAX",2022-02-14,1042,FALSE,0.0199685479507878,-117.920244240693
"main_oos","Main OOS 2018--2023","DAX",2022-02-15,1043,FALSE,0.102600799101101,-117.817643441592
"main_oos","Main OOS 2018--2023","DAX",2022-02-16,1044,FALSE,-0.0421706662767387,-117.859814107869
"main_oos","Main OOS 2018--2023","DAX",2022-02-17,1045,FALSE,-0.0397969269417762,-117.899611034811
"main_oos","Main OOS 2018--2023","DAX",2022-02-18,1046,FALSE,0.0283449578636334,-117.871266076947
"main_oos","Main OOS 2018--2023","DAX",2022-02-21,1047,FALSE,0.0937426653542754,-117.777523411593
"main_oos","Main OOS 2018--2023","DAX",2022-02-22,1048,FALSE,0.153258972176343,-117.624264439416
"main_oos","Main OOS 2018--2023","DAX",2022-02-23,1049,FALSE,0.142802855696928,-117.481461583719
"main_oos","Main OOS 2018--2023","DAX",2022-02-24,1050,FALSE,-5.96522223641312,-123.446683820133
"main_oos","Main OOS 2018--2023","DAX",2022-02-25,1051,FALSE,0.257938509987082,-123.188745310145
"main_oos","Main OOS 2018--2023","DAX",2022-02-28,1052,FALSE,0.0352738975569715,-123.153471412588
"main_oos","Main OOS 2018--2023","DAX",2022-03-01,1053,FALSE,-0.621829656726182,-123.775301069315
"main_oos","Main OOS 2018--2023","DAX",2022-03-02,1054,FALSE,0.139378660687178,-123.635922408627
"main_oos","Main OOS 2018--2023","DAX",2022-03-03,1055,FALSE,0.105365285807774,-123.53055712282
"main_oos","Main OOS 2018--2023","DAX",2022-03-04,1056,FALSE,-1.96961659487556,-125.500173717695
"main_oos","Main OOS 2018--2023","DAX",2022-03-07,1057,FALSE,0.192918583753581,-125.307255133942
"main_oos","Main OOS 2018--2023","DAX",2022-03-08,1058,FALSE,0.184323001927686,-125.122932132014
"main_oos","Main OOS 2018--2023","DAX",2022-03-09,1059,FALSE,0.172444522064244,-124.95048760995
"main_oos","Main OOS 2018--2023","DAX",2022-03-10,1060,FALSE,-0.156626637990049,-125.10711424794
"main_oos","Main OOS 2018--2023","DAX",2022-03-11,1061,FALSE,-0.0556383438360633,-125.162752591776
"main_oos","Main OOS 2018--2023","DAX",2022-03-14,1062,FALSE,-0.0916919458835017,-125.254444537659
"main_oos","Main OOS 2018--2023","DAX",2022-03-15,1063,FALSE,-0.153951411647266,-125.408395949307
"main_oos","Main OOS 2018--2023","DAX",2022-03-16,1064,FALSE,-0.147646566201295,-125.556042515508
"main_oos","Main OOS 2018--2023","DAX",2022-03-17,1065,FALSE,-0.281277675577341,-125.837320191085
"main_oos","Main OOS 2018--2023","DAX",2022-03-18,1066,FALSE,-0.259337667320735,-126.096657858406
"main_oos","Main OOS 2018--2023","DAX",2022-03-21,1067,FALSE,-0.263868454161685,-126.360526312568
"main_oos","Main OOS 2018--2023","DAX",2022-03-22,1068,FALSE,-0.20810245854885,-126.568628771117
"main_oos","Main OOS 2018--2023","DAX",2022-03-23,1069,FALSE,-0.215323526860624,-126.783952297977
"main_oos","Main OOS 2018--2023","DAX",2022-03-24,1070,FALSE,-0.116107961770937,-126.900060259748
"main_oos","Main OOS 2018--2023","DAX",2022-03-25,1071,FALSE,-0.100596981035278,-127.000657240783
"main_oos","Main OOS 2018--2023","DAX",2022-03-28,1072,FALSE,-0.0922297334503592,-127.092886974234
"main_oos","Main OOS 2018--2023","DAX",2022-03-29,1073,FALSE,-0.105381012714694,-127.198267986948
"main_oos","Main OOS 2018--2023","DAX",2022-03-30,1074,FALSE,-0.298639071861301,-127.49690705881
"main_oos","Main OOS 2018--2023","DAX",2022-03-31,1075,FALSE,-0.164227702858541,-127.661134761668
"main_oos","Main OOS 2018--2023","DAX",2022-04-01,1076,FALSE,-0.0803148599242554,-127.741449621593
"main_oos","Main OOS 2018--2023","DAX",2022-04-04,1077,FALSE,-0.0848224063894634,-127.826272027982
"main_oos","Main OOS 2018--2023","DAX",2022-04-05,1078,FALSE,-0.0876027598820288,-127.913874787864
"main_oos","Main OOS 2018--2023","DAX",2022-04-06,1079,FALSE,-0.0330876844499384,-127.946962472314
"main_oos","Main OOS 2018--2023","DAX",2022-04-07,1080,FALSE,0.038646886523579,-127.90831558579
"main_oos","Main OOS 2018--2023","DAX",2022-04-08,1081,FALSE,0.067768215049822,-127.840547370741
"main_oos","Main OOS 2018--2023","DAX",2022-04-11,1082,FALSE,-0.0222351542088512,-127.862782524949
"main_oos","Main OOS 2018--2023","DAX",2022-04-12,1083,FALSE,0.0317758552399146,-127.83100666971
"main_oos","Main OOS 2018--2023","DAX",2022-04-13,1084,FALSE,0.0642559870683086,-127.766750682641
"main_oos","Main OOS 2018--2023","DAX",2022-04-14,1085,FALSE,0.0884091380992862,-127.678341544542
"main_oos","Main OOS 2018--2023","DAX",2022-04-19,1086,FALSE,0.0643209666031612,-127.614020577939
"main_oos","Main OOS 2018--2023","DAX",2022-04-20,1087,FALSE,0.0771240686389261,-127.5368965093
"main_oos","Main OOS 2018--2023","DAX",2022-04-21,1088,FALSE,-0.0555462412711873,-127.592442750571
"main_oos","Main OOS 2018--2023","DAX",2022-04-22,1089,FALSE,3.21515659697558,-124.377286153595
"main_oos","Main OOS 2018--2023","DAX",2022-04-25,1090,FALSE,0.0399303298064075,-124.337355823789
"main_oos","Main OOS 2018--2023","DAX",2022-04-26,1091,FALSE,0.0898492267579609,-124.247506597031
"main_oos","Main OOS 2018--2023","DAX",2022-04-27,1092,FALSE,0.122452804916141,-124.125053792115
"main_oos","Main OOS 2018--2023","DAX",2022-04-28,1093,FALSE,0.114666248581499,-124.010387543533
"main_oos","Main OOS 2018--2023","DAX",2022-04-29,1094,FALSE,0.0299426284737567,-123.98044491506
"main_oos","Main OOS 2018--2023","DAX",2022-05-02,1095,FALSE,0.0167285955101799,-123.963716319549
"main_oos","Main OOS 2018--2023","DAX",2022-05-03,1096,FALSE,0.0770752388249614,-123.886641080725
"main_oos","Main OOS 2018--2023","DAX",2022-05-04,1097,FALSE,0.0393208530431846,-123.847320227681
"main_oos","Main OOS 2018--2023","DAX",2022-05-05,1098,FALSE,0.0827226592877965,-123.764597568394
"main_oos","Main OOS 2018--2023","DAX",2022-05-06,1099,FALSE,0.120039315109722,-123.644558253284
"main_oos","Main OOS 2018--2023","DAX",2022-05-09,1100,FALSE,0.161086635452071,-123.483471617832
"main_oos","Main OOS 2018--2023","DAX",2022-05-10,1101,FALSE,0.196064448318274,-123.287407169514
"main_oos","Main OOS 2018--2023","DAX",2022-05-11,1102,FALSE,0.134981412361554,-123.152425757152
"main_oos","Main OOS 2018--2023","DAX",2022-05-12,1103,FALSE,-0.0154191398023635,-123.167844896954
"main_oos","Main OOS 2018--2023","DAX",2022-05-13,1104,FALSE,0.0288726810263085,-123.138972215928
"main_oos","Main OOS 2018--2023","DAX",2022-05-16,1105,FALSE,-0.0950021002920818,-123.23397431622
"main_oos","Main OOS 2018--2023","DAX",2022-05-17,1106,FALSE,-0.0654714135675407,-123.299445729788
"main_oos","Main OOS 2018--2023","DAX",2022-05-18,1107,FALSE,-0.147500704831161,-123.446946434619
"main_oos","Main OOS 2018--2023","DAX",2022-05-19,1108,FALSE,-0.0569112377319256,-123.503857672351
"main_oos","Main OOS 2018--2023","DAX",2022-05-20,1109,FALSE,-0.000340662073798903,-123.504198334424
"main_oos","Main OOS 2018--2023","DAX",2022-05-23,1110,FALSE,-0.0213571266754289,-123.5255554611
"main_oos","Main OOS 2018--2023","DAX",2022-05-24,1111,FALSE,-0.0997729618700047,-123.62532842297
"main_oos","Main OOS 2018--2023","DAX",2022-05-25,1112,FALSE,0.010261229515558,-123.615067193454
"main_oos","Main OOS 2018--2023","DAX",2022-05-26,1113,FALSE,-0.0163408073225297,-123.631408000777
"main_oos","Main OOS 2018--2023","DAX",2022-05-27,1114,FALSE,-0.108634192662623,-123.74004219344
"main_oos","Main OOS 2018--2023","DAX",2022-05-30,1115,FALSE,-0.192845594957167,-123.932887788397
"main_oos","Main OOS 2018--2023","DAX",2022-05-31,1116,FALSE,-0.212259780774429,-124.145147569171
"main_oos","Main OOS 2018--2023","DAX",2022-06-01,1117,FALSE,-0.110040612369061,-124.25518818154
"main_oos","Main OOS 2018--2023","DAX",2022-06-02,1118,FALSE,-0.074347569793161,-124.329535751333
"main_oos","Main OOS 2018--2023","DAX",2022-06-03,1119,FALSE,-0.1199734555921,-124.449509206925
"main_oos","Main OOS 2018--2023","DAX",2022-06-06,1120,FALSE,-0.0996907219897503,-124.549199928915
"main_oos","Main OOS 2018--2023","DAX",2022-06-07,1121,FALSE,-0.178541624113103,-124.727741553028
"main_oos","Main OOS 2018--2023","DAX",2022-06-08,1122,FALSE,-0.103641859456912,-124.831383412485
"main_oos","Main OOS 2018--2023","DAX",2022-06-09,1123,FALSE,-0.0340785825180037,-124.865461995003
"main_oos","Main OOS 2018--2023","DAX",2022-06-10,1124,FALSE,-1.99268456589937,-126.858146560903
"main_oos","Main OOS 2018--2023","DAX",2022-06-13,1125,FALSE,0.173930401402112,-126.6842161595
"main_oos","Main OOS 2018--2023","DAX",2022-06-14,1126,FALSE,0.213542927617383,-126.470673231883
"main_oos","Main OOS 2018--2023","DAX",2022-06-15,1127,FALSE,0.207740777551773,-126.262932454331
"main_oos","Main OOS 2018--2023","DAX",2022-06-16,1128,FALSE,0.129466403031508,-126.1334660513
"main_oos","Main OOS 2018--2023","DAX",2022-06-17,1129,FALSE,0.199737818868239,-125.933728232432
"main_oos","Main OOS 2018--2023","DAX",2022-06-20,1130,FALSE,0.162475627915452,-125.771252604516
"main_oos","Main OOS 2018--2023","DAX",2022-06-21,1131,FALSE,0.117195717198892,-125.654056887317
"main_oos","Main OOS 2018--2023","DAX",2022-06-22,1132,FALSE,0.107875585046822,-125.54618130227
"main_oos","Main OOS 2018--2023","DAX",2022-06-23,1133,FALSE,0.153112630961211,-125.393068671309
"main_oos","Main OOS 2018--2023","DAX",2022-06-24,1134,FALSE,0.179791356173242,-125.213277315136
"main_oos","Main OOS 2018--2023","DAX",2022-06-27,1135,FALSE,0.0861606038764786,-125.127116711259
"main_oos","Main OOS 2018--2023","DAX",2022-06-28,1136,FALSE,0.0658603726354805,-125.061256338624
"main_oos","Main OOS 2018--2023","DAX",2022-06-29,1137,FALSE,0.0486655553162492,-125.012590783308
"main_oos","Main OOS 2018--2023","DAX",2022-06-30,1138,FALSE,0.113193535332627,-124.899397247975
"main_oos","Main OOS 2018--2023","DAX",2022-07-01,1139,FALSE,0.135787847207715,-124.763609400767
"main_oos","Main OOS 2018--2023","DAX",2022-07-04,1140,FALSE,0.111615713319766,-124.651993687448
"main_oos","Main OOS 2018--2023","DAX",2022-07-05,1141,FALSE,-1.6632164312391,-126.315210118687
"main_oos","Main OOS 2018--2023","DAX",2022-07-06,1142,FALSE,0.180829890924815,-126.134380227762
"main_oos","Main OOS 2018--2023","DAX",2022-07-07,1143,FALSE,0.088378271973979,-126.046001955788
"main_oos","Main OOS 2018--2023","DAX",2022-07-08,1144,FALSE,-0.0246823259547351,-126.070684281743
"main_oos","Main OOS 2018--2023","DAX",2022-07-11,1145,FALSE,-0.0798719913720269,-126.150556273115
"main_oos","Main OOS 2018--2023","DAX",2022-07-12,1146,FALSE,-0.00631422537411774,-126.156870498489
"main_oos","Main OOS 2018--2023","DAX",2022-07-13,1147,FALSE,-0.027265154121864,-126.184135652611
"main_oos","Main OOS 2018--2023","DAX",2022-07-14,1148,FALSE,0.0297835540653462,-126.154352098545
"main_oos","Main OOS 2018--2023","DAX",2022-07-15,1149,FALSE,0.0940137927361522,-126.060338305809
"main_oos","Main OOS 2018--2023","DAX",2022-07-18,1150,FALSE,-0.0655179735977094,-126.125856279407
"main_oos","Main OOS 2018--2023","DAX",2022-07-19,1151,FALSE,-0.0950948256969344,-126.220951105104
"main_oos","Main OOS 2018--2023","DAX",2022-07-20,1152,FALSE,-0.222737652654553,-126.443688757758
"main_oos","Main OOS 2018--2023","DAX",2022-07-21,1153,FALSE,-0.228020427644129,-126.671709185402
"main_oos","Main OOS 2018--2023","DAX",2022-07-22,1154,FALSE,-0.213695227788073,-126.885404413191
"main_oos","Main OOS 2018--2023","DAX",2022-07-25,1155,FALSE,-0.211727125074158,-127.097131538265
"main_oos","Main OOS 2018--2023","DAX",2022-07-26,1156,FALSE,-0.17224627837874,-127.269377816643
"main_oos","Main OOS 2018--2023","DAX",2022-07-27,1157,FALSE,-0.0912135987457483,-127.360591415389
"main_oos","Main OOS 2018--2023","DAX",2022-07-28,1158,FALSE,-0.100226388262293,-127.460817803651
"main_oos","Main OOS 2018--2023","DAX",2022-07-29,1159,FALSE,-0.139189617950159,-127.600007421602
"main_oos","Main OOS 2018--2023","DAX",2022-08-01,1160,FALSE,-0.205997114314779,-127.806004535916
"main_oos","Main OOS 2018--2023","DAX",2022-08-02,1161,FALSE,-0.198280703732554,-128.004285239649
"main_oos","Main OOS 2018--2023","DAX",2022-08-03,1162,FALSE,-0.161452006241347,-128.16573724589
"main_oos","Main OOS 2018--2023","DAX",2022-08-04,1163,FALSE,-0.211219613513442,-128.376956859404
"main_oos","Main OOS 2018--2023","DAX",2022-08-05,1164,FALSE,-0.217627939483089,-128.594584798887
"main_oos","Main OOS 2018--2023","DAX",2022-08-08,1165,FALSE,-0.125198843780716,-128.719783642668
"main_oos","Main OOS 2018--2023","DAX",2022-08-09,1166,FALSE,-0.163742153667288,-128.883525796335
"main_oos","Main OOS 2018--2023","DAX",2022-08-10,1167,FALSE,-0.0433095169247497,-128.92683531326
"main_oos","Main OOS 2018--2023","DAX",2022-08-11,1168,FALSE,-0.121486872149233,-129.048322185409
"main_oos","Main OOS 2018--2023","DAX",2022-08-12,1169,FALSE,-0.113187535937243,-129.161509721346
"main_oos","Main OOS 2018--2023","DAX",2022-08-15,1170,FALSE,-0.147043871234436,-129.308553592581
"main_oos","Main OOS 2018--2023","DAX",2022-08-16,1171,FALSE,-0.143323535847836,-129.451877128428
"main_oos","Main OOS 2018--2023","DAX",2022-08-17,1172,FALSE,5.62344652786249,-123.828430600566
"main_oos","Main OOS 2018--2023","DAX",2022-08-18,1173,FALSE,0.022657506324183,-123.805773094242
"main_oos","Main OOS 2018--2023","DAX",2022-08-19,1174,FALSE,0.00426902550323138,-123.801504068738
"main_oos","Main OOS 2018--2023","DAX",2022-08-22,1175,FALSE,-0.503485763136605,-124.304989831875
"main_oos","Main OOS 2018--2023","DAX",2022-08-23,1176,FALSE,0.153584628099307,-124.151405203776
"main_oos","Main OOS 2018--2023","DAX",2022-08-24,1177,FALSE,0.146720818272888,-124.004684385503
"main_oos","Main OOS 2018--2023","DAX",2022-08-25,1178,FALSE,0.131975299571593,-123.872709085931
"main_oos","Main OOS 2018--2023","DAX",2022-08-26,1179,FALSE,0.115562633225823,-123.757146452705
"main_oos","Main OOS 2018--2023","DAX",2022-08-29,1180,FALSE,0.176740828580191,-123.580405624125
"main_oos","Main OOS 2018--2023","DAX",2022-08-30,1181,FALSE,0.183242499453579,-123.397163124672
"main_oos","Main OOS 2018--2023","DAX",2022-08-31,1182,FALSE,0.158736206815717,-123.238426917856
"main_oos","Main OOS 2018--2023","DAX",2022-09-01,1183,FALSE,0.221991942294019,-123.016434975562
"main_oos","Main OOS 2018--2023","DAX",2022-09-02,1184,FALSE,0.248214042221084,-122.768220933341
"main_oos","Main OOS 2018--2023","DAX",2022-09-05,1185,FALSE,-0.00720381337799259,-122.775424746719
"main_oos","Main OOS 2018--2023","DAX",2022-09-06,1186,FALSE,0.0949079686519445,-122.680516778067
"main_oos","Main OOS 2018--2023","DAX",2022-09-07,1187,FALSE,0.046670523143328,-122.633846254924
"main_oos","Main OOS 2018--2023","DAX",2022-09-08,1188,FALSE,0.0270100089484799,-122.606836245975
"main_oos","Main OOS 2018--2023","DAX",2022-09-09,1189,FALSE,0.0307898926314625,-122.576046353344
"main_oos","Main OOS 2018--2023","DAX",2022-09-12,1190,FALSE,-0.054561859639501,-122.630608212983
"main_oos","Main OOS 2018--2023","DAX",2022-09-13,1191,FALSE,-0.202000335045943,-122.832608548029
"main_oos","Main OOS 2018--2023","DAX",2022-09-14,1192,FALSE,-0.0789615321080523,-122.911570080137
"main_oos","Main OOS 2018--2023","DAX",2022-09-15,1193,FALSE,-0.00862470564540363,-122.920194785783
"main_oos","Main OOS 2018--2023","DAX",2022-09-16,1194,FALSE,0.0203512807828368,-122.899843505
"main_oos","Main OOS 2018--2023","DAX",2022-09-19,1195,FALSE,0.0890397650813437,-122.810803739918
"main_oos","Main OOS 2018--2023","DAX",2022-09-20,1196,FALSE,0.0564916020752593,-122.754312137843
"main_oos","Main OOS 2018--2023","DAX",2022-09-21,1197,FALSE,0.107520425178439,-122.646791712665
"main_oos","Main OOS 2018--2023","DAX",2022-09-22,1198,FALSE,0.0694041757642294,-122.5773875369
"main_oos","Main OOS 2018--2023","DAX",2022-09-23,1199,FALSE,0.139794857262436,-122.437592679638
"main_oos","Main OOS 2018--2023","DAX",2022-09-26,1200,FALSE,0.185204727116629,-122.252387952521
"main_oos","Main OOS 2018--2023","DAX",2022-09-27,1201,FALSE,0.176324959744591,-122.076062992777
"main_oos","Main OOS 2018--2023","DAX",2022-09-28,1202,FALSE,0.195570882428968,-121.880492110348
"main_oos","Main OOS 2018--2023","DAX",2022-09-29,1203,FALSE,0.172889242309659,-121.707602868038
"main_oos","Main OOS 2018--2023","DAX",2022-09-30,1204,FALSE,0.214994531417309,-121.492608336621
"main_oos","Main OOS 2018--2023","DAX",2022-10-03,1205,FALSE,0.0908062712890874,-121.401802065332
"main_oos","Main OOS 2018--2023","DAX",2022-10-04,1206,FALSE,0.0561620918489298,-121.345639973483
"main_oos","Main OOS 2018--2023","DAX",2022-10-05,1207,FALSE,-0.171610082120943,-121.517250055604
"main_oos","Main OOS 2018--2023","DAX",2022-10-06,1208,FALSE,-0.0936269534331173,-121.610877009037
"main_oos","Main OOS 2018--2023","DAX",2022-10-07,1209,FALSE,-0.0727742467797547,-121.683651255817
"main_oos","Main OOS 2018--2023","DAX",2022-10-10,1210,FALSE,0.00887714283231711,-121.674774112984
"main_oos","Main OOS 2018--2023","DAX",2022-10-11,1211,FALSE,-0.00552182443315719,-121.680295937418
"main_oos","Main OOS 2018--2023","DAX",2022-10-12,1212,FALSE,0.0129971137815246,-121.667298823636
"main_oos","Main OOS 2018--2023","DAX",2022-10-13,1213,FALSE,0.0284512416734954,-121.638847581963
"main_oos","Main OOS 2018--2023","DAX",2022-10-14,1214,FALSE,-0.0641134996568478,-121.702961081619
"main_oos","Main OOS 2018--2023","DAX",2022-10-17,1215,FALSE,-0.0925009474063874,-121.795462029026
"main_oos","Main OOS 2018--2023","DAX",2022-10-18,1216,FALSE,-0.181525603420826,-121.976987632447
"main_oos","Main OOS 2018--2023","DAX",2022-10-19,1217,FALSE,-0.210738912638646,-122.187726545085
"main_oos","Main OOS 2018--2023","DAX",2022-10-20,1218,FALSE,-0.195707563433131,-122.383434108518
"main_oos","Main OOS 2018--2023","DAX",2022-10-21,1219,FALSE,-0.201221492547847,-122.584655601066
"main_oos","Main OOS 2018--2023","DAX",2022-10-24,1220,FALSE,-0.156973388252009,-122.741628989318
"main_oos","Main OOS 2018--2023","DAX",2022-10-25,1221,FALSE,-0.248433091141425,-122.99006208046
"main_oos","Main OOS 2018--2023","DAX",2022-10-26,1222,FALSE,-0.278775364942959,-123.268837445403
"main_oos","Main OOS 2018--2023","DAX",2022-10-27,1223,FALSE,-0.303713611720928,-123.572551057124
"main_oos","Main OOS 2018--2023","DAX",2022-10-28,1224,FALSE,-0.304058757297161,-123.876609814421
"main_oos","Main OOS 2018--2023","DAX",2022-10-31,1225,FALSE,-0.29916670648241,-124.175776520903
"main_oos","Main OOS 2018--2023","DAX",2022-11-01,1226,FALSE,-0.28114037477574,-124.456916895679
"main_oos","Main OOS 2018--2023","DAX",2022-11-02,1227,FALSE,-0.284184969638237,-124.741101865317
"main_oos","Main OOS 2018--2023","DAX",2022-11-03,1228,FALSE,-0.172759133358322,-124.913860998675
"main_oos","Main OOS 2018--2023","DAX",2022-11-04,1229,FALSE,-0.0507395405773023,-124.964600539253
"main_oos","Main OOS 2018--2023","DAX",2022-11-07,1230,FALSE,-0.265315653223938,-125.229916192477
"main_oos","Main OOS 2018--2023","DAX",2022-11-08,1231,FALSE,-0.276570811368705,-125.506487003845
"main_oos","Main OOS 2018--2023","DAX",2022-11-09,1232,FALSE,-0.318898431619848,-125.825385435465
"main_oos","Main OOS 2018--2023","DAX",2022-11-10,1233,FALSE,-0.297046335780234,-126.122431771245
"main_oos","Main OOS 2018--2023","DAX",2022-11-11,1234,FALSE,-0.499031215734536,-126.62146298698
"main_oos","Main OOS 2018--2023","DAX",2022-11-14,1235,FALSE,-0.511043702964497,-127.132506689944
"main_oos","Main OOS 2018--2023","DAX",2022-11-15,1236,FALSE,-0.509265384319625,-127.641772074264
"main_oos","Main OOS 2018--2023","DAX",2022-11-16,1237,FALSE,-0.496136772112587,-128.137908846377
"main_oos","Main OOS 2018--2023","DAX",2022-11-17,1238,FALSE,-0.30672854253344,-128.44463738891
"main_oos","Main OOS 2018--2023","DAX",2022-11-18,1239,FALSE,-0.295814764744231,-128.740452153654
"main_oos","Main OOS 2018--2023","DAX",2022-11-21,1240,FALSE,-0.335348970509748,-129.075801124164
"main_oos","Main OOS 2018--2023","DAX",2022-11-22,1241,FALSE,-0.269768280194923,-129.345569404359
"main_oos","Main OOS 2018--2023","DAX",2022-11-23,1242,FALSE,-0.267014479755052,-129.612583884114
"main_oos","Main OOS 2018--2023","DAX",2022-11-24,1243,FALSE,-0.244786807580327,-129.857370691694
"main_oos","Main OOS 2018--2023","DAX",2022-11-25,1244,FALSE,-0.26721266836272,-130.124583360057
"main_oos","Main OOS 2018--2023","DAX",2022-11-28,1245,FALSE,-0.252524136740912,-130.377107496798
"main_oos","Main OOS 2018--2023","DAX",2022-11-29,1246,FALSE,-0.0942288539081151,-130.471336350706
"main_oos","Main OOS 2018--2023","DAX",2022-11-30,1247,FALSE,-0.0440555057977958,-130.515391856504
"main_oos","Main OOS 2018--2023","DAX",2022-12-01,1248,FALSE,-0.0134550274133276,-130.528846883917
"main_oos","Main OOS 2018--2023","DAX",2022-12-02,1249,FALSE,-0.0377104051044821,-130.566557289022
"main_oos","Main OOS 2018--2023","DAX",2022-12-05,1250,FALSE,-0.0372354506874797,-130.603792739709
"main_oos","Main OOS 2018--2023","DAX",2022-12-06,1251,FALSE,0.0269171641531094,-130.576875575556
"main_oos","Main OOS 2018--2023","DAX",2022-12-07,1252,FALSE,0.0931907723191041,-130.483684803237
"main_oos","Main OOS 2018--2023","DAX",2022-12-08,1253,FALSE,0.134898448965069,-130.348786354272
"main_oos","Main OOS 2018--2023","DAX",2022-12-09,1254,FALSE,0.120818306333074,-130.227968047939
"main_oos","Main OOS 2018--2023","DAX",2022-12-12,1255,FALSE,0.0613206019585513,-130.16664744598
"main_oos","Main OOS 2018--2023","DAX",2022-12-13,1256,FALSE,0.103508028006856,-130.063139417973
"main_oos","Main OOS 2018--2023","DAX",2022-12-14,1257,FALSE,-0.0191191448207839,-130.082258562794
"main_oos","Main OOS 2018--2023","DAX",2022-12-15,1258,FALSE,-0.2832369127864,-130.365495475581
"main_oos","Main OOS 2018--2023","DAX",2022-12-16,1259,FALSE,0.249413988229553,-130.116081487351
"main_oos","Main OOS 2018--2023","DAX",2022-12-19,1260,FALSE,0.238986335317919,-129.877095152033
"main_oos","Main OOS 2018--2023","DAX",2022-12-20,1261,FALSE,0.211472445784389,-129.665622706249
"main_oos","Main OOS 2018--2023","DAX",2022-12-21,1262,FALSE,0.223543632385901,-129.442079073863
"main_oos","Main OOS 2018--2023","DAX",2022-12-22,1263,FALSE,0.0893882869694829,-129.352690786893
"main_oos","Main OOS 2018--2023","DAX",2022-12-23,1264,FALSE,0.144508678011055,-129.208182108882
"main_oos","Main OOS 2018--2023","DAX",2022-12-27,1265,FALSE,0.124855465501945,-129.08332664338
"main_oos","Main OOS 2018--2023","DAX",2022-12-28,1266,FALSE,0.0954228993652788,-128.987903744015
"main_oos","Main OOS 2018--2023","DAX",2022-12-29,1267,FALSE,0.120700352655522,-128.86720339136
"main_oos","Main OOS 2018--2023","DAX",2022-12-30,1268,FALSE,0.0389878161752584,-128.828215575184
"main_oos","Main OOS 2018--2023","DAX",2023-01-02,1269,FALSE,0.111690004107772,-128.716525571077
"main_oos","Main OOS 2018--2023","DAX",2023-01-03,1270,FALSE,0.0332795238077228,-128.683246047269
"main_oos","Main OOS 2018--2023","DAX",2023-01-04,1271,FALSE,-0.0115244686049556,-128.694770515874
"main_oos","Main OOS 2018--2023","DAX",2023-01-05,1272,FALSE,-0.150233279970769,-128.845003795845
"main_oos","Main OOS 2018--2023","DAX",2023-01-06,1273,FALSE,-0.116011870077668,-128.961015665922
"main_oos","Main OOS 2018--2023","DAX",2023-01-09,1274,FALSE,-0.172059715895171,-129.133075381817
"main_oos","Main OOS 2018--2023","DAX",2023-01-10,1275,FALSE,-0.221061042517355,-129.354136424335
"main_oos","Main OOS 2018--2023","DAX",2023-01-11,1276,FALSE,-0.216664471630171,-129.570800895965
"main_oos","Main OOS 2018--2023","DAX",2023-01-12,1277,FALSE,-0.258858181305849,-129.829659077271
"main_oos","Main OOS 2018--2023","DAX",2023-01-13,1278,FALSE,-0.27069557253275,-130.100354649804
"main_oos","Main OOS 2018--2023","DAX",2023-01-16,1279,FALSE,-0.279562437751125,-130.379917087555
"main_oos","Main OOS 2018--2023","DAX",2023-01-17,1280,FALSE,-0.281442235365061,-130.66135932292
"main_oos","Main OOS 2018--2023","DAX",2023-01-18,1281,FALSE,-0.277030436194496,-130.938389759114
"main_oos","Main OOS 2018--2023","DAX",2023-01-19,1282,FALSE,7.63819257522544,-123.300197183889
"main_oos","Main OOS 2018--2023","DAX",2023-01-20,1283,FALSE,-0.0294213496520359,-123.329618533541
"main_oos","Main OOS 2018--2023","DAX",2023-01-23,1284,FALSE,-0.0721898033207111,-123.401808336862
"main_oos","Main OOS 2018--2023","DAX",2023-01-24,1285,FALSE,-0.084067790072722,-123.485876126934
"main_oos","Main OOS 2018--2023","DAX",2023-01-25,1286,FALSE,-0.0637586417880289,-123.549634768722
"main_oos","Main OOS 2018--2023","DAX",2023-01-26,1287,FALSE,-0.0452935678170605,-123.594928336539
"main_oos","Main OOS 2018--2023","DAX",2023-01-27,1288,FALSE,-0.046067177755281,-123.640995514295
"main_oos","Main OOS 2018--2023","DAX",2023-01-30,1289,FALSE,-0.0283537192719319,-123.669349233567
"main_oos","Main OOS 2018--2023","DAX",2023-01-31,1290,FALSE,0.0198396211477121,-123.649509612419
"main_oos","Main OOS 2018--2023","DAX",2023-02-01,1291,FALSE,0.047726145147891,-123.601783467271
"main_oos","Main OOS 2018--2023","DAX",2023-02-02,1292,FALSE,0.0517657503788544,-123.550017716892
"main_oos","Main OOS 2018--2023","DAX",2023-02-03,1293,FALSE,-0.242049506820528,-123.792067223713
"main_oos","Main OOS 2018--2023","DAX",2023-02-06,1294,FALSE,-0.201502039575487,-123.993569263288
"main_oos","Main OOS 2018--2023","DAX",2023-02-07,1295,FALSE,-0.0781656384794545,-124.071734901768
"main_oos","Main OOS 2018--2023","DAX",2023-02-08,1296,FALSE,-0.0345535184212724,-124.106288420189
"main_oos","Main OOS 2018--2023","DAX",2023-02-09,1297,FALSE,-0.0543755091876339,-124.160663929377
"main_oos","Main OOS 2018--2023","DAX",2023-02-10,1298,FALSE,-0.0986109439151825,-124.259274873292
"main_oos","Main OOS 2018--2023","DAX",2023-02-13,1299,FALSE,0.034671298448623,-124.224603574843
"main_oos","Main OOS 2018--2023","DAX",2023-02-14,1300,FALSE,0.00631136994715176,-124.218292204896
"main_oos","Main OOS 2018--2023","DAX",2023-02-15,1301,FALSE,0.0266938839490054,-124.191598320947
"main_oos","Main OOS 2018--2023","DAX",2023-02-16,1302,FALSE,-0.0297001423899459,-124.221298463337
"main_oos","Main OOS 2018--2023","DAX",2023-02-17,1303,FALSE,-0.0229090852885334,-124.244207548625
"main_oos","Main OOS 2018--2023","DAX",2023-02-20,1304,FALSE,0.0284916110615796,-124.215715937564
"main_oos","Main OOS 2018--2023","DAX",2023-02-21,1305,FALSE,0.0477002937298867,-124.168015643834
"main_oos","Main OOS 2018--2023","DAX",2023-02-22,1306,FALSE,0.10401252181931,-124.064003122015
"main_oos","Main OOS 2018--2023","DAX",2023-02-23,1307,FALSE,0.110027451415702,-123.953975670599
"main_oos","Main OOS 2018--2023","DAX",2023-02-24,1308,FALSE,-2.53649793762407,-126.490473608223
"main_oos","Main OOS 2018--2023","DAX",2023-02-27,1309,FALSE,0.163946221928934,-126.326527386294
"main_oos","Main OOS 2018--2023","DAX",2023-02-28,1310,FALSE,0.0569403846343521,-126.26958700166
"main_oos","Main OOS 2018--2023","DAX",2023-03-01,1311,FALSE,0.0512026690291247,-126.218384332631
"main_oos","Main OOS 2018--2023","DAX",2023-03-02,1312,FALSE,0.0957978318251498,-126.122586500805
"main_oos","Main OOS 2018--2023","DAX",2023-03-03,1313,FALSE,0.0980923595891448,-126.024494141216
"main_oos","Main OOS 2018--2023","DAX",2023-03-06,1314,FALSE,-0.118200349820207,-126.142694491036
"main_oos","Main OOS 2018--2023","DAX",2023-03-07,1315,FALSE,-0.135883172559038,-126.278577663596
"main_oos","Main OOS 2018--2023","DAX",2023-03-08,1316,FALSE,-0.0493315662126794,-126.327909229808
"main_oos","Main OOS 2018--2023","DAX",2023-03-09,1317,FALSE,-0.0610540677937366,-126.388963297602
"main_oos","Main OOS 2018--2023","DAX",2023-03-10,1318,FALSE,-0.0583989026157219,-126.447362200218
"main_oos","Main OOS 2018--2023","DAX",2023-03-13,1319,FALSE,-2.20075805301136,-128.648120253229
"main_oos","Main OOS 2018--2023","DAX",2023-03-14,1320,FALSE,0.235638755373673,-128.412481497855
"main_oos","Main OOS 2018--2023","DAX",2023-03-15,1321,FALSE,-2.43429712357694,-130.846778621432
"main_oos","Main OOS 2018--2023","DAX",2023-03-16,1322,FALSE,0.212827364950676,-130.633951256482
"main_oos","Main OOS 2018--2023","DAX",2023-03-17,1323,FALSE,0.109040664237739,-130.524910592244
"main_oos","Main OOS 2018--2023","DAX",2023-03-20,1324,FALSE,0.15747598932547,-130.367434602918
"main_oos","Main OOS 2018--2023","DAX",2023-03-21,1325,FALSE,0.0927989178046387,-130.274635685114
"main_oos","Main OOS 2018--2023","DAX",2023-03-22,1326,FALSE,-0.0173542147286172,-130.291989899842
"main_oos","Main OOS 2018--2023","DAX",2023-03-23,1327,FALSE,-0.0271592009625237,-130.319149100805
"main_oos","Main OOS 2018--2023","DAX",2023-03-24,1328,FALSE,-0.024693958841826,-130.343843059647
"main_oos","Main OOS 2018--2023","DAX",2023-03-27,1329,FALSE,0.053898427912864,-130.289944631734
"main_oos","Main OOS 2018--2023","DAX",2023-03-28,1330,FALSE,-0.0139609267589176,-130.303905558493
"main_oos","Main OOS 2018--2023","DAX",2023-03-29,1331,FALSE,-0.0150800827563873,-130.318985641249
"main_oos","Main OOS 2018--2023","DAX",2023-03-30,1332,FALSE,-0.0921388649817323,-130.411124506231
"main_oos","Main OOS 2018--2023","DAX",2023-03-31,1333,FALSE,-0.166425340788852,-130.57754984702
"main_oos","Main OOS 2018--2023","DAX",2023-04-03,1334,FALSE,-0.187499342345019,-130.765049189365
"main_oos","Main OOS 2018--2023","DAX",2023-04-04,1335,FALSE,-0.147951425010391,-130.913000614375
"main_oos","Main OOS 2018--2023","DAX",2023-04-05,1336,FALSE,-0.141120953730917,-131.054121568106
"main_oos","Main OOS 2018--2023","DAX",2023-04-06,1337,FALSE,-0.070686095746163,-131.124807663852
"main_oos","Main OOS 2018--2023","DAX",2023-04-11,1338,FALSE,-0.08264930844274,-131.207456972295
"main_oos","Main OOS 2018--2023","DAX",2023-04-12,1339,FALSE,-0.0774427623054945,-131.284899734601
"main_oos","Main OOS 2018--2023","DAX",2023-04-13,1340,FALSE,-0.0666156488215297,-131.351515383422
"main_oos","Main OOS 2018--2023","DAX",2023-04-14,1341,FALSE,-0.0424438667175298,-131.39395925014
"main_oos","Main OOS 2018--2023","DAX",2023-04-17,1342,FALSE,-0.0581907082765212,-131.452149958416
"main_oos","Main OOS 2018--2023","DAX",2023-04-18,1343,FALSE,-0.00818113891114258,-131.460331097327
"main_oos","Main OOS 2018--2023","DAX",2023-04-19,1344,FALSE,-0.0466799995699083,-131.507011096897
"main_oos","Main OOS 2018--2023","DAX",2023-04-20,1345,FALSE,-0.0290759426878313,-131.536087039585
"main_oos","Main OOS 2018--2023","DAX",2023-04-21,1346,FALSE,0.0452826169811442,-131.490804422604
"main_oos","Main OOS 2018--2023","DAX",2023-04-24,1347,FALSE,0.00917163153011491,-131.481632791074
"main_oos","Main OOS 2018--2023","DAX",2023-04-25,1348,FALSE,0.0487750675864023,-131.432857723487
"main_oos","Main OOS 2018--2023","DAX",2023-04-26,1349,FALSE,0.0698732798436492,-131.362984443644
"main_oos","Main OOS 2018--2023","DAX",2023-04-27,1350,FALSE,0.126567562171154,-131.236416881473
"main_oos","Main OOS 2018--2023","DAX",2023-04-28,1351,FALSE,0.128900451502688,-131.10751642997
"main_oos","Main OOS 2018--2023","DAX",2023-05-02,1352,FALSE,-0.00197665996201657,-131.109493089932
"main_oos","Main OOS 2018--2023","DAX",2023-05-03,1353,FALSE,0.114542040056008,-130.994951049876
"main_oos","Main OOS 2018--2023","DAX",2023-05-04,1354,FALSE,0.0658092533444727,-130.929141796531
"main_oos","Main OOS 2018--2023","DAX",2023-05-05,1355,FALSE,0.125182788802692,-130.803959007729
"main_oos","Main OOS 2018--2023","DAX",2023-05-08,1356,FALSE,-0.0707323321045408,-130.874691339833
"main_oos","Main OOS 2018--2023","DAX",2023-05-09,1357,FALSE,-0.0538431740000984,-130.928534513833
"main_oos","Main OOS 2018--2023","DAX",2023-05-10,1358,FALSE,-0.0491361333550093,-130.977670647188
"main_oos","Main OOS 2018--2023","DAX",2023-05-11,1359,FALSE,0.0163478262218757,-130.961322820966
"main_oos","Main OOS 2018--2023","DAX",2023-05-12,1360,FALSE,0.0630264792473261,-130.898296341719
"main_oos","Main OOS 2018--2023","DAX",2023-05-15,1361,FALSE,0.0240032687076872,-130.874293073011
"main_oos","Main OOS 2018--2023","DAX",2023-05-16,1362,FALSE,0.0439286744381835,-130.830364398573
"main_oos","Main OOS 2018--2023","DAX",2023-05-17,1363,FALSE,0.0883562028365512,-130.742008195737
"main_oos","Main OOS 2018--2023","DAX",2023-05-18,1364,FALSE,0.0865675538510877,-130.655440641886
"main_oos","Main OOS 2018--2023","DAX",2023-05-19,1365,FALSE,-0.159229508297474,-130.814670150183
"main_oos","Main OOS 2018--2023","DAX",2023-05-22,1366,FALSE,-0.21159051288999,-131.026260663073
"main_oos","Main OOS 2018--2023","DAX",2023-05-23,1367,FALSE,-0.133696549132704,-131.159957212206
"main_oos","Main OOS 2018--2023","DAX",2023-05-24,1368,FALSE,1.86727422929915,-129.292682982907
"main_oos","Main OOS 2018--2023","DAX",2023-05-25,1369,FALSE,0.129410700874891,-129.163272282032
"main_oos","Main OOS 2018--2023","DAX",2023-05-26,1370,FALSE,0.13736810347249,-129.025904178559
"main_oos","Main OOS 2018--2023","DAX",2023-05-29,1371,FALSE,0.00739720257164089,-129.018506975988
"main_oos","Main OOS 2018--2023","DAX",2023-05-30,1372,FALSE,0.0435884547934084,-128.974918521194
"main_oos","Main OOS 2018--2023","DAX",2023-05-31,1373,FALSE,0.0719624291521184,-128.902956092042
"main_oos","Main OOS 2018--2023","DAX",2023-06-01,1374,FALSE,0.120196696609512,-128.782759395433
"main_oos","Main OOS 2018--2023","DAX",2023-06-02,1375,FALSE,0.0231655340494807,-128.759593861383
"main_oos","Main OOS 2018--2023","DAX",2023-06-05,1376,FALSE,-0.0720597649872379,-128.83165362637
"main_oos","Main OOS 2018--2023","DAX",2023-06-06,1377,FALSE,-0.0209379043312312,-128.852591530702
"main_oos","Main OOS 2018--2023","DAX",2023-06-07,1378,FALSE,-0.0274700846596727,-128.880061615361
"main_oos","Main OOS 2018--2023","DAX",2023-06-08,1379,FALSE,-0.00318735645128498,-128.883248971813
"main_oos","Main OOS 2018--2023","DAX",2023-06-09,1380,FALSE,0.0111339724080974,-128.872114999404
"main_oos","Main OOS 2018--2023","DAX",2023-06-12,1381,FALSE,0.0589181447619458,-128.813196854642
"main_oos","Main OOS 2018--2023","DAX",2023-06-13,1382,FALSE,-0.0354885055927325,-128.848685360235
"main_oos","Main OOS 2018--2023","DAX",2023-06-14,1383,FALSE,-0.0942144995113401,-128.942899859747
"main_oos","Main OOS 2018--2023","DAX",2023-06-15,1384,FALSE,-0.115970319365671,-129.058870179112
"main_oos","Main OOS 2018--2023","DAX",2023-06-16,1385,FALSE,-0.0784032216919524,-129.137273400804
"main_oos","Main OOS 2018--2023","DAX",2023-06-19,1386,FALSE,-0.0854135760700276,-129.222686976874
"main_oos","Main OOS 2018--2023","DAX",2023-06-20,1387,FALSE,0.0137088584824796,-129.208978118392
"main_oos","Main OOS 2018--2023","DAX",2023-06-21,1388,FALSE,0.0703802739535226,-129.138597844438
"main_oos","Main OOS 2018--2023","DAX",2023-06-22,1389,FALSE,0.113742502681239,-129.024855341757
"main_oos","Main OOS 2018--2023","DAX",2023-06-23,1390,FALSE,0.135456337580123,-128.889399004177
"main_oos","Main OOS 2018--2023","DAX",2023-06-26,1391,FALSE,0.167631378624323,-128.721767625553
"main_oos","Main OOS 2018--2023","DAX",2023-06-27,1392,FALSE,0.170051956956848,-128.551715668596
"main_oos","Main OOS 2018--2023","DAX",2023-06-28,1393,FALSE,0.166864043518247,-128.384851625077
"main_oos","Main OOS 2018--2023","DAX",2023-06-29,1394,FALSE,0.10777577418094,-128.277075850896
"main_oos","Main OOS 2018--2023","DAX",2023-06-30,1395,FALSE,0.114852994970078,-128.162222855926
"main_oos","Main OOS 2018--2023","DAX",2023-07-03,1396,FALSE,-0.0482848906631728,-128.21050774659
"main_oos","Main OOS 2018--2023","DAX",2023-07-04,1397,FALSE,0.0141208295142159,-128.196386917075
"main_oos","Main OOS 2018--2023","DAX",2023-07-05,1398,FALSE,0.0562841670117222,-128.140102750064
"main_oos","Main OOS 2018--2023","DAX",2023-07-06,1399,FALSE,-4.83028990230952,-132.970392652373
"main_oos","Main OOS 2018--2023","DAX",2023-07-07,1400,FALSE,0.261260836928281,-132.709131815445
"main_oos","Main OOS 2018--2023","DAX",2023-07-10,1401,FALSE,0.216476460928414,-132.492655354516
"main_oos","Main OOS 2018--2023","DAX",2023-07-11,1402,FALSE,0.191695875586041,-132.30095947893
"main_oos","Main OOS 2018--2023","DAX",2023-07-12,1403,FALSE,0.133207189353598,-132.167752289577
"main_oos","Main OOS 2018--2023","DAX",2023-07-13,1404,FALSE,-0.0213822417821987,-132.189134531359
"main_oos","Main OOS 2018--2023","DAX",2023-07-14,1405,FALSE,-0.0732805091068405,-132.262415040466
"main_oos","Main OOS 2018--2023","DAX",2023-07-17,1406,FALSE,-0.0456702399847517,-132.308085280451
"main_oos","Main OOS 2018--2023","DAX",2023-07-18,1407,FALSE,-0.00867873889854587,-132.316764019349
"main_oos","Main OOS 2018--2023","DAX",2023-07-19,1408,FALSE,-0.0121351715284377,-132.328899190878
"main_oos","Main OOS 2018--2023","DAX",2023-07-20,1409,FALSE,0.0271109490764041,-132.301788241801
"main_oos","Main OOS 2018--2023","DAX",2023-07-21,1410,FALSE,-0.0132817691901974,-132.315070010991
"main_oos","Main OOS 2018--2023","DAX",2023-07-24,1411,FALSE,0.030845810008977,-132.284224200982
"main_oos","Main OOS 2018--2023","DAX",2023-07-25,1412,FALSE,0.0468019844441341,-132.237422216538
"main_oos","Main OOS 2018--2023","DAX",2023-07-26,1413,FALSE,0.0804897517203929,-132.156932464818
"main_oos","Main OOS 2018--2023","DAX",2023-07-27,1414,FALSE,0.133524694168918,-132.023407770649
"main_oos","Main OOS 2018--2023","DAX",2023-07-28,1415,FALSE,-0.143711614990503,-132.167119385639
"main_oos","Main OOS 2018--2023","DAX",2023-07-31,1416,FALSE,-0.152555177150444,-132.31967456279
"main_oos","Main OOS 2018--2023","DAX",2023-08-01,1417,FALSE,-0.105276833731693,-132.424951396522
"main_oos","Main OOS 2018--2023","DAX",2023-08-02,1418,FALSE,0.0151976403358767,-132.409753756186
"main_oos","Main OOS 2018--2023","DAX",2023-08-03,1419,FALSE,0.097880505644171,-132.311873250542
"main_oos","Main OOS 2018--2023","DAX",2023-08-04,1420,FALSE,0.141322237007305,-132.170551013534
"main_oos","Main OOS 2018--2023","DAX",2023-08-07,1421,FALSE,0.120632470287507,-132.049918543247
"main_oos","Main OOS 2018--2023","DAX",2023-08-08,1422,FALSE,0.127312514334494,-131.922606028912
"main_oos","Main OOS 2018--2023","DAX",2023-08-09,1423,FALSE,0.168824230751266,-131.753781798161
"main_oos","Main OOS 2018--2023","DAX",2023-08-10,1424,FALSE,0.134043751245211,-131.619738046916
"main_oos","Main OOS 2018--2023","DAX",2023-08-11,1425,FALSE,0.0529757611013553,-131.566762285814
"main_oos","Main OOS 2018--2023","DAX",2023-08-14,1426,FALSE,0.109873549153054,-131.456888736661
"main_oos","Main OOS 2018--2023","DAX",2023-08-15,1427,FALSE,0.091075077546606,-131.365813659115
"main_oos","Main OOS 2018--2023","DAX",2023-08-16,1428,FALSE,0.144392596176151,-131.221421062939
"main_oos","Main OOS 2018--2023","DAX",2023-08-17,1429,FALSE,0.134399035197495,-131.087022027741
"main_oos","Main OOS 2018--2023","DAX",2023-08-18,1430,FALSE,0.1751705961522,-130.911851431589
"main_oos","Main OOS 2018--2023","DAX",2023-08-21,1431,FALSE,0.203179858250226,-130.708671573339
"main_oos","Main OOS 2018--2023","DAX",2023-08-22,1432,FALSE,0.19551863137335,-130.513152941965
"main_oos","Main OOS 2018--2023","DAX",2023-08-23,1433,FALSE,0.146335358324022,-130.366817583641
"main_oos","Main OOS 2018--2023","DAX",2023-08-24,1434,FALSE,0.158271099152499,-130.208546484489
"main_oos","Main OOS 2018--2023","DAX",2023-08-25,1435,FALSE,0.190055748960764,-130.018490735528
"main_oos","Main OOS 2018--2023","DAX",2023-08-28,1436,FALSE,0.191577789973525,-129.826912945554
"main_oos","Main OOS 2018--2023","DAX",2023-08-29,1437,FALSE,0.0489728112274881,-129.777940134327
"main_oos","Main OOS 2018--2023","DAX",2023-08-30,1438,FALSE,-0.0328205601964124,-129.810760694523
"main_oos","Main OOS 2018--2023","DAX",2023-08-31,1439,FALSE,0.0160774159088848,-129.794683278614
"main_oos","Main OOS 2018--2023","DAX",2023-09-01,1440,FALSE,-0.0145165573075965,-129.809199835922
"main_oos","Main OOS 2018--2023","DAX",2023-09-04,1441,FALSE,0.0568972824492924,-129.752302553473
"main_oos","Main OOS 2018--2023","DAX",2023-09-05,1442,FALSE,0.0813731934789259,-129.670929359994
"main_oos","Main OOS 2018--2023","DAX",2023-09-06,1443,FALSE,0.126764284407659,-129.544165075586
"main_oos","Main OOS 2018--2023","DAX",2023-09-07,1444,FALSE,0.153316431616515,-129.39084864397
"main_oos","Main OOS 2018--2023","DAX",2023-09-08,1445,FALSE,0.170534697854237,-129.220313946115
"main_oos","Main OOS 2018--2023","DAX",2023-09-11,1446,FALSE,0.177564345344426,-129.042749600771
"main_oos","Main OOS 2018--2023","DAX",2023-09-12,1447,FALSE,0.155399992511786,-128.887349608259
"main_oos","Main OOS 2018--2023","DAX",2023-09-13,1448,FALSE,0.195207410501967,-128.692142197757
"main_oos","Main OOS 2018--2023","DAX",2023-09-14,1449,FALSE,0.231011886027008,-128.46113031173
"main_oos","Main OOS 2018--2023","DAX",2023-09-15,1450,FALSE,0.0927594217739822,-128.368370889956
"main_oos","Main OOS 2018--2023","DAX",2023-09-18,1451,FALSE,0.0447702930912248,-128.323600596865
"main_oos","Main OOS 2018--2023","DAX",2023-09-19,1452,FALSE,0.143787653022989,-128.179812943842
"main_oos","Main OOS 2018--2023","DAX",2023-09-20,1453,FALSE,0.164492383344495,-128.015320560498
"main_oos","Main OOS 2018--2023","DAX",2023-09-21,1454,FALSE,0.0931783990917232,-127.922142161406
"main_oos","Main OOS 2018--2023","DAX",2023-09-22,1455,FALSE,0.175546992995529,-127.74659516841
"main_oos","Main OOS 2018--2023","DAX",2023-09-25,1456,FALSE,0.168399513600483,-127.57819565481
"main_oos","Main OOS 2018--2023","DAX",2023-09-26,1457,FALSE,0.206431521640293,-127.37176413317
"main_oos","Main OOS 2018--2023","DAX",2023-09-27,1458,FALSE,0.233832924150573,-127.137931209019
"main_oos","Main OOS 2018--2023","DAX",2023-09-28,1459,FALSE,0.223027999889821,-126.914903209129
"main_oos","Main OOS 2018--2023","DAX",2023-09-29,1460,FALSE,0.162043368484039,-126.752859840645
"main_oos","Main OOS 2018--2023","DAX",2023-10-02,1461,FALSE,0.137699129735313,-126.61516071091
"main_oos","Main OOS 2018--2023","DAX",2023-10-03,1462,FALSE,0.190979469258242,-126.424181241652
"main_oos","Main OOS 2018--2023","DAX",2023-10-04,1463,FALSE,0.217719023635357,-126.206462218016
"main_oos","Main OOS 2018--2023","DAX",2023-10-05,1464,FALSE,0.196295658375281,-126.010166559641
"main_oos","Main OOS 2018--2023","DAX",2023-10-06,1465,FALSE,0.2108351768775,-125.799331382763
"main_oos","Main OOS 2018--2023","DAX",2023-10-09,1466,FALSE,0.094866112887332,-125.704465269876
"main_oos","Main OOS 2018--2023","DAX",2023-10-10,1467,FALSE,0.149822025990979,-125.554643243885
"main_oos","Main OOS 2018--2023","DAX",2023-10-11,1468,FALSE,-0.0709475716936931,-125.625590815579
"main_oos","Main OOS 2018--2023","DAX",2023-10-12,1469,FALSE,-0.074880989868823,-125.700471805448
"main_oos","Main OOS 2018--2023","DAX",2023-10-13,1470,FALSE,-0.0331016609081436,-125.733573466356
"main_oos","Main OOS 2018--2023","DAX",2023-10-16,1471,FALSE,0.0730793480527858,-125.660494118303
"main_oos","Main OOS 2018--2023","DAX",2023-10-17,1472,FALSE,0.05634308899149,-125.604151029311
"main_oos","Main OOS 2018--2023","DAX",2023-10-18,1473,FALSE,0.0608675186507706,-125.543283510661
"main_oos","Main OOS 2018--2023","DAX",2023-10-19,1474,FALSE,0.121375626964278,-125.421907883696
"main_oos","Main OOS 2018--2023","DAX",2023-10-20,1475,FALSE,0.139710592264815,-125.282197291432
"main_oos","Main OOS 2018--2023","DAX",2023-10-23,1476,FALSE,0.193343503143301,-125.088853788288
"main_oos","Main OOS 2018--2023","DAX",2023-10-24,1477,FALSE,0.167597768784274,-124.921256019504
"main_oos","Main OOS 2018--2023","DAX",2023-10-25,1478,FALSE,0.136295624673717,-124.78496039483
"main_oos","Main OOS 2018--2023","DAX",2023-10-26,1479,FALSE,0.140068269009338,-124.644892125821
"main_oos","Main OOS 2018--2023","DAX",2023-10-27,1480,FALSE,0.182691686189571,-124.462200439631
"main_oos","Main OOS 2018--2023","DAX",2023-10-30,1481,FALSE,0.199835737928163,-124.262364701703
"main_oos","Main OOS 2018--2023","DAX",2023-10-31,1482,FALSE,0.184820616596173,-124.077544085107
"main_oos","Main OOS 2018--2023","DAX",2023-11-01,1483,FALSE,0.179037135776312,-123.898506949331
"main_oos","Main OOS 2018--2023","DAX",2023-11-02,1484,FALSE,0.104281981146122,-123.794224968185
"main_oos","Main OOS 2018--2023","DAX",2023-11-03,1485,FALSE,-0.0833580614358809,-123.87758302962
"main_oos","Main OOS 2018--2023","DAX",2023-11-06,1486,FALSE,-0.085618506295539,-123.963201535916
"main_oos","Main OOS 2018--2023","DAX",2023-11-07,1487,FALSE,-0.0282352774759718,-123.991436813392
"main_oos","Main OOS 2018--2023","DAX",2023-11-08,1488,FALSE,-0.0142654102792839,-124.005702223671
"main_oos","Main OOS 2018--2023","DAX",2023-11-09,1489,FALSE,-0.0374490909466227,-124.043151314618
"main_oos","Main OOS 2018--2023","DAX",2023-11-10,1490,FALSE,-0.127087345442108,-124.17023866006
"main_oos","Main OOS 2018--2023","DAX",2023-11-13,1491,FALSE,-0.0331544908086696,-124.203393150869
"main_oos","Main OOS 2018--2023","DAX",2023-11-14,1492,FALSE,-0.0871535918949891,-124.290546742764
"main_oos","Main OOS 2018--2023","DAX",2023-11-15,1493,FALSE,-0.309783868983547,-124.600330611747
"main_oos","Main OOS 2018--2023","DAX",2023-11-16,1494,FALSE,-0.374068806134667,-124.974399417882
"main_oos","Main OOS 2018--2023","DAX",2023-11-17,1495,FALSE,-0.367060663452867,-125.341460081335
"main_oos","Main OOS 2018--2023","DAX",2023-11-20,1496,FALSE,-0.414777045622577,-125.756237126957
"main_oos","Main OOS 2018--2023","DAX",2023-11-21,1497,FALSE,-0.369378632447395,-126.125615759405
"main_oos","Main OOS 2018--2023","DAX",2023-11-22,1498,FALSE,-0.337063995642947,-126.462679755048
"main_oos","Main OOS 2018--2023","DAX",2023-11-23,1499,FALSE,-0.332544031375587,-126.795223786423
"main_oos","Main OOS 2018--2023","DAX",2023-11-24,1500,FALSE,-0.306243615391715,-127.101467401815
"main_oos","Main OOS 2018--2023","DAX",2023-11-27,1501,FALSE,-0.284887043982959,-127.386354445798
"main_oos","Main OOS 2018--2023","DAX",2023-11-28,1502,FALSE,-0.180140814674682,-127.566495260473
"main_oos","Main OOS 2018--2023","DAX",2023-11-29,1503,FALSE,-0.154668254610144,-127.721163515083
"main_oos","Main OOS 2018--2023","DAX",2023-11-30,1504,FALSE,-0.352831283686621,-128.073994798769
"main_oos","Main OOS 2018--2023","DAX",2023-12-01,1505,FALSE,-0.243402129700911,-128.31739692847
"main_oos","Main OOS 2018--2023","DAX",2023-12-04,1506,FALSE,-0.393517480755242,-128.710914409226
"main_oos","Main OOS 2018--2023","DAX",2023-12-05,1507,FALSE,-0.374246090439179,-129.085160499665
"main_oos","Main OOS 2018--2023","DAX",2023-12-06,1508,FALSE,-0.427353712785359,-129.51251421245
"main_oos","Main OOS 2018--2023","DAX",2023-12-07,1509,FALSE,-0.475544213943341,-129.988058426393
"main_oos","Main OOS 2018--2023","DAX",2023-12-08,1510,FALSE,-0.39088249027477,-130.378940916668
"main_oos","Main OOS 2018--2023","DAX",2023-12-11,1511,FALSE,-0.448722095442963,-130.827663012111
"main_oos","Main OOS 2018--2023","DAX",2023-12-12,1512,FALSE,-0.429362958688004,-131.257025970799
"main_oos","Main OOS 2018--2023","DAX",2023-12-13,1513,FALSE,-0.376388486920428,-131.63341445772
"main_oos","Main OOS 2018--2023","DAX",2023-12-14,1514,FALSE,-0.284529652137509,-131.917944109857
"main_oos","Main OOS 2018--2023","DAX",2023-12-15,1515,FALSE,-0.215661962656701,-132.133606072514
"main_oos","Main OOS 2018--2023","DAX",2023-12-18,1516,FALSE,-0.164962166905611,-132.298568239419
"main_oos","Main OOS 2018--2023","DAX",2023-12-19,1517,FALSE,-0.0514560580439516,-132.350024297463
"main_oos","Main OOS 2018--2023","DAX",2023-12-20,1518,FALSE,-0.107733585227013,-132.45775788269
"main_oos","Main OOS 2018--2023","DAX",2023-12-21,1519,FALSE,-0.0578560030900273,-132.51561388578
"main_oos","Main OOS 2018--2023","DAX",2023-12-22,1520,FALSE,0.0138851912709295,-132.50172869451
"main_oos","Main OOS 2018--2023","DAX",2023-12-27,1521,FALSE,0.0380331001143974,-132.463695594395
"main_oos","Main OOS 2018--2023","DAX",2023-12-28,1522,FALSE,0.0565306203989508,-132.407164973996
"main_oos","Main OOS 2018--2023","DAX",2023-12-29,1523,FALSE,0.115051388670082,-132.292113585326
"main_oos","Main OOS 2018--2023","NIKKEI",2018-01-03,0,TRUE,,0
"main_oos","Main OOS 2018--2023","NIKKEI",2018-01-04,1,FALSE,0.164233597661447,0.164233597661447
"main_oos","Main OOS 2018--2023","NIKKEI",2018-01-05,2,FALSE,-0.202443964216783,-0.0382103665553357
"main_oos","Main OOS 2018--2023","NIKKEI",2018-01-09,3,FALSE,-0.228736076249298,-0.266946442804633
"main_oos","Main OOS 2018--2023","NIKKEI",2018-01-10,4,FALSE,-0.247996124490156,-0.51494256729479
"main_oos","Main OOS 2018--2023","NIKKEI",2018-01-11,5,FALSE,-0.203767652565387,-0.718710219860177
"main_oos","Main OOS 2018--2023","NIKKEI",2018-01-12,6,FALSE,-0.14893928235949,-0.867649502219667
"main_oos","Main OOS 2018--2023","NIKKEI",2018-01-15,7,FALSE,-0.106349480352343,-0.97399898257201
"main_oos","Main OOS 2018--2023","NIKKEI",2018-01-16,8,FALSE,-0.107821136381597,-1.08182011895361
"main_oos","Main OOS 2018--2023","NIKKEI",2018-01-17,9,FALSE,-0.153057084653249,-1.23487720360686
"main_oos","Main OOS 2018--2023","NIKKEI",2018-01-18,10,FALSE,-0.0838736933338522,-1.31875089694071
"main_oos","Main OOS 2018--2023","NIKKEI",2018-01-19,11,FALSE,-0.0117341206332187,-1.33048501757393
"main_oos","Main OOS 2018--2023","NIKKEI",2018-01-22,12,FALSE,-0.0157196124334211,-1.34620463000735
"main_oos","Main OOS 2018--2023","NIKKEI",2018-01-23,13,FALSE,-0.0134888768198418,-1.35969350682719
"main_oos","Main OOS 2018--2023","NIKKEI",2018-01-24,14,FALSE,-0.123198102243561,-1.48289160907075
"main_oos","Main OOS 2018--2023","NIKKEI",2018-01-25,15,FALSE,-0.00894706897908648,-1.49183867804984
"main_oos","Main OOS 2018--2023","NIKKEI",2018-01-26,16,FALSE,0.0911012282501249,-1.40073744979971
"main_oos","Main OOS 2018--2023","NIKKEI",2018-01-29,17,FALSE,0.0991184276137806,-1.30161902218593
"main_oos","Main OOS 2018--2023","NIKKEI",2018-01-30,18,FALSE,0.0929927640585122,-1.20862625812742
"main_oos","Main OOS 2018--2023","NIKKEI",2018-01-31,19,FALSE,0.169291807998188,-1.03933445012923
"main_oos","Main OOS 2018--2023","NIKKEI",2018-02-01,20,FALSE,0.244627720592473,-0.794706729536759
"main_oos","Main OOS 2018--2023","NIKKEI",2018-02-02,21,FALSE,0.110355959750206,-0.684350769786553
"main_oos","Main OOS 2018--2023","NIKKEI",2018-02-05,22,FALSE,-5.3147673438635,-5.99911811365006
"main_oos","Main OOS 2018--2023","NIKKEI",2018-02-06,23,FALSE,-12.5662644820053,-18.5653825956554
"main_oos","Main OOS 2018--2023","NIKKEI",2018-02-07,24,FALSE,0.370938407894037,-18.1944441877613
"main_oos","Main OOS 2018--2023","NIKKEI",2018-02-08,25,FALSE,0.288096715986312,-17.906347471775
"main_oos","Main OOS 2018--2023","NIKKEI",2018-02-09,26,FALSE,0.208498857154369,-17.6978486146206
"main_oos","Main OOS 2018--2023","NIKKEI",2018-02-13,27,FALSE,0.252514799053406,-17.4453338155672
"main_oos","Main OOS 2018--2023","NIKKEI",2018-02-14,28,FALSE,0.223592444792134,-17.2217413707751
"main_oos","Main OOS 2018--2023","NIKKEI",2018-02-15,29,FALSE,0.20190796704406,-17.019833403731
"main_oos","Main OOS 2018--2023","NIKKEI",2018-02-16,30,FALSE,0.114451334233683,-16.9053820694974
"main_oos","Main OOS 2018--2023","NIKKEI",2018-02-19,31,FALSE,0.0476200460641372,-16.8577620234332
"main_oos","Main OOS 2018--2023","NIKKEI",2018-02-20,32,FALSE,-0.0461091495582062,-16.9038711729914
"main_oos","Main OOS 2018--2023","NIKKEI",2018-02-21,33,FALSE,0.00633347201839296,-16.897537700973
"main_oos","Main OOS 2018--2023","NIKKEI",2018-02-22,34,FALSE,-0.0271694049550013,-16.924707105928
"main_oos","Main OOS 2018--2023","NIKKEI",2018-02-23,35,FALSE,0.0326845981306962,-16.8920225077973
"main_oos","Main OOS 2018--2023","NIKKEI",2018-02-26,36,FALSE,-0.00531292702235087,-16.8973354348197
"main_oos","Main OOS 2018--2023","NIKKEI",2018-02-27,37,FALSE,-0.0605764697593076,-16.957911904579
"main_oos","Main OOS 2018--2023","NIKKEI",2018-02-28,38,FALSE,-0.0996459774016889,-17.0575578819807
"main_oos","Main OOS 2018--2023","NIKKEI",2018-03-01,39,FALSE,0.00479590110811978,-17.0527619808726
"main_oos","Main OOS 2018--2023","NIKKEI",2018-03-02,40,FALSE,0.0848957111793327,-16.9678662696932
"main_oos","Main OOS 2018--2023","NIKKEI",2018-03-05,41,FALSE,0.170525907018192,-16.797340362675
"main_oos","Main OOS 2018--2023","NIKKEI",2018-03-06,42,FALSE,0.173806247586202,-16.6235341150888
"main_oos","Main OOS 2018--2023","NIKKEI",2018-03-07,43,FALSE,0.068040460737421,-16.5554936543514
"main_oos","Main OOS 2018--2023","NIKKEI",2018-03-08,44,FALSE,0.0992684704812103,-16.4562251838702
"main_oos","Main OOS 2018--2023","NIKKEI",2018-03-09,45,FALSE,0.0598195800740764,-16.3964056037961
"main_oos","Main OOS 2018--2023","NIKKEI",2018-03-12,46,FALSE,0.0318337057021321,-16.364571898094
"main_oos","Main OOS 2018--2023","NIKKEI",2018-03-13,47,FALSE,-0.0541943589696223,-16.4187662570636
"main_oos","Main OOS 2018--2023","NIKKEI",2018-03-14,48,FALSE,-0.081825614943916,-16.5005918720075
"main_oos","Main OOS 2018--2023","NIKKEI",2018-03-15,49,FALSE,-0.0152435058008611,-16.5158353778084
"main_oos","Main OOS 2018--2023","NIKKEI",2018-03-16,50,FALSE,-0.0352564523116123,-16.55109183012
"main_oos","Main OOS 2018--2023","NIKKEI",2018-03-19,51,FALSE,0.00820938535931592,-16.5428824447607
"main_oos","Main OOS 2018--2023","NIKKEI",2018-03-20,52,FALSE,0.0687456158988706,-16.4741368288618
"main_oos","Main OOS 2018--2023","NIKKEI",2018-03-22,53,FALSE,0.0974880962119533,-16.3766487326499
"main_oos","Main OOS 2018--2023","NIKKEI",2018-03-23,54,FALSE,-2.01443053936741,-18.3910792720173
"main_oos","Main OOS 2018--2023","NIKKEI",2018-03-26,55,FALSE,0.253930222715869,-18.1371490493014
"main_oos","Main OOS 2018--2023","NIKKEI",2018-03-27,56,FALSE,0.188612282511022,-17.9485367667904
"main_oos","Main OOS 2018--2023","NIKKEI",2018-03-28,57,FALSE,0.0316129118829043,-17.9169238549075
"main_oos","Main OOS 2018--2023","NIKKEI",2018-03-29,58,FALSE,0.085171344536946,-17.8317525103705
"main_oos","Main OOS 2018--2023","NIKKEI",2018-03-30,59,FALSE,0.0334851870895165,-17.798267323281
"main_oos","Main OOS 2018--2023","NIKKEI",2018-04-02,60,FALSE,-0.0269422718120595,-17.8252095950931
"main_oos","Main OOS 2018--2023","NIKKEI",2018-04-03,61,FALSE,-0.0182886103955373,-17.8434982054886
"main_oos","Main OOS 2018--2023","NIKKEI",2018-04-04,62,FALSE,0.00456765228548672,-17.8389305532031
"main_oos","Main OOS 2018--2023","NIKKEI",2018-04-05,63,FALSE,-0.0208835861684062,-17.8598141393715
"main_oos","Main OOS 2018--2023","NIKKEI",2018-04-06,64,FALSE,-0.0981619007303918,-17.9579760401019
"main_oos","Main OOS 2018--2023","NIKKEI",2018-04-09,65,FALSE,-0.0739523836961415,-18.0319284237981
"main_oos","Main OOS 2018--2023","NIKKEI",2018-04-10,66,FALSE,-0.0914212767791789,-18.1233497005773
"main_oos","Main OOS 2018--2023","NIKKEI",2018-04-11,67,FALSE,-0.107178256651117,-18.2305279572284
"main_oos","Main OOS 2018--2023","NIKKEI",2018-04-12,68,FALSE,-0.0489990287094444,-18.2795269859378
"main_oos","Main OOS 2018--2023","NIKKEI",2018-04-13,69,FALSE,-0.0283343691012004,-18.307861355039
"main_oos","Main OOS 2018--2023","NIKKEI",2018-04-16,70,FALSE,-0.0398540391314275,-18.3477153941704
"main_oos","Main OOS 2018--2023","NIKKEI",2018-04-17,71,FALSE,-0.0405966651216889,-18.3883120592921
"main_oos","Main OOS 2018--2023","NIKKEI",2018-04-18,72,FALSE,-0.0374891431900068,-18.4258012024821
"main_oos","Main OOS 2018--2023","NIKKEI",2018-04-19,73,FALSE,-0.13087658576284,-18.556677788245
"main_oos","Main OOS 2018--2023","NIKKEI",2018-04-20,74,FALSE,-0.124260114296826,-18.6809379025418
"main_oos","Main OOS 2018--2023","NIKKEI",2018-04-23,75,FALSE,-0.0970995973657456,-18.7780374999076
"main_oos","Main OOS 2018--2023","NIKKEI",2018-04-24,76,FALSE,-0.0270815160058493,-18.8051190159134
"main_oos","Main OOS 2018--2023","NIKKEI",2018-04-25,77,FALSE,-0.072674050013835,-18.8777930659272
"main_oos","Main OOS 2018--2023","NIKKEI",2018-04-26,78,FALSE,-0.0171899407071663,-18.8949830066344
"main_oos","Main OOS 2018--2023","NIKKEI",2018-04-27,79,FALSE,-0.0298686360734992,-18.9248516427079
"main_oos","Main OOS 2018--2023","NIKKEI",2018-05-01,80,FALSE,-0.0796241672818245,-19.0044758099897
"main_oos","Main OOS 2018--2023","NIKKEI",2018-05-02,81,FALSE,-0.0744039909364731,-19.0788798009262
"main_oos","Main OOS 2018--2023","NIKKEI",2018-05-07,82,FALSE,-0.0283778944340018,-19.1072576953602
"main_oos","Main OOS 2018--2023","NIKKEI",2018-05-08,83,FALSE,-0.00333947966990911,-19.1105971750301
"main_oos","Main OOS 2018--2023","NIKKEI",2018-05-09,84,FALSE,0.00424009252469304,-19.1063570825054
"main_oos","Main OOS 2018--2023","NIKKEI",2018-05-10,85,FALSE,0.0887028389900184,-19.0176542435154
"main_oos","Main OOS 2018--2023","NIKKEI",2018-05-11,86,FALSE,0.074018515645879,-18.9436357278695
"main_oos","Main OOS 2018--2023","NIKKEI",2018-05-14,87,FALSE,-0.0506217585059807,-18.9942574863755
"main_oos","Main OOS 2018--2023","NIKKEI",2018-05-15,88,FALSE,-0.0661314534384692,-19.060388939814
"main_oos","Main OOS 2018--2023","NIKKEI",2018-05-16,89,FALSE,-0.0168567519764329,-19.0772456917904
"main_oos","Main OOS 2018--2023","NIKKEI",2018-05-17,90,FALSE,0.0574026021624994,-19.0198430896279
"main_oos","Main OOS 2018--2023","NIKKEI",2018-05-18,91,FALSE,0.0302022421178147,-18.9896408475101
"main_oos","Main OOS 2018--2023","NIKKEI",2018-05-21,92,FALSE,0.0233806171325623,-18.9662602303775
"main_oos","Main OOS 2018--2023","NIKKEI",2018-05-22,93,FALSE,0.0139983810108593,-18.9522618493667
"main_oos","Main OOS 2018--2023","NIKKEI",2018-05-23,94,FALSE,0.0625259435742462,-18.8897359057924
"main_oos","Main OOS 2018--2023","NIKKEI",2018-05-24,95,FALSE,0.181420627562389,-18.70831527823
"main_oos","Main OOS 2018--2023","NIKKEI",2018-05-25,96,FALSE,0.240790345639484,-18.4675249325905
"main_oos","Main OOS 2018--2023","NIKKEI",2018-05-28,97,FALSE,0.214369379036915,-18.2531555535536
"main_oos","Main OOS 2018--2023","NIKKEI",2018-05-29,98,FALSE,0.195712265021878,-18.0574432885317
"main_oos","Main OOS 2018--2023","NIKKEI",2018-05-30,99,FALSE,0.235832782768082,-17.8216105057637
"main_oos","Main OOS 2018--2023","NIKKEI",2018-05-31,100,FALSE,0.286436453999319,-17.5351740517643
"main_oos","Main OOS 2018--2023","NIKKEI",2018-06-01,101,FALSE,0.207853408183176,-17.3273206435812
"main_oos","Main OOS 2018--2023","NIKKEI",2018-06-04,102,FALSE,0.205216368254621,-17.1221042753265
"main_oos","Main OOS 2018--2023","NIKKEI",2018-06-05,103,FALSE,0.0781857236553254,-17.0439185516712
"main_oos","Main OOS 2018--2023","NIKKEI",2018-06-06,104,FALSE,0.0607724227440376,-16.9831461289272
"main_oos","Main OOS 2018--2023","NIKKEI",2018-06-07,105,FALSE,0.0329159144104394,-16.9502302145167
"main_oos","Main OOS 2018--2023","NIKKEI",2018-06-08,106,FALSE,-0.0260774818490144,-16.9763076963658
"main_oos","Main OOS 2018--2023","NIKKEI",2018-06-11,107,FALSE,0.0454472722449806,-16.9308604241208
"main_oos","Main OOS 2018--2023","NIKKEI",2018-06-12,108,FALSE,0.0183740354251263,-16.9124863886957
"main_oos","Main OOS 2018--2023","NIKKEI",2018-06-13,109,FALSE,-0.00152645649588234,-16.9140128451915
"main_oos","Main OOS 2018--2023","NIKKEI",2018-06-14,110,FALSE,-0.00993803463542897,-16.923950879827
"main_oos","Main OOS 2018--2023","NIKKEI",2018-06-15,111,FALSE,0.102876976856816,-16.8210739029701
"main_oos","Main OOS 2018--2023","NIKKEI",2018-06-18,112,FALSE,0.0711451676560011,-16.7499287353141
"main_oos","Main OOS 2018--2023","NIKKEI",2018-06-19,113,FALSE,-1.57251117625821,-18.3224399115723
"main_oos","Main OOS 2018--2023","NIKKEI",2018-06-20,114,FALSE,0.233475558191288,-18.0889643533811
"main_oos","Main OOS 2018--2023","NIKKEI",2018-06-21,115,FALSE,0.128534561648248,-17.9604297917328
"main_oos","Main OOS 2018--2023","NIKKEI",2018-06-22,116,FALSE,0.0907096340900995,-17.8697201576427
"main_oos","Main OOS 2018--2023","NIKKEI",2018-06-25,117,FALSE,0.145235175949973,-17.7244849816927
"main_oos","Main OOS 2018--2023","NIKKEI",2018-06-26,118,FALSE,0.179412837973424,-17.5450721437193
"main_oos","Main OOS 2018--2023","NIKKEI",2018-06-27,119,FALSE,0.147040627620157,-17.3980315160992
"main_oos","Main OOS 2018--2023","NIKKEI",2018-06-28,120,FALSE,0.166409200950382,-17.2316223151488
"main_oos","Main OOS 2018--2023","NIKKEI",2018-06-29,121,FALSE,0.151293782998176,-17.0803285321506
"main_oos","Main OOS 2018--2023","NIKKEI",2018-07-02,122,FALSE,-5.40724319605406,-22.4875717282047
"main_oos","Main OOS 2018--2023","NIKKEI",2018-07-03,123,FALSE,0.261622735463804,-22.2259489927409
"main_oos","Main OOS 2018--2023","NIKKEI",2018-07-04,124,FALSE,0.233749098333862,-21.992199894407
"main_oos","Main OOS 2018--2023","NIKKEI",2018-07-05,125,FALSE,0.234736718255371,-21.7574631761516
"main_oos","Main OOS 2018--2023","NIKKEI",2018-07-06,126,FALSE,0.261080296167988,-21.4963828799836
"main_oos","Main OOS 2018--2023","NIKKEI",2018-07-09,127,FALSE,0.164084022604809,-21.3322988573788
"main_oos","Main OOS 2018--2023","NIKKEI",2018-07-10,128,FALSE,0.0751240237441115,-21.2571748336347
"main_oos","Main OOS 2018--2023","NIKKEI",2018-07-11,129,FALSE,0.038426172995099,-21.2187486606396
"main_oos","Main OOS 2018--2023","NIKKEI",2018-07-12,130,FALSE,0.124531103154876,-21.0942175574847
"main_oos","Main OOS 2018--2023","NIKKEI",2018-07-13,131,FALSE,0.0413915163752585,-21.0528260411095
"main_oos","Main OOS 2018--2023","NIKKEI",2018-07-16,132,FALSE,-0.0732237106666058,-21.1260497517761
"main_oos","Main OOS 2018--2023","NIKKEI",2018-07-17,133,FALSE,-0.0920722722579272,-21.218122024034
"main_oos","Main OOS 2018--2023","NIKKEI",2018-07-18,134,FALSE,-0.113217722285393,-21.3313397463194
"main_oos","Main OOS 2018--2023","NIKKEI",2018-07-19,135,FALSE,-0.133753818302844,-21.4650935646223
"main_oos","Main OOS 2018--2023","NIKKEI",2018-07-20,136,FALSE,-0.108453882001638,-21.5735474466239
"main_oos","Main OOS 2018--2023","NIKKEI",2018-07-23,137,FALSE,-0.0611610410402643,-21.6347084876642
"main_oos","Main OOS 2018--2023","NIKKEI",2018-07-24,138,FALSE,0.0706090141530631,-21.5640994735111
"main_oos","Main OOS 2018--2023","NIKKEI",2018-07-25,139,FALSE,0.0403798873078642,-21.5237195862032
"main_oos","Main OOS 2018--2023","NIKKEI",2018-07-26,140,FALSE,0.0227255154171628,-21.5009940707861
"main_oos","Main OOS 2018--2023","NIKKEI",2018-07-27,141,FALSE,0.0377632747434498,-21.4632307960426
"main_oos","Main OOS 2018--2023","NIKKEI",2018-07-30,142,FALSE,0.00918134242533175,-21.4540494536173
"main_oos","Main OOS 2018--2023","NIKKEI",2018-07-31,143,FALSE,0.0954379673839842,-21.3586114862333
"main_oos","Main OOS 2018--2023","NIKKEI",2018-08-01,144,FALSE,0.0798138299131876,-21.2787976563201
"main_oos","Main OOS 2018--2023","NIKKEI",2018-08-02,145,FALSE,0.0201574429243041,-21.2586402133958
"main_oos","Main OOS 2018--2023","NIKKEI",2018-08-03,146,FALSE,0.126537861492426,-21.1321023519034
"main_oos","Main OOS 2018--2023","NIKKEI",2018-08-06,147,FALSE,0.104276987961741,-21.0278253639416
"main_oos","Main OOS 2018--2023","NIKKEI",2018-08-07,148,FALSE,0.104695727658619,-20.923129636283
"main_oos","Main OOS 2018--2023","NIKKEI",2018-08-08,149,FALSE,0.0604763861488724,-20.8626532501341
"main_oos","Main OOS 2018--2023","NIKKEI",2018-08-09,150,FALSE,0.0676619926642039,-20.7949912574699
"main_oos","Main OOS 2018--2023","NIKKEI",2018-08-10,151,FALSE,0.0994404984125552,-20.6955507590574
"main_oos","Main OOS 2018--2023","NIKKEI",2018-08-13,152,FALSE,-3.99924798185161,-24.694798740909
"main_oos","Main OOS 2018--2023","NIKKEI",2018-08-14,153,FALSE,0.279037072289549,-24.4157616686194
"main_oos","Main OOS 2018--2023","NIKKEI",2018-08-15,154,FALSE,0.0851797313998608,-24.3305819372196
"main_oos","Main OOS 2018--2023","NIKKEI",2018-08-16,155,FALSE,0.124024087230385,-24.2065578499892
"main_oos","Main OOS 2018--2023","NIKKEI",2018-08-17,156,FALSE,0.0921549636744723,-24.1144028863147
"main_oos","Main OOS 2018--2023","NIKKEI",2018-08-20,157,FALSE,0.0569859240921478,-24.0574169622226
"main_oos","Main OOS 2018--2023","NIKKEI",2018-08-21,158,FALSE,0.074127087920524,-23.983289874302
"main_oos","Main OOS 2018--2023","NIKKEI",2018-08-22,159,FALSE,0.0580945758989335,-23.9251952984031
"main_oos","Main OOS 2018--2023","NIKKEI",2018-08-23,160,FALSE,0.0241057090358245,-23.9010895893673
"main_oos","Main OOS 2018--2023","NIKKEI",2018-08-24,161,FALSE,0.0114451130581981,-23.8896444763091
"main_oos","Main OOS 2018--2023","NIKKEI",2018-08-27,162,FALSE,-0.0320731226589477,-23.921717598968
"main_oos","Main OOS 2018--2023","NIKKEI",2018-08-28,163,FALSE,-0.0755431361581591,-23.9972607351262
"main_oos","Main OOS 2018--2023","NIKKEI",2018-08-29,164,FALSE,-0.0873922171932298,-24.0846529523194
"main_oos","Main OOS 2018--2023","NIKKEI",2018-08-30,165,FALSE,-0.093339398843181,-24.1779923511626
"main_oos","Main OOS 2018--2023","NIKKEI",2018-08-31,166,FALSE,-0.0957280831929963,-24.2737204343556
"main_oos","Main OOS 2018--2023","NIKKEI",2018-09-03,167,FALSE,-0.0940789328672105,-24.3677993672228
"main_oos","Main OOS 2018--2023","NIKKEI",2018-09-04,168,FALSE,0.0340484738164801,-24.3337508934063
"main_oos","Main OOS 2018--2023","NIKKEI",2018-09-05,169,FALSE,0.0546970498743469,-24.279053843532
"main_oos","Main OOS 2018--2023","NIKKEI",2018-09-06,170,FALSE,0.123715990117002,-24.155337853415
"main_oos","Main OOS 2018--2023","NIKKEI",2018-09-07,171,FALSE,0.176629892013542,-23.9787079614014
"main_oos","Main OOS 2018--2023","NIKKEI",2018-09-10,172,FALSE,0.235355862904762,-23.7433520984967
"main_oos","Main OOS 2018--2023","NIKKEI",2018-09-11,173,FALSE,0.20629226318944,-23.5370598353072
"main_oos","Main OOS 2018--2023","NIKKEI",2018-09-12,174,FALSE,0.0635617424114054,-23.4734980928958
"main_oos","Main OOS 2018--2023","NIKKEI",2018-09-13,175,FALSE,0.0984046338554347,-23.3750934590404
"main_oos","Main OOS 2018--2023","NIKKEI",2018-09-14,176,FALSE,0.0248611358650019,-23.3502323231754
"main_oos","Main OOS 2018--2023","NIKKEI",2018-09-18,177,FALSE,-0.0540060752211051,-23.4042383983965
"main_oos","Main OOS 2018--2023","NIKKEI",2018-09-19,178,FALSE,-0.129213058352649,-23.5334514567491
"main_oos","Main OOS 2018--2023","NIKKEI",2018-09-20,179,FALSE,-0.170676502016776,-23.7041279587659
"main_oos","Main OOS 2018--2023","NIKKEI",2018-09-21,180,FALSE,-0.18427394546548,-23.8884019042314
"main_oos","Main OOS 2018--2023","NIKKEI",2018-09-25,181,FALSE,-0.210026036326695,-24.0984279405581
"main_oos","Main OOS 2018--2023","NIKKEI",2018-09-26,182,FALSE,-0.216781507996666,-24.3152094485548
"main_oos","Main OOS 2018--2023","NIKKEI",2018-09-27,183,FALSE,-0.22418577839472,-24.5393952269495
"main_oos","Main OOS 2018--2023","NIKKEI",2018-09-28,184,FALSE,-0.0291253998227687,-24.5685206267723
"main_oos","Main OOS 2018--2023","NIKKEI",2018-10-01,185,FALSE,-0.158038675499149,-24.7265593022714
"main_oos","Main OOS 2018--2023","NIKKEI",2018-10-02,186,FALSE,-0.171275491122345,-24.8978347933937
"main_oos","Main OOS 2018--2023","NIKKEI",2018-10-03,187,FALSE,-0.168483123731604,-25.0663179171254
"main_oos","Main OOS 2018--2023","NIKKEI",2018-10-04,188,FALSE,-0.056713774191848,-25.1230316913172
"main_oos","Main OOS 2018--2023","NIKKEI",2018-10-05,189,FALSE,0.0211391978457018,-25.1018924934715
"main_oos","Main OOS 2018--2023","NIKKEI",2018-10-09,190,FALSE,0.102903041155731,-24.9989894523158
"main_oos","Main OOS 2018--2023","NIKKEI",2018-10-10,191,FALSE,0.190453961269717,-24.808535491046
"main_oos","Main OOS 2018--2023","NIKKEI",2018-10-11,192,FALSE,-8.56941975045209,-33.3779552414981
"main_oos","Main OOS 2018--2023","NIKKEI",2018-10-12,193,FALSE,0.363002837868358,-33.0149524036298
"main_oos","Main OOS 2018--2023","NIKKEI",2018-10-15,194,FALSE,0.28848097312349,-32.7264714305063
"main_oos","Main OOS 2018--2023","NIKKEI",2018-10-16,195,FALSE,0.314236825309666,-32.4122346051966
"main_oos","Main OOS 2018--2023","NIKKEI",2018-10-17,196,FALSE,0.214156729033157,-32.1980778761635
"main_oos","Main OOS 2018--2023","NIKKEI",2018-10-18,197,FALSE,0.118289154120587,-32.0797887220429
"main_oos","Main OOS 2018--2023","NIKKEI",2018-10-19,198,FALSE,0.141446880606584,-31.9383418414363
"main_oos","Main OOS 2018--2023","NIKKEI",2018-10-22,199,FALSE,0.133791700243754,-31.8045501411925
"main_oos","Main OOS 2018--2023","NIKKEI",2018-10-23,200,FALSE,-2.50013215946093,-34.3046823006535
"main_oos","Main OOS 2018--2023","NIKKEI",2018-10-24,201,FALSE,0.213209750096572,-34.0914725505569
"main_oos","Main OOS 2018--2023","NIKKEI",2018-10-25,202,FALSE,-5.6830303842374,-39.7745029347943
"main_oos","Main OOS 2018--2023","NIKKEI",2018-10-26,203,FALSE,0.271303866064709,-39.5031990687296
"main_oos","Main OOS 2018--2023","NIKKEI",2018-10-29,204,FALSE,0.224658977065193,-39.2785400916644
"main_oos","Main OOS 2018--2023","NIKKEI",2018-10-30,205,FALSE,0.193836420484005,-39.0847036711804
"main_oos","Main OOS 2018--2023","NIKKEI",2018-10-31,206,FALSE,0.093468815195231,-38.9912348559852
"main_oos","Main OOS 2018--2023","NIKKEI",2018-11-01,207,FALSE,-0.0386872422735265,-39.0299220982587
"main_oos","Main OOS 2018--2023","NIKKEI",2018-11-02,208,FALSE,0.0253673819940272,-39.0045547162647
"main_oos","Main OOS 2018--2023","NIKKEI",2018-11-05,209,FALSE,-0.120588265517727,-39.1251429817824
"main_oos","Main OOS 2018--2023","NIKKEI",2018-11-06,210,FALSE,-0.00781026952243336,-39.1329532513048
"main_oos","Main OOS 2018--2023","NIKKEI",2018-11-07,211,FALSE,-0.0749897057848581,-39.2079429570897
"main_oos","Main OOS 2018--2023","NIKKEI",2018-11-08,212,FALSE,-0.0753367400245097,-39.2832796971142
"main_oos","Main OOS 2018--2023","NIKKEI",2018-11-09,213,FALSE,-0.161435505631581,-39.4447152027458
"main_oos","Main OOS 2018--2023","NIKKEI",2018-11-12,214,FALSE,-0.0655699177036704,-39.5102851204494
"main_oos","Main OOS 2018--2023","NIKKEI",2018-11-13,215,FALSE,-0.0979080404235457,-39.608193160873
"main_oos","Main OOS 2018--2023","NIKKEI",2018-11-14,216,FALSE,0.0601672869682948,-39.5480258739047
"main_oos","Main OOS 2018--2023","NIKKEI",2018-11-15,217,FALSE,0.0142271580624365,-39.5337987158422
"main_oos","Main OOS 2018--2023","NIKKEI",2018-11-16,218,FALSE,0.0136433136353689,-39.5201554022069
"main_oos","Main OOS 2018--2023","NIKKEI",2018-11-19,219,FALSE,0.0448214514975098,-39.4753339507094
"main_oos","Main OOS 2018--2023","NIKKEI",2018-11-20,220,FALSE,0.00384186048242197,-39.4714920902269
"main_oos","Main OOS 2018--2023","NIKKEI",2018-11-21,221,FALSE,0.0879629512542621,-39.3835291389727
"main_oos","Main OOS 2018--2023","NIKKEI",2018-11-22,222,FALSE,0.0940036331354293,-39.2895255058372
"main_oos","Main OOS 2018--2023","NIKKEI",2018-11-26,223,FALSE,0.0484018782727789,-39.2411236275645
"main_oos","Main OOS 2018--2023","NIKKEI",2018-11-27,224,FALSE,0.0113140846897746,-39.2298095428747
"main_oos","Main OOS 2018--2023","NIKKEI",2018-11-28,225,FALSE,-0.0295301039436726,-39.2593396468184
"main_oos","Main OOS 2018--2023","NIKKEI",2018-11-29,226,FALSE,-0.090301210089639,-39.349640856908
"main_oos","Main OOS 2018--2023","NIKKEI",2018-11-30,227,FALSE,-0.108641561221138,-39.4582824181291
"main_oos","Main OOS 2018--2023","NIKKEI",2018-12-03,228,FALSE,-0.105689583041087,-39.5639720011702
"main_oos","Main OOS 2018--2023","NIKKEI",2018-12-04,229,FALSE,5.98686986687004,-33.5771021343002
"main_oos","Main OOS 2018--2023","NIKKEI",2018-12-05,230,FALSE,0.110622688868249,-33.4664794454319
"main_oos","Main OOS 2018--2023","NIKKEI",2018-12-06,231,FALSE,0.126634131755938,-33.339845313676
"main_oos","Main OOS 2018--2023","NIKKEI",2018-12-07,232,FALSE,0.201765867523815,-33.1380794461522
"main_oos","Main OOS 2018--2023","NIKKEI",2018-12-10,233,FALSE,0.133135839659968,-33.0049436064922
"main_oos","Main OOS 2018--2023","NIKKEI",2018-12-11,234,FALSE,0.215683775483714,-32.7892598310085
"main_oos","Main OOS 2018--2023","NIKKEI",2018-12-12,235,FALSE,0.181801569062235,-32.6074582619463
"main_oos","Main OOS 2018--2023","NIKKEI",2018-12-13,236,FALSE,0.0335047645366173,-32.5739534974097
"main_oos","Main OOS 2018--2023","NIKKEI",2018-12-14,237,FALSE,-0.0251137059983075,-32.599067203408
"main_oos","Main OOS 2018--2023","NIKKEI",2018-12-17,238,FALSE,0.104898207732144,-32.4941689956758
"main_oos","Main OOS 2018--2023","NIKKEI",2018-12-18,239,FALSE,0.0486049213394333,-32.4455640743364
"main_oos","Main OOS 2018--2023","NIKKEI",2018-12-19,240,FALSE,0.140412783818696,-32.3051512905177
"main_oos","Main OOS 2018--2023","NIKKEI",2018-12-20,241,FALSE,0.142384182897231,-32.1627671076205
"main_oos","Main OOS 2018--2023","NIKKEI",2018-12-21,242,FALSE,0.223525772034659,-31.9392413355858
"main_oos","Main OOS 2018--2023","NIKKEI",2018-12-25,243,FALSE,-9.44325024834699,-41.3824915839328
"main_oos","Main OOS 2018--2023","NIKKEI",2018-12-26,244,FALSE,0.320975948547469,-41.0615156353853
"main_oos","Main OOS 2018--2023","NIKKEI",2018-12-27,245,FALSE,0.230339091127883,-40.8311765442574
"main_oos","Main OOS 2018--2023","NIKKEI",2018-12-28,246,FALSE,0.02593581197877,-40.8052407322787
"main_oos","Main OOS 2018--2023","NIKKEI",2019-01-04,247,FALSE,0.00246298900030384,-40.8027777432784
"main_oos","Main OOS 2018--2023","NIKKEI",2019-01-07,248,FALSE,0.0758662681339621,-40.7269114751444
"main_oos","Main OOS 2018--2023","NIKKEI",2019-01-08,249,FALSE,-0.0441430544385644,-40.771054529583
"main_oos","Main OOS 2018--2023","NIKKEI",2019-01-09,250,FALSE,-0.0924681773193492,-40.8635227069023
"main_oos","Main OOS 2018--2023","NIKKEI",2019-01-10,251,FALSE,-0.141268951941921,-41.0047916588442
"main_oos","Main OOS 2018--2023","NIKKEI",2019-01-11,252,FALSE,-0.0671106258609129,-41.0719022847051
"main_oos","Main OOS 2018--2023","NIKKEI",2019-01-15,253,FALSE,-0.110519787708236,-41.1824220724134
"main_oos","Main OOS 2018--2023","NIKKEI",2019-01-16,254,FALSE,-0.146640384626508,-41.3290624570399
"main_oos","Main OOS 2018--2023","NIKKEI",2019-01-17,255,FALSE,-0.108817530292521,-41.4378799873324
"main_oos","Main OOS 2018--2023","NIKKEI",2019-01-18,256,FALSE,-0.0963208060136638,-41.5342007933461
"main_oos","Main OOS 2018--2023","NIKKEI",2019-01-21,257,FALSE,-0.156801295720003,-41.6910020890661
"main_oos","Main OOS 2018--2023","NIKKEI",2019-01-22,258,FALSE,-0.169867566322221,-41.8608696553883
"main_oos","Main OOS 2018--2023","NIKKEI",2019-01-23,259,FALSE,-0.111921784151612,-41.9727914395399
"main_oos","Main OOS 2018--2023","NIKKEI",2019-01-24,260,FALSE,-0.0846291632197838,-42.0574206027597
"main_oos","Main OOS 2018--2023","NIKKEI",2019-01-25,261,FALSE,-0.0617084277794857,-42.1191290305392
"main_oos","Main OOS 2018--2023","NIKKEI",2019-01-28,262,FALSE,-0.110612439771937,-42.2297414703111
"main_oos","Main OOS 2018--2023","NIKKEI",2019-01-29,263,FALSE,-0.0307465071261042,-42.2604879774372
"main_oos","Main OOS 2018--2023","NIKKEI",2019-01-30,264,FALSE,-0.0377381742290961,-42.2982261516663
"main_oos","Main OOS 2018--2023","NIKKEI",2019-01-31,265,FALSE,0.028297476801062,-42.2699286748652
"main_oos","Main OOS 2018--2023","NIKKEI",2019-02-01,266,FALSE,-0.0261478054372979,-42.2960764803025
"main_oos","Main OOS 2018--2023","NIKKEI",2019-02-04,267,FALSE,-0.0281119777685435,-42.3241884580711
"main_oos","Main OOS 2018--2023","NIKKEI",2019-02-05,268,FALSE,-0.0441971930006655,-42.3683856510717
"main_oos","Main OOS 2018--2023","NIKKEI",2019-02-06,269,FALSE,-0.00784494409147762,-42.3762305951632
"main_oos","Main OOS 2018--2023","NIKKEI",2019-02-07,270,FALSE,0.000111152709391771,-42.3761194424538
"main_oos","Main OOS 2018--2023","NIKKEI",2019-02-08,271,FALSE,-3.24013949530779,-45.6162589377616
"main_oos","Main OOS 2018--2023","NIKKEI",2019-02-12,272,FALSE,0.213910083477345,-45.4023488542843
"main_oos","Main OOS 2018--2023","NIKKEI",2019-02-13,273,FALSE,-0.0324880037881845,-45.4348368580725
"main_oos","Main OOS 2018--2023","NIKKEI",2019-02-14,274,FALSE,-0.106348871220264,-45.5411857292927
"main_oos","Main OOS 2018--2023","NIKKEI",2019-02-15,275,FALSE,-0.121508488207255,-45.6626942175
"main_oos","Main OOS 2018--2023","NIKKEI",2019-02-18,276,FALSE,-0.00220650467409533,-45.6649007221741
"main_oos","Main OOS 2018--2023","NIKKEI",2019-02-19,277,FALSE,-0.12341839312694,-45.788319115301
"main_oos","Main OOS 2018--2023","NIKKEI",2019-02-20,278,FALSE,-0.138867294835003,-45.927186410136
"main_oos","Main OOS 2018--2023","NIKKEI",2019-02-21,279,FALSE,-0.169727518594285,-46.0969139287303
"main_oos","Main OOS 2018--2023","NIKKEI",2019-02-22,280,FALSE,-0.18164579164732,-46.2785597203776
"main_oos","Main OOS 2018--2023","NIKKEI",2019-02-25,281,FALSE,-0.145777496683557,-46.4243372170612
"main_oos","Main OOS 2018--2023","NIKKEI",2019-02-26,282,FALSE,-0.151536737970519,-46.5758739550317
"main_oos","Main OOS 2018--2023","NIKKEI",2019-02-27,283,FALSE,-0.0755930623129175,-46.6514670173446
"main_oos","Main OOS 2018--2023","NIKKEI",2019-02-28,284,FALSE,-0.0908664612414236,-46.742333478586
"main_oos","Main OOS 2018--2023","NIKKEI",2019-03-01,285,FALSE,0.0340409064268115,-46.7082925721592
"main_oos","Main OOS 2018--2023","NIKKEI",2019-03-04,286,FALSE,-0.0444858755719084,-46.7527784477311
"main_oos","Main OOS 2018--2023","NIKKEI",2019-03-05,287,FALSE,-0.105524581222824,-46.858303028954
"main_oos","Main OOS 2018--2023","NIKKEI",2019-03-06,288,FALSE,-0.0336846613575812,-46.8919876903115
"main_oos","Main OOS 2018--2023","NIKKEI",2019-03-07,289,FALSE,0.0424017216034609,-46.8495859687081
"main_oos","Main OOS 2018--2023","NIKKEI",2019-03-08,290,FALSE,-2.30348035366697,-49.153066322375
"main_oos","Main OOS 2018--2023","NIKKEI",2019-03-11,291,FALSE,0.214560294749597,-48.9385060276254
"main_oos","Main OOS 2018--2023","NIKKEI",2019-03-12,292,FALSE,0.158992732379165,-48.7795132952463
"main_oos","Main OOS 2018--2023","NIKKEI",2019-03-13,293,FALSE,0.00433554761711008,-48.7751777476292
"main_oos","Main OOS 2018--2023","NIKKEI",2019-03-14,294,FALSE,0.0835023192162951,-48.6916754284129
"main_oos","Main OOS 2018--2023","NIKKEI",2019-03-15,295,FALSE,0.0571354023714632,-48.6345400260414
"main_oos","Main OOS 2018--2023","NIKKEI",2019-03-18,296,FALSE,0.00662824689409591,-48.6279117791473
"main_oos","Main OOS 2018--2023","NIKKEI",2019-03-19,297,FALSE,-0.0346965872964533,-48.6626083664438
"main_oos","Main OOS 2018--2023","NIKKEI",2019-03-20,298,FALSE,-0.0249651827631807,-48.6875735492069
"main_oos","Main OOS 2018--2023","NIKKEI",2019-03-22,299,FALSE,-0.0323806838455374,-48.7199542330525
"main_oos","Main OOS 2018--2023","NIKKEI",2019-03-25,300,FALSE,1.53009268769381,-47.1898615453587
"main_oos","Main OOS 2018--2023","NIKKEI",2019-03-26,301,FALSE,0.213449825705203,-46.9764117196535
"main_oos","Main OOS 2018--2023","NIKKEI",2019-03-27,302,FALSE,0.0340204640279693,-46.9423912556255
"main_oos","Main OOS 2018--2023","NIKKEI",2019-03-28,303,FALSE,0.0396185024001197,-46.9027727532254
"main_oos","Main OOS 2018--2023","NIKKEI",2019-03-29,304,FALSE,0.12493653437524,-46.7778362188502
"main_oos","Main OOS 2018--2023","NIKKEI",2019-04-01,305,FALSE,0.068856860883105,-46.708979357967
"main_oos","Main OOS 2018--2023","NIKKEI",2019-04-02,306,FALSE,-0.0276298447668832,-46.7366092027339
"main_oos","Main OOS 2018--2023","NIKKEI",2019-04-03,307,FALSE,-0.0462105267922144,-46.7828197295262
"main_oos","Main OOS 2018--2023","NIKKEI",2019-04-04,308,FALSE,-0.103003021978514,-46.8858227515047
"main_oos","Main OOS 2018--2023","NIKKEI",2019-04-05,309,FALSE,-0.115381532101394,-47.0012042836061
"main_oos","Main OOS 2018--2023","NIKKEI",2019-04-08,310,FALSE,-0.132368695228928,-47.133572978835
"main_oos","Main OOS 2018--2023","NIKKEI",2019-04-09,311,FALSE,-0.0966138178531644,-47.2301867966882
"main_oos","Main OOS 2018--2023","NIKKEI",2019-04-10,312,FALSE,-0.0968449830032407,-47.3270317796914
"main_oos","Main OOS 2018--2023","NIKKEI",2019-04-11,313,FALSE,-0.00920810170129638,-47.3362398813927
"main_oos","Main OOS 2018--2023","NIKKEI",2019-04-12,314,FALSE,0.00101756114928486,-47.3352223202434
"main_oos","Main OOS 2018--2023","NIKKEI",2019-04-15,315,FALSE,-0.0467832741357039,-47.3820055943791
"main_oos","Main OOS 2018--2023","NIKKEI",2019-04-16,316,FALSE,-0.160187112785005,-47.5421927071641
"main_oos","Main OOS 2018--2023","NIKKEI",2019-04-17,317,FALSE,-0.157057444847653,-47.6992501520118
"main_oos","Main OOS 2018--2023","NIKKEI",2019-04-18,318,FALSE,-0.161608791176551,-47.8608589431883
"main_oos","Main OOS 2018--2023","NIKKEI",2019-04-19,319,FALSE,-0.0119332012845528,-47.8727921444729
"main_oos","Main OOS 2018--2023","NIKKEI",2019-04-22,320,FALSE,-0.0381978502542624,-47.9109899947272
"main_oos","Main OOS 2018--2023","NIKKEI",2019-04-23,321,FALSE,-0.035212059971736,-47.9462020546989
"main_oos","Main OOS 2018--2023","NIKKEI",2019-04-24,322,FALSE,-0.0309030759764815,-47.9771051306754
"main_oos","Main OOS 2018--2023","NIKKEI",2019-04-25,323,FALSE,0.0361625368200342,-47.9409425938553
"main_oos","Main OOS 2018--2023","NIKKEI",2019-04-26,324,FALSE,0.00380406212881179,-47.9371385317265
"main_oos","Main OOS 2018--2023","NIKKEI",2019-05-07,325,FALSE,-2.67677622448862,-50.6139147562151
"main_oos","Main OOS 2018--2023","NIKKEI",2019-05-08,326,FALSE,0.227805757719057,-50.3861089984961
"main_oos","Main OOS 2018--2023","NIKKEI",2019-05-09,327,FALSE,0.286912010162968,-50.0991969883331
"main_oos","Main OOS 2018--2023","NIKKEI",2019-05-10,328,FALSE,0.298549507080827,-49.8006474812523
"main_oos","Main OOS 2018--2023","NIKKEI",2019-05-13,329,FALSE,0.269253692429521,-49.5313937888228
"main_oos","Main OOS 2018--2023","NIKKEI",2019-05-14,330,FALSE,0.289121267173644,-49.2422725216491
"main_oos","Main OOS 2018--2023","NIKKEI",2019-05-15,331,FALSE,0.291757756916489,-48.9505147647326
"main_oos","Main OOS 2018--2023","NIKKEI",2019-05-16,332,FALSE,0.22535347073436,-48.7251612939983
"main_oos","Main OOS 2018--2023","NIKKEI",2019-05-17,333,FALSE,0.256617367339083,-48.4685439266592
"main_oos","Main OOS 2018--2023","NIKKEI",2019-05-20,334,FALSE,0.163145641644492,-48.3053982850147
"main_oos","Main OOS 2018--2023","NIKKEI",2019-05-21,335,FALSE,0.128721997039033,-48.1766762879757
"main_oos","Main OOS 2018--2023","NIKKEI",2019-05-22,336,FALSE,0.126706310291606,-48.0499699776841
"main_oos","Main OOS 2018--2023","NIKKEI",2019-05-23,337,FALSE,0.104763824576732,-47.9452061531073
"main_oos","Main OOS 2018--2023","NIKKEI",2019-05-24,338,FALSE,0.170532410742774,-47.7746737423646
"main_oos","Main OOS 2018--2023","NIKKEI",2019-05-27,339,FALSE,0.179698447775015,-47.5949752945896
"main_oos","Main OOS 2018--2023","NIKKEI",2019-05-28,340,FALSE,0.156659298700464,-47.4383159958891
"main_oos","Main OOS 2018--2023","NIKKEI",2019-05-29,341,FALSE,0.13687235974696,-47.3014436361421
"main_oos","Main OOS 2018--2023","NIKKEI",2019-05-30,342,FALSE,0.23887275697348,-47.0625708791687
"main_oos","Main OOS 2018--2023","NIKKEI",2019-05-31,343,FALSE,0.249908343966194,-46.8126625352025
"main_oos","Main OOS 2018--2023","NIKKEI",2019-06-03,344,FALSE,0.302506213196326,-46.5101563220061
"main_oos","Main OOS 2018--2023","NIKKEI",2019-06-04,345,FALSE,0.314513015771972,-46.1956433062342
"main_oos","Main OOS 2018--2023","NIKKEI",2019-06-05,346,FALSE,0.281606679014455,-45.9140366272197
"main_oos","Main OOS 2018--2023","NIKKEI",2019-06-06,347,FALSE,0.117018756878179,-45.7970178703415
"main_oos","Main OOS 2018--2023","NIKKEI",2019-06-07,348,FALSE,0.0874454911456433,-45.7095723791959
"main_oos","Main OOS 2018--2023","NIKKEI",2019-06-10,349,FALSE,0.0424777522801632,-45.6670946269157
"main_oos","Main OOS 2018--2023","NIKKEI",2019-06-11,350,FALSE,-0.0334873011961554,-45.7005819281119
"main_oos","Main OOS 2018--2023","NIKKEI",2019-06-12,351,FALSE,-0.0620189984362822,-45.7626009265482
"main_oos","Main OOS 2018--2023","NIKKEI",2019-06-13,352,FALSE,-0.0213502364309179,-45.7839511629791
"main_oos","Main OOS 2018--2023","NIKKEI",2019-06-14,353,FALSE,0.0317461348969366,-45.7522050280821
"main_oos","Main OOS 2018--2023","NIKKEI",2019-06-17,354,FALSE,0.00378014692582229,-45.7484248811563
"main_oos","Main OOS 2018--2023","NIKKEI",2019-06-18,355,FALSE,-0.00806009012877063,-45.7564849712851
"main_oos","Main OOS 2018--2023","NIKKEI",2019-06-19,356,FALSE,0.0776465415798266,-45.6788384297053
"main_oos","Main OOS 2018--2023","NIKKEI",2019-06-20,357,FALSE,-0.0666057335837786,-45.745444163289
"main_oos","Main OOS 2018--2023","NIKKEI",2019-06-21,358,FALSE,-0.0893246028784214,-45.8347687661675
"main_oos","Main OOS 2018--2023","NIKKEI",2019-06-24,359,FALSE,0.0350797454999958,-45.7996890206675
"main_oos","Main OOS 2018--2023","NIKKEI",2019-06-25,360,FALSE,0.00982247165192507,-45.7898665490155
"main_oos","Main OOS 2018--2023","NIKKEI",2019-06-26,361,FALSE,0.0554773121330996,-45.7343892368824
"main_oos","Main OOS 2018--2023","NIKKEI",2019-06-27,362,FALSE,0.105256420871233,-45.6291328160112
"main_oos","Main OOS 2018--2023","NIKKEI",2019-06-28,363,FALSE,0.00794800532705597,-45.6211848106842
"main_oos","Main OOS 2018--2023","NIKKEI",2019-07-01,364,FALSE,0.0265628813367773,-45.5946219293474
"main_oos","Main OOS 2018--2023","NIKKEI",2019-07-02,365,FALSE,-0.121486674943925,-45.7161086042913
"main_oos","Main OOS 2018--2023","NIKKEI",2019-07-03,366,FALSE,-0.142712394185942,-45.8588209984772
"main_oos","Main OOS 2018--2023","NIKKEI",2019-07-04,367,FALSE,-0.075666580133992,-45.9344875786112
"main_oos","Main OOS 2018--2023","NIKKEI",2019-07-05,368,FALSE,-0.0951830465360857,-46.0296706251473
"main_oos","Main OOS 2018--2023","NIKKEI",2019-07-08,369,FALSE,-0.110810933182151,-46.1404815583295
"main_oos","Main OOS 2018--2023","NIKKEI",2019-07-09,370,FALSE,0.020271556501412,-46.1202100018281
"main_oos","Main OOS 2018--2023","NIKKEI",2019-07-10,371,FALSE,0.00349752806366466,-46.1167124737644
"main_oos","Main OOS 2018--2023","NIKKEI",2019-07-11,372,FALSE,0.0248214495606751,-46.0918910242037
"main_oos","Main OOS 2018--2023","NIKKEI",2019-07-12,373,FALSE,0.00130326111634282,-46.0905877630874
"main_oos","Main OOS 2018--2023","NIKKEI",2019-07-16,374,FALSE,-0.00802680810536982,-46.0986145711927
"main_oos","Main OOS 2018--2023","NIKKEI",2019-07-17,375,FALSE,0.0845803215540792,-46.0140342496387
"main_oos","Main OOS 2018--2023","NIKKEI",2019-07-18,376,FALSE,-4.39104610651542,-50.4050803561541
"main_oos","Main OOS 2018--2023","NIKKEI",2019-07-19,377,FALSE,0.249837012163067,-50.155243343991
"main_oos","Main OOS 2018--2023","NIKKEI",2019-07-22,378,FALSE,0.067005857450358,-50.0882374865407
"main_oos","Main OOS 2018--2023","NIKKEI",2019-07-23,379,FALSE,0.0796754939284439,-50.0085619926122
"main_oos","Main OOS 2018--2023","NIKKEI",2019-07-24,380,FALSE,0.0152550060908752,-49.9933069865213
"main_oos","Main OOS 2018--2023","NIKKEI",2019-07-25,381,FALSE,-0.0174559331331805,-50.0107629196545
"main_oos","Main OOS 2018--2023","NIKKEI",2019-07-26,382,FALSE,-0.0389583455110112,-50.0497212651655
"main_oos","Main OOS 2018--2023","NIKKEI",2019-07-29,383,FALSE,0.0123949295059529,-50.0373263356596
"main_oos","Main OOS 2018--2023","NIKKEI",2019-07-30,384,FALSE,0.0267721815841337,-50.0105541540754
"main_oos","Main OOS 2018--2023","NIKKEI",2019-07-31,385,FALSE,0.00426949363007689,-50.0062846604454
"main_oos","Main OOS 2018--2023","NIKKEI",2019-08-01,386,FALSE,0.0994237499259467,-49.9068609105194
"main_oos","Main OOS 2018--2023","NIKKEI",2019-08-02,387,FALSE,-2.67839467696363,-52.5852555874831
"main_oos","Main OOS 2018--2023","NIKKEI",2019-08-05,388,FALSE,0.230006893991956,-52.3552486934911
"main_oos","Main OOS 2018--2023","NIKKEI",2019-08-06,389,FALSE,0.277837573785546,-52.0774111197056
"main_oos","Main OOS 2018--2023","NIKKEI",2019-08-07,390,FALSE,0.271693001136244,-51.8057181185693
"main_oos","Main OOS 2018--2023","NIKKEI",2019-08-08,391,FALSE,0.245459001097929,-51.5602591174714
"main_oos","Main OOS 2018--2023","NIKKEI",2019-08-09,392,FALSE,0.202089576705637,-51.3581695407657
"main_oos","Main OOS 2018--2023","NIKKEI",2019-08-13,393,FALSE,0.157371286930656,-51.2007982538351
"main_oos","Main OOS 2018--2023","NIKKEI",2019-08-14,394,FALSE,0.208147772981867,-50.9926504808532
"main_oos","Main OOS 2018--2023","NIKKEI",2019-08-15,395,FALSE,0.124542505922518,-50.8681079749307
"main_oos","Main OOS 2018--2023","NIKKEI",2019-08-16,396,FALSE,0.191212308384096,-50.6768956665466
"main_oos","Main OOS 2018--2023","NIKKEI",2019-08-19,397,FALSE,0.149795053600989,-50.5271006129456
"main_oos","Main OOS 2018--2023","NIKKEI",2019-08-20,398,FALSE,0.0989983174118243,-50.4281022955338
"main_oos","Main OOS 2018--2023","NIKKEI",2019-08-21,399,FALSE,0.0561361353298042,-50.371966160204
"main_oos","Main OOS 2018--2023","NIKKEI",2019-08-22,400,FALSE,0.078659469716184,-50.2933066904878
"main_oos","Main OOS 2018--2023","NIKKEI",2019-08-23,401,FALSE,0.0615735135778961,-50.2317331769099
"main_oos","Main OOS 2018--2023","NIKKEI",2019-08-26,402,FALSE,-1.30862262441905,-51.540355801329
"main_oos","Main OOS 2018--2023","NIKKEI",2019-08-27,403,FALSE,0.214972920522623,-51.3253828808063
"main_oos","Main OOS 2018--2023","NIKKEI",2019-08-28,404,FALSE,0.138411833515138,-51.1869710472912
"main_oos","Main OOS 2018--2023","NIKKEI",2019-08-29,405,FALSE,0.113190981232773,-51.0737800660584
"main_oos","Main OOS 2018--2023","NIKKEI",2019-08-30,406,FALSE,0.105351159964068,-50.9684289060944
"main_oos","Main OOS 2018--2023","NIKKEI",2019-09-02,407,FALSE,0.00873764534541088,-50.9596912607489
"main_oos","Main OOS 2018--2023","NIKKEI",2019-09-03,408,FALSE,0.0545875647051282,-50.9051036960438
"main_oos","Main OOS 2018--2023","NIKKEI",2019-09-04,409,FALSE,0.0291595530798032,-50.875944142964
"main_oos","Main OOS 2018--2023","NIKKEI",2019-09-05,410,FALSE,0.0132784337131877,-50.8626657092508
"main_oos","Main OOS 2018--2023","NIKKEI",2019-09-06,411,FALSE,-0.126165192673287,-50.9888309019241
"main_oos","Main OOS 2018--2023","NIKKEI",2019-09-09,412,FALSE,-0.149739687682358,-51.1385705896065
"main_oos","Main OOS 2018--2023","NIKKEI",2019-09-10,413,FALSE,-0.178107412009785,-51.3166780016162
"main_oos","Main OOS 2018--2023","NIKKEI",2019-09-11,414,FALSE,-0.192063398441997,-51.5087414000582
"main_oos","Main OOS 2018--2023","NIKKEI",2019-09-12,415,FALSE,-0.218802233008657,-51.7275436330669
"main_oos","Main OOS 2018--2023","NIKKEI",2019-09-13,416,FALSE,-0.238195892155006,-51.9657395252219
"main_oos","Main OOS 2018--2023","NIKKEI",2019-09-17,417,FALSE,-0.25816256224602,-52.2239020874679
"main_oos","Main OOS 2018--2023","NIKKEI",2019-09-18,418,FALSE,-0.266487537912521,-52.4903896253804
"main_oos","Main OOS 2018--2023","NIKKEI",2019-09-19,419,FALSE,-0.219308048523533,-52.709697673904
"main_oos","Main OOS 2018--2023","NIKKEI",2019-09-20,420,FALSE,-0.229905015094861,-52.9396026889988
"main_oos","Main OOS 2018--2023","NIKKEI",2019-09-24,421,FALSE,-0.230535490751663,-53.1701381797505
"main_oos","Main OOS 2018--2023","NIKKEI",2019-09-25,422,FALSE,-0.230527463693239,-53.4006656434437
"main_oos","Main OOS 2018--2023","NIKKEI",2019-09-26,423,FALSE,-0.125082244317359,-53.5257478877611
"main_oos","Main OOS 2018--2023","NIKKEI",2019-09-27,424,FALSE,-0.127382390453997,-53.6531302782151
"main_oos","Main OOS 2018--2023","NIKKEI",2019-09-30,425,FALSE,0.0249523308196671,-53.6281779473954
"main_oos","Main OOS 2018--2023","NIKKEI",2019-10-01,426,FALSE,0.135892999011449,-53.492284948384
"main_oos","Main OOS 2018--2023","NIKKEI",2019-10-02,427,FALSE,0.0849005277114807,-53.4073844206725
"main_oos","Main OOS 2018--2023","NIKKEI",2019-10-03,428,FALSE,-6.03183837449953,-59.439222795172
"main_oos","Main OOS 2018--2023","NIKKEI",2019-10-04,429,FALSE,0.316036508747096,-59.1231862864249
"main_oos","Main OOS 2018--2023","NIKKEI",2019-10-07,430,FALSE,0.263188044314064,-58.8599982421109
"main_oos","Main OOS 2018--2023","NIKKEI",2019-10-08,431,FALSE,0.252199560086092,-58.6077986820248
"main_oos","Main OOS 2018--2023","NIKKEI",2019-10-09,432,FALSE,0.153070105763986,-58.4547285762608
"main_oos","Main OOS 2018--2023","NIKKEI",2019-10-10,433,FALSE,0.205268570325171,-58.2494600059356
"main_oos","Main OOS 2018--2023","NIKKEI",2019-10-11,434,FALSE,0.156073118200781,-58.0933868877348
"main_oos","Main OOS 2018--2023","NIKKEI",2019-10-15,435,FALSE,0.0556115604479819,-58.0377753272869
"main_oos","Main OOS 2018--2023","NIKKEI",2019-10-16,436,FALSE,-0.0742167755595708,-58.1119921028464
"main_oos","Main OOS 2018--2023","NIKKEI",2019-10-17,437,FALSE,-0.13133378063262,-58.243325883479
"main_oos","Main OOS 2018--2023","NIKKEI",2019-10-18,438,FALSE,-0.12391229629183,-58.3672381797709
"main_oos","Main OOS 2018--2023","NIKKEI",2019-10-21,439,FALSE,-0.149965703441088,-58.517203883212
"main_oos","Main OOS 2018--2023","NIKKEI",2019-10-23,440,FALSE,-0.174591183308168,-58.6917950665201
"main_oos","Main OOS 2018--2023","NIKKEI",2019-10-24,441,FALSE,-0.18945446121295,-58.8812495277331
"main_oos","Main OOS 2018--2023","NIKKEI",2019-10-25,442,FALSE,-0.203804218352152,-59.0850537460852
"main_oos","Main OOS 2018--2023","NIKKEI",2019-10-28,443,FALSE,-0.205204923843682,-59.2902586699289
"main_oos","Main OOS 2018--2023","NIKKEI",2019-10-29,444,FALSE,-0.203376895969249,-59.4936355658982
"main_oos","Main OOS 2018--2023","NIKKEI",2019-10-30,445,FALSE,-0.208990401538555,-59.7026259674367
"main_oos","Main OOS 2018--2023","NIKKEI",2019-10-31,446,FALSE,-0.0583012302245836,-59.7609271976613
"main_oos","Main OOS 2018--2023","NIKKEI",2019-11-01,447,FALSE,-0.0698300303448056,-59.8307572280061
"main_oos","Main OOS 2018--2023","NIKKEI",2019-11-05,448,FALSE,0.019893255487397,-59.8108639725187
"main_oos","Main OOS 2018--2023","NIKKEI",2019-11-06,449,FALSE,-0.133116118049702,-59.9439800905684
"main_oos","Main OOS 2018--2023","NIKKEI",2019-11-07,450,FALSE,-0.139492799772237,-60.0834728903407
"main_oos","Main OOS 2018--2023","NIKKEI",2019-11-08,451,FALSE,-0.153402604960482,-60.2368754953011
"main_oos","Main OOS 2018--2023","NIKKEI",2019-11-11,452,FALSE,-0.161349296749695,-60.3982247920508
"main_oos","Main OOS 2018--2023","NIKKEI",2019-11-12,453,FALSE,-0.0826454222751305,-60.480870214326
"main_oos","Main OOS 2018--2023","NIKKEI",2019-11-13,454,FALSE,-0.119650742400567,-60.6005209567265
"main_oos","Main OOS 2018--2023","NIKKEI",2019-11-14,455,FALSE,0.0495040691439672,-60.5510168875826
"main_oos","Main OOS 2018--2023","NIKKEI",2019-11-15,456,FALSE,0.13682473575138,-60.4141921518312
"main_oos","Main OOS 2018--2023","NIKKEI",2019-11-18,457,FALSE,0.0749552262621098,-60.3392369255691
"main_oos","Main OOS 2018--2023","NIKKEI",2019-11-19,458,FALSE,0.0443378911989663,-60.2948990343701
"main_oos","Main OOS 2018--2023","NIKKEI",2019-11-20,459,FALSE,0.112334825843828,-60.1825642085263
"main_oos","Main OOS 2018--2023","NIKKEI",2019-11-21,460,FALSE,0.174625096865138,-60.0079391116611
"main_oos","Main OOS 2018--2023","NIKKEI",2019-11-22,461,FALSE,0.211506464823135,-59.796432646838
"main_oos","Main OOS 2018--2023","NIKKEI",2019-11-25,462,FALSE,0.17962549769448,-59.6168071491435
"main_oos","Main OOS 2018--2023","NIKKEI",2019-11-26,463,FALSE,0.113594245227001,-59.5032129039165
"main_oos","Main OOS 2018--2023","NIKKEI",2019-11-27,464,FALSE,0.0838069594744177,-59.4194059444421
"main_oos","Main OOS 2018--2023","NIKKEI",2019-11-28,465,FALSE,0.0546635825989015,-59.3647423618432
"main_oos","Main OOS 2018--2023","NIKKEI",2019-11-29,466,FALSE,0.0762616930786275,-59.2884806687646
"main_oos","Main OOS 2018--2023","NIKKEI",2019-12-02,467,FALSE,0.148573186707031,-59.1399074820575
"main_oos","Main OOS 2018--2023","NIKKEI",2019-12-03,468,FALSE,0.046861625474349,-59.0930458565832
"main_oos","Main OOS 2018--2023","NIKKEI",2019-12-04,469,FALSE,0.141469907156114,-58.9515759494271
"main_oos","Main OOS 2018--2023","NIKKEI",2019-12-05,470,FALSE,0.233970736300342,-58.7176052131267
"main_oos","Main OOS 2018--2023","NIKKEI",2019-12-06,471,FALSE,0.162169703764926,-58.5554355093618
"main_oos","Main OOS 2018--2023","NIKKEI",2019-12-09,472,FALSE,0.135815502841692,-58.4196200065201
"main_oos","Main OOS 2018--2023","NIKKEI",2019-12-10,473,FALSE,0.1069066976647,-58.3127133088554
"main_oos","Main OOS 2018--2023","NIKKEI",2019-12-11,474,FALSE,0.113072536238677,-58.1996407726167
"main_oos","Main OOS 2018--2023","NIKKEI",2019-12-12,475,FALSE,0.120903417250142,-58.0787373553666
"main_oos","Main OOS 2018--2023","NIKKEI",2019-12-13,476,FALSE,0.106353389977404,-57.9723839653892
"main_oos","Main OOS 2018--2023","NIKKEI",2019-12-16,477,FALSE,-0.121818476802482,-58.0942024421917
"main_oos","Main OOS 2018--2023","NIKKEI",2019-12-17,478,FALSE,-0.0604090999265572,-58.1546115421182
"main_oos","Main OOS 2018--2023","NIKKEI",2019-12-18,479,FALSE,-0.0904887017128042,-58.245100243831
"main_oos","Main OOS 2018--2023","NIKKEI",2019-12-19,480,FALSE,0.00280235834731091,-58.2422978854837
"main_oos","Main OOS 2018--2023","NIKKEI",2019-12-20,481,FALSE,0.0372505290312404,-58.2050473564525
"main_oos","Main OOS 2018--2023","NIKKEI",2019-12-23,482,FALSE,0.0665251418128991,-58.1385222146396
"main_oos","Main OOS 2018--2023","NIKKEI",2019-12-24,483,FALSE,0.054093232951538,-58.0844289816881
"main_oos","Main OOS 2018--2023","NIKKEI",2019-12-25,484,FALSE,0.04904027130966,-58.0353887103784
"main_oos","Main OOS 2018--2023","NIKKEI",2019-12-26,485,FALSE,0.0943017736018206,-57.9410869367766
"main_oos","Main OOS 2018--2023","NIKKEI",2019-12-27,486,FALSE,0.0495596513096572,-57.8915272854669
"main_oos","Main OOS 2018--2023","NIKKEI",2019-12-30,487,FALSE,0.118083493794931,-57.773443791672
"main_oos","Main OOS 2018--2023","NIKKEI",2020-01-06,488,FALSE,-6.9586074895883,-64.7320512812603
"main_oos","Main OOS 2018--2023","NIKKEI",2020-01-07,489,FALSE,0.340170784647412,-64.3918804966129
"main_oos","Main OOS 2018--2023","NIKKEI",2020-01-08,490,FALSE,0.17220571091925,-64.2196747856936
"main_oos","Main OOS 2018--2023","NIKKEI",2020-01-09,491,FALSE,0.274578685151986,-63.9450961005417
"main_oos","Main OOS 2018--2023","NIKKEI",2020-01-10,492,FALSE,0.0920079610608924,-63.8530881394808
"main_oos","Main OOS 2018--2023","NIKKEI",2020-01-14,493,FALSE,0.0519549837155944,-63.8011331557652
"main_oos","Main OOS 2018--2023","NIKKEI",2020-01-15,494,FALSE,-0.00764886970988754,-63.808782025475
"main_oos","Main OOS 2018--2023","NIKKEI",2020-01-16,495,FALSE,0.0234134144097184,-63.7853686110653
"main_oos","Main OOS 2018--2023","NIKKEI",2020-01-17,496,FALSE,-0.013494537744613,-63.79886314881
"main_oos","Main OOS 2018--2023","NIKKEI",2020-01-20,497,FALSE,-0.0459249489038145,-63.8447880977138
"main_oos","Main OOS 2018--2023","NIKKEI",2020-01-21,498,FALSE,-0.0708172862361238,-63.9156053839499
"main_oos","Main OOS 2018--2023","NIKKEI",2020-01-22,499,FALSE,0.046226365034401,-63.8693790189155
"main_oos","Main OOS 2018--2023","NIKKEI",2020-01-23,500,FALSE,-0.00236700463073136,-63.8717460235462
"main_oos","Main OOS 2018--2023","NIKKEI",2020-01-24,501,FALSE,0.104813925994821,-63.7669320975514
"main_oos","Main OOS 2018--2023","NIKKEI",2020-01-27,502,FALSE,-2.0531021354208,-65.8200342329722
"main_oos","Main OOS 2018--2023","NIKKEI",2020-01-28,503,FALSE,0.22350831043653,-65.5965259225357
"main_oos","Main OOS 2018--2023","NIKKEI",2020-01-29,504,FALSE,0.223954407455866,-65.3725715150798
"main_oos","Main OOS 2018--2023","NIKKEI",2020-01-30,505,FALSE,0.161643709993591,-65.2109278050862
"main_oos","Main OOS 2018--2023","NIKKEI",2020-01-31,506,FALSE,0.253107209705605,-64.9578205953806
"main_oos","Main OOS 2018--2023","NIKKEI",2020-02-03,507,FALSE,0.153927267733383,-64.8038933276472
"main_oos","Main OOS 2018--2023","NIKKEI",2020-02-04,508,FALSE,0.199373103334349,-64.6045202243129
"main_oos","Main OOS 2018--2023","NIKKEI",2020-02-05,509,FALSE,0.141811325315111,-64.4627088989978
"main_oos","Main OOS 2018--2023","NIKKEI",2020-02-06,510,FALSE,0.0629237393919957,-64.3997851596058
"main_oos","Main OOS 2018--2023","NIKKEI",2020-02-07,511,FALSE,-0.0702389077499412,-64.4700240673557
"main_oos","Main OOS 2018--2023","NIKKEI",2020-02-10,512,FALSE,-0.067186874475266,-64.537210941831
"main_oos","Main OOS 2018--2023","NIKKEI",2020-02-12,513,FALSE,-0.0243230074465806,-64.5615339492776
"main_oos","Main OOS 2018--2023","NIKKEI",2020-02-13,514,FALSE,-0.0752354633008574,-64.6367694125784
"main_oos","Main OOS 2018--2023","NIKKEI",2020-02-14,515,FALSE,-0.0716259315665626,-64.708395344145
"main_oos","Main OOS 2018--2023","NIKKEI",2020-02-17,516,FALSE,-0.00431161273546898,-64.7127069568804
"main_oos","Main OOS 2018--2023","NIKKEI",2020-02-18,517,FALSE,0.0495146006458953,-64.6631923562345
"main_oos","Main OOS 2018--2023","NIKKEI",2020-02-19,518,FALSE,0.153873436568835,-64.5093189196657
"main_oos","Main OOS 2018--2023","NIKKEI",2020-02-20,519,FALSE,0.0741004902989215,-64.4352184293668
"main_oos","Main OOS 2018--2023","NIKKEI",2020-02-21,520,FALSE,0.0386684258444596,-64.3965500035223
"main_oos","Main OOS 2018--2023","NIKKEI",2020-02-25,521,FALSE,-3.29015298101107,-67.6867029845334
"main_oos","Main OOS 2018--2023","NIKKEI",2020-02-26,522,FALSE,0.320991753482305,-67.3657112310511
"main_oos","Main OOS 2018--2023","NIKKEI",2020-02-27,523,FALSE,0.302671600298696,-67.0630396307524
"main_oos","Main OOS 2018--2023","NIKKEI",2020-02-28,524,FALSE,-8.26888179058706,-75.3319214213395
"main_oos","Main OOS 2018--2023","NIKKEI",2020-03-02,525,FALSE,0.392444957134452,-74.939476464205
"main_oos","Main OOS 2018--2023","NIKKEI",2020-03-03,526,FALSE,0.287000344582733,-74.6524761196223
"main_oos","Main OOS 2018--2023","NIKKEI",2020-03-04,527,FALSE,0.285874629914403,-74.3666014897079
"main_oos","Main OOS 2018--2023","NIKKEI",2020-03-05,528,FALSE,0.223771053761251,-74.1428304359466
"main_oos","Main OOS 2018--2023","NIKKEI",2020-03-06,529,FALSE,0.134324928715529,-74.0085055072311
"main_oos","Main OOS 2018--2023","NIKKEI",2020-03-09,530,FALSE,-9.38154447622878,-83.3900499834599
"main_oos","Main OOS 2018--2023","NIKKEI",2020-03-10,531,FALSE,0.363369309211646,-83.0266806742482
"main_oos","Main OOS 2018--2023","NIKKEI",2020-03-11,532,FALSE,0.264988198091103,-82.7616924761571
"main_oos","Main OOS 2018--2023","NIKKEI",2020-03-12,533,FALSE,-2.7362483347922,-85.4979408109493
"main_oos","Main OOS 2018--2023","NIKKEI",2020-03-13,534,FALSE,-10.0965879559126,-95.5945287668619
"main_oos","Main OOS 2018--2023","NIKKEI",2020-03-16,535,FALSE,0.391532030606437,-95.2029967362554
"main_oos","Main OOS 2018--2023","NIKKEI",2020-03-17,536,FALSE,0.34449688534455,-94.8584998509109
"main_oos","Main OOS 2018--2023","NIKKEI",2020-03-18,537,FALSE,0.251578331203173,-94.6069215197077
"main_oos","Main OOS 2018--2023","NIKKEI",2020-03-19,538,FALSE,0.211183045216815,-94.3957384744909
"main_oos","Main OOS 2018--2023","NIKKEI",2020-03-23,539,FALSE,0.165451996404914,-94.230286478086
"main_oos","Main OOS 2018--2023","NIKKEI",2020-03-24,540,FALSE,0.0552891815710574,-94.1749972965149
"main_oos","Main OOS 2018--2023","NIKKEI",2020-03-25,541,FALSE,-0.168451236702015,-94.3434485332169
"main_oos","Main OOS 2018--2023","NIKKEI",2020-03-26,542,FALSE,-0.315261729104541,-94.6587102623215
"main_oos","Main OOS 2018--2023","NIKKEI",2020-03-27,543,FALSE,-0.0663116552873255,-94.7250219176088
"main_oos","Main OOS 2018--2023","NIKKEI",2020-03-30,544,FALSE,-0.190582877618923,-94.9156047952277
"main_oos","Main OOS 2018--2023","NIKKEI",2020-03-31,545,FALSE,-0.15657993736959,-95.0721847325973
"main_oos","Main OOS 2018--2023","NIKKEI",2020-04-01,546,FALSE,-0.172523889971097,-95.2447086225684
"main_oos","Main OOS 2018--2023","NIKKEI",2020-04-02,547,FALSE,-0.014783868094542,-95.259492490663
"main_oos","Main OOS 2018--2023","NIKKEI",2020-04-03,548,FALSE,-0.0071808403154634,-95.2666733309784
"main_oos","Main OOS 2018--2023","NIKKEI",2020-04-06,549,FALSE,-0.0579430391085793,-95.324616370087
"main_oos","Main OOS 2018--2023","NIKKEI",2020-04-07,550,FALSE,-0.200430823945336,-95.5250471940323
"main_oos","Main OOS 2018--2023","NIKKEI",2020-04-08,551,FALSE,-0.262812388294447,-95.7878595823268
"main_oos","Main OOS 2018--2023","NIKKEI",2020-04-09,552,FALSE,-0.320458623483038,-96.1083182058098
"main_oos","Main OOS 2018--2023","NIKKEI",2020-04-10,553,FALSE,-0.343223097255684,-96.4515413030655
"main_oos","Main OOS 2018--2023","NIKKEI",2020-04-13,554,FALSE,-0.370398166431252,-96.8219394694968
"main_oos","Main OOS 2018--2023","NIKKEI",2020-04-14,555,FALSE,-0.186354519025421,-97.0082939885222
"main_oos","Main OOS 2018--2023","NIKKEI",2020-04-15,556,FALSE,-0.291734654884078,-97.3000286434063
"main_oos","Main OOS 2018--2023","NIKKEI",2020-04-16,557,FALSE,-0.280861584461678,-97.5808902278679
"main_oos","Main OOS 2018--2023","NIKKEI",2020-04-17,558,FALSE,-0.201100333122564,-97.7819905609905
"main_oos","Main OOS 2018--2023","NIKKEI",2020-04-20,559,FALSE,-0.307698507870485,-98.089689068861
"main_oos","Main OOS 2018--2023","NIKKEI",2020-04-21,560,FALSE,-0.220601923021632,-98.3102909918826
"main_oos","Main OOS 2018--2023","NIKKEI",2020-04-22,561,FALSE,-0.105780268995717,-98.4160712608783
"main_oos","Main OOS 2018--2023","NIKKEI",2020-04-23,562,FALSE,-0.0905196044182648,-98.5065908652966
"main_oos","Main OOS 2018--2023","NIKKEI",2020-04-24,563,FALSE,-0.154325828633204,-98.6609166939298
"main_oos","Main OOS 2018--2023","NIKKEI",2020-04-27,564,FALSE,-0.106350259482197,-98.767266953412
"main_oos","Main OOS 2018--2023","NIKKEI",2020-04-28,565,FALSE,-0.220052588018499,-98.9873195414305
"main_oos","Main OOS 2018--2023","NIKKEI",2020-04-30,566,FALSE,-0.240580795639096,-99.2279003370696
"main_oos","Main OOS 2018--2023","NIKKEI",2020-05-01,567,FALSE,-0.288605135152179,-99.5165054722218
"main_oos","Main OOS 2018--2023","NIKKEI",2020-05-07,568,FALSE,-0.0570264232308952,-99.5735318954527
"main_oos","Main OOS 2018--2023","NIKKEI",2020-05-08,569,FALSE,-0.103893134287925,-99.6774250297406
"main_oos","Main OOS 2018--2023","NIKKEI",2020-05-11,570,FALSE,-0.208701485571019,-99.8861265153116
"main_oos","Main OOS 2018--2023","NIKKEI",2020-05-12,571,FALSE,-0.253998125388492,-100.1401246407
"main_oos","Main OOS 2018--2023","NIKKEI",2020-05-13,572,FALSE,-0.252380981786826,-100.392505622487
"main_oos","Main OOS 2018--2023","NIKKEI",2020-05-14,573,FALSE,-0.209749390952728,-100.60225501344
"main_oos","Main OOS 2018--2023","NIKKEI",2020-05-15,574,FALSE,-0.0727491900858217,-100.675004203525
"main_oos","Main OOS 2018--2023","NIKKEI",2020-05-18,575,FALSE,-0.107960348906136,-100.782964552432
"main_oos","Main OOS 2018--2023","NIKKEI",2020-05-19,576,FALSE,-0.128340569515931,-100.911305121948
"main_oos","Main OOS 2018--2023","NIKKEI",2020-05-20,577,FALSE,-0.193546539929187,-101.104851661877
"main_oos","Main OOS 2018--2023","NIKKEI",2020-05-21,578,FALSE,-0.21880001987365,-101.32365168175
"main_oos","Main OOS 2018--2023","NIKKEI",2020-05-22,579,FALSE,-0.197962793144892,-101.521614474895
"main_oos","Main OOS 2018--2023","NIKKEI",2020-05-25,580,FALSE,-0.114170572558932,-101.635785047454
"main_oos","Main OOS 2018--2023","NIKKEI",2020-05-26,581,FALSE,-0.205648405983111,-101.841433453437
"main_oos","Main OOS 2018--2023","NIKKEI",2020-05-27,582,FALSE,-0.311741645450086,-102.153175098887
"main_oos","Main OOS 2018--2023","NIKKEI",2020-05-28,583,FALSE,-0.324058843432487,-102.47723394232
"main_oos","Main OOS 2018--2023","NIKKEI",2020-05-29,584,FALSE,-0.386880946452314,-102.864114888772
"main_oos","Main OOS 2018--2023","NIKKEI",2020-06-01,585,FALSE,-0.333169019025031,-103.197283907797
"main_oos","Main OOS 2018--2023","NIKKEI",2020-06-02,586,FALSE,-0.352781669366985,-103.550065577164
"main_oos","Main OOS 2018--2023","NIKKEI",2020-06-03,587,FALSE,-0.368472916498769,-103.918538493663
"main_oos","Main OOS 2018--2023","NIKKEI",2020-06-04,588,FALSE,-0.381398026155376,-104.299936519818
"main_oos","Main OOS 2018--2023","NIKKEI",2020-06-05,589,FALSE,-0.386862010481017,-104.686798530299
"main_oos","Main OOS 2018--2023","NIKKEI",2020-06-08,590,FALSE,-0.395362347293886,-105.082160877593
"main_oos","Main OOS 2018--2023","NIKKEI",2020-06-09,591,FALSE,-0.403264788527529,-105.485425666121
"main_oos","Main OOS 2018--2023","NIKKEI",2020-06-10,592,FALSE,-0.337548351375037,-105.822974017496
"main_oos","Main OOS 2018--2023","NIKKEI",2020-06-11,593,FALSE,14.2901285523644,-91.5328454651314
"main_oos","Main OOS 2018--2023","NIKKEI",2020-06-12,594,FALSE,0.00276036183114181,-91.5300851033003
"main_oos","Main OOS 2018--2023","NIKKEI",2020-06-15,595,FALSE,-1.39078248302418,-92.9208675863244
"main_oos","Main OOS 2018--2023","NIKKEI",2020-06-16,596,FALSE,0.174985548683663,-92.7458820376408
"main_oos","Main OOS 2018--2023","NIKKEI",2020-06-17,597,FALSE,-0.0897504424470759,-92.8356324800879
"main_oos","Main OOS 2018--2023","NIKKEI",2020-06-18,598,FALSE,-0.0672720252690846,-92.9029045053569
"main_oos","Main OOS 2018--2023","NIKKEI",2020-06-19,599,FALSE,-0.0565424807680439,-92.959446986125
"main_oos","Main OOS 2018--2023","NIKKEI",2020-06-22,600,FALSE,-0.09243418809567,-93.0518811742207
"main_oos","Main OOS 2018--2023","NIKKEI",2020-06-23,601,FALSE,-0.0939591747601254,-93.1458403489808
"main_oos","Main OOS 2018--2023","NIKKEI",2020-06-24,602,FALSE,-0.113496287891366,-93.2593366368721
"main_oos","Main OOS 2018--2023","NIKKEI",2020-06-25,603,FALSE,-0.111112595485874,-93.370449232358
"main_oos","Main OOS 2018--2023","NIKKEI",2020-06-26,604,FALSE,-0.0153917479764907,-93.3858409803345
"main_oos","Main OOS 2018--2023","NIKKEI",2020-06-29,605,FALSE,-0.0732760784826196,-93.4591170588171
"main_oos","Main OOS 2018--2023","NIKKEI",2020-06-30,606,FALSE,0.0760780640589585,-93.3830389947582
"main_oos","Main OOS 2018--2023","NIKKEI",2020-07-01,607,FALSE,0.0130493329269235,-93.3699896618313
"main_oos","Main OOS 2018--2023","NIKKEI",2020-07-02,608,FALSE,0.0571436636044353,-93.3128459982268
"main_oos","Main OOS 2018--2023","NIKKEI",2020-07-03,609,FALSE,0.021159476553744,-93.2916865216731
"main_oos","Main OOS 2018--2023","NIKKEI",2020-07-06,610,FALSE,-0.021139462485251,-93.3128259841583
"main_oos","Main OOS 2018--2023","NIKKEI",2020-07-07,611,FALSE,-0.117752284047842,-93.4305782682062
"main_oos","Main OOS 2018--2023","NIKKEI",2020-07-08,612,FALSE,-0.0833416449424131,-93.5139199131486
"main_oos","Main OOS 2018--2023","NIKKEI",2020-07-09,613,FALSE,-0.0280509505496471,-93.5419708636982
"main_oos","Main OOS 2018--2023","NIKKEI",2020-07-10,614,FALSE,-0.0522158812502744,-93.5941867449485
"main_oos","Main OOS 2018--2023","NIKKEI",2020-07-13,615,FALSE,0.0383215639081393,-93.5558651810403
"main_oos","Main OOS 2018--2023","NIKKEI",2020-07-14,616,FALSE,-0.106383361226806,-93.6622485422672
"main_oos","Main OOS 2018--2023","NIKKEI",2020-07-15,617,FALSE,-0.0263210158051579,-93.6885695580723
"main_oos","Main OOS 2018--2023","NIKKEI",2020-07-16,618,FALSE,-0.116184383462659,-93.804753941535
"main_oos","Main OOS 2018--2023","NIKKEI",2020-07-17,619,FALSE,-0.0420476582360605,-93.846801599771
"main_oos","Main OOS 2018--2023","NIKKEI",2020-07-20,620,FALSE,-0.0286215329990258,-93.87542313277
"main_oos","Main OOS 2018--2023","NIKKEI",2020-07-21,621,FALSE,-0.051244430388512,-93.9266675631585
"main_oos","Main OOS 2018--2023","NIKKEI",2020-07-22,622,FALSE,-0.0805198428063869,-94.0071874059649
"main_oos","Main OOS 2018--2023","NIKKEI",2020-07-27,623,FALSE,-0.0178103651439216,-94.0249977711088
"main_oos","Main OOS 2018--2023","NIKKEI",2020-07-28,624,FALSE,-0.00684306199717177,-94.031840833106
"main_oos","Main OOS 2018--2023","NIKKEI",2020-07-29,625,FALSE,0.0209489182668232,-94.0108919148392
"main_oos","Main OOS 2018--2023","NIKKEI",2020-07-30,626,FALSE,0.107139342780063,-93.9037525720591
"main_oos","Main OOS 2018--2023","NIKKEI",2020-07-31,627,FALSE,-4.47157651487189,-98.375329086931
"main_oos","Main OOS 2018--2023","NIKKEI",2020-08-03,628,FALSE,0.269077547735311,-98.1062515391957
"main_oos","Main OOS 2018--2023","NIKKEI",2020-08-04,629,FALSE,0.0891765918466483,-98.0170749473491
"main_oos","Main OOS 2018--2023","NIKKEI",2020-08-05,630,FALSE,-0.0131184727667741,-98.0301934201159
"main_oos","Main OOS 2018--2023","NIKKEI",2020-08-06,631,FALSE,-0.00752120116916233,-98.037714621285
"main_oos","Main OOS 2018--2023","NIKKEI",2020-08-07,632,FALSE,0.00885497240938138,-98.0288596488756
"main_oos","Main OOS 2018--2023","NIKKEI",2020-08-11,633,FALSE,0.0249446188662885,-98.0039150300094
"main_oos","Main OOS 2018--2023","NIKKEI",2020-08-12,634,FALSE,-0.0984964198728342,-98.1024114498822
"main_oos","Main OOS 2018--2023","NIKKEI",2020-08-13,635,FALSE,-0.124956583536984,-98.2273680334192
"main_oos","Main OOS 2018--2023","NIKKEI",2020-08-14,636,FALSE,-0.209612928948523,-98.4369809623677
"main_oos","Main OOS 2018--2023","NIKKEI",2020-08-17,637,FALSE,-0.231918088377465,-98.6688990507452
"main_oos","Main OOS 2018--2023","NIKKEI",2020-08-18,638,FALSE,-0.11517636758673,-98.7840754183319
"main_oos","Main OOS 2018--2023","NIKKEI",2020-08-19,639,FALSE,-0.0988704816418451,-98.8829458999737
"main_oos","Main OOS 2018--2023","NIKKEI",2020-08-20,640,FALSE,-0.110904052499242,-98.993849952473
"main_oos","Main OOS 2018--2023","NIKKEI",2020-08-21,641,FALSE,0.00186758392930853,-98.9919823685437
"main_oos","Main OOS 2018--2023","NIKKEI",2020-08-24,642,FALSE,-0.0136687833550364,-99.0056511518987
"main_oos","Main OOS 2018--2023","NIKKEI",2020-08-25,643,FALSE,-0.0303514263886258,-99.0360025782873
"main_oos","Main OOS 2018--2023","NIKKEI",2020-08-26,644,FALSE,-0.121533609442029,-99.1575361877293
"main_oos","Main OOS 2018--2023","NIKKEI",2020-08-27,645,FALSE,-0.115691618451373,-99.2732278061807
"main_oos","Main OOS 2018--2023","NIKKEI",2020-08-28,646,FALSE,-0.0575511533434665,-99.3307789595242
"main_oos","Main OOS 2018--2023","NIKKEI",2020-08-31,647,FALSE,0.0889676348454402,-99.2418113246787
"main_oos","Main OOS 2018--2023","NIKKEI",2020-09-01,648,FALSE,0.000195422041221249,-99.2416159026375
"main_oos","Main OOS 2018--2023","NIKKEI",2020-09-02,649,FALSE,-0.00842358261336118,-99.2500394852509
"main_oos","Main OOS 2018--2023","NIKKEI",2020-09-03,650,FALSE,-0.0275657945770003,-99.2776052798279
"main_oos","Main OOS 2018--2023","NIKKEI",2020-09-04,651,FALSE,-0.0794733736065503,-99.3570786534344
"main_oos","Main OOS 2018--2023","NIKKEI",2020-09-07,652,FALSE,0.0550339339802708,-99.3020447194542
"main_oos","Main OOS 2018--2023","NIKKEI",2020-09-08,653,FALSE,0.0822004887739012,-99.2198442306803
"main_oos","Main OOS 2018--2023","NIKKEI",2020-09-09,654,FALSE,0.0230803198811438,-99.1967639107991
"main_oos","Main OOS 2018--2023","NIKKEI",2020-09-10,655,FALSE,0.113636974832383,-99.0831269359667
"main_oos","Main OOS 2018--2023","NIKKEI",2020-09-11,656,FALSE,0.0491047602121859,-99.0340221757545
"main_oos","Main OOS 2018--2023","NIKKEI",2020-09-14,657,FALSE,0.00350486059009669,-99.0305173151644
"main_oos","Main OOS 2018--2023","NIKKEI",2020-09-15,658,FALSE,-0.0340319673348923,-99.0645492824993
"main_oos","Main OOS 2018--2023","NIKKEI",2020-09-16,659,FALSE,0.0174634607059792,-99.0470858217933
"main_oos","Main OOS 2018--2023","NIKKEI",2020-09-17,660,FALSE,-0.000818460092066431,-99.0479042818854
"main_oos","Main OOS 2018--2023","NIKKEI",2020-09-18,661,FALSE,0.0751315758170596,-98.9727727060684
"main_oos","Main OOS 2018--2023","NIKKEI",2020-09-23,662,FALSE,0.0528694407139307,-98.9199032653544
"main_oos","Main OOS 2018--2023","NIKKEI",2020-09-24,663,FALSE,0.0671170817096194,-98.8527861836448
"main_oos","Main OOS 2018--2023","NIKKEI",2020-09-25,664,FALSE,0.162023956005496,-98.6907622276393
"main_oos","Main OOS 2018--2023","NIKKEI",2020-09-28,665,FALSE,0.117343801659226,-98.5734184259801
"main_oos","Main OOS 2018--2023","NIKKEI",2020-09-29,666,FALSE,0.00797532040627802,-98.5654431055738
"main_oos","Main OOS 2018--2023","NIKKEI",2020-09-30,667,FALSE,-0.0041571507888567,-98.5696002563626
"main_oos","Main OOS 2018--2023","NIKKEI",2020-10-02,668,FALSE,0.14147445642105,-98.4281257999416
"main_oos","Main OOS 2018--2023","NIKKEI",2020-10-05,669,FALSE,0.167307304944009,-98.2608184949976
"main_oos","Main OOS 2018--2023","NIKKEI",2020-10-06,670,FALSE,0.070042218363584,-98.190776276634
"main_oos","Main OOS 2018--2023","NIKKEI",2020-10-07,671,FALSE,0.0328695894270348,-98.157906687207
"main_oos","Main OOS 2018--2023","NIKKEI",2020-10-08,672,FALSE,0.0226271305884438,-98.1352795566185
"main_oos","Main OOS 2018--2023","NIKKEI",2020-10-09,673,FALSE,-0.0385674467752446,-98.1738470033938
"main_oos","Main OOS 2018--2023","NIKKEI",2020-10-12,674,FALSE,-0.0291417479839828,-98.2029887513778
"main_oos","Main OOS 2018--2023","NIKKEI",2020-10-13,675,FALSE,-0.00051411370401544,-98.2035028650818
"main_oos","Main OOS 2018--2023","NIKKEI",2020-10-14,676,FALSE,-0.0171827411980419,-98.2206856062798
"main_oos","Main OOS 2018--2023","NIKKEI",2020-10-15,677,FALSE,-0.025698114920728,-98.2463837212005
"main_oos","Main OOS 2018--2023","NIKKEI",2020-10-16,678,FALSE,0.0505358030182019,-98.1958479181823
"main_oos","Main OOS 2018--2023","NIKKEI",2020-10-19,679,FALSE,0.0960041336264279,-98.0998437845559
"main_oos","Main OOS 2018--2023","NIKKEI",2020-10-20,680,FALSE,-0.00308751023945031,-98.1029312947954
"main_oos","Main OOS 2018--2023","NIKKEI",2020-10-21,681,FALSE,0.0585930643544912,-98.0443382304409
"main_oos","Main OOS 2018--2023","NIKKEI",2020-10-22,682,FALSE,0.040414643203486,-98.0039235872374
"main_oos","Main OOS 2018--2023","NIKKEI",2020-10-23,683,FALSE,0.122148679652852,-97.8817749075845
"main_oos","Main OOS 2018--2023","NIKKEI",2020-10-26,684,FALSE,0.0960560364293084,-97.7857188711552
"main_oos","Main OOS 2018--2023","NIKKEI",2020-10-27,685,FALSE,0.108225785617839,-97.6774930855374
"main_oos","Main OOS 2018--2023","NIKKEI",2020-10-28,686,FALSE,0.117288179389048,-97.5602049061483
"main_oos","Main OOS 2018--2023","NIKKEI",2020-10-29,687,FALSE,0.154255366760685,-97.4059495393877
"main_oos","Main OOS 2018--2023","NIKKEI",2020-10-30,688,FALSE,-4.01151443500537,-101.417463974393
"main_oos","Main OOS 2018--2023","NIKKEI",2020-11-02,689,FALSE,0.280231756180634,-101.137232218212
"main_oos","Main OOS 2018--2023","NIKKEI",2020-11-04,690,FALSE,0.124657618417863,-101.012574599795
"main_oos","Main OOS 2018--2023","NIKKEI",2020-11-05,691,FALSE,-0.01175419903096,-101.024328798825
"main_oos","Main OOS 2018--2023","NIKKEI",2020-11-06,692,FALSE,-0.110910197292631,-101.135238996118
"main_oos","Main OOS 2018--2023","NIKKEI",2020-11-09,693,FALSE,-0.153645370513648,-101.288884366632
"main_oos","Main OOS 2018--2023","NIKKEI",2020-11-10,694,FALSE,-0.247694913005228,-101.536579279637
"main_oos","Main OOS 2018--2023","NIKKEI",2020-11-11,695,FALSE,-0.265099716213323,-101.80167899585
"main_oos","Main OOS 2018--2023","NIKKEI",2020-11-12,696,FALSE,-0.316090419396044,-102.117769415246
"main_oos","Main OOS 2018--2023","NIKKEI",2020-11-13,697,FALSE,-0.327632586934265,-102.445402002181
"main_oos","Main OOS 2018--2023","NIKKEI",2020-11-16,698,FALSE,-0.241605153319687,-102.6870071555
"main_oos","Main OOS 2018--2023","NIKKEI",2020-11-17,699,FALSE,-0.315549768111569,-103.002556923612
"main_oos","Main OOS 2018--2023","NIKKEI",2020-11-18,700,FALSE,-0.329973868813028,-103.332530792425
"main_oos","Main OOS 2018--2023","NIKKEI",2020-11-19,701,FALSE,-0.167319015495417,-103.49984980792
"main_oos","Main OOS 2018--2023","NIKKEI",2020-11-20,702,FALSE,-0.121804897832055,-103.621654705752
"main_oos","Main OOS 2018--2023","NIKKEI",2020-11-24,703,FALSE,-0.0815309809340579,-103.703185686686
"main_oos","Main OOS 2018--2023","NIKKEI",2020-11-25,704,FALSE,-0.23391468538296,-103.937100372069
"main_oos","Main OOS 2018--2023","NIKKEI",2020-11-26,705,FALSE,-0.250992137789647,-104.188092509859
"main_oos","Main OOS 2018--2023","NIKKEI",2020-11-27,706,FALSE,-0.275767362343795,-104.463859872203
"main_oos","Main OOS 2018--2023","NIKKEI",2020-11-30,707,FALSE,-0.284922710428769,-104.748782582632
"main_oos","Main OOS 2018--2023","NIKKEI",2020-12-01,708,FALSE,-0.164740183477751,-104.913522766109
"main_oos","Main OOS 2018--2023","NIKKEI",2020-12-02,709,FALSE,-0.223787151682172,-105.137309917792
"main_oos","Main OOS 2018--2023","NIKKEI",2020-12-03,710,FALSE,-0.232699585551714,-105.370009503343
"main_oos","Main OOS 2018--2023","NIKKEI",2020-12-04,711,FALSE,-0.239351601722835,-105.609361105066
"main_oos","Main OOS 2018--2023","NIKKEI",2020-12-07,712,FALSE,-0.197037433114022,-105.80639853818
"main_oos","Main OOS 2018--2023","NIKKEI",2020-12-08,713,FALSE,-0.0762794128000679,-105.88267795098
"main_oos","Main OOS 2018--2023","NIKKEI",2020-12-09,714,FALSE,-0.0386707546238101,-105.921348705604
"main_oos","Main OOS 2018--2023","NIKKEI",2020-12-10,715,FALSE,-0.125120021530376,-106.046468727134
"main_oos","Main OOS 2018--2023","NIKKEI",2020-12-11,716,FALSE,-0.0976303003895607,-106.144099027524
"main_oos","Main OOS 2018--2023","NIKKEI",2020-12-14,717,FALSE,-0.0472466558379789,-106.191345683362
"main_oos","Main OOS 2018--2023","NIKKEI",2020-12-15,718,FALSE,-0.0556958148272195,-106.247041498189
"main_oos","Main OOS 2018--2023","NIKKEI",2020-12-16,719,FALSE,-0.0180099346946996,-106.265051432884
"main_oos","Main OOS 2018--2023","NIKKEI",2020-12-17,720,FALSE,-0.0271172226248548,-106.292168655509
"main_oos","Main OOS 2018--2023","NIKKEI",2020-12-18,721,FALSE,-0.0267462923339046,-106.318914947843
"main_oos","Main OOS 2018--2023","NIKKEI",2020-12-21,722,FALSE,0.0167278236523194,-106.30218712419
"main_oos","Main OOS 2018--2023","NIKKEI",2020-12-22,723,FALSE,0.0648252857871396,-106.237361838403
"main_oos","Main OOS 2018--2023","NIKKEI",2020-12-23,724,FALSE,0.153873582992952,-106.08348825541
"main_oos","Main OOS 2018--2023","NIKKEI",2020-12-24,725,FALSE,0.135044855143183,-105.948443400267
"main_oos","Main OOS 2018--2023","NIKKEI",2020-12-25,726,FALSE,0.0999902208133234,-105.848453179454
"main_oos","Main OOS 2018--2023","NIKKEI",2020-12-28,727,FALSE,0.116096300620649,-105.732356878833
"main_oos","Main OOS 2018--2023","NIKKEI",2020-12-29,728,FALSE,0.0417262432730081,-105.69063063556
"main_oos","Main OOS 2018--2023","NIKKEI",2020-12-30,729,FALSE,-0.201256438781829,-105.891887074342
"main_oos","Main OOS 2018--2023","NIKKEI",2021-01-04,730,FALSE,-0.0969571322780982,-105.98884420662
"main_oos","Main OOS 2018--2023","NIKKEI",2021-01-05,731,FALSE,-0.00352754945558775,-105.992371756076
"main_oos","Main OOS 2018--2023","NIKKEI",2021-01-06,732,FALSE,0.029334989010861,-105.963036767065
"main_oos","Main OOS 2018--2023","NIKKEI",2021-01-07,733,FALSE,0.0661743773128651,-105.896862389752
"main_oos","Main OOS 2018--2023","NIKKEI",2021-01-08,734,FALSE,-0.0639282153864436,-105.960790605138
"main_oos","Main OOS 2018--2023","NIKKEI",2021-01-12,735,FALSE,-0.192503768288725,-106.153294373427
"main_oos","Main OOS 2018--2023","NIKKEI",2021-01-13,736,FALSE,-0.212317281663689,-106.365611655091
"main_oos","Main OOS 2018--2023","NIKKEI",2021-01-14,737,FALSE,-0.243598599282088,-106.609210254373
"main_oos","Main OOS 2018--2023","NIKKEI",2021-01-15,738,FALSE,-0.263889696762571,-106.873099951135
"main_oos","Main OOS 2018--2023","NIKKEI",2021-01-18,739,FALSE,-0.164342951290294,-107.037442902426
"main_oos","Main OOS 2018--2023","NIKKEI",2021-01-19,740,FALSE,-0.042062091060453,-107.079504993486
"main_oos","Main OOS 2018--2023","NIKKEI",2021-01-20,741,FALSE,-0.119361234093977,-107.19886622758
"main_oos","Main OOS 2018--2023","NIKKEI",2021-01-21,742,FALSE,-0.0711596876342404,-107.270025915214
"main_oos","Main OOS 2018--2023","NIKKEI",2021-01-22,743,FALSE,-0.11395014352725,-107.383976058742
"main_oos","Main OOS 2018--2023","NIKKEI",2021-01-25,744,FALSE,-0.0603299715222343,-107.444306030264
"main_oos","Main OOS 2018--2023","NIKKEI",2021-01-26,745,FALSE,-0.0921286758929052,-107.536434706157
"main_oos","Main OOS 2018--2023","NIKKEI",2021-01-27,746,FALSE,0.0249751172360295,-107.511459588921
"main_oos","Main OOS 2018--2023","NIKKEI",2021-01-28,747,FALSE,0.000857834534063295,-107.510601754387
"main_oos","Main OOS 2018--2023","NIKKEI",2021-01-29,748,FALSE,0.1359160582778,-107.374685696109
"main_oos","Main OOS 2018--2023","NIKKEI",2021-02-01,749,FALSE,0.225183659809984,-107.149502036299
"main_oos","Main OOS 2018--2023","NIKKEI",2021-02-02,750,FALSE,0.0985422631816464,-107.050959773117
"main_oos","Main OOS 2018--2023","NIKKEI",2021-02-03,751,FALSE,0.0413410045337805,-107.009618768583
"main_oos","Main OOS 2018--2023","NIKKEI",2021-02-04,752,FALSE,-0.0179333472377521,-107.027552115821
"main_oos","Main OOS 2018--2023","NIKKEI",2021-02-05,753,FALSE,0.0632954207155025,-106.964256695106
"main_oos","Main OOS 2018--2023","NIKKEI",2021-02-08,754,FALSE,-0.0359248274781252,-107.000181522584
"main_oos","Main OOS 2018--2023","NIKKEI",2021-02-09,755,FALSE,-0.137970258585599,-107.138151781169
"main_oos","Main OOS 2018--2023","NIKKEI",2021-02-10,756,FALSE,-0.170962328599677,-107.309114109769
"main_oos","Main OOS 2018--2023","NIKKEI",2021-02-12,757,FALSE,-0.201358533832793,-107.510472643602
"main_oos","Main OOS 2018--2023","NIKKEI",2021-02-15,758,FALSE,-0.185893584437865,-107.69636622804
"main_oos","Main OOS 2018--2023","NIKKEI",2021-02-16,759,FALSE,-0.254440658146942,-107.950806886187
"main_oos","Main OOS 2018--2023","NIKKEI",2021-02-17,760,FALSE,-0.283520388522703,-108.234327274709
"main_oos","Main OOS 2018--2023","NIKKEI",2021-02-18,761,FALSE,-0.202573316810471,-108.43690059152
"main_oos","Main OOS 2018--2023","NIKKEI",2021-02-19,762,FALSE,-0.183546148736042,-108.620446740256
"main_oos","Main OOS 2018--2023","NIKKEI",2021-02-22,763,FALSE,-0.0977045951036692,-108.71815133536
"main_oos","Main OOS 2018--2023","NIKKEI",2021-02-24,764,FALSE,-0.12100615167453,-108.839157487034
"main_oos","Main OOS 2018--2023","NIKKEI",2021-02-25,765,FALSE,0.0447944596449952,-108.794363027389
"main_oos","Main OOS 2018--2023","NIKKEI",2021-02-26,766,FALSE,3.02640171720336,-105.767961310186
"main_oos","Main OOS 2018--2023","NIKKEI",2021-03-01,767,FALSE,0.256228477651205,-105.511732832534
"main_oos","Main OOS 2018--2023","NIKKEI",2021-03-02,768,FALSE,0.0936576608383408,-105.418075171696
"main_oos","Main OOS 2018--2023","NIKKEI",2021-03-03,769,FALSE,0.10624410183344,-105.311831069863
"main_oos","Main OOS 2018--2023","NIKKEI",2021-03-04,770,FALSE,0.0479375396826218,-105.26389353018
"main_oos","Main OOS 2018--2023","NIKKEI",2021-03-05,771,FALSE,0.147084438125668,-105.116809092054
"main_oos","Main OOS 2018--2023","NIKKEI",2021-03-08,772,FALSE,0.111206041939169,-105.005603050115
"main_oos","Main OOS 2018--2023","NIKKEI",2021-03-09,773,FALSE,0.096340063968436,-104.909262986147
"main_oos","Main OOS 2018--2023","NIKKEI",2021-03-10,774,FALSE,0.0186682296164484,-104.89059475653
"main_oos","Main OOS 2018--2023","NIKKEI",2021-03-11,775,FALSE,-0.0240027006823125,-104.914597457213
"main_oos","Main OOS 2018--2023","NIKKEI",2021-03-12,776,FALSE,-0.067337689544549,-104.981935146757
"main_oos","Main OOS 2018--2023","NIKKEI",2021-03-15,777,FALSE,-0.154654133296902,-105.136589280054
"main_oos","Main OOS 2018--2023","NIKKEI",2021-03-16,778,FALSE,-0.180020323802701,-105.316609603857
"main_oos","Main OOS 2018--2023","NIKKEI",2021-03-17,779,FALSE,-0.198423061273677,-105.51503266513
"main_oos","Main OOS 2018--2023","NIKKEI",2021-03-18,780,FALSE,-0.207463164208384,-105.722495829339
"main_oos","Main OOS 2018--2023","NIKKEI",2021-03-19,781,FALSE,-0.228669257727451,-105.951165087066
"main_oos","Main OOS 2018--2023","NIKKEI",2021-03-22,782,FALSE,-0.0119650405156344,-105.963130127582
"main_oos","Main OOS 2018--2023","NIKKEI",2021-03-23,783,FALSE,0.132923244560423,-105.830206883022
"main_oos","Main OOS 2018--2023","NIKKEI",2021-03-24,784,FALSE,0.138614893235498,-105.691591989786
"main_oos","Main OOS 2018--2023","NIKKEI",2021-03-25,785,FALSE,0.213025580010017,-105.478566409776
"main_oos","Main OOS 2018--2023","NIKKEI",2021-03-26,786,FALSE,0.121079793739114,-105.357486616037
"main_oos","Main OOS 2018--2023","NIKKEI",2021-03-29,787,FALSE,0.027949432554796,-105.329537183482
"main_oos","Main OOS 2018--2023","NIKKEI",2021-03-30,788,FALSE,-0.0274536649530863,-105.356990848435
"main_oos","Main OOS 2018--2023","NIKKEI",2021-03-31,789,FALSE,-0.0746690468838265,-105.431659895319
"main_oos","Main OOS 2018--2023","NIKKEI",2021-04-01,790,FALSE,0.00979139574076493,-105.421868499578
"main_oos","Main OOS 2018--2023","NIKKEI",2021-04-02,791,FALSE,-0.0429023179280514,-105.464770817506
"main_oos","Main OOS 2018--2023","NIKKEI",2021-04-05,792,FALSE,-0.133841492849244,-105.598612310356
"main_oos","Main OOS 2018--2023","NIKKEI",2021-04-06,793,FALSE,-0.166714712077754,-105.765327022433
"main_oos","Main OOS 2018--2023","NIKKEI",2021-04-07,794,FALSE,-0.0111014945056849,-105.776428516939
"main_oos","Main OOS 2018--2023","NIKKEI",2021-04-08,795,FALSE,-0.0378678007807258,-105.81429631772
"main_oos","Main OOS 2018--2023","NIKKEI",2021-04-09,796,FALSE,-0.0351259240370256,-105.849422241757
"main_oos","Main OOS 2018--2023","NIKKEI",2021-04-12,797,FALSE,-0.0539669914204146,-105.903389233177
"main_oos","Main OOS 2018--2023","NIKKEI",2021-04-13,798,FALSE,0.0383400419502031,-105.865049191227
"main_oos","Main OOS 2018--2023","NIKKEI",2021-04-14,799,FALSE,-0.00652287231090254,-105.871572063538
"main_oos","Main OOS 2018--2023","NIKKEI",2021-04-15,800,FALSE,0.0549834345906535,-105.816588628947
"main_oos","Main OOS 2018--2023","NIKKEI",2021-04-16,801,FALSE,0.0309050327030163,-105.785683596244
"main_oos","Main OOS 2018--2023","NIKKEI",2021-04-19,802,FALSE,0.0249201020622041,-105.760763494182
"main_oos","Main OOS 2018--2023","NIKKEI",2021-04-20,803,FALSE,-0.824106877034042,-106.584870371216
"main_oos","Main OOS 2018--2023","NIKKEI",2021-04-21,804,FALSE,-0.407631873602857,-106.992502244819
"main_oos","Main OOS 2018--2023","NIKKEI",2021-04-22,805,FALSE,0.308119362002399,-106.684382882816
"main_oos","Main OOS 2018--2023","NIKKEI",2021-04-23,806,FALSE,0.1046954391955,-106.579687443621
"main_oos","Main OOS 2018--2023","NIKKEI",2021-04-26,807,FALSE,0.127854853411665,-106.451832590209
"main_oos","Main OOS 2018--2023","NIKKEI",2021-04-27,808,FALSE,0.074866733444594,-106.376965856765
"main_oos","Main OOS 2018--2023","NIKKEI",2021-04-28,809,FALSE,0.0901145167892894,-106.286851339975
"main_oos","Main OOS 2018--2023","NIKKEI",2021-04-30,810,FALSE,0.0596263678457472,-106.22722497213
"main_oos","Main OOS 2018--2023","NIKKEI",2021-05-06,811,FALSE,0.111548584416891,-106.115676387713
"main_oos","Main OOS 2018--2023","NIKKEI",2021-05-07,812,FALSE,-0.0485453797435911,-106.164221767456
"main_oos","Main OOS 2018--2023","NIKKEI",2021-05-10,813,FALSE,-0.0622180032170407,-106.226439770673
"main_oos","Main OOS 2018--2023","NIKKEI",2021-05-11,814,FALSE,4.12419201492232,-102.102247755751
"main_oos","Main OOS 2018--2023","NIKKEI",2021-05-12,815,FALSE,0.206455180417647,-101.895792575333
"main_oos","Main OOS 2018--2023","NIKKEI",2021-05-13,816,FALSE,0.230079353599306,-101.665713221734
"main_oos","Main OOS 2018--2023","NIKKEI",2021-05-14,817,FALSE,0.277921757636605,-101.387791464098
"main_oos","Main OOS 2018--2023","NIKKEI",2021-05-17,818,FALSE,0.108073269234318,-101.279718194863
"main_oos","Main OOS 2018--2023","NIKKEI",2021-05-18,819,FALSE,0.138155160371381,-101.141563034492
"main_oos","Main OOS 2018--2023","NIKKEI",2021-05-19,820,FALSE,-0.00346519659118405,-101.145028231083
"main_oos","Main OOS 2018--2023","NIKKEI",2021-05-20,821,FALSE,0.0649272271771877,-101.080101003906
"main_oos","Main OOS 2018--2023","NIKKEI",2021-05-21,822,FALSE,0.0180196145826934,-101.062081389323
"main_oos","Main OOS 2018--2023","NIKKEI",2021-05-24,823,FALSE,-0.0307617681372818,-101.09284315746
"main_oos","Main OOS 2018--2023","NIKKEI",2021-05-25,824,FALSE,-0.0484456269957998,-101.141288784456
"main_oos","Main OOS 2018--2023","NIKKEI",2021-05-26,825,FALSE,-0.0951108341510518,-101.236399618607
"main_oos","Main OOS 2018--2023","NIKKEI",2021-05-27,826,FALSE,-0.11390065924993,-101.350300277857
"main_oos","Main OOS 2018--2023","NIKKEI",2021-05-28,827,FALSE,-0.0674273634365337,-101.417727641294
"main_oos","Main OOS 2018--2023","NIKKEI",2021-05-31,828,FALSE,-0.22183270047449,-101.639560341768
"main_oos","Main OOS 2018--2023","NIKKEI",2021-06-01,829,FALSE,-0.0752775646776607,-101.714837906446
"main_oos","Main OOS 2018--2023","NIKKEI",2021-06-02,830,FALSE,-0.065869843054198,-101.7807077495
"main_oos","Main OOS 2018--2023","NIKKEI",2021-06-03,831,FALSE,-0.09381000668231,-101.874517756182
"main_oos","Main OOS 2018--2023","NIKKEI",2021-06-04,832,FALSE,-0.107726243990613,-101.982244000173
"main_oos","Main OOS 2018--2023","NIKKEI",2021-06-07,833,FALSE,-0.0485734848139139,-102.030817484987
"main_oos","Main OOS 2018--2023","NIKKEI",2021-06-08,834,FALSE,-0.0515908783806591,-102.082408363368
"main_oos","Main OOS 2018--2023","NIKKEI",2021-06-09,835,FALSE,-0.0159118152563937,-102.098320178624
"main_oos","Main OOS 2018--2023","NIKKEI",2021-06-10,836,FALSE,0.0384398015678176,-102.059880377056
"main_oos","Main OOS 2018--2023","NIKKEI",2021-06-11,837,FALSE,0.0325469640205227,-102.027333413036
"main_oos","Main OOS 2018--2023","NIKKEI",2021-06-14,838,FALSE,0.0478297853744714,-101.979503627661
"main_oos","Main OOS 2018--2023","NIKKEI",2021-06-15,839,FALSE,-0.020279921979117,-101.99978354964
"main_oos","Main OOS 2018--2023","NIKKEI",2021-06-16,840,FALSE,-0.0954353689919407,-102.095218918632
"main_oos","Main OOS 2018--2023","NIKKEI",2021-06-17,841,FALSE,0.0121618436926194,-102.08305707494
"main_oos","Main OOS 2018--2023","NIKKEI",2021-06-18,842,FALSE,0.124195753445961,-101.958861321494
"main_oos","Main OOS 2018--2023","NIKKEI",2021-06-21,843,FALSE,-6.81591004786722,-108.774771369361
"main_oos","Main OOS 2018--2023","NIKKEI",2021-06-22,844,FALSE,0.368428685987796,-108.406342683373
"main_oos","Main OOS 2018--2023","NIKKEI",2021-06-23,845,FALSE,0.0558896230142887,-108.350453060359
"main_oos","Main OOS 2018--2023","NIKKEI",2021-06-24,846,FALSE,0.0455900074594107,-108.304863052899
"main_oos","Main OOS 2018--2023","NIKKEI",2021-06-25,847,FALSE,0.0148108449568114,-108.290052207943
"main_oos","Main OOS 2018--2023","NIKKEI",2021-06-28,848,FALSE,-0.0268637883317442,-108.316915996274
"main_oos","Main OOS 2018--2023","NIKKEI",2021-06-29,849,FALSE,-0.0212794977612025,-108.338195494035
"main_oos","Main OOS 2018--2023","NIKKEI",2021-06-30,850,FALSE,0.0564706536980983,-108.281724840337
"main_oos","Main OOS 2018--2023","NIKKEI",2021-07-01,851,FALSE,0.0415138535151867,-108.240210986822
"main_oos","Main OOS 2018--2023","NIKKEI",2021-07-02,852,FALSE,0.0704484501233886,-108.169762536699
"main_oos","Main OOS 2018--2023","NIKKEI",2021-07-05,853,FALSE,0.0549185023350487,-108.114844034364
"main_oos","Main OOS 2018--2023","NIKKEI",2021-07-06,854,FALSE,0.124881279974685,-107.989962754389
"main_oos","Main OOS 2018--2023","NIKKEI",2021-07-07,855,FALSE,0.110205350381766,-107.879757404007
"main_oos","Main OOS 2018--2023","NIKKEI",2021-07-08,856,FALSE,0.1890284550841,-107.690728948923
"main_oos","Main OOS 2018--2023","NIKKEI",2021-07-09,857,FALSE,0.222202934703763,-107.468526014219
"main_oos","Main OOS 2018--2023","NIKKEI",2021-07-12,858,FALSE,0.242010158464104,-107.226515855755
"main_oos","Main OOS 2018--2023","NIKKEI",2021-07-13,859,FALSE,-0.000738184963283928,-107.227254040719
"main_oos","Main OOS 2018--2023","NIKKEI",2021-07-14,860,FALSE,-0.0383520000583673,-107.265606040777
"main_oos","Main OOS 2018--2023","NIKKEI",2021-07-15,861,FALSE,0.00727345401676072,-107.25833258676
"main_oos","Main OOS 2018--2023","NIKKEI",2021-07-16,862,FALSE,0.10403192284666,-107.154300663914
"main_oos","Main OOS 2018--2023","NIKKEI",2021-07-19,863,FALSE,0.153733694645256,-107.000566969268
"main_oos","Main OOS 2018--2023","NIKKEI",2021-07-20,864,FALSE,0.199852170162151,-106.800714799106
"main_oos","Main OOS 2018--2023","NIKKEI",2021-07-21,865,FALSE,0.228274018387125,-106.572440780719
"main_oos","Main OOS 2018--2023","NIKKEI",2021-07-26,866,FALSE,0.164948501879952,-106.407492278839
"main_oos","Main OOS 2018--2023","NIKKEI",2021-07-27,867,FALSE,0.0762739443303844,-106.331218334509
"main_oos","Main OOS 2018--2023","NIKKEI",2021-07-28,868,FALSE,0.0319410501901649,-106.299277284319
"main_oos","Main OOS 2018--2023","NIKKEI",2021-07-29,869,FALSE,0.143710237765174,-106.155567046553
"main_oos","Main OOS 2018--2023","NIKKEI",2021-07-30,870,FALSE,0.070631136864991,-106.084935909688
"main_oos","Main OOS 2018--2023","NIKKEI",2021-08-02,871,FALSE,0.192998250820819,-105.891937658868
"main_oos","Main OOS 2018--2023","NIKKEI",2021-08-03,872,FALSE,0.0277161334071061,-105.86422152546
"main_oos","Main OOS 2018--2023","NIKKEI",2021-08-04,873,FALSE,0.060263460213513,-105.803958065247
"main_oos","Main OOS 2018--2023","NIKKEI",2021-08-05,874,FALSE,0.0661116415182015,-105.737846423729
"main_oos","Main OOS 2018--2023","NIKKEI",2021-08-06,875,FALSE,0.034524063428337,-105.7033223603
"main_oos","Main OOS 2018--2023","NIKKEI",2021-08-10,876,FALSE,0.00971974282659227,-105.693602617474
"main_oos","Main OOS 2018--2023","NIKKEI",2021-08-11,877,FALSE,-0.00157896626049769,-105.695181583734
"main_oos","Main OOS 2018--2023","NIKKEI",2021-08-12,878,FALSE,-0.044847672759647,-105.740029256494
"main_oos","Main OOS 2018--2023","NIKKEI",2021-08-13,879,FALSE,0.00258683359427536,-105.7374424229
"main_oos","Main OOS 2018--2023","NIKKEI",2021-08-16,880,FALSE,0.0315796176055732,-105.705862805294
"main_oos","Main OOS 2018--2023","NIKKEI",2021-08-17,881,FALSE,0.165350663990612,-105.540512141303
"main_oos","Main OOS 2018--2023","NIKKEI",2021-08-18,882,FALSE,0.177763926595866,-105.362748214708
"main_oos","Main OOS 2018--2023","NIKKEI",2021-08-19,883,FALSE,0.127813967816285,-105.234934246891
"main_oos","Main OOS 2018--2023","NIKKEI",2021-08-20,884,FALSE,0.206569410551978,-105.028364836339
"main_oos","Main OOS 2018--2023","NIKKEI",2021-08-23,885,FALSE,0.240428199615339,-104.787936636724
"main_oos","Main OOS 2018--2023","NIKKEI",2021-08-24,886,FALSE,0.0371959741068348,-104.750740662617
"main_oos","Main OOS 2018--2023","NIKKEI",2021-08-25,887,FALSE,-0.0273042589630212,-104.77804492158
"main_oos","Main OOS 2018--2023","NIKKEI",2021-08-26,888,FALSE,-0.0381770140264996,-104.816221935607
"main_oos","Main OOS 2018--2023","NIKKEI",2021-08-27,889,FALSE,-0.0552062466193775,-104.871428182226
"main_oos","Main OOS 2018--2023","NIKKEI",2021-08-30,890,FALSE,-0.00632831200446615,-104.877756494231
"main_oos","Main OOS 2018--2023","NIKKEI",2021-08-31,891,FALSE,-0.0397454606684695,-104.917501954899
"main_oos","Main OOS 2018--2023","NIKKEI",2021-09-01,892,FALSE,-0.149353522355834,-105.066855477255
"main_oos","Main OOS 2018--2023","NIKKEI",2021-09-02,893,FALSE,-0.221716229538912,-105.288571706794
"main_oos","Main OOS 2018--2023","NIKKEI",2021-09-03,894,FALSE,-0.245947620290031,-105.534519327084
"main_oos","Main OOS 2018--2023","NIKKEI",2021-09-06,895,FALSE,-0.339125925356889,-105.873645252441
"main_oos","Main OOS 2018--2023","NIKKEI",2021-09-07,896,FALSE,-0.377566785222832,-106.251212037663
"main_oos","Main OOS 2018--2023","NIKKEI",2021-09-08,897,FALSE,-0.390807800394665,-106.642019838058
"main_oos","Main OOS 2018--2023","NIKKEI",2021-09-09,898,FALSE,-0.413103374937576,-107.055123212996
"main_oos","Main OOS 2018--2023","NIKKEI",2021-09-10,899,FALSE,-0.269264227513187,-107.324387440509
"main_oos","Main OOS 2018--2023","NIKKEI",2021-09-13,900,FALSE,-0.328052909506591,-107.652440350016
"main_oos","Main OOS 2018--2023","NIKKEI",2021-09-14,901,FALSE,-0.337161870850652,-107.989602220866
"main_oos","Main OOS 2018--2023","NIKKEI",2021-09-15,902,FALSE,-0.353154788429238,-108.342757009295
"main_oos","Main OOS 2018--2023","NIKKEI",2021-09-16,903,FALSE,-0.207696444528485,-108.550453453824
"main_oos","Main OOS 2018--2023","NIKKEI",2021-09-17,904,FALSE,-0.0842761841310524,-108.634729637955
"main_oos","Main OOS 2018--2023","NIKKEI",2021-09-21,905,FALSE,3.88628498242556,-104.748444655529
"main_oos","Main OOS 2018--2023","NIKKEI",2021-09-22,906,FALSE,0.164573047182615,-104.583871608347
"main_oos","Main OOS 2018--2023","NIKKEI",2021-09-24,907,FALSE,0.173746205982221,-104.410125402365
"main_oos","Main OOS 2018--2023","NIKKEI",2021-09-27,908,FALSE,-0.0309978665640869,-104.441123268929
"main_oos","Main OOS 2018--2023","NIKKEI",2021-09-28,909,FALSE,-0.0503610939111003,-104.49148436284
"main_oos","Main OOS 2018--2023","NIKKEI",2021-09-29,910,FALSE,-0.0446476353741556,-104.536131998214
"main_oos","Main OOS 2018--2023","NIKKEI",2021-09-30,911,FALSE,0.150219572050818,-104.385912426163
"main_oos","Main OOS 2018--2023","NIKKEI",2021-10-01,912,FALSE,0.112282011578071,-104.273630414585
"main_oos","Main OOS 2018--2023","NIKKEI",2021-10-04,913,FALSE,0.218440911301466,-104.055189503284
"main_oos","Main OOS 2018--2023","NIKKEI",2021-10-05,914,FALSE,0.227395897826737,-103.827793605457
"main_oos","Main OOS 2018--2023","NIKKEI",2021-10-06,915,FALSE,0.270909849889224,-103.556883755568
"main_oos","Main OOS 2018--2023","NIKKEI",2021-10-07,916,FALSE,0.264166836533352,-103.292716919034
"main_oos","Main OOS 2018--2023","NIKKEI",2021-10-08,917,FALSE,0.182533503776283,-103.110183415258
"main_oos","Main OOS 2018--2023","NIKKEI",2021-10-11,918,FALSE,0.0716014757740773,-103.038581939484
"main_oos","Main OOS 2018--2023","NIKKEI",2021-10-12,919,FALSE,-0.0437638795526465,-103.082345819037
"main_oos","Main OOS 2018--2023","NIKKEI",2021-10-13,920,FALSE,0.020532539369198,-103.061813279667
"main_oos","Main OOS 2018--2023","NIKKEI",2021-10-14,921,FALSE,0.00836136089396833,-103.053451918773
"main_oos","Main OOS 2018--2023","NIKKEI",2021-10-15,922,FALSE,-0.104694769576497,-103.15814668835
"main_oos","Main OOS 2018--2023","NIKKEI",2021-10-18,923,FALSE,-0.208899577100864,-103.367046265451
"main_oos","Main OOS 2018--2023","NIKKEI",2021-10-19,924,FALSE,-0.189862135669307,-103.55690840112
"main_oos","Main OOS 2018--2023","NIKKEI",2021-10-20,925,FALSE,-0.226664434436802,-103.783572835557
"main_oos","Main OOS 2018--2023","NIKKEI",2021-10-21,926,FALSE,-0.0630959204857422,-103.846668756043
"main_oos","Main OOS 2018--2023","NIKKEI",2021-10-22,927,FALSE,0.0233299507299147,-103.823338805313
"main_oos","Main OOS 2018--2023","NIKKEI",2021-10-25,928,FALSE,-0.0226449101320698,-103.845983715445
"main_oos","Main OOS 2018--2023","NIKKEI",2021-10-26,929,FALSE,0.045341672552063,-103.800642042893
"main_oos","Main OOS 2018--2023","NIKKEI",2021-10-27,930,FALSE,-0.111057815165776,-103.911699858058
"main_oos","Main OOS 2018--2023","NIKKEI",2021-10-28,931,FALSE,-0.111106408821952,-104.02280626688
"main_oos","Main OOS 2018--2023","NIKKEI",2021-10-29,932,FALSE,0.00171328104100321,-104.021092985839
"main_oos","Main OOS 2018--2023","NIKKEI",2021-11-01,933,FALSE,-0.0277660238275692,-104.048859009667
"main_oos","Main OOS 2018--2023","NIKKEI",2021-11-02,934,FALSE,-0.241787561790538,-104.290646571457
"main_oos","Main OOS 2018--2023","NIKKEI",2021-11-04,935,FALSE,-0.173654828991382,-104.464301400449
"main_oos","Main OOS 2018--2023","NIKKEI",2021-11-05,936,FALSE,-0.2179926258478,-104.682294026297
"main_oos","Main OOS 2018--2023","NIKKEI",2021-11-08,937,FALSE,-0.124147737129688,-104.806441763426
"main_oos","Main OOS 2018--2023","NIKKEI",2021-11-09,938,FALSE,-0.0802027734712929,-104.886644536898
"main_oos","Main OOS 2018--2023","NIKKEI",2021-11-10,939,FALSE,0.00464343092150354,-104.882001105976
"main_oos","Main OOS 2018--2023","NIKKEI",2021-11-11,940,FALSE,0.0558231446647632,-104.826177961311
"main_oos","Main OOS 2018--2023","NIKKEI",2021-11-12,941,FALSE,0.00549496596342269,-104.820682995348
"main_oos","Main OOS 2018--2023","NIKKEI",2021-11-15,942,FALSE,-0.088298628994937,-104.908981624343
"main_oos","Main OOS 2018--2023","NIKKEI",2021-11-16,943,FALSE,-0.119047801757284,-105.0280294261
"main_oos","Main OOS 2018--2023","NIKKEI",2021-11-17,944,FALSE,-0.130045361480716,-105.158074787581
"main_oos","Main OOS 2018--2023","NIKKEI",2021-11-18,945,FALSE,-0.0561665323153193,-105.214241319896
"main_oos","Main OOS 2018--2023","NIKKEI",2021-11-19,946,FALSE,-0.00734844468031026,-105.221589764577
"main_oos","Main OOS 2018--2023","NIKKEI",2021-11-22,947,FALSE,-0.0440436729913787,-105.265633437568
"main_oos","Main OOS 2018--2023","NIKKEI",2021-11-24,948,FALSE,0.914937573644686,-104.350695863923
"main_oos","Main OOS 2018--2023","NIKKEI",2021-11-25,949,FALSE,0.168444419261443,-104.182251444662
"main_oos","Main OOS 2018--2023","NIKKEI",2021-11-26,950,FALSE,-3.32268361909528,-107.504935063757
"main_oos","Main OOS 2018--2023","NIKKEI",2021-11-29,951,FALSE,0.291132563540014,-107.213802500217
"main_oos","Main OOS 2018--2023","NIKKEI",2021-11-30,952,FALSE,0.301770999159769,-106.912031501057
"main_oos","Main OOS 2018--2023","NIKKEI",2021-12-01,953,FALSE,0.282717556766207,-106.629313944291
"main_oos","Main OOS 2018--2023","NIKKEI",2021-12-02,954,FALSE,0.216820483342083,-106.412493460949
"main_oos","Main OOS 2018--2023","NIKKEI",2021-12-03,955,FALSE,0.220997650889953,-106.191495810059
"main_oos","Main OOS 2018--2023","NIKKEI",2021-12-06,956,FALSE,0.128545717390057,-106.062950092669
"main_oos","Main OOS 2018--2023","NIKKEI",2021-12-07,957,FALSE,0.141040413689166,-105.92190967898
"main_oos","Main OOS 2018--2023","NIKKEI",2021-12-08,958,FALSE,-0.0413128039226962,-105.963222482903
"main_oos","Main OOS 2018--2023","NIKKEI",2021-12-09,959,FALSE,-0.131738541044167,-106.094961023947
"main_oos","Main OOS 2018--2023","NIKKEI",2021-12-10,960,FALSE,-0.0779684213006864,-106.172929445247
"main_oos","Main OOS 2018--2023","NIKKEI",2021-12-13,961,FALSE,0.0182306886104353,-106.154698756637
"main_oos","Main OOS 2018--2023","NIKKEI",2021-12-14,962,FALSE,-0.0429293721013768,-106.197628128738
"main_oos","Main OOS 2018--2023","NIKKEI",2021-12-15,963,FALSE,0.036340686925427,-106.161287441813
"main_oos","Main OOS 2018--2023","NIKKEI",2021-12-16,964,FALSE,0.0158088657223507,-106.145478576091
"main_oos","Main OOS 2018--2023","NIKKEI",2021-12-17,965,FALSE,-0.178005654350903,-106.323484230441
"main_oos","Main OOS 2018--2023","NIKKEI",2021-12-20,966,FALSE,0.0377909171299811,-106.285693313311
"main_oos","Main OOS 2018--2023","NIKKEI",2021-12-21,967,FALSE,0.147783664830859,-106.137909648481
"main_oos","Main OOS 2018--2023","NIKKEI",2021-12-22,968,FALSE,-0.0200507437180009,-106.157960392199
"main_oos","Main OOS 2018--2023","NIKKEI",2021-12-23,969,FALSE,-0.0510721723227494,-106.209032564521
"main_oos","Main OOS 2018--2023","NIKKEI",2021-12-24,970,FALSE,-0.104079084886595,-106.313111649408
"main_oos","Main OOS 2018--2023","NIKKEI",2021-12-27,971,FALSE,-0.106717906692607,-106.419829556101
"main_oos","Main OOS 2018--2023","NIKKEI",2021-12-28,972,FALSE,-0.0676553792922543,-106.487484935393
"main_oos","Main OOS 2018--2023","NIKKEI",2021-12-29,973,FALSE,-0.171044762568648,-106.658529697961
"main_oos","Main OOS 2018--2023","NIKKEI",2021-12-30,974,FALSE,-0.0899827551587995,-106.74851245312
"main_oos","Main OOS 2018--2023","NIKKEI",2022-01-04,975,FALSE,-0.0248232230926186,-106.773335676213
"main_oos","Main OOS 2018--2023","NIKKEI",2022-01-05,976,FALSE,-0.176658214334169,-106.949993890547
"main_oos","Main OOS 2018--2023","NIKKEI",2022-01-06,977,FALSE,7.14146303837673,-99.8085308521703
"main_oos","Main OOS 2018--2023","NIKKEI",2022-01-07,978,FALSE,0.134909137629962,-99.6736217145403
"main_oos","Main OOS 2018--2023","NIKKEI",2022-01-11,979,FALSE,0.102887731069094,-99.5707339834713
"main_oos","Main OOS 2018--2023","NIKKEI",2022-01-12,980,FALSE,0.15027038481028,-99.420463598661
"main_oos","Main OOS 2018--2023","NIKKEI",2022-01-13,981,FALSE,-0.0187991904946001,-99.4392627891556
"main_oos","Main OOS 2018--2023","NIKKEI",2022-01-14,982,FALSE,0.0548984309252432,-99.3843643582303
"main_oos","Main OOS 2018--2023","NIKKEI",2022-01-17,983,FALSE,0.119979783905336,-99.264384574325
"main_oos","Main OOS 2018--2023","NIKKEI",2022-01-18,984,FALSE,0.0631264496672475,-99.2012581246577
"main_oos","Main OOS 2018--2023","NIKKEI",2022-01-19,985,FALSE,-2.60526936962693,-101.806527494285
"main_oos","Main OOS 2018--2023","NIKKEI",2022-01-20,986,FALSE,0.221765342264065,-101.584762152021
"main_oos","Main OOS 2018--2023","NIKKEI",2022-01-21,987,FALSE,0.118747589430833,-101.46601456259
"main_oos","Main OOS 2018--2023","NIKKEI",2022-01-24,988,FALSE,0.156451231275036,-101.309563331315
"main_oos","Main OOS 2018--2023","NIKKEI",2022-01-25,989,FALSE,0.117740053840586,-101.191823277474
"main_oos","Main OOS 2018--2023","NIKKEI",2022-01-26,990,FALSE,0.188339958596475,-101.003483318878
"main_oos","Main OOS 2018--2023","NIKKEI",2022-01-27,991,FALSE,-4.99396558043324,-105.997448899311
"main_oos","Main OOS 2018--2023","NIKKEI",2022-01-28,992,FALSE,0.279030787811815,-105.718418111499
"main_oos","Main OOS 2018--2023","NIKKEI",2022-01-31,993,FALSE,0.109804604538318,-105.608613506961
"main_oos","Main OOS 2018--2023","NIKKEI",2022-02-01,994,FALSE,0.00293942810246817,-105.605674078858
"main_oos","Main OOS 2018--2023","NIKKEI",2022-02-02,995,FALSE,-0.0325413357947864,-105.638215414653
"main_oos","Main OOS 2018--2023","NIKKEI",2022-02-03,996,FALSE,-0.136457353126439,-105.77467276778
"main_oos","Main OOS 2018--2023","NIKKEI",2022-02-04,997,FALSE,-0.0326252855060392,-105.807298053286
"main_oos","Main OOS 2018--2023","NIKKEI",2022-02-07,998,FALSE,-0.0829789837051358,-105.890277036991
"main_oos","Main OOS 2018--2023","NIKKEI",2022-02-08,999,FALSE,-0.0224966680124066,-105.912773705003
"main_oos","Main OOS 2018--2023","NIKKEI",2022-02-09,1000,FALSE,-0.0457780468805349,-105.958551751884
"main_oos","Main OOS 2018--2023","NIKKEI",2022-02-10,1001,FALSE,-0.113661552115008,-106.072213303999
"main_oos","Main OOS 2018--2023","NIKKEI",2022-02-14,1002,FALSE,3.2780961162974,-102.794117187701
"main_oos","Main OOS 2018--2023","NIKKEI",2022-02-15,1003,FALSE,0.102004195395171,-102.692112992306
"main_oos","Main OOS 2018--2023","NIKKEI",2022-02-16,1004,FALSE,0.116318948371192,-102.575794043935
"main_oos","Main OOS 2018--2023","NIKKEI",2022-02-17,1005,FALSE,-0.063106062200351,-102.638900106135
"main_oos","Main OOS 2018--2023","NIKKEI",2022-02-18,1006,FALSE,0.00377175946710873,-102.635128346668
"main_oos","Main OOS 2018--2023","NIKKEI",2022-02-21,1007,FALSE,0.0214907207245005,-102.613637625944
"main_oos","Main OOS 2018--2023","NIKKEI",2022-02-22,1008,FALSE,0.0698065498789737,-102.543831076065
"main_oos","Main OOS 2018--2023","NIKKEI",2022-02-24,1009,FALSE,0.156797180067096,-102.387033895998
"main_oos","Main OOS 2018--2023","NIKKEI",2022-02-25,1010,FALSE,0.212483380872329,-102.174550515125
"main_oos","Main OOS 2018--2023","NIKKEI",2022-02-28,1011,FALSE,0.050985167292545,-102.123565347833
"main_oos","Main OOS 2018--2023","NIKKEI",2022-03-01,1012,FALSE,-0.00858440575712427,-102.13214975359
"main_oos","Main OOS 2018--2023","NIKKEI",2022-03-02,1013,FALSE,-0.0969283409257042,-102.229078094516
"main_oos","Main OOS 2018--2023","NIKKEI",2022-03-03,1014,FALSE,0.0439155633457533,-102.18516253117
"main_oos","Main OOS 2018--2023","NIKKEI",2022-03-04,1015,FALSE,-0.012062950470769,-102.197225481641
"main_oos","Main OOS 2018--2023","NIKKEI",2022-03-07,1016,FALSE,0.121662260962731,-102.075563220678
"main_oos","Main OOS 2018--2023","NIKKEI",2022-03-08,1017,FALSE,0.210694201428088,-101.86486901925
"main_oos","Main OOS 2018--2023","NIKKEI",2022-03-09,1018,FALSE,0.216218653915,-101.648650365335
"main_oos","Main OOS 2018--2023","NIKKEI",2022-03-10,1019,FALSE,0.164818091128784,-101.483832274206
"main_oos","Main OOS 2018--2023","NIKKEI",2022-03-11,1020,FALSE,-0.0812938276941044,-101.5651261019
"main_oos","Main OOS 2018--2023","NIKKEI",2022-03-14,1021,FALSE,0.0362755773519798,-101.528850524548
"main_oos","Main OOS 2018--2023","NIKKEI",2022-03-15,1022,FALSE,-0.0371670825640833,-101.566017607112
"main_oos","Main OOS 2018--2023","NIKKEI",2022-03-16,1023,FALSE,-0.0746649112875137,-101.6406825184
"main_oos","Main OOS 2018--2023","NIKKEI",2022-03-17,1024,FALSE,-0.164227516344878,-101.804910034745
"main_oos","Main OOS 2018--2023","NIKKEI",2022-03-18,1025,FALSE,-0.306665248849237,-102.111575283594
"main_oos","Main OOS 2018--2023","NIKKEI",2022-03-22,1026,FALSE,-0.337881577624324,-102.449456861218
"main_oos","Main OOS 2018--2023","NIKKEI",2022-03-23,1027,FALSE,-0.377018752286145,-102.826475613504
"main_oos","Main OOS 2018--2023","NIKKEI",2022-03-24,1028,FALSE,-0.442436230524183,-103.268911844028
"main_oos","Main OOS 2018--2023","NIKKEI",2022-03-25,1029,FALSE,-0.458715197502532,-103.727627041531
"main_oos","Main OOS 2018--2023","NIKKEI",2022-03-28,1030,FALSE,-0.473454923600245,-104.201081965131
"main_oos","Main OOS 2018--2023","NIKKEI",2022-03-29,1031,FALSE,-0.317944943070237,-104.519026908201
"main_oos","Main OOS 2018--2023","NIKKEI",2022-03-30,1032,FALSE,-0.343408559975386,-104.862435468177
"main_oos","Main OOS 2018--2023","NIKKEI",2022-03-31,1033,FALSE,-0.204838166679746,-105.067273634857
"main_oos","Main OOS 2018--2023","NIKKEI",2022-04-01,1034,FALSE,-0.125354594415458,-105.192628229272
"main_oos","Main OOS 2018--2023","NIKKEI",2022-04-04,1035,FALSE,-0.055500579218299,-105.24812880849
"main_oos","Main OOS 2018--2023","NIKKEI",2022-04-05,1036,FALSE,-0.0630661453153127,-105.311194953806
"main_oos","Main OOS 2018--2023","NIKKEI",2022-04-06,1037,FALSE,-0.0612830943584064,-105.372478048164
"main_oos","Main OOS 2018--2023","NIKKEI",2022-04-07,1038,FALSE,0.0835435478875861,-105.288934500276
"main_oos","Main OOS 2018--2023","NIKKEI",2022-04-08,1039,FALSE,0.154317723483299,-105.134616776793
"main_oos","Main OOS 2018--2023","NIKKEI",2022-04-11,1040,FALSE,0.113954119014884,-105.020662657778
"main_oos","Main OOS 2018--2023","NIKKEI",2022-04-12,1041,FALSE,0.148266153211386,-104.872396504567
"main_oos","Main OOS 2018--2023","NIKKEI",2022-04-13,1042,FALSE,0.204537096644012,-104.667859407923
"main_oos","Main OOS 2018--2023","NIKKEI",2022-04-14,1043,FALSE,0.0239543973136227,-104.643905010609
"main_oos","Main OOS 2018--2023","NIKKEI",2022-04-15,1044,FALSE,-0.0608990860280065,-104.704804096637
"main_oos","Main OOS 2018--2023","NIKKEI",2022-04-18,1045,FALSE,-0.0459688280774384,-104.750772924715
"main_oos","Main OOS 2018--2023","NIKKEI",2022-04-19,1046,FALSE,0.0401337521017373,-104.710639172613
"main_oos","Main OOS 2018--2023","NIKKEI",2022-04-20,1047,FALSE,-0.0175965895641688,-104.728235762177
"main_oos","Main OOS 2018--2023","NIKKEI",2022-04-21,1048,FALSE,-0.0802401004445452,-104.808475862622
"main_oos","Main OOS 2018--2023","NIKKEI",2022-04-22,1049,FALSE,-0.162633882522946,-104.971109745145
"main_oos","Main OOS 2018--2023","NIKKEI",2022-04-25,1050,FALSE,0.0349927891585033,-104.936116955986
"main_oos","Main OOS 2018--2023","NIKKEI",2022-04-26,1051,FALSE,0.140422640684847,-104.795694315301
"main_oos","Main OOS 2018--2023","NIKKEI",2022-04-27,1052,FALSE,0.0853043015324384,-104.710390013769
"main_oos","Main OOS 2018--2023","NIKKEI",2022-04-28,1053,FALSE,0.143710734861443,-104.566679278907
"main_oos","Main OOS 2018--2023","NIKKEI",2022-05-02,1054,FALSE,-0.00314108957274417,-104.56982036848
"main_oos","Main OOS 2018--2023","NIKKEI",2022-05-06,1055,FALSE,-0.0121352311803022,-104.58195559966
"main_oos","Main OOS 2018--2023","NIKKEI",2022-05-09,1056,FALSE,1.58908640375181,-102.992869195909
"main_oos","Main OOS 2018--2023","NIKKEI",2022-05-10,1057,FALSE,0.140179394226335,-102.852689801682
"main_oos","Main OOS 2018--2023","NIKKEI",2022-05-11,1058,FALSE,0.140985304775441,-102.711704496907
"main_oos","Main OOS 2018--2023","NIKKEI",2022-05-12,1059,FALSE,0.10798913718771,-102.603715359719
"main_oos","Main OOS 2018--2023","NIKKEI",2022-05-13,1060,FALSE,0.180003595671451,-102.423711764048
"main_oos","Main OOS 2018--2023","NIKKEI",2022-05-16,1061,FALSE,-0.0412130867395715,-102.464924850787
"main_oos","Main OOS 2018--2023","NIKKEI",2022-05-17,1062,FALSE,-0.0737681195637507,-102.538692970351
"main_oos","Main OOS 2018--2023","NIKKEI",2022-05-18,1063,FALSE,-0.10214439189884,-102.64083736225
"main_oos","Main OOS 2018--2023","NIKKEI",2022-05-19,1064,FALSE,-0.152078202463822,-102.792915564714
"main_oos","Main OOS 2018--2023","NIKKEI",2022-05-20,1065,FALSE,0.0356511560497439,-102.757264408664
"main_oos","Main OOS 2018--2023","NIKKEI",2022-05-23,1066,FALSE,-0.0538820582587909,-102.811146466923
"main_oos","Main OOS 2018--2023","NIKKEI",2022-05-24,1067,FALSE,-0.112446859058507,-102.923593325981
"main_oos","Main OOS 2018--2023","NIKKEI",2022-05-25,1068,FALSE,-0.0256413493771972,-102.949234675358
"main_oos","Main OOS 2018--2023","NIKKEI",2022-05-26,1069,FALSE,-0.0097730528229234,-102.959007728181
"main_oos","Main OOS 2018--2023","NIKKEI",2022-05-27,1070,FALSE,0.0160492499768554,-102.942958478205
"main_oos","Main OOS 2018--2023","NIKKEI",2022-05-30,1071,FALSE,-0.0231474444827835,-102.966105922687
"main_oos","Main OOS 2018--2023","NIKKEI",2022-05-31,1072,FALSE,-0.205589136428345,-103.171695059116
"main_oos","Main OOS 2018--2023","NIKKEI",2022-06-01,1073,FALSE,-0.152032243576911,-103.323727302693
"main_oos","Main OOS 2018--2023","NIKKEI",2022-06-02,1074,FALSE,-0.18651160118921,-103.510238903882
"main_oos","Main OOS 2018--2023","NIKKEI",2022-06-03,1075,FALSE,-0.160515409755317,-103.670754313637
"main_oos","Main OOS 2018--2023","NIKKEI",2022-06-06,1076,FALSE,-0.238361084579175,-103.909115398216
"main_oos","Main OOS 2018--2023","NIKKEI",2022-06-07,1077,FALSE,-0.2511881627901,-104.160303561006
"main_oos","Main OOS 2018--2023","NIKKEI",2022-06-08,1078,FALSE,-0.252524838284812,-104.412828399291
"main_oos","Main OOS 2018--2023","NIKKEI",2022-06-09,1079,FALSE,-0.297771360164244,-104.710599759455
"main_oos","Main OOS 2018--2023","NIKKEI",2022-06-10,1080,FALSE,0.918808909856981,-103.791790849598
"main_oos","Main OOS 2018--2023","NIKKEI",2022-06-13,1081,FALSE,0.892702983471281,-102.899087866127
"main_oos","Main OOS 2018--2023","NIKKEI",2022-06-14,1082,FALSE,0.192518371031812,-102.706569495095
"main_oos","Main OOS 2018--2023","NIKKEI",2022-06-15,1083,FALSE,0.204287019757273,-102.502282475338
"main_oos","Main OOS 2018--2023","NIKKEI",2022-06-16,1084,FALSE,0.223245548162515,-102.279036927176
"main_oos","Main OOS 2018--2023","NIKKEI",2022-06-17,1085,FALSE,0.157130273200078,-102.121906653975
"main_oos","Main OOS 2018--2023","NIKKEI",2022-06-20,1086,FALSE,0.215523219156478,-101.906383434819
"main_oos","Main OOS 2018--2023","NIKKEI",2022-06-21,1087,FALSE,0.207053284939682,-101.699330149879
"main_oos","Main OOS 2018--2023","NIKKEI",2022-06-22,1088,FALSE,0.0534890555801755,-101.645841094299
"main_oos","Main OOS 2018--2023","NIKKEI",2022-06-23,1089,FALSE,0.056931622164937,-101.588909472134
"main_oos","Main OOS 2018--2023","NIKKEI",2022-06-24,1090,FALSE,0.0232729186124228,-101.565636553522
"main_oos","Main OOS 2018--2023","NIKKEI",2022-06-27,1091,FALSE,-0.0707684311444863,-101.636404984666
"main_oos","Main OOS 2018--2023","NIKKEI",2022-06-28,1092,FALSE,-0.155329482094411,-101.791734466761
"main_oos","Main OOS 2018--2023","NIKKEI",2022-06-29,1093,FALSE,-0.19087608721192,-101.982610553973
"main_oos","Main OOS 2018--2023","NIKKEI",2022-06-30,1094,FALSE,-0.0670987295016139,-102.049709283474
"main_oos","Main OOS 2018--2023","NIKKEI",2022-07-01,1095,FALSE,0.0639085415496012,-101.985800741925
"main_oos","Main OOS 2018--2023","NIKKEI",2022-07-04,1096,FALSE,0.147826391678036,-101.837974350247
"main_oos","Main OOS 2018--2023","NIKKEI",2022-07-05,1097,FALSE,0.0785563357621055,-101.759418014484
"main_oos","Main OOS 2018--2023","NIKKEI",2022-07-06,1098,FALSE,0.000966956136457142,-101.758451058348
"main_oos","Main OOS 2018--2023","NIKKEI",2022-07-07,1099,FALSE,0.0855632560620232,-101.672887802286
"main_oos","Main OOS 2018--2023","NIKKEI",2022-07-08,1100,FALSE,-0.029772699078197,-101.702660501364
"main_oos","Main OOS 2018--2023","NIKKEI",2022-07-11,1101,FALSE,-0.0543240235994089,-101.756984524964
"main_oos","Main OOS 2018--2023","NIKKEI",2022-07-12,1102,FALSE,-0.128045120645595,-101.885029645609
"main_oos","Main OOS 2018--2023","NIKKEI",2022-07-13,1103,FALSE,0.0455841554981036,-101.839445490111
"main_oos","Main OOS 2018--2023","NIKKEI",2022-07-14,1104,FALSE,-0.000183595753412646,-101.839629085865
"main_oos","Main OOS 2018--2023","NIKKEI",2022-07-15,1105,FALSE,-0.0403907812025071,-101.880019867067
"main_oos","Main OOS 2018--2023","NIKKEI",2022-07-19,1106,FALSE,-0.0683359298706774,-101.948355796938
"main_oos","Main OOS 2018--2023","NIKKEI",2022-07-20,1107,FALSE,-0.104704902861339,-102.053060699799
"main_oos","Main OOS 2018--2023","NIKKEI",2022-07-21,1108,FALSE,-0.307482691481742,-102.360543391281
"main_oos","Main OOS 2018--2023","NIKKEI",2022-07-22,1109,FALSE,-0.315252933477897,-102.675796324759
"main_oos","Main OOS 2018--2023","NIKKEI",2022-07-25,1110,FALSE,-0.320402858263407,-102.996199183022
"main_oos","Main OOS 2018--2023","NIKKEI",2022-07-26,1111,FALSE,-0.172736992661244,-103.168936175683
"main_oos","Main OOS 2018--2023","NIKKEI",2022-07-27,1112,FALSE,-0.153366549786773,-103.32230272547
"main_oos","Main OOS 2018--2023","NIKKEI",2022-07-28,1113,FALSE,-0.144872134176629,-103.467174859647
"main_oos","Main OOS 2018--2023","NIKKEI",2022-07-29,1114,FALSE,-0.140288369258553,-103.607463228905
"main_oos","Main OOS 2018--2023","NIKKEI",2022-08-01,1115,FALSE,-0.112203439791867,-103.719666668697
"main_oos","Main OOS 2018--2023","NIKKEI",2022-08-02,1116,FALSE,-0.154393646336428,-103.874060315034
"main_oos","Main OOS 2018--2023","NIKKEI",2022-08-03,1117,FALSE,0.0507010114260737,-103.823359303607
"main_oos","Main OOS 2018--2023","NIKKEI",2022-08-04,1118,FALSE,0.0015842662790051,-103.821775037328
"main_oos","Main OOS 2018--2023","NIKKEI",2022-08-05,1119,FALSE,-0.0483613394336657,-103.870136376762
"main_oos","Main OOS 2018--2023","NIKKEI",2022-08-08,1120,FALSE,-0.115060485826511,-103.985196862589
"main_oos","Main OOS 2018--2023","NIKKEI",2022-08-09,1121,FALSE,-0.11843355849374,-104.103630421082
"main_oos","Main OOS 2018--2023","NIKKEI",2022-08-10,1122,FALSE,0.0125102026806145,-104.091120218402
"main_oos","Main OOS 2018--2023","NIKKEI",2022-08-12,1123,FALSE,0.0754241687188486,-104.015696049683
"main_oos","Main OOS 2018--2023","NIKKEI",2022-08-15,1124,FALSE,-0.207662259312444,-104.223358308995
"main_oos","Main OOS 2018--2023","NIKKEI",2022-08-16,1125,FALSE,-0.260104485641149,-104.483462794637
"main_oos","Main OOS 2018--2023","NIKKEI",2022-08-17,1126,FALSE,-0.250939399318596,-104.734402193955
"main_oos","Main OOS 2018--2023","NIKKEI",2022-08-18,1127,FALSE,-0.305975900846485,-105.040378094802
"main_oos","Main OOS 2018--2023","NIKKEI",2022-08-19,1128,FALSE,-0.132919982841129,-105.173298077643
"main_oos","Main OOS 2018--2023","NIKKEI",2022-08-22,1129,FALSE,-0.13479745345229,-105.308095531095
"main_oos","Main OOS 2018--2023","NIKKEI",2022-08-23,1130,FALSE,-0.0594308094579112,-105.367526340553
"main_oos","Main OOS 2018--2023","NIKKEI",2022-08-24,1131,FALSE,0.0512394457845042,-105.316286894768
"main_oos","Main OOS 2018--2023","NIKKEI",2022-08-25,1132,FALSE,0.0753836886506063,-105.240903206118
"main_oos","Main OOS 2018--2023","NIKKEI",2022-08-26,1133,FALSE,0.0403091280550303,-105.200594078063
"main_oos","Main OOS 2018--2023","NIKKEI",2022-08-29,1134,FALSE,-0.131439124522689,-105.332033202585
"main_oos","Main OOS 2018--2023","NIKKEI",2022-08-30,1135,FALSE,0.203219616112903,-105.128813586473
"main_oos","Main OOS 2018--2023","NIKKEI",2022-08-31,1136,FALSE,0.104354132014828,-105.024459454458
"main_oos","Main OOS 2018--2023","NIKKEI",2022-09-01,1137,FALSE,0.106843817522434,-104.917615636935
"main_oos","Main OOS 2018--2023","NIKKEI",2022-09-02,1138,FALSE,0.164435624617629,-104.753180012318
"main_oos","Main OOS 2018--2023","NIKKEI",2022-09-05,1139,FALSE,0.138660111957454,-104.61451990036
"main_oos","Main OOS 2018--2023","NIKKEI",2022-09-06,1140,FALSE,0.137331792348917,-104.477188108011
"main_oos","Main OOS 2018--2023","NIKKEI",2022-09-07,1141,FALSE,0.122665490284845,-104.354522617726
"main_oos","Main OOS 2018--2023","NIKKEI",2022-09-08,1142,FALSE,0.164529346102856,-104.189993271624
"main_oos","Main OOS 2018--2023","NIKKEI",2022-09-09,1143,FALSE,-0.091105262880042,-104.281098534504
"main_oos","Main OOS 2018--2023","NIKKEI",2022-09-12,1144,FALSE,-0.108333301758983,-104.389431836263
"main_oos","Main OOS 2018--2023","NIKKEI",2022-09-13,1145,FALSE,-0.181172055462639,-104.570603891725
"main_oos","Main OOS 2018--2023","NIKKEI",2022-09-14,1146,FALSE,7.07085630552878,-97.4997475861965
"main_oos","Main OOS 2018--2023","NIKKEI",2022-09-15,1147,FALSE,0.094509288590257,-97.4052382976062
"main_oos","Main OOS 2018--2023","NIKKEI",2022-09-16,1148,FALSE,0.058251210930035,-97.3469870866762
"main_oos","Main OOS 2018--2023","NIKKEI",2022-09-20,1149,FALSE,0.12157106245149,-97.2254160242247
"main_oos","Main OOS 2018--2023","NIKKEI",2022-09-21,1150,FALSE,0.0879487709733504,-97.1374672532514
"main_oos","Main OOS 2018--2023","NIKKEI",2022-09-22,1151,FALSE,0.145951577473896,-96.9915156757775
"main_oos","Main OOS 2018--2023","NIKKEI",2022-09-26,1152,FALSE,-1.45977379849355,-98.451289474271
"main_oos","Main OOS 2018--2023","NIKKEI",2022-09-27,1153,FALSE,0.223889451668067,-98.227400022603
"main_oos","Main OOS 2018--2023","NIKKEI",2022-09-28,1154,FALSE,0.16791309906454,-98.0594869235384
"main_oos","Main OOS 2018--2023","NIKKEI",2022-09-29,1155,FALSE,0.21274620309863,-97.8467407204398
"main_oos","Main OOS 2018--2023","NIKKEI",2022-09-30,1156,FALSE,0.140668068476723,-97.706072651963
"main_oos","Main OOS 2018--2023","NIKKEI",2022-10-03,1157,FALSE,0.21201964500063,-97.4940530069624
"main_oos","Main OOS 2018--2023","NIKKEI",2022-10-04,1158,FALSE,0.128377748923358,-97.3656752580391
"main_oos","Main OOS 2018--2023","NIKKEI",2022-10-05,1159,FALSE,-0.0892096273629406,-97.454884885402
"main_oos","Main OOS 2018--2023","NIKKEI",2022-10-06,1160,FALSE,-0.11400712348212,-97.5688920088841
"main_oos","Main OOS 2018--2023","NIKKEI",2022-10-07,1161,FALSE,-0.154458195927648,-97.7233502048118
"main_oos","Main OOS 2018--2023","NIKKEI",2022-10-11,1162,FALSE,0.640872184966176,-97.0824780198456
"main_oos","Main OOS 2018--2023","NIKKEI",2022-10-12,1163,FALSE,0.0961809081041314,-96.9862971117415
"main_oos","Main OOS 2018--2023","NIKKEI",2022-10-13,1164,FALSE,0.0650143113296897,-96.9212828004118
"main_oos","Main OOS 2018--2023","NIKKEI",2022-10-14,1165,FALSE,0.0964000041586051,-96.8248827962532
"main_oos","Main OOS 2018--2023","NIKKEI",2022-10-17,1166,FALSE,-0.1669449008034,-96.9918276970566
"main_oos","Main OOS 2018--2023","NIKKEI",2022-10-18,1167,FALSE,-0.0561845595098496,-97.0480122565664
"main_oos","Main OOS 2018--2023","NIKKEI",2022-10-19,1168,FALSE,-0.132322055013047,-97.1803343115795
"main_oos","Main OOS 2018--2023","NIKKEI",2022-10-20,1169,FALSE,-0.149024546119985,-97.3293588576995
"main_oos","Main OOS 2018--2023","NIKKEI",2022-10-21,1170,FALSE,-0.0552120597448216,-97.3845709174443
"main_oos","Main OOS 2018--2023","NIKKEI",2022-10-24,1171,FALSE,-0.0185477311275442,-97.4031186485718
"main_oos","Main OOS 2018--2023","NIKKEI",2022-10-25,1172,FALSE,-0.0343272400907964,-97.4374458886626
"main_oos","Main OOS 2018--2023","NIKKEI",2022-10-26,1173,FALSE,-0.0935344459170817,-97.5309803345797
"main_oos","Main OOS 2018--2023","NIKKEI",2022-10-27,1174,FALSE,-0.122332994123026,-97.6533133287027
"main_oos","Main OOS 2018--2023","NIKKEI",2022-10-28,1175,FALSE,-0.0711911808039682,-97.7245045095067
"main_oos","Main OOS 2018--2023","NIKKEI",2022-10-31,1176,FALSE,0.0176283888589646,-97.7068761206477
"main_oos","Main OOS 2018--2023","NIKKEI",2022-11-01,1177,FALSE,-0.145392867063648,-97.8522689877114
"main_oos","Main OOS 2018--2023","NIKKEI",2022-11-02,1178,FALSE,-0.155377942068103,-98.0076469297795
"main_oos","Main OOS 2018--2023","NIKKEI",2022-11-04,1179,FALSE,-0.143497035796506,-98.151143965576
"main_oos","Main OOS 2018--2023","NIKKEI",2022-11-07,1180,FALSE,0.019257163345153,-98.1318868022308
"main_oos","Main OOS 2018--2023","NIKKEI",2022-11-08,1181,FALSE,-0.0648422386099865,-98.1967290408408
"main_oos","Main OOS 2018--2023","NIKKEI",2022-11-09,1182,FALSE,-0.136907687285241,-98.333636728126
"main_oos","Main OOS 2018--2023","NIKKEI",2022-11-10,1183,FALSE,-0.0653076616099839,-98.398944389736
"main_oos","Main OOS 2018--2023","NIKKEI",2022-11-11,1184,FALSE,0.0142475217525346,-98.3846968679835
"main_oos","Main OOS 2018--2023","NIKKEI",2022-11-14,1185,FALSE,-0.235707435168973,-98.6204043031525
"main_oos","Main OOS 2018--2023","NIKKEI",2022-11-15,1186,FALSE,-0.114171114718479,-98.7345754178709
"main_oos","Main OOS 2018--2023","NIKKEI",2022-11-16,1187,FALSE,-0.131657143003358,-98.8662325608743
"main_oos","Main OOS 2018--2023","NIKKEI",2022-11-17,1188,FALSE,-0.137859928760019,-99.0040924896343
"main_oos","Main OOS 2018--2023","NIKKEI",2022-11-18,1189,FALSE,-0.0861317107994903,-99.0902242004338
"main_oos","Main OOS 2018--2023","NIKKEI",2022-11-21,1190,FALSE,-0.0605744826850527,-99.1507986831189
"main_oos","Main OOS 2018--2023","NIKKEI",2022-11-22,1191,FALSE,-0.046359301287626,-99.1971579844065
"main_oos","Main OOS 2018--2023","NIKKEI",2022-11-24,1192,FALSE,-0.0717600223598747,-99.2689180067663
"main_oos","Main OOS 2018--2023","NIKKEI",2022-11-25,1193,FALSE,-0.144159686288548,-99.4130776930549
"main_oos","Main OOS 2018--2023","NIKKEI",2022-11-28,1194,FALSE,-0.0653298529302799,-99.4784075459852
"main_oos","Main OOS 2018--2023","NIKKEI",2022-11-29,1195,FALSE,-0.000351944518228731,-99.4787594905034
"main_oos","Main OOS 2018--2023","NIKKEI",2022-11-30,1196,FALSE,0.0547319205761947,-99.4240275699272
"main_oos","Main OOS 2018--2023","NIKKEI",2022-12-01,1197,FALSE,0.0795077264070356,-99.3445198435202
"main_oos","Main OOS 2018--2023","NIKKEI",2022-12-02,1198,FALSE,-0.0131707843265458,-99.3576906278467
"main_oos","Main OOS 2018--2023","NIKKEI",2022-12-05,1199,FALSE,0.13926569543491,-99.2184249324118
"main_oos","Main OOS 2018--2023","NIKKEI",2022-12-06,1200,FALSE,0.103606757349488,-99.1148181750623
"main_oos","Main OOS 2018--2023","NIKKEI",2022-12-07,1201,FALSE,0.0903672015806407,-99.0244509734817
"main_oos","Main OOS 2018--2023","NIKKEI",2022-12-08,1202,FALSE,0.147218398877732,-98.877232574604
"main_oos","Main OOS 2018--2023","NIKKEI",2022-12-09,1203,FALSE,0.173458725150704,-98.7037738494533
"main_oos","Main OOS 2018--2023","NIKKEI",2022-12-12,1204,FALSE,0.0439038437109827,-98.6598700057423
"main_oos","Main OOS 2018--2023","NIKKEI",2022-12-13,1205,FALSE,0.0744596115033771,-98.5854103942389
"main_oos","Main OOS 2018--2023","NIKKEI",2022-12-14,1206,FALSE,0.0452928091528157,-98.5401175850861
"main_oos","Main OOS 2018--2023","NIKKEI",2022-12-15,1207,FALSE,-0.0141863851975141,-98.5543039702836
"main_oos","Main OOS 2018--2023","NIKKEI",2022-12-16,1208,FALSE,-1.2290425439534,-99.783346514237
"main_oos","Main OOS 2018--2023","NIKKEI",2022-12-19,1209,FALSE,0.184078096254128,-99.5992684179829
"main_oos","Main OOS 2018--2023","NIKKEI",2022-12-20,1210,FALSE,-2.99154744677436,-102.590815864757
"main_oos","Main OOS 2018--2023","NIKKEI",2022-12-21,1211,FALSE,0.286069462475488,-102.304746402282
"main_oos","Main OOS 2018--2023","NIKKEI",2022-12-22,1212,FALSE,0.274800282770046,-102.029946119512
"main_oos","Main OOS 2018--2023","NIKKEI",2022-12-23,1213,FALSE,0.217022718961561,-101.81292340055
"main_oos","Main OOS 2018--2023","NIKKEI",2022-12-26,1214,FALSE,0.238180697524525,-101.574742703026
"main_oos","Main OOS 2018--2023","NIKKEI",2022-12-27,1215,FALSE,0.176495292851897,-101.398247410174
"main_oos","Main OOS 2018--2023","NIKKEI",2022-12-28,1216,FALSE,0.153087871352709,-101.245159538821
"main_oos","Main OOS 2018--2023","NIKKEI",2022-12-29,1217,FALSE,0.166235818388816,-101.078923720432
"main_oos","Main OOS 2018--2023","NIKKEI",2022-12-30,1218,FALSE,0.20313976896848,-100.875783951464
"main_oos","Main OOS 2018--2023","NIKKEI",2023-01-04,1219,FALSE,0.146818685735714,-100.728965265728
"main_oos","Main OOS 2018--2023","NIKKEI",2023-01-05,1220,FALSE,0.21946707316378,-100.509498192564
"main_oos","Main OOS 2018--2023","NIKKEI",2023-01-06,1221,FALSE,0.164138781763397,-100.345359410801
"main_oos","Main OOS 2018--2023","NIKKEI",2023-01-10,1222,FALSE,0.112801380794687,-100.232558030006
"main_oos","Main OOS 2018--2023","NIKKEI",2023-01-11,1223,FALSE,0.0404798643455033,-100.192078165661
"main_oos","Main OOS 2018--2023","NIKKEI",2023-01-12,1224,FALSE,-0.0414140974989494,-100.23349226316
"main_oos","Main OOS 2018--2023","NIKKEI",2023-01-13,1225,FALSE,-0.061336893976701,-100.294829157136
"main_oos","Main OOS 2018--2023","NIKKEI",2023-01-16,1226,FALSE,0.0861254298147478,-100.208703727322
"main_oos","Main OOS 2018--2023","NIKKEI",2023-01-17,1227,FALSE,0.154233568926844,-100.054470158395
"main_oos","Main OOS 2018--2023","NIKKEI",2023-01-18,1228,FALSE,0.0406893758137585,-100.013780782581
"main_oos","Main OOS 2018--2023","NIKKEI",2023-01-19,1229,FALSE,-0.13791388401556,-100.151694666596
"main_oos","Main OOS 2018--2023","NIKKEI",2023-01-20,1230,FALSE,0.0193173923768608,-100.13237727422
"main_oos","Main OOS 2018--2023","NIKKEI",2023-01-23,1231,FALSE,-0.0340609072010589,-100.166438181421
"main_oos","Main OOS 2018--2023","NIKKEI",2023-01-24,1232,FALSE,-0.113573169893703,-100.280011351314
"main_oos","Main OOS 2018--2023","NIKKEI",2023-01-25,1233,FALSE,-0.187752482797314,-100.467763834112
"main_oos","Main OOS 2018--2023","NIKKEI",2023-01-26,1234,FALSE,-0.2211695298296,-100.688933363941
"main_oos","Main OOS 2018--2023","NIKKEI",2023-01-27,1235,FALSE,-0.206618185598391,-100.89555154954
"main_oos","Main OOS 2018--2023","NIKKEI",2023-01-30,1236,FALSE,-0.217938515301503,-101.113490064841
"main_oos","Main OOS 2018--2023","NIKKEI",2023-01-31,1237,FALSE,-0.222266324305566,-101.335756389147
"main_oos","Main OOS 2018--2023","NIKKEI",2023-02-01,1238,FALSE,-0.121211230183923,-101.456967619331
"main_oos","Main OOS 2018--2023","NIKKEI",2023-02-02,1239,FALSE,-0.112415562546743,-101.569383181877
"main_oos","Main OOS 2018--2023","NIKKEI",2023-02-03,1240,FALSE,-0.104800182315628,-101.674183364193
"main_oos","Main OOS 2018--2023","NIKKEI",2023-02-06,1241,FALSE,-0.111874960140125,-101.786058324333
"main_oos","Main OOS 2018--2023","NIKKEI",2023-02-07,1242,FALSE,-0.153385582714918,-101.939443907048
"main_oos","Main OOS 2018--2023","NIKKEI",2023-02-08,1243,FALSE,-0.123011675239159,-102.062455582287
"main_oos","Main OOS 2018--2023","NIKKEI",2023-02-09,1244,FALSE,-0.0382506532904061,-102.100706235578
"main_oos","Main OOS 2018--2023","NIKKEI",2023-02-10,1245,FALSE,-0.0165688050144286,-102.117275040592
"main_oos","Main OOS 2018--2023","NIKKEI",2023-02-13,1246,FALSE,-0.0180970039605923,-102.135372044553
"main_oos","Main OOS 2018--2023","NIKKEI",2023-02-14,1247,FALSE,0.10085971616196,-102.034512328391
"main_oos","Main OOS 2018--2023","NIKKEI",2023-02-15,1248,FALSE,0.0238059346915385,-102.010706393699
"main_oos","Main OOS 2018--2023","NIKKEI",2023-02-16,1249,FALSE,0.0887227782561033,-101.921983615443
"main_oos","Main OOS 2018--2023","NIKKEI",2023-02-17,1250,FALSE,0.00614415679901703,-101.915839458644
"main_oos","Main OOS 2018--2023","NIKKEI",2023-02-20,1251,FALSE,0.0959991867366485,-101.819840271907
"main_oos","Main OOS 2018--2023","NIKKEI",2023-02-21,1252,FALSE,0.0836705635433921,-101.736169708364
"main_oos","Main OOS 2018--2023","NIKKEI",2023-02-22,1253,FALSE,0.121584903879105,-101.614584804485
"main_oos","Main OOS 2018--2023","NIKKEI",2023-02-24,1254,FALSE,0.214079709532496,-101.400505094952
"main_oos","Main OOS 2018--2023","NIKKEI",2023-02-27,1255,FALSE,0.046536265496425,-101.353968829456
"main_oos","Main OOS 2018--2023","NIKKEI",2023-02-28,1256,FALSE,0.0626246253979255,-101.291344204058
"main_oos","Main OOS 2018--2023","NIKKEI",2023-03-01,1257,FALSE,0.0798014932361049,-101.211542710822
"main_oos","Main OOS 2018--2023","NIKKEI",2023-03-02,1258,FALSE,0.0595316183132573,-101.152011092509
"main_oos","Main OOS 2018--2023","NIKKEI",2023-03-03,1259,FALSE,0.0726470242446684,-101.079364068264
"main_oos","Main OOS 2018--2023","NIKKEI",2023-03-06,1260,FALSE,-0.120901728122965,-101.200265796387
"main_oos","Main OOS 2018--2023","NIKKEI",2023-03-07,1261,FALSE,-0.188138508291315,-101.388404304678
"main_oos","Main OOS 2018--2023","NIKKEI",2023-03-08,1262,FALSE,-0.198463223680058,-101.586867528358
"main_oos","Main OOS 2018--2023","NIKKEI",2023-03-09,1263,FALSE,-0.210807893509675,-101.797675421868
"main_oos","Main OOS 2018--2023","NIKKEI",2023-03-10,1264,FALSE,4.87742975488536,-96.9202456669827
"main_oos","Main OOS 2018--2023","NIKKEI",2023-03-13,1265,FALSE,0.0458887074091543,-96.8743569595735
"main_oos","Main OOS 2018--2023","NIKKEI",2023-03-14,1266,FALSE,0.118456622092983,-96.7559003374805
"main_oos","Main OOS 2018--2023","NIKKEI",2023-03-15,1267,FALSE,0.207917907143036,-96.5479824303375
"main_oos","Main OOS 2018--2023","NIKKEI",2023-03-16,1268,FALSE,0.151179109280926,-96.3968033210566
"main_oos","Main OOS 2018--2023","NIKKEI",2023-03-17,1269,FALSE,0.181748463570568,-96.215054857486
"main_oos","Main OOS 2018--2023","NIKKEI",2023-03-20,1270,FALSE,0.0737890194943118,-96.1412658379917
"main_oos","Main OOS 2018--2023","NIKKEI",2023-03-22,1271,FALSE,0.154354768879432,-95.9869110691122
"main_oos","Main OOS 2018--2023","NIKKEI",2023-03-23,1272,FALSE,-0.010553523270266,-95.9974645923825
"main_oos","Main OOS 2018--2023","NIKKEI",2023-03-24,1273,FALSE,-0.0158028238651027,-96.0132674162476
"main_oos","Main OOS 2018--2023","NIKKEI",2023-03-27,1274,FALSE,-0.026451643683804,-96.0397190599314
"main_oos","Main OOS 2018--2023","NIKKEI",2023-03-28,1275,FALSE,-0.0445457759509817,-96.0842648358824
"main_oos","Main OOS 2018--2023","NIKKEI",2023-03-29,1276,FALSE,-0.0489792607281094,-96.1332440966105
"main_oos","Main OOS 2018--2023","NIKKEI",2023-03-30,1277,FALSE,-0.145216012787215,-96.2784601093977
"main_oos","Main OOS 2018--2023","NIKKEI",2023-03-31,1278,FALSE,-0.0885633292013914,-96.3670234385991
"main_oos","Main OOS 2018--2023","NIKKEI",2023-04-03,1279,FALSE,-0.153557934912572,-96.5205813735117
"main_oos","Main OOS 2018--2023","NIKKEI",2023-04-04,1280,FALSE,-0.168156415282023,-96.6887377887937
"main_oos","Main OOS 2018--2023","NIKKEI",2023-04-05,1281,FALSE,1.52510823396858,-95.1636295548251
"main_oos","Main OOS 2018--2023","NIKKEI",2023-04-06,1282,FALSE,0.0415822510075874,-95.1220473038175
"main_oos","Main OOS 2018--2023","NIKKEI",2023-04-07,1283,FALSE,0.110680796349292,-95.0113665074682
"main_oos","Main OOS 2018--2023","NIKKEI",2023-04-10,1284,FALSE,0.0836340659545762,-94.9277324415137
"main_oos","Main OOS 2018--2023","NIKKEI",2023-04-11,1285,FALSE,0.0542339527240747,-94.8734984887896
"main_oos","Main OOS 2018--2023","NIKKEI",2023-04-12,1286,FALSE,-0.0393011940536845,-94.9127996828433
"main_oos","Main OOS 2018--2023","NIKKEI",2023-04-13,1287,FALSE,-0.0672399378050814,-94.9800396206484
"main_oos","Main OOS 2018--2023","NIKKEI",2023-04-14,1288,FALSE,-0.0688973161080324,-95.0489369367564
"main_oos","Main OOS 2018--2023","NIKKEI",2023-04-17,1289,FALSE,-0.170529428394887,-95.2194663651513
"main_oos","Main OOS 2018--2023","NIKKEI",2023-04-18,1290,FALSE,-0.172826902258663,-95.3922932674099
"main_oos","Main OOS 2018--2023","NIKKEI",2023-04-19,1291,FALSE,-0.186497870322332,-95.5787911377323
"main_oos","Main OOS 2018--2023","NIKKEI",2023-04-20,1292,FALSE,-0.136539885835823,-95.7153310235681
"main_oos","Main OOS 2018--2023","NIKKEI",2023-04-21,1293,FALSE,-0.131496490041356,-95.8468275136094
"main_oos","Main OOS 2018--2023","NIKKEI",2023-04-24,1294,FALSE,-0.0522090636521018,-95.8990365772615
"main_oos","Main OOS 2018--2023","NIKKEI",2023-04-25,1295,FALSE,-0.0441048556076082,-95.9431414328692
"main_oos","Main OOS 2018--2023","NIKKEI",2023-04-26,1296,FALSE,-0.0257893261272555,-95.9689307589964
"main_oos","Main OOS 2018--2023","NIKKEI",2023-04-27,1297,FALSE,0.0692798146430031,-95.8996509443534
"main_oos","Main OOS 2018--2023","NIKKEI",2023-04-28,1298,FALSE,0.0600220389093273,-95.8396289054441
"main_oos","Main OOS 2018--2023","NIKKEI",2023-05-01,1299,FALSE,-0.149745550769215,-95.9893744562133
"main_oos","Main OOS 2018--2023","NIKKEI",2023-05-02,1300,FALSE,-0.211144450621529,-96.2005189068348
"main_oos","Main OOS 2018--2023","NIKKEI",2023-05-08,1301,FALSE,-0.214094455953318,-96.4146133627881
"main_oos","Main OOS 2018--2023","NIKKEI",2023-05-09,1302,FALSE,-0.0675005799656758,-96.4821139427538
"main_oos","Main OOS 2018--2023","NIKKEI",2023-05-10,1303,FALSE,-0.15907488396463,-96.6411888267185
"main_oos","Main OOS 2018--2023","NIKKEI",2023-05-11,1304,FALSE,-0.0809987903494311,-96.7221876170679
"main_oos","Main OOS 2018--2023","NIKKEI",2023-05-12,1305,FALSE,-0.0920250039934727,-96.8142126210614
"main_oos","Main OOS 2018--2023","NIKKEI",2023-05-15,1306,FALSE,-0.164314546931002,-96.9785271679924
"main_oos","Main OOS 2018--2023","NIKKEI",2023-05-16,1307,FALSE,-0.205660028156947,-97.1841871961493
"main_oos","Main OOS 2018--2023","NIKKEI",2023-05-17,1308,FALSE,-0.23621763379445,-97.4204048299437
"main_oos","Main OOS 2018--2023","NIKKEI",2023-05-18,1309,FALSE,-0.279125349908863,-97.6995301798526
"main_oos","Main OOS 2018--2023","NIKKEI",2023-05-19,1310,FALSE,-0.382017556084865,-98.0815477359375
"main_oos","Main OOS 2018--2023","NIKKEI",2023-05-22,1311,FALSE,-0.392513513115104,-98.4740612490526
"main_oos","Main OOS 2018--2023","NIKKEI",2023-05-23,1312,FALSE,-0.409183385032639,-98.8832446340852
"main_oos","Main OOS 2018--2023","NIKKEI",2023-05-24,1313,FALSE,-0.292547918603946,-99.1757925526892
"main_oos","Main OOS 2018--2023","NIKKEI",2023-05-25,1314,FALSE,-0.122194418609688,-99.2979869712989
"main_oos","Main OOS 2018--2023","NIKKEI",2023-05-26,1315,FALSE,-0.14216945512898,-99.4401564264278
"main_oos","Main OOS 2018--2023","NIKKEI",2023-05-29,1316,FALSE,-0.145421080437275,-99.5855775068651
"main_oos","Main OOS 2018--2023","NIKKEI",2023-05-30,1317,FALSE,-0.209010954343087,-99.7945884612082
"main_oos","Main OOS 2018--2023","NIKKEI",2023-05-31,1318,FALSE,-0.21165266921321,-100.006241130421
"main_oos","Main OOS 2018--2023","NIKKEI",2023-06-01,1319,FALSE,-0.00793988546329949,-100.014181015885
"main_oos","Main OOS 2018--2023","NIKKEI",2023-06-02,1320,FALSE,-0.0705022407639717,-100.084683256649
"main_oos","Main OOS 2018--2023","NIKKEI",2023-06-05,1321,FALSE,-0.167916982684997,-100.252600239334
"main_oos","Main OOS 2018--2023","NIKKEI",2023-06-06,1322,FALSE,-0.327091548016021,-100.57969178735
"main_oos","Main OOS 2018--2023","NIKKEI",2023-06-07,1323,FALSE,0.423158845849441,-100.1565329415
"main_oos","Main OOS 2018--2023","NIKKEI",2023-06-08,1324,FALSE,-0.0667746665594959,-100.22330760806
"main_oos","Main OOS 2018--2023","NIKKEI",2023-06-09,1325,FALSE,-0.0050134982992267,-100.228321106359
"main_oos","Main OOS 2018--2023","NIKKEI",2023-06-12,1326,FALSE,-0.148108925057752,-100.376430031417
"main_oos","Main OOS 2018--2023","NIKKEI",2023-06-13,1327,FALSE,-0.164159538560659,-100.540589569977
"main_oos","Main OOS 2018--2023","NIKKEI",2023-06-14,1328,FALSE,-0.267736970138883,-100.808326540116
"main_oos","Main OOS 2018--2023","NIKKEI",2023-06-15,1329,FALSE,-0.318599791928348,-101.126926332045
"main_oos","Main OOS 2018--2023","NIKKEI",2023-06-16,1330,FALSE,-0.311218027649561,-101.438144359694
"main_oos","Main OOS 2018--2023","NIKKEI",2023-06-19,1331,FALSE,-0.319177204775454,-101.75732156447
"main_oos","Main OOS 2018--2023","NIKKEI",2023-06-20,1332,FALSE,-0.155340967404457,-101.912662531874
"main_oos","Main OOS 2018--2023","NIKKEI",2023-06-21,1333,FALSE,-0.16045512117649,-102.073117653051
"main_oos","Main OOS 2018--2023","NIKKEI",2023-06-22,1334,FALSE,-0.177684116757255,-102.250801769808
"main_oos","Main OOS 2018--2023","NIKKEI",2023-06-23,1335,FALSE,-0.0462557643148227,-102.297057534123
"main_oos","Main OOS 2018--2023","NIKKEI",2023-06-26,1336,FALSE,0.0623183538546757,-102.234739180268
"main_oos","Main OOS 2018--2023","NIKKEI",2023-06-27,1337,FALSE,0.0691027893348042,-102.165636390933
"main_oos","Main OOS 2018--2023","NIKKEI",2023-06-28,1338,FALSE,0.103508316282982,-102.06212807465
"main_oos","Main OOS 2018--2023","NIKKEI",2023-06-29,1339,FALSE,-0.0960303656027144,-102.158158440253
"main_oos","Main OOS 2018--2023","NIKKEI",2023-06-30,1340,FALSE,-0.0977983631219703,-102.255956803375
"main_oos","Main OOS 2018--2023","NIKKEI",2023-07-03,1341,FALSE,-0.0830557138631622,-102.339012517238
"main_oos","Main OOS 2018--2023","NIKKEI",2023-07-04,1342,FALSE,-0.210384795367686,-102.549397312606
"main_oos","Main OOS 2018--2023","NIKKEI",2023-07-05,1343,FALSE,-0.0667401959691625,-102.616137508575
"main_oos","Main OOS 2018--2023","NIKKEI",2023-07-06,1344,FALSE,-0.0399789510736519,-102.656116459649
"main_oos","Main OOS 2018--2023","NIKKEI",2023-07-07,1345,FALSE,0.0904162299443194,-102.565700229704
"main_oos","Main OOS 2018--2023","NIKKEI",2023-07-10,1346,FALSE,0.13502717258713,-102.430673057117
"main_oos","Main OOS 2018--2023","NIKKEI",2023-07-11,1347,FALSE,0.149151352457829,-102.281521704659
"main_oos","Main OOS 2018--2023","NIKKEI",2023-07-12,1348,FALSE,0.121762085972719,-102.159759618686
"main_oos","Main OOS 2018--2023","NIKKEI",2023-07-13,1349,FALSE,0.160464893358421,-101.999294725328
"main_oos","Main OOS 2018--2023","NIKKEI",2023-07-14,1350,FALSE,0.0153171797343716,-101.983977545594
"main_oos","Main OOS 2018--2023","NIKKEI",2023-07-18,1351,FALSE,0.0195392257949392,-101.964438319799
"main_oos","Main OOS 2018--2023","NIKKEI",2023-07-19,1352,FALSE,-0.00189022250162929,-101.9663285423
"main_oos","Main OOS 2018--2023","NIKKEI",2023-07-20,1353,FALSE,-0.0978080901258174,-102.064136632426
"main_oos","Main OOS 2018--2023","NIKKEI",2023-07-21,1354,FALSE,0.0355837689738039,-102.028552863452
"main_oos","Main OOS 2018--2023","NIKKEI",2023-07-24,1355,FALSE,0.0670173452005245,-101.961535518252
"main_oos","Main OOS 2018--2023","NIKKEI",2023-07-25,1356,FALSE,-0.0371376104353713,-101.998673128687
"main_oos","Main OOS 2018--2023","NIKKEI",2023-07-26,1357,FALSE,-0.0262085490598936,-102.024881677747
"main_oos","Main OOS 2018--2023","NIKKEI",2023-07-27,1358,FALSE,-0.0249498089902085,-102.049831486737
"main_oos","Main OOS 2018--2023","NIKKEI",2023-07-28,1359,FALSE,-0.0617651796885141,-102.111596666426
"main_oos","Main OOS 2018--2023","NIKKEI",2023-07-31,1360,FALSE,0.00757780936738217,-102.104018857058
"main_oos","Main OOS 2018--2023","NIKKEI",2023-08-01,1361,FALSE,-0.122028201357067,-102.226047058416
"main_oos","Main OOS 2018--2023","NIKKEI",2023-08-02,1362,FALSE,6.2863944762564,-95.9396525821592
"main_oos","Main OOS 2018--2023","NIKKEI",2023-08-03,1363,FALSE,0.0844522521836018,-95.8552003299756
"main_oos","Main OOS 2018--2023","NIKKEI",2023-08-04,1364,FALSE,0.154485580163605,-95.700714749812
"main_oos","Main OOS 2018--2023","NIKKEI",2023-08-07,1365,FALSE,0.112230085683472,-95.5884846641285
"main_oos","Main OOS 2018--2023","NIKKEI",2023-08-08,1366,FALSE,0.0859981489103454,-95.5024865152181
"main_oos","Main OOS 2018--2023","NIKKEI",2023-08-09,1367,FALSE,0.0612841507719404,-95.4412023644462
"main_oos","Main OOS 2018--2023","NIKKEI",2023-08-10,1368,FALSE,0.111909688292546,-95.3292926761536
"main_oos","Main OOS 2018--2023","NIKKEI",2023-08-14,1369,FALSE,0.0418968974238818,-95.2873957787298
"main_oos","Main OOS 2018--2023","NIKKEI",2023-08-15,1370,FALSE,0.128613102789906,-95.1587826759399
"main_oos","Main OOS 2018--2023","NIKKEI",2023-08-16,1371,FALSE,0.0860704001898842,-95.07271227575
"main_oos","Main OOS 2018--2023","NIKKEI",2023-08-17,1372,FALSE,0.167298360482915,-94.9054139152671
"main_oos","Main OOS 2018--2023","NIKKEI",2023-08-18,1373,FALSE,0.178025184062055,-94.727388731205
"main_oos","Main OOS 2018--2023","NIKKEI",2023-08-21,1374,FALSE,0.194674082265002,-94.53271464894
"main_oos","Main OOS 2018--2023","NIKKEI",2023-08-22,1375,FALSE,0.162046268545006,-94.370668380395
"main_oos","Main OOS 2018--2023","NIKKEI",2023-08-23,1376,FALSE,0.0801086867704086,-94.2905596936246
"main_oos","Main OOS 2018--2023","NIKKEI",2023-08-24,1377,FALSE,0.0559239154953428,-94.2346357781293
"main_oos","Main OOS 2018--2023","NIKKEI",2023-08-25,1378,FALSE,0.631236668419237,-93.60339910971
"main_oos","Main OOS 2018--2023","NIKKEI",2023-08-28,1379,FALSE,0.141509445005295,-93.4618896647047
"main_oos","Main OOS 2018--2023","NIKKEI",2023-08-29,1380,FALSE,-0.0126581385757132,-93.4745478032804
"main_oos","Main OOS 2018--2023","NIKKEI",2023-08-30,1381,FALSE,-0.0285924918256737,-93.5031402951061
"main_oos","Main OOS 2018--2023","NIKKEI",2023-08-31,1382,FALSE,-0.0476631880700635,-93.5508034831762
"main_oos","Main OOS 2018--2023","NIKKEI",2023-09-01,1383,FALSE,-0.0935387338052625,-93.6443422169814
"main_oos","Main OOS 2018--2023","NIKKEI",2023-09-04,1384,FALSE,-0.0952543779930548,-93.7395965949745
"main_oos","Main OOS 2018--2023","NIKKEI",2023-09-05,1385,FALSE,-0.128931339333401,-93.8685279343079
"main_oos","Main OOS 2018--2023","NIKKEI",2023-09-06,1386,FALSE,-0.134947932699815,-94.0034758670077
"main_oos","Main OOS 2018--2023","NIKKEI",2023-09-07,1387,FALSE,-0.160782799465591,-94.1642586664733
"main_oos","Main OOS 2018--2023","NIKKEI",2023-09-08,1388,FALSE,-0.0351001991722752,-94.1993588656456
"main_oos","Main OOS 2018--2023","NIKKEI",2023-09-11,1389,FALSE,0.0668667222416357,-94.132492143404
"main_oos","Main OOS 2018--2023","NIKKEI",2023-09-12,1390,FALSE,0.0914782373089833,-94.041013906095
"main_oos","Main OOS 2018--2023","NIKKEI",2023-09-13,1391,FALSE,0.01400924713354,-94.0270046589614
"main_oos","Main OOS 2018--2023","NIKKEI",2023-09-14,1392,FALSE,0.0457713933292976,-93.9812332656321
"main_oos","Main OOS 2018--2023","NIKKEI",2023-09-15,1393,FALSE,-0.0883228075105933,-94.0695560731427
"main_oos","Main OOS 2018--2023","NIKKEI",2023-09-19,1394,FALSE,-0.152881741296215,-94.2224378144389
"main_oos","Main OOS 2018--2023","NIKKEI",2023-09-20,1395,FALSE,-0.0387969280068265,-94.2612347424458
"main_oos","Main OOS 2018--2023","NIKKEI",2023-09-21,1396,FALSE,0.0220701164609967,-94.2391646259848
"main_oos","Main OOS 2018--2023","NIKKEI",2023-09-22,1397,FALSE,0.111276605776024,-94.1278880202087
"main_oos","Main OOS 2018--2023","NIKKEI",2023-09-25,1398,FALSE,0.137414449196625,-93.9904735710121
"main_oos","Main OOS 2018--2023","NIKKEI",2023-09-26,1399,FALSE,0.0650706466313493,-93.9254029243808
"main_oos","Main OOS 2018--2023","NIKKEI",2023-09-27,1400,FALSE,0.141279881825204,-93.7841230425556
"main_oos","Main OOS 2018--2023","NIKKEI",2023-09-28,1401,FALSE,0.1111826879776,-93.672940354578
"main_oos","Main OOS 2018--2023","NIKKEI",2023-09-29,1402,FALSE,0.179342947598797,-93.4935974069792
"main_oos","Main OOS 2018--2023","NIKKEI",2023-10-02,1403,FALSE,0.146071089561765,-93.3475263174174
"main_oos","Main OOS 2018--2023","NIKKEI",2023-10-03,1404,FALSE,0.148096420765213,-93.1994298966522
"main_oos","Main OOS 2018--2023","NIKKEI",2023-10-04,1405,FALSE,0.198966562210031,-93.0004633344422
"main_oos","Main OOS 2018--2023","NIKKEI",2023-10-05,1406,FALSE,0.235719927191372,-92.7647434072508
"main_oos","Main OOS 2018--2023","NIKKEI",2023-10-06,1407,FALSE,0.094528151790362,-92.6702152554604
"main_oos","Main OOS 2018--2023","NIKKEI",2023-10-10,1408,FALSE,0.099691016039265,-92.5705242394212
"main_oos","Main OOS 2018--2023","NIKKEI",2023-10-11,1409,FALSE,-0.081329437171588,-92.6518536765928
"main_oos","Main OOS 2018--2023","NIKKEI",2023-10-12,1410,FALSE,-0.109649954559501,-92.7615036311523
"main_oos","Main OOS 2018--2023","NIKKEI",2023-10-13,1411,FALSE,-0.200821486425995,-92.9623251175783
"main_oos","Main OOS 2018--2023","NIKKEI",2023-10-16,1412,FALSE,-0.135010055507366,-93.0973351730856
"main_oos","Main OOS 2018--2023","NIKKEI",2023-10-17,1413,FALSE,0.0178744298678182,-93.0794607432178
"main_oos","Main OOS 2018--2023","NIKKEI",2023-10-18,1414,FALSE,-0.0549253147102489,-93.134386057928
"main_oos","Main OOS 2018--2023","NIKKEI",2023-10-19,1415,FALSE,-0.0667269897527027,-93.2011130476808
"main_oos","Main OOS 2018--2023","NIKKEI",2023-10-20,1416,FALSE,0.0557445383409774,-93.1453685093398
"main_oos","Main OOS 2018--2023","NIKKEI",2023-10-23,1417,FALSE,0.0690938400229899,-93.0762746693168
"main_oos","Main OOS 2018--2023","NIKKEI",2023-10-24,1418,FALSE,0.101199602084902,-92.9750750672319
"main_oos","Main OOS 2018--2023","NIKKEI",2023-10-25,1419,FALSE,0.0820440782127105,-92.8930309890192
"main_oos","Main OOS 2018--2023","NIKKEI",2023-10-26,1420,FALSE,0.0362347999852155,-92.856796189034
"main_oos","Main OOS 2018--2023","NIKKEI",2023-10-27,1421,FALSE,0.139932790154515,-92.7168633988795
"main_oos","Main OOS 2018--2023","NIKKEI",2023-10-30,1422,FALSE,0.0453669198140436,-92.6714964790654
"main_oos","Main OOS 2018--2023","NIKKEI",2023-10-31,1423,FALSE,0.105300378107419,-92.566196100958
"main_oos","Main OOS 2018--2023","NIKKEI",2023-11-01,1424,FALSE,0.0680097923776213,-92.4981863085804
"main_oos","Main OOS 2018--2023","NIKKEI",2023-11-02,1425,FALSE,-0.106702649019469,-92.6048889575999
"main_oos","Main OOS 2018--2023","NIKKEI",2023-11-06,1426,FALSE,-0.154261742532895,-92.7591507001327
"main_oos","Main OOS 2018--2023","NIKKEI",2023-11-07,1427,FALSE,-0.269406391386048,-93.0285570915188
"main_oos","Main OOS 2018--2023","NIKKEI",2023-11-08,1428,FALSE,-0.113231877558434,-93.1417889690772
"main_oos","Main OOS 2018--2023","NIKKEI",2023-11-09,1429,FALSE,-0.106847708606402,-93.2486366776836
"main_oos","Main OOS 2018--2023","NIKKEI",2023-11-10,1430,FALSE,-0.194903874867863,-93.4435405525515
"main_oos","Main OOS 2018--2023","NIKKEI",2023-11-13,1431,FALSE,-0.171571098494249,-93.6151116510457
"main_oos","Main OOS 2018--2023","NIKKEI",2023-11-14,1432,FALSE,-0.195203163884554,-93.8103148149303
"main_oos","Main OOS 2018--2023","NIKKEI",2023-11-15,1433,FALSE,-0.21441196034742,-94.0247267752777
"main_oos","Main OOS 2018--2023","NIKKEI",2023-11-16,1434,FALSE,-0.371402936244801,-94.3961297115225
"main_oos","Main OOS 2018--2023","NIKKEI",2023-11-17,1435,FALSE,-0.314797258537439,-94.71092697006
"main_oos","Main OOS 2018--2023","NIKKEI",2023-11-20,1436,FALSE,-0.323843238498891,-95.0347702085589
"main_oos","Main OOS 2018--2023","NIKKEI",2023-11-21,1437,FALSE,-0.213853248524147,-95.248623457083
"main_oos","Main OOS 2018--2023","NIKKEI",2023-11-22,1438,FALSE,-0.196616300144882,-95.4452397572279
"main_oos","Main OOS 2018--2023","NIKKEI",2023-11-24,1439,FALSE,-0.201435385535991,-95.6466751427639
"main_oos","Main OOS 2018--2023","NIKKEI",2023-11-27,1440,FALSE,-0.212661948912888,-95.8593370916767
"main_oos","Main OOS 2018--2023","NIKKEI",2023-11-28,1441,FALSE,-0.104225865865737,-95.9635629575425
"main_oos","Main OOS 2018--2023","NIKKEI",2023-11-29,1442,FALSE,-0.0815388541356656,-96.0451018116782
"main_oos","Main OOS 2018--2023","NIKKEI",2023-11-30,1443,FALSE,-0.0248642947137379,-96.0699661063919
"main_oos","Main OOS 2018--2023","NIKKEI",2023-12-01,1444,FALSE,-0.0115398730246583,-96.0815059794166
"main_oos","Main OOS 2018--2023","NIKKEI",2023-12-04,1445,FALSE,0.0283382461439261,-96.0531677332726
"main_oos","Main OOS 2018--2023","NIKKEI",2023-12-05,1446,FALSE,0.107587778160694,-95.9455799551119
"main_oos","Main OOS 2018--2023","NIKKEI",2023-12-06,1447,FALSE,0.201223318853038,-95.7443566362589
"main_oos","Main OOS 2018--2023","NIKKEI",2023-12-07,1448,FALSE,-0.00571713085596359,-95.7500737671149
"main_oos","Main OOS 2018--2023","NIKKEI",2023-12-08,1449,FALSE,0.141500203933,-95.6085735631819
"main_oos","Main OOS 2018--2023","NIKKEI",2023-12-11,1450,FALSE,0.200547466808598,-95.4080260963733
"main_oos","Main OOS 2018--2023","NIKKEI",2023-12-12,1451,FALSE,0.079164922699384,-95.3288611736739
"main_oos","Main OOS 2018--2023","NIKKEI",2023-12-13,1452,FALSE,0.0407780908759452,-95.2880830827979
"main_oos","Main OOS 2018--2023","NIKKEI",2023-12-14,1453,FALSE,0.00566573004090953,-95.282417352757
"main_oos","Main OOS 2018--2023","NIKKEI",2023-12-15,1454,FALSE,0.0586942939202717,-95.2237230588368
"main_oos","Main OOS 2018--2023","NIKKEI",2023-12-18,1455,FALSE,-0.00573300761222884,-95.229456066449
"main_oos","Main OOS 2018--2023","NIKKEI",2023-12-19,1456,FALSE,0.0503140892378808,-95.1791419772111
"main_oos","Main OOS 2018--2023","NIKKEI",2023-12-20,1457,FALSE,-0.0550463597166015,-95.2341883369277
"main_oos","Main OOS 2018--2023","NIKKEI",2023-12-21,1458,FALSE,-0.132222218999991,-95.3664105559277
"main_oos","Main OOS 2018--2023","NIKKEI",2023-12-22,1459,FALSE,0.0279845972589214,-95.3384259586688
"main_oos","Main OOS 2018--2023","NIKKEI",2023-12-25,1460,FALSE,-0.00843496256923082,-95.346860921238
"main_oos","Main OOS 2018--2023","NIKKEI",2023-12-26,1461,FALSE,-0.0295042254989317,-95.3763651467369
"main_oos","Main OOS 2018--2023","NIKKEI",2023-12-27,1462,FALSE,-0.0385819304838191,-95.4149470772207
"main_oos","Main OOS 2018--2023","NIKKEI",2023-12-28,1463,FALSE,-0.110133499145947,-95.5250805763667
"main_oos","Main OOS 2018--2023","NIKKEI",2023-12-29,1464,FALSE,-0.0506087336608709,-95.5756893100276
"holdout","Holdout 2024--2025","DAX",2024-01-01,0,TRUE,,0
"holdout","Holdout 2024--2025","DAX",2024-01-02,1,FALSE,0.156042572759448,0.156042572759448
"holdout","Holdout 2024--2025","DAX",2024-01-03,2,FALSE,-6.96406267740026,-6.80802010464081
"holdout","Holdout 2024--2025","DAX",2024-01-04,3,FALSE,0.254474676845144,-6.55354542779566
"holdout","Holdout 2024--2025","DAX",2024-01-05,4,FALSE,0.210215420138944,-6.34333000765672
"holdout","Holdout 2024--2025","DAX",2024-01-08,5,FALSE,0.231653294499005,-6.11167671315772
"holdout","Holdout 2024--2025","DAX",2024-01-09,6,FALSE,0.136796188095857,-5.97488052506186
"holdout","Holdout 2024--2025","DAX",2024-01-10,7,FALSE,0.172450072744013,-5.80243045231784
"holdout","Holdout 2024--2025","DAX",2024-01-11,8,FALSE,0.167538540045812,-5.63489191227203
"holdout","Holdout 2024--2025","DAX",2024-01-12,9,FALSE,0.212060949440507,-5.42283096283152
"holdout","Holdout 2024--2025","DAX",2024-01-15,10,FALSE,0.0896816474341025,-5.33314931539742
"holdout","Holdout 2024--2025","DAX",2024-01-16,11,FALSE,0.137803955622235,-5.19534535977519
"holdout","Holdout 2024--2025","DAX",2024-01-17,12,FALSE,0.167911842241329,-5.02743351753386
"holdout","Holdout 2024--2025","DAX",2024-01-18,13,FALSE,0.204488331875007,-4.82294518565885
"holdout","Holdout 2024--2025","DAX",2024-01-19,14,FALSE,0.123508053118285,-4.69943713254057
"holdout","Holdout 2024--2025","DAX",2024-01-22,15,FALSE,0.124768926081552,-4.57466820645901
"holdout","Holdout 2024--2025","DAX",2024-01-23,16,FALSE,0.0526511747890073,-4.52201703167001
"holdout","Holdout 2024--2025","DAX",2024-01-24,17,FALSE,0.0901626550073451,-4.43185437666266
"holdout","Holdout 2024--2025","DAX",2024-01-25,18,FALSE,-0.070854746112547,-4.50270912277521
"holdout","Holdout 2024--2025","DAX",2024-01-26,19,FALSE,-0.0792142249208696,-4.58192334769608
"holdout","Holdout 2024--2025","DAX",2024-01-29,20,FALSE,-0.0866506103047542,-4.66857395800083
"holdout","Holdout 2024--2025","DAX",2024-01-30,21,FALSE,-0.0543109268642252,-4.72288488486506
"holdout","Holdout 2024--2025","DAX",2024-01-31,22,FALSE,-0.05346606622664,-4.7763509510917
"holdout","Holdout 2024--2025","DAX",2024-02-01,23,FALSE,-0.0160684242206712,-4.79241937531237
"holdout","Holdout 2024--2025","DAX",2024-02-02,24,FALSE,0.0360797975046385,-4.75633957780773
"holdout","Holdout 2024--2025","DAX",2024-02-05,25,FALSE,0.0309184587136129,-4.72542111909412
"holdout","Holdout 2024--2025","DAX",2024-02-06,26,FALSE,0.0709423587813216,-4.6544787603128
"holdout","Holdout 2024--2025","DAX",2024-02-07,27,FALSE,-0.0370748904438738,-4.69155365075667
"holdout","Holdout 2024--2025","DAX",2024-02-08,28,FALSE,0.0449181244523089,-4.64663552630436
"holdout","Holdout 2024--2025","DAX",2024-02-09,29,FALSE,0.0384748934917145,-4.60816063281265
"holdout","Holdout 2024--2025","DAX",2024-02-12,30,FALSE,0.0809022114947915,-4.52725842131786
"holdout","Holdout 2024--2025","DAX",2024-02-13,31,FALSE,0.00665986293945764,-4.5205985583784
"holdout","Holdout 2024--2025","DAX",2024-02-14,32,FALSE,0.086772349248841,-4.43382620912956
"holdout","Holdout 2024--2025","DAX",2024-02-15,33,FALSE,0.0714503982228889,-4.36237581090667
"holdout","Holdout 2024--2025","DAX",2024-02-16,34,FALSE,0.0109685546890634,-4.3514072562176
"holdout","Holdout 2024--2025","DAX",2024-02-19,35,FALSE,-0.010016575660962,-4.36142383187857
"holdout","Holdout 2024--2025","DAX",2024-02-20,36,FALSE,0.0306279057465884,-4.33079592613198
"holdout","Holdout 2024--2025","DAX",2024-02-21,37,FALSE,0.0677883464326676,-4.26300757969931
"holdout","Holdout 2024--2025","DAX",2024-02-22,38,FALSE,0.0621829621202077,-4.2008246175791
"holdout","Holdout 2024--2025","DAX",2024-02-23,39,FALSE,-0.188930254377868,-4.38975487195697
"holdout","Holdout 2024--2025","DAX",2024-02-26,40,FALSE,-0.184902660367202,-4.57465753232417
"holdout","Holdout 2024--2025","DAX",2024-02-27,41,FALSE,-0.169103860637462,-4.74376139296163
"holdout","Holdout 2024--2025","DAX",2024-02-28,42,FALSE,-0.236810296518376,-4.98057168948001
"holdout","Holdout 2024--2025","DAX",2024-02-29,43,FALSE,-0.226195460851011,-5.20676715033102
"holdout","Holdout 2024--2025","DAX",2024-03-01,44,FALSE,-0.172496045173854,-5.37926319550488
"holdout","Holdout 2024--2025","DAX",2024-03-04,45,FALSE,-0.166855994680834,-5.54611919018571
"holdout","Holdout 2024--2025","DAX",2024-03-05,46,FALSE,-0.117053223272049,-5.66317241345776
"holdout","Holdout 2024--2025","DAX",2024-03-06,47,FALSE,-0.0625944956997968,-5.72576690915756
"holdout","Holdout 2024--2025","DAX",2024-03-07,48,FALSE,-0.0299718184408504,-5.75573872759841
"holdout","Holdout 2024--2025","DAX",2024-03-08,49,FALSE,-0.119266265724217,-5.87500499332262
"holdout","Holdout 2024--2025","DAX",2024-03-11,50,FALSE,-0.0633006057218723,-5.9383055990445
"holdout","Holdout 2024--2025","DAX",2024-03-12,51,FALSE,0.0112146989135957,-5.9270909001309
"holdout","Holdout 2024--2025","DAX",2024-03-13,52,FALSE,-0.17268457450792,-6.09977547463882
"holdout","Holdout 2024--2025","DAX",2024-03-14,53,FALSE,-0.148888272611701,-6.24866374725052
"holdout","Holdout 2024--2025","DAX",2024-03-15,54,FALSE,-0.102274233642562,-6.35093798089308
"holdout","Holdout 2024--2025","DAX",2024-03-18,55,FALSE,-0.063285692036076,-6.41422367292916
"holdout","Holdout 2024--2025","DAX",2024-03-19,56,FALSE,-0.0214280748708389,-6.4356517478
"holdout","Holdout 2024--2025","DAX",2024-03-20,57,FALSE,-0.0165114499695473,-6.45216319776955
"holdout","Holdout 2024--2025","DAX",2024-03-21,58,FALSE,0.00986884010197397,-6.44229435766757
"holdout","Holdout 2024--2025","DAX",2024-03-22,59,FALSE,-0.144724819087332,-6.5870191767549
"holdout","Holdout 2024--2025","DAX",2024-03-25,60,FALSE,-0.122758318490701,-6.7097774952456
"holdout","Holdout 2024--2025","DAX",2024-03-26,61,FALSE,-0.117662026772248,-6.82743952201785
"holdout","Holdout 2024--2025","DAX",2024-03-27,62,FALSE,-0.185446518940046,-7.0128860409579
"holdout","Holdout 2024--2025","DAX",2024-03-28,63,FALSE,-0.209156817089606,-7.2220428580475
"holdout","Holdout 2024--2025","DAX",2024-04-02,64,FALSE,8.58831643028306,1.36627357223555
"holdout","Holdout 2024--2025","DAX",2024-04-03,65,FALSE,-0.0119380524273445,1.35433551980821
"holdout","Holdout 2024--2025","DAX",2024-04-04,66,FALSE,-0.0308046021248352,1.32353091768337
"holdout","Holdout 2024--2025","DAX",2024-04-05,67,FALSE,0.421348559170397,1.74487947685377
"holdout","Holdout 2024--2025","DAX",2024-04-08,68,FALSE,0.102224757175087,1.84710423402886
"holdout","Holdout 2024--2025","DAX",2024-04-09,69,FALSE,0.0193582897067761,1.86646252373563
"holdout","Holdout 2024--2025","DAX",2024-04-10,70,FALSE,0.119266699176639,1.98572922291227
"holdout","Holdout 2024--2025","DAX",2024-04-11,71,FALSE,0.104930365351475,2.09065958826375
"holdout","Holdout 2024--2025","DAX",2024-04-12,72,FALSE,0.157453579693132,2.24811316795688
"holdout","Holdout 2024--2025","DAX",2024-04-15,73,FALSE,0.164967987060188,2.41308115501707
"holdout","Holdout 2024--2025","DAX",2024-04-16,74,FALSE,0.116244560241619,2.52932571525869
"holdout","Holdout 2024--2025","DAX",2024-04-17,75,FALSE,0.173280850821538,2.70260656608022
"holdout","Holdout 2024--2025","DAX",2024-04-18,76,FALSE,0.158862429540736,2.86146899562096
"holdout","Holdout 2024--2025","DAX",2024-04-19,77,FALSE,0.145738280980577,3.00720727660154
"holdout","Holdout 2024--2025","DAX",2024-04-22,78,FALSE,0.188181286550743,3.19538856315228
"holdout","Holdout 2024--2025","DAX",2024-04-23,79,FALSE,0.12136814920836,3.31675671236064
"holdout","Holdout 2024--2025","DAX",2024-04-24,80,FALSE,-0.0770305309502799,3.23972618141036
"holdout","Holdout 2024--2025","DAX",2024-04-25,81,FALSE,-0.0355042290874255,3.20422195232293
"holdout","Holdout 2024--2025","DAX",2024-04-26,82,FALSE,0.0369406947717508,3.24116264709468
"holdout","Holdout 2024--2025","DAX",2024-04-29,83,FALSE,-0.0960354851662395,3.14512716192845
"holdout","Holdout 2024--2025","DAX",2024-04-30,84,FALSE,-0.055319275550402,3.08980788637804
"holdout","Holdout 2024--2025","DAX",2024-05-02,85,FALSE,0.0485641361336389,3.13837202251168
"holdout","Holdout 2024--2025","DAX",2024-05-03,86,FALSE,0.0580813908375457,3.19645341334923
"holdout","Holdout 2024--2025","DAX",2024-05-06,87,FALSE,0.0319672308103858,3.22842064415961
"holdout","Holdout 2024--2025","DAX",2024-05-07,88,FALSE,-0.0355658478501542,3.19285479630946
"holdout","Holdout 2024--2025","DAX",2024-05-08,89,FALSE,-0.128175014283934,3.06467978202553
"holdout","Holdout 2024--2025","DAX",2024-05-09,90,FALSE,-0.142621572210823,2.9220582098147
"holdout","Holdout 2024--2025","DAX",2024-05-10,91,FALSE,-0.186303080991065,2.73575512882364
"holdout","Holdout 2024--2025","DAX",2024-05-13,92,FALSE,-0.19311336952314,2.5426417593005
"holdout","Holdout 2024--2025","DAX",2024-05-14,93,FALSE,-0.155968988723662,2.38667277057684
"holdout","Holdout 2024--2025","DAX",2024-05-15,94,FALSE,-0.119777083962644,2.26689568661419
"holdout","Holdout 2024--2025","DAX",2024-05-16,95,FALSE,-0.153573500368803,2.11332218624539
"holdout","Holdout 2024--2025","DAX",2024-05-17,96,FALSE,-0.0489608619559796,2.06436132428941
"holdout","Holdout 2024--2025","DAX",2024-05-20,97,FALSE,-0.0151879023022508,2.04917342198716
"holdout","Holdout 2024--2025","DAX",2024-05-21,98,FALSE,-0.0200569604042284,2.02911646158293
"holdout","Holdout 2024--2025","DAX",2024-05-22,99,FALSE,0.0194557436626086,2.04857220524554
"holdout","Holdout 2024--2025","DAX",2024-05-23,100,FALSE,0.0668692843654979,2.11544148961104
"holdout","Holdout 2024--2025","DAX",2024-05-24,101,FALSE,0.0875524904146552,2.20299398002569
"holdout","Holdout 2024--2025","DAX",2024-05-27,102,FALSE,0.0985052850981694,2.30149926512386
"holdout","Holdout 2024--2025","DAX",2024-05-28,103,FALSE,0.0688372826558306,2.37033654777969
"holdout","Holdout 2024--2025","DAX",2024-05-29,104,FALSE,0.11914652791184,2.48948307569153
"holdout","Holdout 2024--2025","DAX",2024-05-30,105,FALSE,0.175732119943856,2.66521519563539
"holdout","Holdout 2024--2025","DAX",2024-05-31,106,FALSE,0.16633326756753,2.83154846320292
"holdout","Holdout 2024--2025","DAX",2024-06-03,107,FALSE,0.154071309249119,2.98561977245204
"holdout","Holdout 2024--2025","DAX",2024-06-04,108,FALSE,0.0884777246919555,3.07409749714399
"holdout","Holdout 2024--2025","DAX",2024-06-05,109,FALSE,0.148382929688781,3.22248042683277
"holdout","Holdout 2024--2025","DAX",2024-06-06,110,FALSE,0.0386837163982214,3.26116414323099
"holdout","Holdout 2024--2025","DAX",2024-06-07,111,FALSE,0.015913831218872,3.27707797444987
"holdout","Holdout 2024--2025","DAX",2024-06-10,112,FALSE,0.0772540346197483,3.35433200906961
"holdout","Holdout 2024--2025","DAX",2024-06-11,113,FALSE,0.109287526897758,3.46361953596737
"holdout","Holdout 2024--2025","DAX",2024-06-12,114,FALSE,0.155148204502229,3.6187677404696
"holdout","Holdout 2024--2025","DAX",2024-06-13,115,FALSE,0.95897815995975,4.57774590042935
"holdout","Holdout 2024--2025","DAX",2024-06-14,116,FALSE,0.110840774607583,4.68858667503693
"holdout","Holdout 2024--2025","DAX",2024-06-17,117,FALSE,0.154979335678589,4.84356601071552
"holdout","Holdout 2024--2025","DAX",2024-06-18,118,FALSE,0.128457709181981,4.9720237198975
"holdout","Holdout 2024--2025","DAX",2024-06-19,119,FALSE,0.119561539722736,5.09158525962024
"holdout","Holdout 2024--2025","DAX",2024-06-20,120,FALSE,0.138522791273731,5.23010805089397
"holdout","Holdout 2024--2025","DAX",2024-06-21,121,FALSE,0.0393958932805476,5.26950394417452
"holdout","Holdout 2024--2025","DAX",2024-06-24,122,FALSE,0.0924370706562299,5.36194101483075
"holdout","Holdout 2024--2025","DAX",2024-06-25,123,FALSE,0.0120365652138372,5.37397758004459
"holdout","Holdout 2024--2025","DAX",2024-06-26,124,FALSE,0.0796462769348851,5.45362385697947
"holdout","Holdout 2024--2025","DAX",2024-06-27,125,FALSE,0.0998907731313623,5.55351463011083
"holdout","Holdout 2024--2025","DAX",2024-06-28,126,FALSE,0.0976059836074143,5.65112061371825
"holdout","Holdout 2024--2025","DAX",2024-07-01,127,FALSE,0.111335554617475,5.76245616833572
"holdout","Holdout 2024--2025","DAX",2024-07-02,128,FALSE,0.116553705617336,5.87900987395306
"holdout","Holdout 2024--2025","DAX",2024-07-03,129,FALSE,0.16039427233882,6.03940414629188
"holdout","Holdout 2024--2025","DAX",2024-07-04,130,FALSE,0.00569270833226598,6.04509685462414
"holdout","Holdout 2024--2025","DAX",2024-07-05,131,FALSE,-0.009860521972334,6.03523633265181
"holdout","Holdout 2024--2025","DAX",2024-07-08,132,FALSE,0.000586355211344758,6.03582268786316
"holdout","Holdout 2024--2025","DAX",2024-07-09,133,FALSE,0.0201860838630989,6.05600877172625
"holdout","Holdout 2024--2025","DAX",2024-07-10,134,FALSE,0.0819745559963287,6.13798332772258
"holdout","Holdout 2024--2025","DAX",2024-07-11,135,FALSE,-0.0101113471198002,6.12787198060278
"holdout","Holdout 2024--2025","DAX",2024-07-12,136,FALSE,-0.0586948971588668,6.06917708344392
"holdout","Holdout 2024--2025","DAX",2024-07-15,137,FALSE,-0.172838171248179,5.89633891219574
"holdout","Holdout 2024--2025","DAX",2024-07-16,138,FALSE,-0.0731608416751615,5.82317807052058
"holdout","Holdout 2024--2025","DAX",2024-07-17,139,FALSE,-0.0243538965894252,5.79882417393115
"holdout","Holdout 2024--2025","DAX",2024-07-18,140,FALSE,0.0338325226481917,5.83265669657934
"holdout","Holdout 2024--2025","DAX",2024-07-19,141,FALSE,0.0812831950524122,5.91393989163176
"holdout","Holdout 2024--2025","DAX",2024-07-22,142,FALSE,0.128372078224897,6.04231196985665
"holdout","Holdout 2024--2025","DAX",2024-07-23,143,FALSE,-0.0101393857180114,6.03217258413864
"holdout","Holdout 2024--2025","DAX",2024-07-24,144,FALSE,-0.0656038386385662,5.96656874550007
"holdout","Holdout 2024--2025","DAX",2024-07-25,145,FALSE,0.0131054730070688,5.97967421850714
"holdout","Holdout 2024--2025","DAX",2024-07-26,146,FALSE,0.0535053020193708,6.03317952052651
"holdout","Holdout 2024--2025","DAX",2024-07-29,147,FALSE,0.0134571116595623,6.04663663218608
"holdout","Holdout 2024--2025","DAX",2024-07-30,148,FALSE,0.0727860293802354,6.11942266156631
"holdout","Holdout 2024--2025","DAX",2024-07-31,149,FALSE,0.0524324428275451,6.17185510439386
"holdout","Holdout 2024--2025","DAX",2024-08-01,150,FALSE,-1.19676090565414,4.97509419873972
"holdout","Holdout 2024--2025","DAX",2024-08-02,151,FALSE,-1.78581396461647,3.18928023412325
"holdout","Holdout 2024--2025","DAX",2024-08-05,152,FALSE,0.196560240340602,3.38584047446385
"holdout","Holdout 2024--2025","DAX",2024-08-06,153,FALSE,0.225485380045548,3.6113258545094
"holdout","Holdout 2024--2025","DAX",2024-08-07,154,FALSE,0.196210307343787,3.80753616185319
"holdout","Holdout 2024--2025","DAX",2024-08-08,155,FALSE,0.0831994994303464,3.89073566128354
"holdout","Holdout 2024--2025","DAX",2024-08-09,156,FALSE,0.0700848886324099,3.96082054991595
"holdout","Holdout 2024--2025","DAX",2024-08-12,157,FALSE,0.0700082198495329,4.03082876976548
"holdout","Holdout 2024--2025","DAX",2024-08-13,158,FALSE,0.0796125164552488,4.11044128622073
"holdout","Holdout 2024--2025","DAX",2024-08-14,159,FALSE,0.0718091269559593,4.18225041317669
"holdout","Holdout 2024--2025","DAX",2024-08-15,160,FALSE,0.0745063954332923,4.25675680860998
"holdout","Holdout 2024--2025","DAX",2024-08-16,161,FALSE,-0.119602548159387,4.13715426045059
"holdout","Holdout 2024--2025","DAX",2024-08-19,162,FALSE,-0.15372714569476,3.98342711475583
"holdout","Holdout 2024--2025","DAX",2024-08-20,163,FALSE,-0.169235276982296,3.81419183777354
"holdout","Holdout 2024--2025","DAX",2024-08-21,164,FALSE,-0.107783946217632,3.7064078915559
"holdout","Holdout 2024--2025","DAX",2024-08-22,165,FALSE,-0.11920950849645,3.58719838305945
"holdout","Holdout 2024--2025","DAX",2024-08-23,166,FALSE,-0.107052309634906,3.48014607342455
"holdout","Holdout 2024--2025","DAX",2024-08-26,167,FALSE,-0.160493205947832,3.31965286747672
"holdout","Holdout 2024--2025","DAX",2024-08-27,168,FALSE,-0.115868662557141,3.20378420491957
"holdout","Holdout 2024--2025","DAX",2024-08-28,169,FALSE,-0.10687838624698,3.09690581867259
"holdout","Holdout 2024--2025","DAX",2024-08-29,170,FALSE,-0.130247133599261,2.96665868507333
"holdout","Holdout 2024--2025","DAX",2024-08-30,171,FALSE,-0.186435682012305,2.78022300306103
"holdout","Holdout 2024--2025","DAX",2024-09-02,172,FALSE,-0.151871991281341,2.62835101177969
"holdout","Holdout 2024--2025","DAX",2024-09-03,173,FALSE,-0.123629290111594,2.50472172166809
"holdout","Holdout 2024--2025","DAX",2024-09-04,174,FALSE,-0.0163114112279126,2.48841031044018
"holdout","Holdout 2024--2025","DAX",2024-09-05,175,FALSE,0.0454771887332952,2.53388749917348
"holdout","Holdout 2024--2025","DAX",2024-09-06,176,FALSE,0.0587278627186674,2.59261536189214
"holdout","Holdout 2024--2025","DAX",2024-09-09,177,FALSE,0.124477435240367,2.71709279713251
"holdout","Holdout 2024--2025","DAX",2024-09-10,178,FALSE,0.0630724620958396,2.78016525922835
"holdout","Holdout 2024--2025","DAX",2024-09-11,179,FALSE,0.121419951370195,2.90158521059855
"holdout","Holdout 2024--2025","DAX",2024-09-12,180,FALSE,0.10743279968959,3.00901801028813
"holdout","Holdout 2024--2025","DAX",2024-09-13,181,FALSE,0.00555555487734827,3.01457356516548
"holdout","Holdout 2024--2025","DAX",2024-09-16,182,FALSE,-0.0806232687953374,2.93395029637015
"holdout","Holdout 2024--2025","DAX",2024-09-17,183,FALSE,-0.0220353469292018,2.91191494944094
"holdout","Holdout 2024--2025","DAX",2024-09-18,184,FALSE,-0.0420395636696638,2.86987538577128
"holdout","Holdout 2024--2025","DAX",2024-09-19,185,FALSE,-0.00763452333059544,2.86224086244068
"holdout","Holdout 2024--2025","DAX",2024-09-20,186,FALSE,-0.206410283887718,2.65583057855297
"holdout","Holdout 2024--2025","DAX",2024-09-23,187,FALSE,-0.0503721921887754,2.60545838636419
"holdout","Holdout 2024--2025","DAX",2024-09-24,188,FALSE,-0.0903905669977509,2.51506781936644
"holdout","Holdout 2024--2025","DAX",2024-09-25,189,FALSE,-0.139365589478818,2.37570222988762
"holdout","Holdout 2024--2025","DAX",2024-09-26,190,FALSE,-0.0696973527042648,2.30600487718336
"holdout","Holdout 2024--2025","DAX",2024-09-27,191,FALSE,-0.237513242738721,2.06849163444464
"holdout","Holdout 2024--2025","DAX",2024-09-30,192,FALSE,-0.323167168371905,1.74532446607273
"holdout","Holdout 2024--2025","DAX",2024-10-01,193,FALSE,-0.215613495936068,1.52971097013666
"holdout","Holdout 2024--2025","DAX",2024-10-02,194,FALSE,-0.133524664803906,1.39618630533276
"holdout","Holdout 2024--2025","DAX",2024-10-03,195,FALSE,-0.0777337649606089,1.31845254037215
"holdout","Holdout 2024--2025","DAX",2024-10-04,196,FALSE,-0.011851747678576,1.30660079269357
"holdout","Holdout 2024--2025","DAX",2024-10-07,197,FALSE,-0.0214168202266958,1.28518397246688
"holdout","Holdout 2024--2025","DAX",2024-10-08,198,FALSE,0.00553870336077522,1.29072267582765
"holdout","Holdout 2024--2025","DAX",2024-10-09,199,FALSE,0.0501875581445042,1.34091023397216
"holdout","Holdout 2024--2025","DAX",2024-10-10,200,FALSE,-0.0556089201545031,1.28530131381765
"holdout","Holdout 2024--2025","DAX",2024-10-11,201,FALSE,-0.00507816634135305,1.2802231474763
"holdout","Holdout 2024--2025","DAX",2024-10-14,202,FALSE,-0.0765650084269298,1.20365813904937
"holdout","Holdout 2024--2025","DAX",2024-10-15,203,FALSE,-0.119761549017501,1.08389659003187
"holdout","Holdout 2024--2025","DAX",2024-10-16,204,FALSE,-0.0847987869027846,0.999097803129085
"holdout","Holdout 2024--2025","DAX",2024-10-17,205,FALSE,-0.0330082054188079,0.966089597710277
"holdout","Holdout 2024--2025","DAX",2024-10-18,206,FALSE,-0.0958439326083718,0.870245665101905
"holdout","Holdout 2024--2025","DAX",2024-10-21,207,FALSE,-0.0967388381425534,0.773506826959352
"holdout","Holdout 2024--2025","DAX",2024-10-22,208,FALSE,0.00427249888983061,0.777779325849182
"holdout","Holdout 2024--2025","DAX",2024-10-23,209,FALSE,0.0427258083677817,0.820505134216964
"holdout","Holdout 2024--2025","DAX",2024-10-24,210,FALSE,0.0777552369924326,0.898260371209397
"holdout","Holdout 2024--2025","DAX",2024-10-25,211,FALSE,0.0677601040711171,0.966020475280514
"holdout","Holdout 2024--2025","DAX",2024-10-28,212,FALSE,0.0897195259533532,1.05574000123387
"holdout","Holdout 2024--2025","DAX",2024-10-29,213,FALSE,0.0853346787082365,1.1410746799421
"holdout","Holdout 2024--2025","DAX",2024-10-30,214,FALSE,0.131746986383003,1.27282166632511
"holdout","Holdout 2024--2025","DAX",2024-10-31,215,FALSE,0.142715671089095,1.4155373374142
"holdout","Holdout 2024--2025","DAX",2024-11-01,216,FALSE,0.175721760684011,1.59125909809821
"holdout","Holdout 2024--2025","DAX",2024-11-04,217,FALSE,0.0693201358813142,1.66057923397953
"holdout","Holdout 2024--2025","DAX",2024-11-05,218,FALSE,0.113167798405981,1.77374703238551
"holdout","Holdout 2024--2025","DAX",2024-11-06,219,FALSE,0.083358401872534,1.85710543425804
"holdout","Holdout 2024--2025","DAX",2024-11-07,220,FALSE,0.126506791102223,1.98361222536026
"holdout","Holdout 2024--2025","DAX",2024-11-08,221,FALSE,-0.0604919986549164,1.92312022670535
"holdout","Holdout 2024--2025","DAX",2024-11-11,222,FALSE,0.00449678850686741,1.92761701521222
"holdout","Holdout 2024--2025","DAX",2024-11-12,223,FALSE,1.85803234675375,3.78564936196597
"holdout","Holdout 2024--2025","DAX",2024-11-13,224,FALSE,0.0351244021471109,3.82077376411308
"holdout","Holdout 2024--2025","DAX",2024-11-14,225,FALSE,0.0504716473429463,3.87124541145602
"holdout","Holdout 2024--2025","DAX",2024-11-15,226,FALSE,-0.0514039415251322,3.81984146993089
"holdout","Holdout 2024--2025","DAX",2024-11-18,227,FALSE,-0.00827498343306732,3.81156648649782
"holdout","Holdout 2024--2025","DAX",2024-11-19,228,FALSE,0.00837400899316476,3.81994049549099
"holdout","Holdout 2024--2025","DAX",2024-11-20,229,FALSE,0.058583213807353,3.87852370929834
"holdout","Holdout 2024--2025","DAX",2024-11-21,230,FALSE,0.0987052483564899,3.97722895765483
"holdout","Holdout 2024--2025","DAX",2024-11-22,231,FALSE,0.0570298082642027,4.03425876591903
"holdout","Holdout 2024--2025","DAX",2024-11-25,232,FALSE,-0.0183898731879273,4.01586889273111
"holdout","Holdout 2024--2025","DAX",2024-11-26,233,FALSE,-0.0231137655331304,3.99275512719798
"holdout","Holdout 2024--2025","DAX",2024-11-27,234,FALSE,0.0327364625752042,4.02549158977318
"holdout","Holdout 2024--2025","DAX",2024-11-28,235,FALSE,0.0734871994931405,4.09897878926632
"holdout","Holdout 2024--2025","DAX",2024-11-29,236,FALSE,-0.00610473675153766,4.09287405251478
"holdout","Holdout 2024--2025","DAX",2024-12-02,237,FALSE,-0.10244451315531,3.99042953935947
"holdout","Holdout 2024--2025","DAX",2024-12-03,238,FALSE,-0.245156138147135,3.74527340121234
"holdout","Holdout 2024--2025","DAX",2024-12-04,239,FALSE,-0.252694954340654,3.49257844687168
"holdout","Holdout 2024--2025","DAX",2024-12-05,240,FALSE,-0.316910948137326,3.17566749873436
"holdout","Holdout 2024--2025","DAX",2024-12-06,241,FALSE,-0.338213083182663,2.83745441555169
"holdout","Holdout 2024--2025","DAX",2024-12-09,242,FALSE,-0.326267041138327,2.51118737441337
"holdout","Holdout 2024--2025","DAX",2024-12-10,243,FALSE,-0.264836528514113,2.24635084589925
"holdout","Holdout 2024--2025","DAX",2024-12-11,244,FALSE,-0.206190961466868,2.04015988443239
"holdout","Holdout 2024--2025","DAX",2024-12-12,245,FALSE,-0.195444475069571,1.84471540936281
"holdout","Holdout 2024--2025","DAX",2024-12-13,246,FALSE,-0.168149640674316,1.6765657686885
"holdout","Holdout 2024--2025","DAX",2024-12-16,247,FALSE,-0.112281711771079,1.56428405691742
"holdout","Holdout 2024--2025","DAX",2024-12-17,248,FALSE,-0.0340602993560075,1.53022375756141
"holdout","Holdout 2024--2025","DAX",2024-12-18,249,FALSE,0.0266741629242595,1.55689792048567
"holdout","Holdout 2024--2025","DAX",2024-12-19,250,FALSE,-1.64476773148851,-0.0878698110028346
"holdout","Holdout 2024--2025","DAX",2024-12-20,251,FALSE,0.124741237950829,0.0368714269479942
"holdout","Holdout 2024--2025","DAX",2024-12-23,252,FALSE,0.129405011206429,0.166276438154423
"holdout","Holdout 2024--2025","DAX",2024-12-27,253,FALSE,0.148114637314705,0.314391075469129
"holdout","Holdout 2024--2025","DAX",2024-12-30,254,FALSE,0.0805901086211129,0.394981184090242
"holdout","Holdout 2024--2025","DAX",2025-01-02,255,FALSE,0.118832461233016,0.513813645323258
"holdout","Holdout 2024--2025","DAX",2025-01-03,256,FALSE,0.0726536741629205,0.586467319486178
"holdout","Holdout 2024--2025","DAX",2025-01-06,257,FALSE,0.123288931950313,0.709756251436491
"holdout","Holdout 2024--2025","DAX",2025-01-07,258,FALSE,-0.0771417816960471,0.632614469740443
"holdout","Holdout 2024--2025","DAX",2025-01-08,259,FALSE,-0.11760803597346,0.515006433766984
"holdout","Holdout 2024--2025","DAX",2025-01-09,260,FALSE,-0.0931302338647919,0.421876199902192
"holdout","Holdout 2024--2025","DAX",2025-01-10,261,FALSE,-0.0592806107964146,0.362595589105777
"holdout","Holdout 2024--2025","DAX",2025-01-13,262,FALSE,0.00346425676446183,0.366059845870239
"holdout","Holdout 2024--2025","DAX",2025-01-14,263,FALSE,0.0557628583396024,0.421822704209841
"holdout","Holdout 2024--2025","DAX",2025-01-15,264,FALSE,0.00153114710126223,0.423353851311103
"holdout","Holdout 2024--2025","DAX",2025-01-16,265,FALSE,-0.181028462427288,0.242325388883815
"holdout","Holdout 2024--2025","DAX",2025-01-17,266,FALSE,-0.185597931399686,0.0567274574841292
"holdout","Holdout 2024--2025","DAX",2025-01-20,267,FALSE,-0.285791501858013,-0.229064044373884
"holdout","Holdout 2024--2025","DAX",2025-01-21,268,FALSE,-0.290943567418765,-0.520007611792649
"holdout","Holdout 2024--2025","DAX",2025-01-22,269,FALSE,-0.278921499777663,-0.798929111570312
"holdout","Holdout 2024--2025","DAX",2025-01-23,270,FALSE,-0.34270776597225,-1.14163687754256
"holdout","Holdout 2024--2025","DAX",2025-01-24,271,FALSE,-0.370700751950439,-1.512337629493
"holdout","Holdout 2024--2025","DAX",2025-01-27,272,FALSE,-0.333430980708848,-1.84576861020185
"holdout","Holdout 2024--2025","DAX",2025-01-28,273,FALSE,-0.219372935174847,-2.0651415453767
"holdout","Holdout 2024--2025","DAX",2025-01-29,274,FALSE,-0.252326749353248,-2.31746829472994
"holdout","Holdout 2024--2025","DAX",2025-01-30,275,FALSE,-0.321238183003351,-2.63870647773329
"holdout","Holdout 2024--2025","DAX",2025-01-31,276,FALSE,-0.318973547934567,-2.95768002566786
"holdout","Holdout 2024--2025","DAX",2025-02-03,277,FALSE,7.73319087544172,4.77551084977386
"holdout","Holdout 2024--2025","DAX",2025-02-04,278,FALSE,-0.132817155815335,4.64269369395852
"holdout","Holdout 2024--2025","DAX",2025-02-05,279,FALSE,-0.131327116046497,4.51136657791202
"holdout","Holdout 2024--2025","DAX",2025-02-06,280,FALSE,-0.125375495497259,4.38599108241477
"holdout","Holdout 2024--2025","DAX",2025-02-07,281,FALSE,-0.302454147326186,4.08353693508858
"holdout","Holdout 2024--2025","DAX",2025-02-10,282,FALSE,-0.200989018273029,3.88254791681555
"holdout","Holdout 2024--2025","DAX",2025-02-11,283,FALSE,-0.216238236492167,3.66630968032338
"holdout","Holdout 2024--2025","DAX",2025-02-12,284,FALSE,-0.233795894674483,3.4325137856489
"holdout","Holdout 2024--2025","DAX",2025-02-13,285,FALSE,-0.239249818701638,3.19326396694726
"holdout","Holdout 2024--2025","DAX",2025-02-14,286,FALSE,-0.474227399825822,2.71903656712144
"holdout","Holdout 2024--2025","DAX",2025-02-17,287,FALSE,-0.379920474866713,2.33911609225473
"holdout","Holdout 2024--2025","DAX",2025-02-18,288,FALSE,-0.459974692923391,1.87914139933134
"holdout","Holdout 2024--2025","DAX",2025-02-19,289,FALSE,12.2216278480461,14.1007692473774
"holdout","Holdout 2024--2025","DAX",2025-02-20,290,FALSE,-0.186337085212621,13.9144321621648
"holdout","Holdout 2024--2025","DAX",2025-02-21,291,FALSE,-0.113671364658785,13.800760797506
"holdout","Holdout 2024--2025","DAX",2025-02-24,292,FALSE,-0.0856748607913311,13.7150859367147
"holdout","Holdout 2024--2025","DAX",2025-02-25,293,FALSE,-0.110380565329646,13.6047053713851
"holdout","Holdout 2024--2025","DAX",2025-02-26,294,FALSE,-0.0752900181705336,13.5294153532145
"holdout","Holdout 2024--2025","DAX",2025-02-27,295,FALSE,-0.25965476700138,13.2697605862131
"holdout","Holdout 2024--2025","DAX",2025-02-28,296,FALSE,-0.132857004863105,13.13690358135
"holdout","Holdout 2024--2025","DAX",2025-03-03,297,FALSE,-0.114761572404739,13.0221420089453
"holdout","Holdout 2024--2025","DAX",2025-03-04,298,FALSE,15.6495099042015,28.6716519131468
"holdout","Holdout 2024--2025","DAX",2025-03-05,299,FALSE,-0.0228982660037991,28.648753647143
"holdout","Holdout 2024--2025","DAX",2025-03-06,300,FALSE,-0.21042702517775,28.4383266219653
"holdout","Holdout 2024--2025","DAX",2025-03-07,301,FALSE,-0.261097808273095,28.1772288136922
"holdout","Holdout 2024--2025","DAX",2025-03-10,302,FALSE,-0.145923819411869,28.0313049942803
"holdout","Holdout 2024--2025","DAX",2025-03-11,303,FALSE,-0.0594464386048119,27.9718585556755
"holdout","Holdout 2024--2025","DAX",2025-03-12,304,FALSE,-0.00152612887311809,27.9703324268024
"holdout","Holdout 2024--2025","DAX",2025-03-13,305,FALSE,-0.0659372059247572,27.9043952208776
"holdout","Holdout 2024--2025","DAX",2025-03-14,306,FALSE,-0.0367665818487701,27.8676286390288
"holdout","Holdout 2024--2025","DAX",2025-03-17,307,FALSE,-0.127320027557166,27.7403086114717
"holdout","Holdout 2024--2025","DAX",2025-03-18,308,FALSE,-0.146746296896431,27.5935623145752
"holdout","Holdout 2024--2025","DAX",2025-03-19,309,FALSE,-0.170641905968078,27.4229204086072
"holdout","Holdout 2024--2025","DAX",2025-03-20,310,FALSE,-0.118708571056127,27.304211837551
"holdout","Holdout 2024--2025","DAX",2025-03-21,311,FALSE,-0.0358926000435704,27.2683192375075
"holdout","Holdout 2024--2025","DAX",2025-03-24,312,FALSE,0.0138620594337968,27.2821812969413
"holdout","Holdout 2024--2025","DAX",2025-03-25,313,FALSE,0.0379624799727689,27.320143776914
"holdout","Holdout 2024--2025","DAX",2025-03-26,314,FALSE,-0.0276288736023553,27.2925149033117
"holdout","Holdout 2024--2025","DAX",2025-03-27,315,FALSE,0.0383923357866771,27.3309072390984
"holdout","Holdout 2024--2025","DAX",2025-03-28,316,FALSE,0.0832671412852184,27.4141743803836
"holdout","Holdout 2024--2025","DAX",2025-03-31,317,FALSE,0.127799995445601,27.5419743758292
"holdout","Holdout 2024--2025","DAX",2025-04-01,318,FALSE,0.172934610197222,27.7149089860264
"holdout","Holdout 2024--2025","DAX",2025-04-02,319,FALSE,0.0533692403419179,27.7682782263683
"holdout","Holdout 2024--2025","DAX",2025-04-03,320,FALSE,-3.27596061546645,24.4923176109019
"holdout","Holdout 2024--2025","DAX",2025-04-04,321,FALSE,-7.68254171874373,16.8097758921581
"holdout","Holdout 2024--2025","DAX",2025-04-07,322,FALSE,-2.15925951152297,14.6505163806352
"holdout","Holdout 2024--2025","DAX",2025-04-08,323,FALSE,0.258171146234017,14.9086875268692
"holdout","Holdout 2024--2025","DAX",2025-04-09,324,FALSE,0.158696200533416,15.0673837274026
"holdout","Holdout 2024--2025","DAX",2025-04-10,325,FALSE,0.201744074305402,15.269127801708
"holdout","Holdout 2024--2025","DAX",2025-04-11,326,FALSE,0.0184446402542959,15.2875724419623
"holdout","Holdout 2024--2025","DAX",2025-04-14,327,FALSE,0.0493190331666535,15.336891475129
"holdout","Holdout 2024--2025","DAX",2025-04-15,328,FALSE,-0.0463064443421297,15.2905850307868
"holdout","Holdout 2024--2025","DAX",2025-04-16,329,FALSE,-0.0803754229261449,15.2102096078607
"holdout","Holdout 2024--2025","DAX",2025-04-17,330,FALSE,-0.0781970620839068,15.1320125457768
"holdout","Holdout 2024--2025","DAX",2025-04-22,331,FALSE,-0.0386956651483312,15.0933168806284
"holdout","Holdout 2024--2025","DAX",2025-04-23,332,FALSE,-0.0322374237870577,15.0610794568414
"holdout","Holdout 2024--2025","DAX",2025-04-24,333,FALSE,-0.203570061479187,14.8575093953622
"holdout","Holdout 2024--2025","DAX",2025-04-25,334,FALSE,-0.206521328579144,14.650988066783
"holdout","Holdout 2024--2025","DAX",2025-04-28,335,FALSE,-0.217234014643167,14.4337540521399
"holdout","Holdout 2024--2025","DAX",2025-04-29,336,FALSE,-0.199481366860702,14.2342726852792
"holdout","Holdout 2024--2025","DAX",2025-04-30,337,FALSE,-0.197843922225096,14.0364287630541
"holdout","Holdout 2024--2025","DAX",2025-05-02,338,FALSE,-0.231446335686724,13.8049824273674
"holdout","Holdout 2024--2025","DAX",2025-05-05,339,FALSE,-0.41555837729174,13.3894240500756
"holdout","Holdout 2024--2025","DAX",2025-05-06,340,FALSE,-0.436042671847668,12.953381378228
"holdout","Holdout 2024--2025","DAX",2025-05-07,341,FALSE,-0.358269367418067,12.5951120108099
"holdout","Holdout 2024--2025","DAX",2025-05-08,342,FALSE,-0.256471519220147,12.3386404915897
"holdout","Holdout 2024--2025","DAX",2025-05-09,343,FALSE,-0.285068098357814,12.0535723932319
"holdout","Holdout 2024--2025","DAX",2025-05-12,344,FALSE,-0.290440813645599,11.7631315795863
"holdout","Holdout 2024--2025","DAX",2025-05-13,345,FALSE,-0.272488209696208,11.4906433698901
"holdout","Holdout 2024--2025","DAX",2025-05-14,346,FALSE,-0.254410769874781,11.2362326000153
"holdout","Holdout 2024--2025","DAX",2025-05-15,347,FALSE,-0.165337484164154,11.0708951158512
"holdout","Holdout 2024--2025","DAX",2025-05-16,348,FALSE,-0.18090882907364,10.8899862867775
"holdout","Holdout 2024--2025","DAX",2025-05-19,349,FALSE,-0.16401155599028,10.7259747307873
"holdout","Holdout 2024--2025","DAX",2025-05-20,350,FALSE,-0.193131046749862,10.5328436840374
"holdout","Holdout 2024--2025","DAX",2025-05-21,351,FALSE,-0.190148170113606,10.3426955139238
"holdout","Holdout 2024--2025","DAX",2025-05-22,352,FALSE,-0.176227337469133,10.1664681764547
"holdout","Holdout 2024--2025","DAX",2025-05-23,353,FALSE,2.29441311279474,12.4608812892494
"holdout","Holdout 2024--2025","DAX",2025-05-26,354,FALSE,0.0409883588076934,12.5018696480571
"holdout","Holdout 2024--2025","DAX",2025-05-27,355,FALSE,-0.126907798146012,12.3749618499111
"holdout","Holdout 2024--2025","DAX",2025-05-28,356,FALSE,-0.16221546744587,12.2127463824652
"holdout","Holdout 2024--2025","DAX",2025-05-29,357,FALSE,-0.0683181274804494,12.1444282549848
"holdout","Holdout 2024--2025","DAX",2025-05-30,358,FALSE,-0.0193995531900775,12.1250287017947
"holdout","Holdout 2024--2025","DAX",2025-06-02,359,FALSE,-0.010596542805233,12.1144321589895
"holdout","Holdout 2024--2025","DAX",2025-06-03,360,FALSE,0.0418127149618774,12.1562448739513
"holdout","Holdout 2024--2025","DAX",2025-06-04,361,FALSE,-0.00107217609371912,12.1551726978576
"holdout","Holdout 2024--2025","DAX",2025-06-05,362,FALSE,-0.051473944167187,12.1036987536904
"holdout","Holdout 2024--2025","DAX",2025-06-06,363,FALSE,-0.0418154317759389,12.0618833219145
"holdout","Holdout 2024--2025","DAX",2025-06-09,364,FALSE,-0.00829960733337609,12.0535837145811
"holdout","Holdout 2024--2025","DAX",2025-06-10,365,FALSE,0.065758164461678,12.1193418790428
"holdout","Holdout 2024--2025","DAX",2025-06-11,366,FALSE,0.113690324635183,12.233032203678
"holdout","Holdout 2024--2025","DAX",2025-06-12,367,FALSE,0.13003071075868,12.3630629144367
"holdout","Holdout 2024--2025","DAX",2025-06-13,368,FALSE,0.16681425255251,12.5298771669892
"holdout","Holdout 2024--2025","DAX",2025-06-16,369,FALSE,0.191726100501494,12.7216032674907
"holdout","Holdout 2024--2025","DAX",2025-06-17,370,FALSE,0.119925248581272,12.8415285160719
"holdout","Holdout 2024--2025","DAX",2025-06-18,371,FALSE,0.173056479756425,13.0145849958284
"holdout","Holdout 2024--2025","DAX",2025-06-19,372,FALSE,0.179017801048218,13.1936027968766
"holdout","Holdout 2024--2025","DAX",2025-06-20,373,FALSE,0.204895197469948,13.3984979943465
"holdout","Holdout 2024--2025","DAX",2025-06-23,374,FALSE,0.0827541947940718,13.4812521891406
"holdout","Holdout 2024--2025","DAX",2025-06-24,375,FALSE,0.106974469863435,13.588226659004
"holdout","Holdout 2024--2025","DAX",2025-06-25,376,FALSE,-0.0480853466402063,13.5401413123638
"holdout","Holdout 2024--2025","DAX",2025-06-26,377,FALSE,0.0183653538797288,13.5585066662436
"holdout","Holdout 2024--2025","DAX",2025-06-27,378,FALSE,-0.0120896447919674,13.5464170214516
"holdout","Holdout 2024--2025","DAX",2025-06-30,379,FALSE,-0.152455347385489,13.3939616740661
"holdout","Holdout 2024--2025","DAX",2025-07-01,380,FALSE,-0.0784210382926167,13.3155406357735
"holdout","Holdout 2024--2025","DAX",2025-07-02,381,FALSE,0.0110951918961057,13.3266358276696
"holdout","Holdout 2024--2025","DAX",2025-07-03,382,FALSE,-0.00539546010860215,13.321240367561
"holdout","Holdout 2024--2025","DAX",2025-07-04,383,FALSE,-0.0286055396684941,13.2926348278925
"holdout","Holdout 2024--2025","DAX",2025-07-07,384,FALSE,0.0437588219939355,13.3363936498864
"holdout","Holdout 2024--2025","DAX",2025-07-08,385,FALSE,-0.0597935626043149,13.2766000872821
"holdout","Holdout 2024--2025","DAX",2025-07-09,386,FALSE,-0.0782912868071728,13.1983088004749
"holdout","Holdout 2024--2025","DAX",2025-07-10,387,FALSE,-0.202433441152282,12.9958753593227
"holdout","Holdout 2024--2025","DAX",2025-07-11,388,FALSE,-0.14097398882099,12.8549013705017
"holdout","Holdout 2024--2025","DAX",2025-07-14,389,FALSE,-0.0471518132173725,12.8077495572843
"holdout","Holdout 2024--2025","DAX",2025-07-15,390,FALSE,0.00477994542599625,12.8125295027103
"holdout","Holdout 2024--2025","DAX",2025-07-16,391,FALSE,0.0643893523200618,12.8769188550304
"holdout","Holdout 2024--2025","DAX",2025-07-17,392,FALSE,0.092556559356038,12.9694754143864
"holdout","Holdout 2024--2025","DAX",2025-07-18,393,FALSE,-0.0891256439212702,12.8803497704651
"holdout","Holdout 2024--2025","DAX",2025-07-21,394,FALSE,-0.0343180201803013,12.8460317502848
"holdout","Holdout 2024--2025","DAX",2025-07-22,395,FALSE,-0.026139869823544,12.8198918804613
"holdout","Holdout 2024--2025","DAX",2025-07-23,396,FALSE,0.0555348358926007,12.8754267163539
"holdout","Holdout 2024--2025","DAX",2025-07-24,397,FALSE,0.000694469036086165,12.87612118539
"holdout","Holdout 2024--2025","DAX",2025-07-25,398,FALSE,0.003414652283666,12.8795358376736
"holdout","Holdout 2024--2025","DAX",2025-07-28,399,FALSE,0.0513937833537641,12.9309296210274
"holdout","Holdout 2024--2025","DAX",2025-07-29,400,FALSE,0.103221027597951,13.0341506486253
"holdout","Holdout 2024--2025","DAX",2025-07-30,401,FALSE,0.013386057730155,13.0475367063555
"holdout","Holdout 2024--2025","DAX",2025-07-31,402,FALSE,0.0226202435907457,13.0701569499462
"holdout","Holdout 2024--2025","DAX",2025-08-01,403,FALSE,-3.53537622150688,9.53478072843936
"holdout","Holdout 2024--2025","DAX",2025-08-04,404,FALSE,0.160705286956703,9.69548601539606
"holdout","Holdout 2024--2025","DAX",2025-08-05,405,FALSE,0.0479552465216191,9.74344126191768
"holdout","Holdout 2024--2025","DAX",2025-08-06,406,FALSE,0.0432503416828058,9.78669160360049
"holdout","Holdout 2024--2025","DAX",2025-08-07,407,FALSE,0.0373936516020552,9.82408525520254
"holdout","Holdout 2024--2025","DAX",2025-08-08,408,FALSE,-0.0441735700984842,9.77991168510406
"holdout","Holdout 2024--2025","DAX",2025-08-11,409,FALSE,0.00404229439253401,9.78395397949659
"holdout","Holdout 2024--2025","DAX",2025-08-12,410,FALSE,0.0631378338936526,9.84709181339024
"holdout","Holdout 2024--2025","DAX",2025-08-13,411,FALSE,0.104825430679305,9.95191724406955
"holdout","Holdout 2024--2025","DAX",2025-08-14,412,FALSE,0.0662822051946552,10.0181994492642
"holdout","Holdout 2024--2025","DAX",2025-08-15,413,FALSE,0.00549776465592178,10.0236972139201
"holdout","Holdout 2024--2025","DAX",2025-08-18,414,FALSE,0.0469578140097298,10.0706550279299
"holdout","Holdout 2024--2025","DAX",2025-08-19,415,FALSE,0.0897964495302368,10.1604514774601
"holdout","Holdout 2024--2025","DAX",2025-08-20,416,FALSE,0.0842466004877058,10.2446980779478
"holdout","Holdout 2024--2025","DAX",2025-08-21,417,FALSE,0.132423582482511,10.3771216604303
"holdout","Holdout 2024--2025","DAX",2025-08-22,418,FALSE,0.137514536690007,10.5146361971203
"holdout","Holdout 2024--2025","DAX",2025-08-25,419,FALSE,0.147243975192774,10.6618801723131
"holdout","Holdout 2024--2025","DAX",2025-08-26,420,FALSE,0.181465836783194,10.8433460090963
"holdout","Holdout 2024--2025","DAX",2025-08-27,421,FALSE,0.20715028136039,11.0504962904567
"holdout","Holdout 2024--2025","DAX",2025-08-28,422,FALSE,0.231680796290889,11.2821770867476
"holdout","Holdout 2024--2025","DAX",2025-08-29,423,FALSE,0.242539084172224,11.5247161709198
"holdout","Holdout 2024--2025","DAX",2025-09-01,424,FALSE,0.245812487340701,11.7705286582605
"holdout","Holdout 2024--2025","DAX",2025-09-02,425,FALSE,-7.89822352830643,3.87230512995406
"holdout","Holdout 2024--2025","DAX",2025-09-03,426,FALSE,0.242267940236615,4.11457307019068
"holdout","Holdout 2024--2025","DAX",2025-09-04,427,FALSE,0.195111302664184,4.30968437285486
"holdout","Holdout 2024--2025","DAX",2025-09-05,428,FALSE,0.134582647298154,4.44426702015301
"holdout","Holdout 2024--2025","DAX",2025-09-08,429,FALSE,0.184337984458757,4.62860500461177
"holdout","Holdout 2024--2025","DAX",2025-09-09,430,FALSE,0.109014856813109,4.73761986142488
"holdout","Holdout 2024--2025","DAX",2025-09-10,431,FALSE,0.149446186767654,4.88706604819253
"holdout","Holdout 2024--2025","DAX",2025-09-11,432,FALSE,0.185022396793227,5.07208844498576
"holdout","Holdout 2024--2025","DAX",2025-09-12,433,FALSE,0.182287300048045,5.2543757450338
"holdout","Holdout 2024--2025","DAX",2025-09-15,434,FALSE,0.203116933178327,5.45749267821213
"holdout","Holdout 2024--2025","DAX",2025-09-16,435,FALSE,-6.8696732898685,-1.41218061165637
"holdout","Holdout 2024--2025","DAX",2025-09-17,436,FALSE,0.199750699981323,-1.21242991167504
"holdout","Holdout 2024--2025","DAX",2025-09-18,437,FALSE,0.174808273194315,-1.03762163848073
"holdout","Holdout 2024--2025","DAX",2025-09-19,438,FALSE,0.0167148406784385,-1.02090679780229
"holdout","Holdout 2024--2025","DAX",2025-09-22,439,FALSE,0.0426513357893072,-0.978255462012984
"holdout","Holdout 2024--2025","DAX",2025-09-23,440,FALSE,0.0863902674473898,-0.891865194565594
"holdout","Holdout 2024--2025","DAX",2025-09-24,441,FALSE,0.071282633895426,-0.820582560670168
"holdout","Holdout 2024--2025","DAX",2025-09-25,442,FALSE,0.075747927950808,-0.74483463271936
"holdout","Holdout 2024--2025","DAX",2025-09-26,443,FALSE,0.129493153070225,-0.615341479649135
"holdout","Holdout 2024--2025","DAX",2025-09-29,444,FALSE,0.0309130043157755,-0.584428475333359
"holdout","Holdout 2024--2025","DAX",2025-09-30,445,FALSE,0.0549503990614526,-0.529478076271907
"holdout","Holdout 2024--2025","DAX",2025-10-01,446,FALSE,0.00408585285916807,-0.525392223412739
"holdout","Holdout 2024--2025","DAX",2025-10-02,447,FALSE,-0.100307320925138,-0.625699544337877
"holdout","Holdout 2024--2025","DAX",2025-10-03,448,FALSE,-0.219940433888275,-0.845639978226152
"holdout","Holdout 2024--2025","DAX",2025-10-06,449,FALSE,-0.177955509662229,-1.02359548788838
"holdout","Holdout 2024--2025","DAX",2025-10-07,450,FALSE,-0.157573658760263,-1.18116914664864
"holdout","Holdout 2024--2025","DAX",2025-10-08,451,FALSE,-0.141353297170353,-1.322522443819
"holdout","Holdout 2024--2025","DAX",2025-10-09,452,FALSE,-0.210753458984575,-1.53327590280357
"holdout","Holdout 2024--2025","DAX",2025-10-10,453,FALSE,7.00361644675194,5.47034054394837
"holdout","Holdout 2024--2025","DAX",2025-10-13,454,FALSE,-0.0496628402641901,5.42067770368418
"holdout","Holdout 2024--2025","DAX",2025-10-14,455,FALSE,-0.0718415884233008,5.34883611526087
"holdout","Holdout 2024--2025","DAX",2025-10-15,456,FALSE,0.00369753900870995,5.35253365426959
"holdout","Holdout 2024--2025","DAX",2025-10-16,457,FALSE,0.0343423365192581,5.38687599078884
"holdout","Holdout 2024--2025","DAX",2025-10-17,458,FALSE,-1.00762984124719,4.37924614954166
"holdout","Holdout 2024--2025","DAX",2025-10-20,459,FALSE,0.103071679639173,4.48231782918083
"holdout","Holdout 2024--2025","DAX",2025-10-21,460,FALSE,-0.0684721499852012,4.41384567919563
"holdout","Holdout 2024--2025","DAX",2025-10-22,461,FALSE,-0.0756991040336661,4.33814657516196
"holdout","Holdout 2024--2025","DAX",2025-10-23,462,FALSE,-0.00309708906901829,4.33504948609295
"holdout","Holdout 2024--2025","DAX",2025-10-24,463,FALSE,-0.00436551015121966,4.33068397594173
"holdout","Holdout 2024--2025","DAX",2025-10-27,464,FALSE,0.00856016957753569,4.33924414551926
"holdout","Holdout 2024--2025","DAX",2025-10-28,465,FALSE,0.0174248712804097,4.35666901679967
"holdout","Holdout 2024--2025","DAX",2025-10-29,466,FALSE,0.0619922959177028,4.41866131271737
"holdout","Holdout 2024--2025","DAX",2025-10-30,467,FALSE,0.108254240266807,4.52691555298418
"holdout","Holdout 2024--2025","DAX",2025-10-31,468,FALSE,0.13169418023648,4.65860973322066
"holdout","Holdout 2024--2025","DAX",2025-11-03,469,FALSE,0.169825951268027,4.82843568448869
"holdout","Holdout 2024--2025","DAX",2025-11-04,470,FALSE,0.0963850745945827,4.92482075908327
"holdout","Holdout 2024--2025","DAX",2025-11-05,471,FALSE,0.148215715148743,5.07303647423201
"holdout","Holdout 2024--2025","DAX",2025-11-06,472,FALSE,0.121094268736428,5.19413074296844
"holdout","Holdout 2024--2025","DAX",2025-11-07,473,FALSE,0.163947864595026,5.35807860756347
"holdout","Holdout 2024--2025","DAX",2025-11-10,474,FALSE,0.187307289384136,5.5453858969476
"holdout","Holdout 2024--2025","DAX",2025-11-11,475,FALSE,0.0104056589762376,5.55579155592384
"holdout","Holdout 2024--2025","DAX",2025-11-12,476,FALSE,-0.0154307071913571,5.54036084873248
"holdout","Holdout 2024--2025","DAX",2025-11-13,477,FALSE,-0.102313785651942,5.43804706308054
"holdout","Holdout 2024--2025","DAX",2025-11-14,478,FALSE,0.0136158648151727,5.45166292789571
"holdout","Holdout 2024--2025","DAX",2025-11-17,479,FALSE,0.0621903043702052,5.51385323226592
"holdout","Holdout 2024--2025","DAX",2025-11-18,480,FALSE,0.116366975320688,5.63022020758661
"holdout","Holdout 2024--2025","DAX",2025-11-19,481,FALSE,0.154688372722614,5.78490858030922
"holdout","Holdout 2024--2025","DAX",2025-11-20,482,FALSE,0.13724788421496,5.92215646452418
"holdout","Holdout 2024--2025","DAX",2025-11-21,483,FALSE,0.116248343117064,6.03840480764125
"holdout","Holdout 2024--2025","DAX",2025-11-24,484,FALSE,0.164492107664197,6.20289691530544
"holdout","Holdout 2024--2025","DAX",2025-11-25,485,FALSE,0.132707231733623,6.33560414703907
"holdout","Holdout 2024--2025","DAX",2025-11-26,486,FALSE,0.0604388413708778,6.39604298840994
"holdout","Holdout 2024--2025","DAX",2025-11-27,487,FALSE,-0.0246671172160795,6.37137587119386
"holdout","Holdout 2024--2025","DAX",2025-11-28,488,FALSE,-0.0298530564358912,6.34152281475797
"holdout","Holdout 2024--2025","DAX",2025-12-01,489,FALSE,-0.0421182592018732,6.2994045555561
"holdout","Holdout 2024--2025","DAX",2025-12-02,490,FALSE,0.0529499542687559,6.35235450982486
"holdout","Holdout 2024--2025","DAX",2025-12-03,491,FALSE,0.0294199580264911,6.38177446785135
"holdout","Holdout 2024--2025","DAX",2025-12-04,492,FALSE,0.0456048664072153,6.42737933425856
"holdout","Holdout 2024--2025","DAX",2025-12-05,493,FALSE,-0.0162915578698564,6.41108777638871
"holdout","Holdout 2024--2025","DAX",2025-12-08,494,FALSE,-0.0474821072489899,6.36360566913972
"holdout","Holdout 2024--2025","DAX",2025-12-09,495,FALSE,-0.0347035702975287,6.32890209884219
"holdout","Holdout 2024--2025","DAX",2025-12-10,496,FALSE,-0.0470195947479393,6.28188250409425
"holdout","Holdout 2024--2025","DAX",2025-12-11,497,FALSE,-0.0128541239361426,6.26902838015811
"holdout","Holdout 2024--2025","DAX",2025-12-12,498,FALSE,-0.0682820366670875,6.20074634349102
"holdout","Holdout 2024--2025","DAX",2025-12-15,499,FALSE,0.00227868784307717,6.2030250313341
"holdout","Holdout 2024--2025","DAX",2025-12-16,500,FALSE,0.00944784778947461,6.21247287912357
"holdout","Holdout 2024--2025","DAX",2025-12-17,501,FALSE,0.0760193279628054,6.28849220708638
"holdout","Holdout 2024--2025","DAX",2025-12-18,502,FALSE,0.117296931006512,6.40578913809289
"holdout","Holdout 2024--2025","DAX",2025-12-19,503,FALSE,-0.000231352936885809,6.405557785156
"holdout","Holdout 2024--2025","DAX",2025-12-22,504,FALSE,-0.0143208543604059,6.3912369307956
"holdout","Holdout 2024--2025","DAX",2025-12-23,505,FALSE,0.00583845596920329,6.3970753867648
"holdout","Holdout 2024--2025","DAX",2025-12-29,506,FALSE,0.013266720615146,6.41034210737995
"holdout","Holdout 2024--2025","DAX",2025-12-30,507,FALSE,0.0256242435219707,6.43596635090192
"holdout","Holdout 2024--2025","NIKKEI",2024-01-03,0,TRUE,,0
"holdout","Holdout 2024--2025","NIKKEI",2024-01-04,1,FALSE,-0.0241683738583578,-0.0241683738583578
"holdout","Holdout 2024--2025","NIKKEI",2024-01-05,2,FALSE,0.0251104969308868,0.000942123072529055
"holdout","Holdout 2024--2025","NIKKEI",2024-01-09,3,FALSE,0.0060240624972665,0.00696618556979556
"holdout","Holdout 2024--2025","NIKKEI",2024-01-10,4,FALSE,-0.0860396806617396,-0.0790734950919441
"holdout","Holdout 2024--2025","NIKKEI",2024-01-11,5,FALSE,-0.21973256053925,-0.298806055631194
"holdout","Holdout 2024--2025","NIKKEI",2024-01-12,6,FALSE,-0.288237251349848,-0.587043306981042
"holdout","Holdout 2024--2025","NIKKEI",2024-01-15,7,FALSE,-0.327408549048902,-0.914451856029944
"holdout","Holdout 2024--2025","NIKKEI",2024-01-16,8,FALSE,-0.347092781130695,-1.26154463716064
"holdout","Holdout 2024--2025","NIKKEI",2024-01-17,9,FALSE,-0.215323915532383,-1.47686855269302
"holdout","Holdout 2024--2025","NIKKEI",2024-01-18,10,FALSE,-0.163693450428045,-1.64056200312107
"holdout","Holdout 2024--2025","NIKKEI",2024-01-19,11,FALSE,-0.159392041237447,-1.79995404435851
"holdout","Holdout 2024--2025","NIKKEI",2024-01-22,12,FALSE,-0.22855190254405,-2.02850594690256
"holdout","Holdout 2024--2025","NIKKEI",2024-01-23,13,FALSE,-0.294310337134505,-2.32281628403707
"holdout","Holdout 2024--2025","NIKKEI",2024-01-24,14,FALSE,-0.281024698292508,-2.60384098232958
"holdout","Holdout 2024--2025","NIKKEI",2024-01-25,15,FALSE,-0.156593151639816,-2.76043413396939
"holdout","Holdout 2024--2025","NIKKEI",2024-01-26,16,FALSE,-0.170961407679584,-2.93139554164898
"holdout","Holdout 2024--2025","NIKKEI",2024-01-29,17,FALSE,-0.015842995250003,-2.94723853689898
"holdout","Holdout 2024--2025","NIKKEI",2024-01-30,18,FALSE,-0.0683192070473124,-3.01555774394629
"holdout","Holdout 2024--2025","NIKKEI",2024-01-31,19,FALSE,-0.0815558362146054,-3.0971135801609
"holdout","Holdout 2024--2025","NIKKEI",2024-02-01,20,FALSE,-0.110006655933587,-3.20712023609448
"holdout","Holdout 2024--2025","NIKKEI",2024-02-02,21,FALSE,-0.0169694708246095,-3.22408970691909
"holdout","Holdout 2024--2025","NIKKEI",2024-02-05,22,FALSE,-0.0427961283518736,-3.26688583527097
"holdout","Holdout 2024--2025","NIKKEI",2024-02-06,23,FALSE,-0.0719084516438298,-3.3387942869148
"holdout","Holdout 2024--2025","NIKKEI",2024-02-07,24,FALSE,0.00908341406359248,-3.3297108728512
"holdout","Holdout 2024--2025","NIKKEI",2024-02-08,25,FALSE,0.0258847928184538,-3.30382608003275
"holdout","Holdout 2024--2025","NIKKEI",2024-02-09,26,FALSE,-0.166277773649499,-3.47010385368225
"holdout","Holdout 2024--2025","NIKKEI",2024-02-13,27,FALSE,-0.163472477649837,-3.63357633133209
"holdout","Holdout 2024--2025","NIKKEI",2024-02-14,28,FALSE,-0.339810779535837,-3.97338711086792
"holdout","Holdout 2024--2025","NIKKEI",2024-02-15,29,FALSE,-0.218486548000435,-4.19187365886836
"holdout","Holdout 2024--2025","NIKKEI",2024-02-16,30,FALSE,-0.267856908983064,-4.45973056785142
"holdout","Holdout 2024--2025","NIKKEI",2024-02-19,31,FALSE,-0.287014139264358,-4.74674470711578
"holdout","Holdout 2024--2025","NIKKEI",2024-02-20,32,FALSE,-0.279362845804484,-5.02610755292027
"holdout","Holdout 2024--2025","NIKKEI",2024-02-21,33,FALSE,-0.232249618660731,-5.258357171581
"holdout","Holdout 2024--2025","NIKKEI",2024-02-22,34,FALSE,-0.186559188757126,-5.44491636033812
"holdout","Holdout 2024--2025","NIKKEI",2024-02-26,35,FALSE,-0.320594464886992,-5.76551082522511
"holdout","Holdout 2024--2025","NIKKEI",2024-02-27,36,FALSE,-0.32007451751298,-6.08558534273809
"holdout","Holdout 2024--2025","NIKKEI",2024-02-28,37,FALSE,-0.323121763336554,-6.40870710607465
"holdout","Holdout 2024--2025","NIKKEI",2024-02-29,38,FALSE,-0.296775890920714,-6.70548299699536
"holdout","Holdout 2024--2025","NIKKEI",2024-03-01,39,FALSE,-0.257540702492419,-6.96302369948778
"holdout","Holdout 2024--2025","NIKKEI",2024-03-04,40,FALSE,-0.375082971250279,-7.33810667073806
"holdout","Holdout 2024--2025","NIKKEI",2024-03-05,41,FALSE,-0.363671281341569,-7.70177795207963
"holdout","Holdout 2024--2025","NIKKEI",2024-03-06,42,FALSE,-0.339641603692689,-8.04141955577232
"holdout","Holdout 2024--2025","NIKKEI",2024-03-07,43,FALSE,-0.321674589228136,-8.36309414500045
"holdout","Holdout 2024--2025","NIKKEI",2024-03-08,44,FALSE,-0.0970447005354902,-8.46013884553594
"holdout","Holdout 2024--2025","NIKKEI",2024-03-11,45,FALSE,3.76906810723363,-4.69107073830232
"holdout","Holdout 2024--2025","NIKKEI",2024-03-12,46,FALSE,0.104182732283129,-4.58688800601919
"holdout","Holdout 2024--2025","NIKKEI",2024-03-13,47,FALSE,0.081917449930168,-4.50497055608902
"holdout","Holdout 2024--2025","NIKKEI",2024-03-14,48,FALSE,0.0917274703167585,-4.41324308577226
"holdout","Holdout 2024--2025","NIKKEI",2024-03-15,49,FALSE,0.0700921532075294,-4.34315093256473
"holdout","Holdout 2024--2025","NIKKEI",2024-03-18,50,FALSE,0.0887655505483607,-4.25438538201637
"holdout","Holdout 2024--2025","NIKKEI",2024-03-19,51,FALSE,-0.155553377676452,-4.40993875969282
"holdout","Holdout 2024--2025","NIKKEI",2024-03-21,52,FALSE,-0.177521586500523,-4.58746034619335
"holdout","Holdout 2024--2025","NIKKEI",2024-03-22,53,FALSE,-0.276673438441218,-4.86413378463456
"holdout","Holdout 2024--2025","NIKKEI",2024-03-25,54,FALSE,-0.293105129891281,-5.15723891452584
"holdout","Holdout 2024--2025","NIKKEI",2024-03-26,55,FALSE,-0.12915225479148,-5.28639116931732
"holdout","Holdout 2024--2025","NIKKEI",2024-03-27,56,FALSE,-0.142639459678948,-5.42903062899627
"holdout","Holdout 2024--2025","NIKKEI",2024-03-28,57,FALSE,-0.186251231714021,-5.61528186071029
"holdout","Holdout 2024--2025","NIKKEI",2024-03-29,58,FALSE,-0.0211584779084224,-5.63644033861872
"holdout","Holdout 2024--2025","NIKKEI",2024-05-01,59,FALSE,-0.0229231277083093,-5.65936346632702
"holdout","Holdout 2024--2025","NIKKEI",2024-05-02,60,FALSE,-0.0197820559466546,-5.67914552227368
"holdout","Holdout 2024--2025","NIKKEI",2024-05-07,61,FALSE,-0.0431428935560878,-5.72228841582977
"holdout","Holdout 2024--2025","NIKKEI",2024-05-08,62,FALSE,-0.121250975742053,-5.84353939157182
"holdout","Holdout 2024--2025","NIKKEI",2024-05-09,63,FALSE,0.0209186473125107,-5.82262074425931
"holdout","Holdout 2024--2025","NIKKEI",2024-05-10,64,FALSE,0.0138994003367117,-5.8087213439226
"holdout","Holdout 2024--2025","NIKKEI",2024-05-13,65,FALSE,-0.0191644879388346,-5.82788583186143
"holdout","Holdout 2024--2025","NIKKEI",2024-05-14,66,FALSE,-0.0187949625253785,-5.84668079438681
"holdout","Holdout 2024--2025","NIKKEI",2024-05-15,67,FALSE,-0.0436677720238094,-5.89034856641062
"holdout","Holdout 2024--2025","NIKKEI",2024-05-16,68,FALSE,-0.0637036678723146,-5.95405223428293
"holdout","Holdout 2024--2025","NIKKEI",2024-05-17,69,FALSE,-0.136236939287124,-6.09028917357006
"holdout","Holdout 2024--2025","NIKKEI",2024-05-20,70,FALSE,-0.0891709917993779,-6.17946016536944
"holdout","Holdout 2024--2025","NIKKEI",2024-05-21,71,FALSE,-0.124513565506015,-6.30397373087545
"holdout","Holdout 2024--2025","NIKKEI",2024-05-22,72,FALSE,-0.0840349037845469,-6.38800863466
"holdout","Holdout 2024--2025","NIKKEI",2024-05-23,73,FALSE,0.00775235607340674,-6.38025627858659
"holdout","Holdout 2024--2025","NIKKEI",2024-05-24,74,FALSE,-0.0759995872617674,-6.45625586584836
"holdout","Holdout 2024--2025","NIKKEI",2024-05-27,75,FALSE,0.0436406140461538,-6.4126152518022
"holdout","Holdout 2024--2025","NIKKEI",2024-05-28,76,FALSE,-0.0066770600937649,-6.41929231189597
"holdout","Holdout 2024--2025","NIKKEI",2024-05-29,77,FALSE,-0.000949491908062594,-6.42024180380403
"holdout","Holdout 2024--2025","NIKKEI",2024-05-30,78,FALSE,0.0642552550793112,-6.35598654872472
"holdout","Holdout 2024--2025","NIKKEI",2024-05-31,79,FALSE,0.145492494385067,-6.21049405433965
"holdout","Holdout 2024--2025","NIKKEI",2024-06-03,80,FALSE,0.0623100561735659,-6.14818399816609
"holdout","Holdout 2024--2025","NIKKEI",2024-06-04,81,FALSE,-0.00657763438859527,-6.15476163255468
"holdout","Holdout 2024--2025","NIKKEI",2024-06-05,82,FALSE,0.00329876577668031,-6.151462866778
"holdout","Holdout 2024--2025","NIKKEI",2024-06-06,83,FALSE,0.0700561752941213,-6.08140669148388
"holdout","Holdout 2024--2025","NIKKEI",2024-06-07,84,FALSE,0.0234046512800441,-6.05800204020384
"holdout","Holdout 2024--2025","NIKKEI",2024-06-10,85,FALSE,0.0163484063088819,-6.04165363389495
"holdout","Holdout 2024--2025","NIKKEI",2024-06-11,86,FALSE,-0.037378148283767,-6.07903178217872
"holdout","Holdout 2024--2025","NIKKEI",2024-06-12,87,FALSE,-0.0534547629425366,-6.13248654512126
"holdout","Holdout 2024--2025","NIKKEI",2024-06-13,88,FALSE,0.0265035868265036,-6.10598295829475
"holdout","Holdout 2024--2025","NIKKEI",2024-06-14,89,FALSE,0.0630393314742919,-6.04294362682046
"holdout","Holdout 2024--2025","NIKKEI",2024-06-17,90,FALSE,-1.11349440853471,-7.15643803535517
"holdout","Holdout 2024--2025","NIKKEI",2024-06-18,91,FALSE,0.182786719647216,-6.97365131570796
"holdout","Holdout 2024--2025","NIKKEI",2024-06-19,92,FALSE,0.0970568313136342,-6.87659448439432
"holdout","Holdout 2024--2025","NIKKEI",2024-06-20,93,FALSE,0.0699711806179524,-6.80662330377637
"holdout","Holdout 2024--2025","NIKKEI",2024-06-21,94,FALSE,0.0481159976124221,-6.75850730616395
"holdout","Holdout 2024--2025","NIKKEI",2024-06-24,95,FALSE,0.0493402803875869,-6.70916702577636
"holdout","Holdout 2024--2025","NIKKEI",2024-06-25,96,FALSE,0.01053022897247,-6.69863679680389
"holdout","Holdout 2024--2025","NIKKEI",2024-06-26,97,FALSE,-0.0491299945403578,-6.74776679134425
"holdout","Holdout 2024--2025","NIKKEI",2024-06-27,98,FALSE,-0.116769184422624,-6.86453597576688
"holdout","Holdout 2024--2025","NIKKEI",2024-06-28,99,FALSE,-0.0046749585695709,-6.86921093433645
"holdout","Holdout 2024--2025","NIKKEI",2024-07-01,100,FALSE,-0.0377149469918137,-6.90692588132826
"holdout","Holdout 2024--2025","NIKKEI",2024-07-02,101,FALSE,-0.0549534102526672,-6.96187929158093
"holdout","Holdout 2024--2025","NIKKEI",2024-07-03,102,FALSE,-0.117346302922585,-7.07922559450351
"holdout","Holdout 2024--2025","NIKKEI",2024-07-04,103,FALSE,-0.17289251719017,-7.25211811169368
"holdout","Holdout 2024--2025","NIKKEI",2024-07-05,104,FALSE,-0.196946598243982,-7.44906470993766
"holdout","Holdout 2024--2025","NIKKEI",2024-07-08,105,FALSE,-0.207658819745927,-7.65672352968359
"holdout","Holdout 2024--2025","NIKKEI",2024-07-09,106,FALSE,-0.157590021501156,-7.81431355118475
"holdout","Holdout 2024--2025","NIKKEI",2024-07-10,107,FALSE,-0.254149191525679,-8.06846274271042
"holdout","Holdout 2024--2025","NIKKEI",2024-07-11,108,FALSE,-0.264251498330655,-8.33271424104108
"holdout","Holdout 2024--2025","NIKKEI",2024-07-12,109,FALSE,11.3706812159525,3.03796697491141
"holdout","Holdout 2024--2025","NIKKEI",2024-07-16,110,FALSE,0.0510895491098551,3.08905652402126
"holdout","Holdout 2024--2025","NIKKEI",2024-07-17,111,FALSE,0.00964802987514579,3.09870455389641
"holdout","Holdout 2024--2025","NIKKEI",2024-07-18,112,FALSE,-1.24894526865263,1.84975928524378
"holdout","Holdout 2024--2025","NIKKEI",2024-07-19,113,FALSE,0.180043138832253,2.02980242407603
"holdout","Holdout 2024--2025","NIKKEI",2024-07-22,114,FALSE,0.146676803334879,2.17647922741091
"holdout","Holdout 2024--2025","NIKKEI",2024-07-23,115,FALSE,0.182559598331559,2.35903882574247
"holdout","Holdout 2024--2025","NIKKEI",2024-07-24,116,FALSE,0.138799742664355,2.49783856840683
"holdout","Holdout 2024--2025","NIKKEI",2024-07-25,117,FALSE,-6.67714448158683,-4.17930591318
"holdout","Holdout 2024--2025","NIKKEI",2024-07-26,118,FALSE,0.292993642898981,-3.88631227028102
"holdout","Holdout 2024--2025","NIKKEI",2024-07-29,119,FALSE,0.251306498530266,-3.63500577175075
"holdout","Holdout 2024--2025","NIKKEI",2024-07-30,120,FALSE,0.101677242910332,-3.53332852884042
"holdout","Holdout 2024--2025","NIKKEI",2024-07-31,121,FALSE,0.0598576004780611,-3.47347092836236
"holdout","Holdout 2024--2025","NIKKEI",2024-08-01,122,FALSE,-0.0380232636015898,-3.51149419196395
"holdout","Holdout 2024--2025","NIKKEI",2024-08-02,123,FALSE,-6.02606662845178,-9.53756082041573
"holdout","Holdout 2024--2025","NIKKEI",2024-08-05,124,FALSE,-26.8354214083814,-36.3729822287971
"holdout","Holdout 2024--2025","NIKKEI",2024-08-06,125,FALSE,0.593519984341923,-35.7794622444552
"holdout","Holdout 2024--2025","NIKKEI",2024-08-07,126,FALSE,0.252981375839944,-35.5264808686153
"holdout","Holdout 2024--2025","NIKKEI",2024-08-08,127,FALSE,0.154428916515029,-35.3720519521002
"holdout","Holdout 2024--2025","NIKKEI",2024-08-09,128,FALSE,0.0898955594589088,-35.2821563926413
"holdout","Holdout 2024--2025","NIKKEI",2024-08-13,129,FALSE,0.00640307398015549,-35.2757533186612
"holdout","Holdout 2024--2025","NIKKEI",2024-08-14,130,FALSE,-0.107551209309348,-35.3833045279705
"holdout","Holdout 2024--2025","NIKKEI",2024-08-15,131,FALSE,-0.16470751783544,-35.548012045806
"holdout","Holdout 2024--2025","NIKKEI",2024-08-16,132,FALSE,-0.220979688852765,-35.7689917346587
"holdout","Holdout 2024--2025","NIKKEI",2024-08-19,133,FALSE,-0.29937749850772,-36.0683692331665
"holdout","Holdout 2024--2025","NIKKEI",2024-08-20,134,FALSE,-0.199868887694689,-36.2682381208611
"holdout","Holdout 2024--2025","NIKKEI",2024-08-21,135,FALSE,-0.259162419183672,-36.5274005400448
"holdout","Holdout 2024--2025","NIKKEI",2024-08-22,136,FALSE,-0.265129532538608,-36.7925300725834
"holdout","Holdout 2024--2025","NIKKEI",2024-08-23,137,FALSE,-0.300305598627763,-37.0928356712112
"holdout","Holdout 2024--2025","NIKKEI",2024-08-26,138,FALSE,-0.321370587592241,-37.4142062588034
"holdout","Holdout 2024--2025","NIKKEI",2024-08-27,139,FALSE,-0.260255528060746,-37.6744617868642
"holdout","Holdout 2024--2025","NIKKEI",2024-08-28,140,FALSE,-0.28449121290711,-37.9589529997713
"holdout","Holdout 2024--2025","NIKKEI",2024-08-29,141,FALSE,-0.296160695758058,-38.2551136955294
"holdout","Holdout 2024--2025","NIKKEI",2024-08-30,142,FALSE,-0.290239255651743,-38.5453529511811
"holdout","Holdout 2024--2025","NIKKEI",2024-09-02,143,FALSE,-0.0954212401958472,-38.6407741913769
"holdout","Holdout 2024--2025","NIKKEI",2024-09-03,144,FALSE,-0.0825390564852124,-38.7233132478622
"holdout","Holdout 2024--2025","NIKKEI",2024-09-04,145,FALSE,6.07251709807786,-32.6507961497843
"holdout","Holdout 2024--2025","NIKKEI",2024-09-05,146,FALSE,0.250955526648025,-32.3998406231363
"holdout","Holdout 2024--2025","NIKKEI",2024-09-06,147,FALSE,0.249620084785199,-32.1502205383511
"holdout","Holdout 2024--2025","NIKKEI",2024-09-09,148,FALSE,0.248869611742812,-31.9013509266083
"holdout","Holdout 2024--2025","NIKKEI",2024-09-10,149,FALSE,0.233157905045134,-31.6681930215631
"holdout","Holdout 2024--2025","NIKKEI",2024-09-11,150,FALSE,0.21747087045662,-31.4507221511065
"holdout","Holdout 2024--2025","NIKKEI",2024-09-12,151,FALSE,0.227140259017928,-31.2235818920886
"holdout","Holdout 2024--2025","NIKKEI",2024-09-13,152,FALSE,-0.0678243427085183,-31.2914062347971
"holdout","Holdout 2024--2025","NIKKEI",2024-09-17,153,FALSE,-0.0156554660135182,-31.3070617008106
"holdout","Holdout 2024--2025","NIKKEI",2024-09-18,154,FALSE,0.0500096443211437,-31.2570520564895
"holdout","Holdout 2024--2025","NIKKEI",2024-09-19,155,FALSE,0.0174870320169664,-31.2395650244725
"holdout","Holdout 2024--2025","NIKKEI",2024-09-20,156,FALSE,-0.124832902332286,-31.3643979268048
"holdout","Holdout 2024--2025","NIKKEI",2024-09-24,157,FALSE,-0.185087974329877,-31.5494859011347
"holdout","Holdout 2024--2025","NIKKEI",2024-09-25,158,FALSE,-0.198071141098115,-31.7475570422328
"holdout","Holdout 2024--2025","NIKKEI",2024-09-26,159,FALSE,-0.168637027209186,-31.916194069442
"holdout","Holdout 2024--2025","NIKKEI",2024-09-27,160,FALSE,-0.32334089201104,-32.239534961453
"holdout","Holdout 2024--2025","NIKKEI",2024-09-30,161,FALSE,19.9987827345223,-12.2407522269307
"holdout","Holdout 2024--2025","NIKKEI",2024-11-01,162,FALSE,1.35010393818736,-10.8906482887434
"holdout","Holdout 2024--2025","NIKKEI",2024-11-05,163,FALSE,0.106180006148235,-10.7844682825951
"holdout","Holdout 2024--2025","NIKKEI",2024-11-06,164,FALSE,0.0423196821433969,-10.7421486004517
"holdout","Holdout 2024--2025","NIKKEI",2024-11-07,165,FALSE,-0.119235727654146,-10.8613843281059
"holdout","Holdout 2024--2025","NIKKEI",2024-11-08,166,FALSE,-0.100488940518523,-10.9618732686244
"holdout","Holdout 2024--2025","NIKKEI",2024-11-11,167,FALSE,-0.112923374004088,-11.0747966426285
"holdout","Holdout 2024--2025","NIKKEI",2024-11-12,168,FALSE,-0.113582268433683,-11.1883789110622
"holdout","Holdout 2024--2025","NIKKEI",2024-11-13,169,FALSE,-0.065898585852028,-11.2542774969142
"holdout","Holdout 2024--2025","NIKKEI",2024-11-14,170,FALSE,0.0397434330176072,-11.2145340638966
"holdout","Holdout 2024--2025","NIKKEI",2024-11-15,171,FALSE,0.0671782771789595,-11.1473557867176
"holdout","Holdout 2024--2025","NIKKEI",2024-11-18,172,FALSE,0.0538067694405631,-11.0935490172771
"holdout","Holdout 2024--2025","NIKKEI",2024-11-19,173,FALSE,0.114572953743595,-10.9789760635335
"holdout","Holdout 2024--2025","NIKKEI",2024-11-20,174,FALSE,0.081911903434666,-10.8970641600988
"holdout","Holdout 2024--2025","NIKKEI",2024-11-21,175,FALSE,0.0862564672851502,-10.8108076928137
"holdout","Holdout 2024--2025","NIKKEI",2024-11-22,176,FALSE,0.128736451884246,-10.6820712409294
"holdout","Holdout 2024--2025","NIKKEI",2024-11-25,177,FALSE,0.0853179802592876,-10.5967532606701
"holdout","Holdout 2024--2025","NIKKEI",2024-11-26,178,FALSE,-0.0187534087491994,-10.6155066694193
"holdout","Holdout 2024--2025","NIKKEI",2024-11-27,179,FALSE,0.0591590279548713,-10.5563476414645
"holdout","Holdout 2024--2025","NIKKEI",2024-11-28,180,FALSE,0.109619697650279,-10.4467279438142
"holdout","Holdout 2024--2025","NIKKEI",2024-11-29,181,FALSE,0.0733261970953905,-10.3734017467188
"holdout","Holdout 2024--2025","NIKKEI",2024-12-02,182,FALSE,0.0940316273135182,-10.2793701194053
"holdout","Holdout 2024--2025","NIKKEI",2024-12-03,183,FALSE,0.0381988378389801,-10.2411712815663
"holdout","Holdout 2024--2025","NIKKEI",2024-12-04,184,FALSE,-0.108941657518034,-10.3501129390843
"holdout","Holdout 2024--2025","NIKKEI",2024-12-05,185,FALSE,-0.119733571673806,-10.4698465107581
"holdout","Holdout 2024--2025","NIKKEI",2024-12-06,186,FALSE,-0.128772338792797,-10.5986188495509
"holdout","Holdout 2024--2025","NIKKEI",2024-12-09,187,FALSE,-0.0373958885722367,-10.6360147381232
"holdout","Holdout 2024--2025","NIKKEI",2024-12-10,188,FALSE,-0.042536768795046,-10.6785515069182
"holdout","Holdout 2024--2025","NIKKEI",2024-12-11,189,FALSE,-0.0623295541350415,-10.7408810610532
"holdout","Holdout 2024--2025","NIKKEI",2024-12-12,190,FALSE,-0.0518242043190755,-10.7927052653723
"holdout","Holdout 2024--2025","NIKKEI",2024-12-13,191,FALSE,-0.143169102834348,-10.9358743682067
"holdout","Holdout 2024--2025","NIKKEI",2024-12-16,192,FALSE,-0.02744442753206,-10.9633187957387
"holdout","Holdout 2024--2025","NIKKEI",2024-12-17,193,FALSE,-0.0182762891607504,-10.9815950848995
"holdout","Holdout 2024--2025","NIKKEI",2024-12-18,194,FALSE,0.0199402530116048,-10.9616548318879
"holdout","Holdout 2024--2025","NIKKEI",2024-12-19,195,FALSE,0.080270551420021,-10.8813842804679
"holdout","Holdout 2024--2025","NIKKEI",2024-12-20,196,FALSE,0.120989801719816,-10.760394478748
"holdout","Holdout 2024--2025","NIKKEI",2024-12-23,197,FALSE,0.140513757221914,-10.6198807215261
"holdout","Holdout 2024--2025","NIKKEI",2024-12-24,198,FALSE,0.0257754845874378,-10.5941052369387
"holdout","Holdout 2024--2025","NIKKEI",2024-12-25,199,FALSE,0.0565322154770127,-10.5375730214617
"holdout","Holdout 2024--2025","NIKKEI",2024-12-26,200,FALSE,0.0451589262745595,-10.4924140951871
"holdout","Holdout 2024--2025","NIKKEI",2024-12-27,201,FALSE,-0.0509803072568107,-10.5433944024439
"holdout","Holdout 2024--2025","NIKKEI",2024-12-30,202,FALSE,-0.178928122766336,-10.7223225252103
"holdout","Holdout 2024--2025","NIKKEI",2025-01-06,203,FALSE,-0.03804082013031,-10.7603633453406
"holdout","Holdout 2024--2025","NIKKEI",2025-01-07,204,FALSE,0.067868998943976,-10.6924943463966
"holdout","Holdout 2024--2025","NIKKEI",2025-01-08,205,FALSE,-0.0642964138998219,-10.7567907602964
"holdout","Holdout 2024--2025","NIKKEI",2025-01-09,206,FALSE,-0.0522259104418303,-10.8090166707382
"holdout","Holdout 2024--2025","NIKKEI",2025-01-10,207,FALSE,0.0204650075123372,-10.7885516632259
"holdout","Holdout 2024--2025","NIKKEI",2025-01-14,208,FALSE,0.0803031568312182,-10.7082485063947
"holdout","Holdout 2024--2025","NIKKEI",2025-01-15,209,FALSE,0.148250628304714,-10.55999787809
"holdout","Holdout 2024--2025","NIKKEI",2025-01-16,210,FALSE,0.120095305192909,-10.4399025728971
"holdout","Holdout 2024--2025","NIKKEI",2025-01-17,211,FALSE,0.0958014846332311,-10.3441010882638
"holdout","Holdout 2024--2025","NIKKEI",2025-01-20,212,FALSE,0.111988669304835,-10.232112418959
"holdout","Holdout 2024--2025","NIKKEI",2025-01-21,213,FALSE,0.0230810418829925,-10.209031377076
"holdout","Holdout 2024--2025","NIKKEI",2025-01-22,214,FALSE,0.0121497920049987,-10.196881585071
"holdout","Holdout 2024--2025","NIKKEI",2025-01-23,215,FALSE,-0.0967986075444576,-10.2936801926155
"holdout","Holdout 2024--2025","NIKKEI",2025-01-24,216,FALSE,-0.128228807939546,-10.421909000555
"holdout","Holdout 2024--2025","NIKKEI",2025-01-27,217,FALSE,-0.118820259697483,-10.5407292602525
"holdout","Holdout 2024--2025","NIKKEI",2025-01-28,218,FALSE,-0.0182669203690771,-10.5589961806216
"holdout","Holdout 2024--2025","NIKKEI",2025-01-29,219,FALSE,0.0814203648450351,-10.4775758157765
"holdout","Holdout 2024--2025","NIKKEI",2025-01-30,220,FALSE,0.0159318058700366,-10.4616440099065
"holdout","Holdout 2024--2025","NIKKEI",2025-01-31,221,FALSE,-0.00145321635430729,-10.4630972262608
"holdout","Holdout 2024--2025","NIKKEI",2025-02-03,222,FALSE,0.879457259557595,-9.58363996670321
"holdout","Holdout 2024--2025","NIKKEI",2025-02-04,223,FALSE,0.127825091871371,-9.45581487483184
"holdout","Holdout 2024--2025","NIKKEI",2025-02-05,224,FALSE,0.0770499954978905,-9.37876487933395
"holdout","Holdout 2024--2025","NIKKEI",2025-02-06,225,FALSE,0.0657748470479611,-9.31299003228599
"holdout","Holdout 2024--2025","NIKKEI",2025-02-07,226,FALSE,0.0408881678659201,-9.27210186442007
"holdout","Holdout 2024--2025","NIKKEI",2025-02-10,227,FALSE,0.0896812549178501,-9.18242060950222
"holdout","Holdout 2024--2025","NIKKEI",2025-02-12,228,FALSE,0.0792402482248353,-9.10318036127738
"holdout","Holdout 2024--2025","NIKKEI",2025-02-13,229,FALSE,0.0636674317405048,-9.03951292953688
"holdout","Holdout 2024--2025","NIKKEI",2025-02-14,230,FALSE,-0.0252536935862777,-9.06476662312316
"holdout","Holdout 2024--2025","NIKKEI",2025-02-17,231,FALSE,0.049994976207834,-9.01477164691532
"holdout","Holdout 2024--2025","NIKKEI",2025-02-18,232,FALSE,0.0324276195033906,-8.98234402741193
"holdout","Holdout 2024--2025","NIKKEI",2025-02-19,233,FALSE,0.0198213338824709,-8.96252269352946
"holdout","Holdout 2024--2025","NIKKEI",2025-02-20,234,FALSE,0.0493855470731617,-8.9131371464563
"holdout","Holdout 2024--2025","NIKKEI",2025-02-21,235,FALSE,0.122384176640533,-8.79075296981577
"holdout","Holdout 2024--2025","NIKKEI",2025-02-25,236,FALSE,0.0980180160653252,-8.69273495375044
"holdout","Holdout 2024--2025","NIKKEI",2025-02-26,237,FALSE,0.16036816271386,-8.53236679103658
"holdout","Holdout 2024--2025","NIKKEI",2025-02-27,238,FALSE,0.157218363106134,-8.37514842793045
"holdout","Holdout 2024--2025","NIKKEI",2025-02-28,239,FALSE,-6.24944003584506,-14.6245884637755
"holdout","Holdout 2024--2025","NIKKEI",2025-03-03,240,FALSE,0.228140656994113,-14.3964478067814
"holdout","Holdout 2024--2025","NIKKEI",2025-03-04,241,FALSE,0.101592650778288,-14.2948551560031
"holdout","Holdout 2024--2025","NIKKEI",2025-03-05,242,FALSE,0.155195326919608,-14.1396598290835
"holdout","Holdout 2024--2025","NIKKEI",2025-03-06,243,FALSE,0.131506735808403,-14.0081530932751
"holdout","Holdout 2024--2025","NIKKEI",2025-03-07,244,FALSE,0.0825845491422719,-13.9255685441328
"holdout","Holdout 2024--2025","NIKKEI",2025-03-10,245,FALSE,0.162983630832146,-13.7625849133007
"holdout","Holdout 2024--2025","NIKKEI",2025-03-11,246,FALSE,0.131267328999076,-13.6313175843016
"holdout","Holdout 2024--2025","NIKKEI",2025-03-12,247,FALSE,0.154779182873494,-13.4765384014281
"holdout","Holdout 2024--2025","NIKKEI",2025-03-13,248,FALSE,0.132499247743363,-13.3440391536847
"holdout","Holdout 2024--2025","NIKKEI",2025-03-14,249,FALSE,0.120707053231234,-13.2233321004535
"holdout","Holdout 2024--2025","NIKKEI",2025-03-17,250,FALSE,0.0780837939614707,-13.145248306492
"holdout","Holdout 2024--2025","NIKKEI",2025-03-18,251,FALSE,0.0207974950275769,-13.1244508114645
"holdout","Holdout 2024--2025","NIKKEI",2025-03-19,252,FALSE,-0.0468332368269486,-13.1712840482914
"holdout","Holdout 2024--2025","NIKKEI",2025-03-21,253,FALSE,-0.0217887771582821,-13.1930728254497
"holdout","Holdout 2024--2025","NIKKEI",2025-03-24,254,FALSE,-0.00113375386266656,-13.1942065793124
"holdout","Holdout 2024--2025","NIKKEI",2025-03-25,255,FALSE,0.0224153224679475,-13.1717912568444
"holdout","Holdout 2024--2025","NIKKEI",2025-03-26,256,FALSE,0.0015877352922431,-13.1702035215522
"holdout","Holdout 2024--2025","NIKKEI",2025-03-27,257,FALSE,-0.0347956565746887,-13.2049991781269
"holdout","Holdout 2024--2025","NIKKEI",2025-03-28,258,FALSE,-0.826016145635017,-14.0310153237619
"holdout","Holdout 2024--2025","NIKKEI",2025-03-31,259,FALSE,-7.1372792359499,-21.1682945597118
"holdout","Holdout 2024--2025","NIKKEI",2025-04-01,260,FALSE,0.284435032423228,-20.8838595272885
"holdout","Holdout 2024--2025","NIKKEI",2025-04-02,261,FALSE,0.228829861782843,-20.6550296655057
"holdout","Holdout 2024--2025","NIKKEI",2025-04-03,262,FALSE,-3.03482229505538,-23.6898519605611
"holdout","Holdout 2024--2025","NIKKEI",2025-04-04,263,FALSE,0.239099240892327,-23.4507527196688
"holdout","Holdout 2024--2025","NIKKEI",2025-04-07,264,FALSE,-17.1532470873236,-40.6039998069924
"holdout","Holdout 2024--2025","NIKKEI",2025-04-08,265,FALSE,0.427604835450007,-40.1763949715424
"holdout","Holdout 2024--2025","NIKKEI",2025-04-09,266,FALSE,0.181035304845175,-39.9953596666972
"holdout","Holdout 2024--2025","NIKKEI",2025-04-10,267,FALSE,0.242063456028864,-39.7532962106683
"holdout","Holdout 2024--2025","NIKKEI",2025-04-11,268,FALSE,0.00424350619523173,-39.7490527044731
"holdout","Holdout 2024--2025","NIKKEI",2025-04-14,269,FALSE,0.0635311632298801,-39.6855215412432
"holdout","Holdout 2024--2025","NIKKEI",2025-04-15,270,FALSE,-0.0035460309580726,-39.6890675722013
"holdout","Holdout 2024--2025","NIKKEI",2025-04-16,271,FALSE,-0.0484516356711553,-39.7375192078725
"holdout","Holdout 2024--2025","NIKKEI",2025-04-17,272,FALSE,-0.0354382523874586,-39.7729574602599
"holdout","Holdout 2024--2025","NIKKEI",2025-04-18,273,FALSE,-0.0903560520409887,-39.8633135123009
"holdout","Holdout 2024--2025","NIKKEI",2025-04-21,274,FALSE,-0.126440250941261,-39.9897537632422
"holdout","Holdout 2024--2025","NIKKEI",2025-04-22,275,FALSE,-0.069310125070563,-40.0590638883127
"holdout","Holdout 2024--2025","NIKKEI",2025-04-23,276,FALSE,-0.0775669737037452,-40.1366308620165
"holdout","Holdout 2024--2025","NIKKEI",2025-04-24,277,FALSE,-0.140669816334464,-40.2773006783509
"holdout","Holdout 2024--2025","NIKKEI",2025-04-25,278,FALSE,-0.155524261440213,-40.4328249397912
"holdout","Holdout 2024--2025","NIKKEI",2025-04-28,279,FALSE,-0.203334863084084,-40.6361598028752
"holdout","Holdout 2024--2025","NIKKEI",2025-04-30,280,FALSE,-0.21938710770216,-40.8555469105774
"holdout","Holdout 2024--2025","NIKKEI",2025-05-01,281,FALSE,-0.159413679879153,-41.0149605904565
"holdout","Holdout 2024--2025","NIKKEI",2025-05-02,282,FALSE,-0.191934382608676,-41.2068949730652
"holdout","Holdout 2024--2025","NIKKEI",2025-05-07,283,FALSE,-0.212847586281677,-41.4197425593469
"holdout","Holdout 2024--2025","NIKKEI",2025-05-08,284,FALSE,-0.184726651920296,-41.6044692112672
"holdout","Holdout 2024--2025","NIKKEI",2025-05-09,285,FALSE,-0.177637818254142,-41.7821070295213
"holdout","Holdout 2024--2025","NIKKEI",2025-05-12,286,FALSE,-0.257702893035199,-42.0398099225565
"holdout","Holdout 2024--2025","NIKKEI",2025-05-13,287,FALSE,-0.253798558585655,-42.2936084811422
"holdout","Holdout 2024--2025","NIKKEI",2025-05-14,288,FALSE,-0.301488098039238,-42.5950965791814
"holdout","Holdout 2024--2025","NIKKEI",2025-05-15,289,FALSE,-0.273090930585077,-42.8681875097665
"holdout","Holdout 2024--2025","NIKKEI",2025-05-16,290,FALSE,-0.13261724218629,-43.0008047519528
"holdout","Holdout 2024--2025","NIKKEI",2025-05-19,291,FALSE,-0.128868892482136,-43.1296736444349
"holdout","Holdout 2024--2025","NIKKEI",2025-05-20,292,FALSE,-0.0526393006543178,-43.1823129450893
"holdout","Holdout 2024--2025","NIKKEI",2025-05-21,293,FALSE,-0.0500653853665707,-43.2323783304558
"holdout","Holdout 2024--2025","NIKKEI",2025-05-22,294,FALSE,0.0146009944450363,-43.2177773360108
"holdout","Holdout 2024--2025","NIKKEI",2025-05-23,295,FALSE,0.0735824442451709,-43.1441948917656
"holdout","Holdout 2024--2025","NIKKEI",2025-05-26,296,FALSE,0.0548509959908738,-43.0893438957748
"holdout","Holdout 2024--2025","NIKKEI",2025-05-27,297,FALSE,-0.0215689822675984,-43.1109128780423
"holdout","Holdout 2024--2025","NIKKEI",2025-05-28,298,FALSE,-0.0397373586417804,-43.1506502366841
"holdout","Holdout 2024--2025","NIKKEI",2025-05-29,299,FALSE,-0.0274722543752488,-43.1781224910594
"holdout","Holdout 2024--2025","NIKKEI",2025-05-30,300,FALSE,-0.197639168904735,-43.3757616599641
"holdout","Holdout 2024--2025","NIKKEI",2025-06-02,301,FALSE,-0.0543402812464098,-43.4301019412105
"holdout","Holdout 2024--2025","NIKKEI",2025-06-03,302,FALSE,0.029700249957221,-43.4004016912533
"holdout","Holdout 2024--2025","NIKKEI",2025-06-04,303,FALSE,0.0264993328691183,-43.3739023583842
"holdout","Holdout 2024--2025","NIKKEI",2025-06-05,304,FALSE,-0.0107040059887717,-43.384606364373
"holdout","Holdout 2024--2025","NIKKEI",2025-06-06,305,FALSE,0.0462087614872808,-43.3383976028857
"holdout","Holdout 2024--2025","NIKKEI",2025-06-09,306,FALSE,0.0270842195202059,-43.3113133833655
"holdout","Holdout 2024--2025","NIKKEI",2025-06-10,307,FALSE,-0.0288078796976132,-43.3401212630631
"holdout","Holdout 2024--2025","NIKKEI",2025-06-11,308,FALSE,-0.0390776927593255,-43.3791989558224
"holdout","Holdout 2024--2025","NIKKEI",2025-06-12,309,FALSE,-0.0547740852573257,-43.4339730410797
"holdout","Holdout 2024--2025","NIKKEI",2025-06-13,310,FALSE,0.00677872588134099,-43.4271943151984
"holdout","Holdout 2024--2025","NIKKEI",2025-06-16,311,FALSE,0.0691950901705845,-43.3579992250278
"holdout","Holdout 2024--2025","NIKKEI",2025-06-17,312,FALSE,-0.0358840781424916,-43.3938833031703
"holdout","Holdout 2024--2025","NIKKEI",2025-06-18,313,FALSE,-0.0525833351467966,-43.4464666383171
"holdout","Holdout 2024--2025","NIKKEI",2025-06-19,314,FALSE,-0.103895364264629,-43.5503620025817
"holdout","Holdout 2024--2025","NIKKEI",2025-06-20,315,FALSE,-0.00337555723798078,-43.5537375598197
"holdout","Holdout 2024--2025","NIKKEI",2025-06-23,316,FALSE,0.0286703813454472,-43.5250671784743
"holdout","Holdout 2024--2025","NIKKEI",2025-06-24,317,FALSE,0.0453341603232622,-43.479733018151
"holdout","Holdout 2024--2025","NIKKEI",2025-06-25,318,FALSE,-0.0484761903266118,-43.5282092084776
"holdout","Holdout 2024--2025","NIKKEI",2025-06-26,319,FALSE,-0.0643312691035736,-43.5925404775812
"holdout","Holdout 2024--2025","NIKKEI",2025-06-27,320,FALSE,-0.18085130011315,-43.7733917776943
"holdout","Holdout 2024--2025","NIKKEI",2025-06-30,321,FALSE,-0.239753167917786,-44.0131449456121
"holdout","Holdout 2024--2025","NIKKEI",2025-07-01,322,FALSE,-0.226062824963053,-44.2392077705752
"holdout","Holdout 2024--2025","NIKKEI",2025-07-02,323,FALSE,-0.0737889012873258,-44.3129966718625
"holdout","Holdout 2024--2025","NIKKEI",2025-07-03,324,FALSE,-0.0295519926122803,-44.3425486644748
"holdout","Holdout 2024--2025","NIKKEI",2025-07-04,325,FALSE,-0.0313624770684315,-44.3739111415432
"holdout","Holdout 2024--2025","NIKKEI",2025-07-07,326,FALSE,-0.0357402342779949,-44.4096513758212
"holdout","Holdout 2024--2025","NIKKEI",2025-07-08,327,FALSE,0.0238762280517726,-44.3857751477695
"holdout","Holdout 2024--2025","NIKKEI",2025-07-09,328,FALSE,0.0205412032599464,-44.3652339445095
"holdout","Holdout 2024--2025","NIKKEI",2025-07-10,329,FALSE,0.0187917375443456,-44.3464422069652
"holdout","Holdout 2024--2025","NIKKEI",2025-07-11,330,FALSE,0.0755765948067193,-44.2708656121584
"holdout","Holdout 2024--2025","NIKKEI",2025-07-14,331,FALSE,0.098272778289344,-44.1725928338691
"holdout","Holdout 2024--2025","NIKKEI",2025-07-15,332,FALSE,0.12492022259534,-44.0476726112738
"holdout","Holdout 2024--2025","NIKKEI",2025-07-16,333,FALSE,0.0831356876948406,-43.9645369235789
"holdout","Holdout 2024--2025","NIKKEI",2025-07-17,334,FALSE,0.0966782146184875,-43.8678587089604
"holdout","Holdout 2024--2025","NIKKEI",2025-07-18,335,FALSE,0.0569880236688194,-43.8108706852916
"holdout","Holdout 2024--2025","NIKKEI",2025-07-22,336,FALSE,0.0935447706480947,-43.7173259146435
"holdout","Holdout 2024--2025","NIKKEI",2025-07-23,337,FALSE,0.108379744589166,-43.6089461700543
"holdout","Holdout 2024--2025","NIKKEI",2025-07-24,338,FALSE,-0.319823424441249,-43.9287695944956
"holdout","Holdout 2024--2025","NIKKEI",2025-07-25,339,FALSE,-0.33658194178758,-44.2653515362832
"holdout","Holdout 2024--2025","NIKKEI",2025-07-28,340,FALSE,-0.205210016052524,-44.4705615523357
"holdout","Holdout 2024--2025","NIKKEI",2025-07-29,341,FALSE,-0.091067549965838,-44.5616291023015
"holdout","Holdout 2024--2025","NIKKEI",2025-07-30,342,FALSE,-0.029952603819857,-44.5915817061214
"holdout","Holdout 2024--2025","NIKKEI",2025-07-31,343,FALSE,-0.0317463718621598,-44.6233280779836
"holdout","Holdout 2024--2025","NIKKEI",2025-09-01,344,FALSE,0.0752303288034635,-44.5480977491801
"holdout","Holdout 2024--2025","NIKKEI",2025-09-02,345,FALSE,0.110958285647758,-44.4371394635323
"holdout","Holdout 2024--2025","NIKKEI",2025-09-03,346,FALSE,0.103379356856146,-44.3337601066762
"holdout","Holdout 2024--2025","NIKKEI",2025-09-04,347,FALSE,0.147792451261526,-44.1859676554147
"holdout","Holdout 2024--2025","NIKKEI",2025-09-05,348,FALSE,-0.0078823600045268,-44.1938500154192
"holdout","Holdout 2024--2025","NIKKEI",2025-09-08,349,FALSE,-0.061190447040866,-44.2550404624601
"holdout","Holdout 2024--2025","NIKKEI",2025-09-09,350,FALSE,-0.144060987972175,-44.3991014504322
"holdout","Holdout 2024--2025","NIKKEI",2025-09-10,351,FALSE,-0.0770520740138654,-44.4761535244461
"holdout","Holdout 2024--2025","NIKKEI",2025-09-11,352,FALSE,-0.121366532293784,-44.5975200567399
"holdout","Holdout 2024--2025","NIKKEI",2025-09-12,353,FALSE,-0.183674299571075,-44.781194356311
"holdout","Holdout 2024--2025","NIKKEI",2025-09-16,354,FALSE,-0.214394496612083,-44.995588852923
"holdout","Holdout 2024--2025","NIKKEI",2025-09-17,355,FALSE,-0.205189088155527,-45.2007779410786
"holdout","Holdout 2024--2025","NIKKEI",2025-09-18,356,FALSE,-0.152875868030449,-45.353653809109
"holdout","Holdout 2024--2025","NIKKEI",2025-09-19,357,FALSE,-0.218379024465784,-45.5720328335748
"holdout","Holdout 2024--2025","NIKKEI",2025-09-22,358,FALSE,-0.120797090773889,-45.6928299243487
"holdout","Holdout 2024--2025","NIKKEI",2025-09-24,359,FALSE,-0.173549019071466,-45.8663789434202
"holdout","Holdout 2024--2025","NIKKEI",2025-09-25,360,FALSE,-0.160439608318549,-46.0268185517387
"holdout","Holdout 2024--2025","NIKKEI",2025-09-26,361,FALSE,-0.153158292728935,-46.1799768444676
"holdout","Holdout 2024--2025","NIKKEI",2025-09-29,362,FALSE,-0.0518868610886871,-46.2318637055563
"holdout","Holdout 2024--2025","NIKKEI",2025-09-30,363,FALSE,0.0154420546723435,-46.216421650884
"holdout","Holdout 2024--2025","NIKKEI",2025-10-01,364,FALSE,0.0321806782359215,-46.1842409726481
"holdout","Holdout 2024--2025","NIKKEI",2025-10-02,365,FALSE,0.0828777426412506,-46.1013632300068
"holdout","Holdout 2024--2025","NIKKEI",2025-10-03,366,FALSE,0.0178808943917219,-46.0834823356151
"holdout","Holdout 2024--2025","NIKKEI",2025-10-06,367,FALSE,-0.16315125138042,-46.2466335869955
"holdout","Holdout 2024--2025","NIKKEI",2025-10-07,368,FALSE,-0.509590394454346,-46.7562239814498
"holdout","Holdout 2024--2025","NIKKEI",2025-10-08,369,FALSE,-0.479046776081778,-47.2352707575316
"holdout","Holdout 2024--2025","NIKKEI",2025-10-09,370,FALSE,-0.381876132249663,-47.6171468897813
"holdout","Holdout 2024--2025","NIKKEI",2025-10-10,371,FALSE,-0.416007982822891,-48.0331548726042
"holdout","Holdout 2024--2025","NIKKEI",2025-10-14,372,FALSE,4.82492609428779,-43.2082287783164
"holdout","Holdout 2024--2025","NIKKEI",2025-10-15,373,FALSE,-0.0690483037917047,-43.2772770821081
"holdout","Holdout 2024--2025","NIKKEI",2025-10-16,374,FALSE,-0.135489368997975,-43.4127664511061
"holdout","Holdout 2024--2025","NIKKEI",2025-10-17,375,FALSE,-0.160310662068041,-43.5730771131741
"holdout","Holdout 2024--2025","NIKKEI",2025-10-20,376,FALSE,-0.0421518656080679,-43.6152289787822
"holdout","Holdout 2024--2025","NIKKEI",2025-10-21,377,FALSE,-0.244701413885615,-43.8599303926678
"holdout","Holdout 2024--2025","NIKKEI",2025-10-22,378,FALSE,-0.221350315971257,-44.0812807086391
"holdout","Holdout 2024--2025","NIKKEI",2025-10-23,379,FALSE,-0.182569158267085,-44.2638498669061
"holdout","Holdout 2024--2025","NIKKEI",2025-10-24,380,FALSE,-0.0665877996400068,-44.3304376665461
"holdout","Holdout 2024--2025","NIKKEI",2025-10-27,381,FALSE,-0.120076140556701,-44.4505138071028
"holdout","Holdout 2024--2025","NIKKEI",2025-10-28,382,FALSE,-0.251040098825505,-44.7015539059283
"holdout","Holdout 2024--2025","NIKKEI",2025-10-29,383,FALSE,-0.154455691580085,-44.8560095975084
"holdout","Holdout 2024--2025","NIKKEI",2025-10-30,384,FALSE,-0.252316237256746,-45.1083258347652
"holdout","Holdout 2024--2025","NIKKEI",2025-10-31,385,FALSE,-0.229392642013174,-45.3377184767784
"holdout","Holdout 2024--2025","NIKKEI",2025-11-04,386,FALSE,-0.313226096731148,-45.6509445735095
"holdout","Holdout 2024--2025","NIKKEI",2025-11-05,387,FALSE,-0.113548768307096,-45.7644933418166
"holdout","Holdout 2024--2025","NIKKEI",2025-11-06,388,FALSE,0.0224619947624829,-45.7420313470541
"holdout","Holdout 2024--2025","NIKKEI",2025-11-07,389,FALSE,-0.025623822887558,-45.7676551699417
"holdout","Holdout 2024--2025","NIKKEI",2025-11-10,390,FALSE,0.0587363777503538,-45.7089187921913
"holdout","Holdout 2024--2025","NIKKEI",2025-11-11,391,FALSE,0.00187135941548133,-45.7070474327758
"holdout","Holdout 2024--2025","NIKKEI",2025-11-12,392,FALSE,0.022306343684471,-45.6847410890914
"holdout","Holdout 2024--2025","NIKKEI",2025-11-13,393,FALSE,0.0167396681849727,-45.6680014209064
"holdout","Holdout 2024--2025","NIKKEI",2025-11-14,394,FALSE,0.0193544533216063,-45.6486469675848
"holdout","Holdout 2024--2025","NIKKEI",2025-11-17,395,FALSE,0.086397126422916,-45.5622498411619
"holdout","Holdout 2024--2025","NIKKEI",2025-11-18,396,FALSE,-3.28055994819298,-48.8428097893549
"holdout","Holdout 2024--2025","NIKKEI",2025-11-19,397,FALSE,0.132517970068732,-48.7102918192861
"holdout","Holdout 2024--2025","NIKKEI",2025-11-20,398,FALSE,0.137196556711585,-48.5730952625745
"holdout","Holdout 2024--2025","NIKKEI",2025-11-21,399,FALSE,-0.0443820712441436,-48.6174773338187
"holdout","Holdout 2024--2025","NIKKEI",2025-11-25,400,FALSE,0.0712733332743718,-48.5462040005443
"holdout","Holdout 2024--2025","NIKKEI",2025-11-26,401,FALSE,0.0663016740893707,-48.4799023264549
"holdout","Holdout 2024--2025","NIKKEI",2025-11-27,402,FALSE,-0.0311941343901183,-48.5110964608451
"holdout","Holdout 2024--2025","NIKKEI",2025-11-28,403,FALSE,-0.0687306467512032,-48.5798271075963
"holdout","Holdout 2024--2025","NIKKEI",2025-12-01,404,FALSE,-0.0512893997339181,-48.6311165073302
"holdout","Holdout 2024--2025","NIKKEI",2025-12-02,405,FALSE,0.049250102001535,-48.5818664053286
"holdout","Holdout 2024--2025","NIKKEI",2025-12-03,406,FALSE,0.038536159376187,-48.5433302459525
"holdout","Holdout 2024--2025","NIKKEI",2025-12-04,407,FALSE,-0.0162857661759919,-48.5596160121285
"holdout","Holdout 2024--2025","NIKKEI",2025-12-05,408,FALSE,-0.155889896134959,-48.7155059082634
"holdout","Holdout 2024--2025","NIKKEI",2025-12-08,409,FALSE,-0.0533665500582456,-48.7688724583217
"holdout","Holdout 2024--2025","NIKKEI",2025-12-09,410,FALSE,-0.0569175789468912,-48.8257900372685
"holdout","Holdout 2024--2025","NIKKEI",2025-12-10,411,FALSE,-0.0520511185200481,-48.8778411557886
"holdout","Holdout 2024--2025","NIKKEI",2025-12-11,412,FALSE,-0.0147126706157035,-48.8925538264043
"holdout","Holdout 2024--2025","NIKKEI",2025-12-12,413,FALSE,0.0474966105917356,-48.8450572158126
"holdout","Holdout 2024--2025","NIKKEI",2025-12-15,414,FALSE,-0.059256076516865,-48.9043132923294
"holdout","Holdout 2024--2025","NIKKEI",2025-12-16,415,FALSE,0.0478590491165525,-48.8564542432129
"holdout","Holdout 2024--2025","NIKKEI",2025-12-17,416,FALSE,0.105272864385183,-48.7511813788277
"holdout","Holdout 2024--2025","NIKKEI",2025-12-18,417,FALSE,0.0787476116130359,-48.6724337672146
"holdout","Holdout 2024--2025","NIKKEI",2025-12-19,418,FALSE,0.126423827892779,-48.5460099393219
"holdout","Holdout 2024--2025","NIKKEI",2025-12-22,419,FALSE,0.0657762968854505,-48.4802336424364
"holdout","Holdout 2024--2025","NIKKEI",2025-12-23,420,FALSE,-0.067903336858933,-48.5481369792954
"holdout","Holdout 2024--2025","NIKKEI",2025-12-24,421,FALSE,-0.0647089374117573,-48.6128459167071
"holdout","Holdout 2024--2025","NIKKEI",2025-12-25,422,FALSE,-0.0314761739338905,-48.644322090641
"holdout","Holdout 2024--2025","NIKKEI",2025-12-26,423,FALSE,-0.0271758739960837,-48.6714979646371
"holdout","Holdout 2024--2025","NIKKEI",2025-12-29,424,FALSE,-0.0430577531847351,-48.7145557178218
"holdout","Holdout 2024--2025","NIKKEI",2025-12-30,425,FALSE,0.0116742664085308,-48.7028814514133
