"period","market","model","refit_month","max_rhat","min_ess_bulk","min_ess_tail","divergences"
"main","DAX","AARSV","2018-01",1.00365581430005,1234.73510173354,2052.13529510923,0
"main","DAX","AARSV","2018-02",1.00563514262759,1376.38845965203,1912.6951666327,0
"main","DAX","AARSV","2018-03",1.0053560055861,1307.41713229125,1767.40049464607,0
"main","DAX","AARSV","2018-04",1.00527459548171,1265.45843377145,1849.17226722224,0
"main","DAX","AARSV","2018-05",1.00522857773422,1170.4865187563,1913.22074329705,0
"main","DAX","AARSV","2018-06",1.00355641967079,1254.23659355226,1821.39371762512,0
"main","DAX","AARSV","2018-07",1.00373751944274,1144.15486624362,1802.22136432842,0
"main","DAX","AARSV","2018-08",1.00441043754731,1139.71232220087,1979.08365998901,0
"main","DAX","AARSV","2018-09",1.00648238242158,1128.35916379876,2039.89138015468,0
"main","DAX","AARSV","2018-10",1.00502099343909,1101.98800642075,2136.73273758755,0
"main","DAX","AARSV","2018-11",1.00380665958092,1069.02051563186,2193.49276198219,0
"main","DAX","AARSV","2018-12",1.00439679655032,1272.26491329183,1921.57089798765,0
"main","DAX","AARSV","2019-01",1.0063560316098,1291.97498703813,1880.02178098643,0
"main","DAX","AARSV","2019-02",1.00541238671323,1361.35742608196,1977.25014472015,0
"main","DAX","AARSV","2019-03",1.00444654449761,1256.91502213463,1967.63147090436,0
"main","DAX","AARSV","2019-04",1.00473318179019,1472.52843182116,2241.90128230484,0
"main","DAX","AARSV","2019-05",1.00283284019673,1189.76657447033,1982.02865265631,0
"main","DAX","AARSV","2019-06",1.00416899211636,1274.86459606489,1843.54056233245,0
"main","DAX","AARSV","2019-07",1.00528104409615,1170.87901884759,2274.04075369991,0
"main","DAX","AARSV","2019-08",1.00330608171992,1214.09188223319,1976.73159580779,0
"main","DAX","AARSV","2019-09",1.0070858998156,1251.63058419357,1916.2311804129,0
"main","DAX","AARSV","2019-10",1.00409090106681,1130.2076374827,2040.86385734328,0
"main","DAX","AARSV","2019-11",1.00572145829753,1198.57762966906,1899.66039446251,0
"main","DAX","AARSV","2019-12",1.00455408276115,1416.00979411775,2179.38822926324,0
"main","DAX","AARSV","2020-01",1.00431396893741,1307.7899228243,1984.51509109419,0
"main","DAX","AARSV","2020-02",1.0055837619155,1292.90247766716,2001.42990215519,0
"main","DAX","AARSV","2020-03",1.00813992272199,1186.75675732984,1933.36904783179,0
"main","DAX","AARSV","2020-04",1.00452457514115,1109.74327248351,2061.27262776823,0
"main","DAX","AARSV","2020-05",1.00443846247555,1188.09601386378,2120.77420591159,0
"main","DAX","AARSV","2020-06",1.00401308136437,1212.94658755328,2109.73654998363,0
"main","DAX","AARSV","2020-07",1.00357877446745,1028.53574132565,2152.49763723651,0
"main","DAX","AARSV","2020-08",1.00495486632094,1271.41570329877,2145.7351297914,0
"main","DAX","AARSV","2020-09",1.00439927734238,1228.21141800963,1855.72135142239,0
"main","DAX","AARSV","2020-10",1.00471218186695,1340.32043001393,1929.11246768896,0
"main","DAX","AARSV","2020-11",1.0040799825767,1316.82837321106,1950.04678938716,0
"main","DAX","AARSV","2020-12",1.00429740475952,1342.36251036933,2039.93922143258,0
"main","DAX","AARSV","2021-01",1.00686224464435,1206.12907263438,1782.1268458407,0
"main","DAX","AARSV","2021-02",1.00428985747833,1262.5114384013,1987.29913122881,0
"main","DAX","AARSV","2021-03",1.00502788155993,1149.3055487292,1838.64266450719,0
"main","DAX","AARSV","2021-04",1.00582756566207,1173.78628499922,2140.03494119575,0
"main","DAX","AARSV","2021-05",1.00458723222462,1359.54200809949,1977.63784227532,0
"main","DAX","AARSV","2021-06",1.00625753959099,1283.34091067079,1953.69469765928,0
"main","DAX","AARSV","2021-07",1.0028746802757,1199.74204896012,2054.89367796034,0
"main","DAX","AARSV","2021-08",1.00406609940826,1157.83661262051,1977.93370002542,0
"main","DAX","AARSV","2021-09",1.00584098389881,1226.19723119569,1862.32751844595,0
"main","DAX","AARSV","2021-10",1.00358847196334,1338.76535126726,2002.59615837816,0
"main","DAX","AARSV","2021-11",1.00364549435732,924.995345584783,1392.54744970069,0
"main","DAX","AARSV","2021-12",1.0049082264708,1111.45061131947,1622.07966772888,0
"main","DAX","AARSV","2022-01",1.00322373840565,1158.41112568695,2075.29143828225,0
"main","DAX","AARSV","2022-02",1.00433440494326,1093.90544304085,1858.12312343625,0
"main","DAX","AARSV","2022-03",1.00409679400629,1229.92184955482,1790.59288505317,0
"main","DAX","AARSV","2022-04",1.00377851020305,1155.35776860784,1967.19974541919,0
"main","DAX","AARSV","2022-05",1.00624376478673,1097.63986346886,2073.07603924551,0
"main","DAX","AARSV","2022-06",1.00298194084794,1181.11977185633,1981.34509412558,0
"main","DAX","AARSV","2022-07",1.00360228204685,1230.3934013988,1751.73569523229,0
"main","DAX","AARSV","2022-08",1.0048462260942,1139.59950379804,1637.85868287476,0
"main","DAX","AARSV","2022-09",1.00353995635316,1063.04603370004,1692.55956885032,0
"main","DAX","AARSV","2022-10",1.00613044131536,1223.43905789195,2086.09527198688,0
"main","DAX","AARSV","2022-11",1.0053965959079,1064.5345569232,1777.09629078789,0
"main","DAX","AARSV","2022-12",1.00579833323531,739.427816605733,1493.37209677802,0
"main","DAX","AARSV","2023-01",1.00668105960756,1112.92741988182,1945.65102284434,0
"main","DAX","AARSV","2023-02",1.00402474740492,950.585337503575,1996.59569733124,0
"main","DAX","AARSV","2023-03",1.00630816567226,990.688999472156,1721.27493516081,0
"main","DAX","AARSV","2023-04",1.00326831777588,1093.72675067897,1938.75613331789,0
"main","DAX","AARSV","2023-05",1.00313264099741,909.728411963664,1785.55567320437,0
"main","DAX","AARSV","2023-06",1.00585974712887,1112.50384909944,1751.75065385645,0
"main","DAX","AARSV","2023-07",1.00479888595924,1062.81028699713,1824.65200410248,0
"main","DAX","AARSV","2023-08",1.00737810144045,1064.9852782545,1894.92270311306,0
"main","DAX","AARSV","2023-09",1.0043322601729,1102.32999823022,1743.41687715467,0
"main","DAX","AARSV","2023-10",1.00608184275521,1072.94908330705,1860.95361685685,0
"main","DAX","AARSV","2023-11",1.00461752768033,962.748717470619,1793.99493035004,0
"main","DAX","AARSV","2023-12",1.0051188973513,1173.20983099564,1883.52509680355,0
"main","DAX","APARCH","2018-01",1.00386353792705,1814.88712726237,1719.26367410867,0
"main","DAX","APARCH","2018-02",1.00308973799512,1594.0060623717,1672.20772414327,0
"main","DAX","APARCH","2018-03",1.00195406409369,1738.53476928551,1533.02386618187,0
"main","DAX","APARCH","2018-04",1.00582034333223,1740.9816411004,2039.0363743872,0
"main","DAX","APARCH","2018-05",1.00338152780266,1675.79251957688,1657.53715451925,0
"main","DAX","APARCH","2018-06",1.00313403957473,1608.39986832991,1356.63628995753,0
"main","DAX","APARCH","2018-07",1.0013731549255,1642.60105164852,1594.75211006359,0
"main","DAX","APARCH","2018-08",1.00294248429118,1647.21448747664,1584.82872367952,0
"main","DAX","APARCH","2018-09",1.00302790704318,1863.84716868562,1456.34699582382,0
"main","DAX","APARCH","2018-10",1.0022573672206,1705.49491635614,1324.1995364808,0
"main","DAX","APARCH","2018-11",1.00294125503291,1607.94416771185,2071.35683716874,0
"main","DAX","APARCH","2018-12",1.00703787722883,1521.89985170789,1791.93719797114,0
"main","DAX","APARCH","2019-01",1.00272123746665,1678.25684737169,1805.18128504434,0
"main","DAX","APARCH","2019-02",1.00330047511238,1611.23123675574,1713.87692009504,0
"main","DAX","APARCH","2019-03",1.0036916844104,1681.57503102669,1757.90072056645,0
"main","DAX","APARCH","2019-04",1.00246352115833,1539.41948291295,1736.86834699074,0
"main","DAX","APARCH","2019-05",1.0016497456249,1526.65276774794,1837.66197574372,0
"main","DAX","APARCH","2019-06",1.00349541610042,1833.1870277193,1810.62493409809,0
"main","DAX","APARCH","2019-07",1.00204825362781,1595.76968371678,1659.45145630166,0
"main","DAX","APARCH","2019-08",1.00301714616657,1815.20773707039,1591.81938528474,0
"main","DAX","APARCH","2019-09",1.00309550029678,1620.32794108211,1361.43436997729,0
"main","DAX","APARCH","2019-10",1.00358312631655,1547.58302464418,1519.07270124818,0
"main","DAX","APARCH","2019-11",1.00208528959815,1670.77937272672,1536.15652017941,0
"main","DAX","APARCH","2019-12",1.00108476772828,1700.86439549476,1706.25187547826,0
"main","DAX","APARCH","2020-01",1.00275126363557,1715.31195206559,1668.80364328771,0
"main","DAX","APARCH","2020-02",1.00210971466797,1667.39348417547,2028.21802505286,0
"main","DAX","APARCH","2020-03",1.00255345445521,1758.37830675588,2197.62789868069,0
"main","DAX","APARCH","2020-04",1.00211677291952,1558.20446590915,1849.7217806195,0
"main","DAX","APARCH","2020-05",1.00131728850955,1666.30211728136,1923.75690574536,0
"main","DAX","APARCH","2020-06",1.00212490534998,1660.51671696066,1963.38377004445,0
"main","DAX","APARCH","2020-07",1.00262447198607,1775.05138065789,1653.93060538321,0
"main","DAX","APARCH","2020-08",1.00302029809919,1693.25099795555,2024.95003176569,0
"main","DAX","APARCH","2020-09",1.00347931695685,1612.49088489506,1751.29816411502,0
"main","DAX","APARCH","2020-10",1.00273932533417,1491.43189040097,1867.5887537769,0
"main","DAX","APARCH","2020-11",1.00413024333557,1604.55680476467,1784.78015249425,0
"main","DAX","APARCH","2020-12",1.00367448500719,1848.73006652917,2115.34555617406,0
"main","DAX","APARCH","2021-01",1.00336474281245,1811.71674009,1856.16311225067,0
"main","DAX","APARCH","2021-02",1.00192691460748,1795.72223082117,1622.76004248623,0
"main","DAX","APARCH","2021-03",1.00340418657206,1620.92162063922,901.121005343535,0
"main","DAX","APARCH","2021-04",1.00503578257968,1433.53476730367,1597.1550645317,0
"main","DAX","APARCH","2021-05",1.00220163502273,1676.66651193564,1585.45747230995,0
"main","DAX","APARCH","2021-06",1.00309568272195,1558.68959933773,1462.63345940337,0
"main","DAX","APARCH","2021-07",1.00277636329304,1630.95521342965,1548.77922449312,0
"main","DAX","APARCH","2021-08",1.00229861672743,1633.11192293959,1883.66702350394,0
"main","DAX","APARCH","2021-09",1.00353868452164,1633.92083813249,1850.42358112126,0
"main","DAX","APARCH","2021-10",1.00416219751709,1668.53080949288,2032.42555778393,0
"main","DAX","APARCH","2021-11",1.00475782899493,1611.15779575339,1454.86441873935,0
"main","DAX","APARCH","2021-12",1.00205443222737,1662.96635194321,1519.67873640455,0
"main","DAX","APARCH","2022-01",1.00211511463472,1735.81249744666,1897.23690199144,0
"main","DAX","APARCH","2022-02",1.0015348743869,1825.62829559552,1828.80428518855,0
"main","DAX","APARCH","2022-03",1.00348085484189,1478.63185042825,1494.29579536331,0
"main","DAX","APARCH","2022-04",1.00221517169791,1567.08285608899,1273.13031269222,0
"main","DAX","APARCH","2022-05",1.00254704339732,1564.06541010205,1583.95986033691,0
"main","DAX","APARCH","2022-06",1.00181640125206,1789.60179576209,1883.75429343651,0
"main","DAX","APARCH","2022-07",1.00250813654698,1829.83658840698,1784.09484799639,0
"main","DAX","APARCH","2022-08",1.00468365406705,1766.29591170365,1480.08391151213,0
"main","DAX","APARCH","2022-09",1.00356972464891,1744.91990261267,1785.10787912817,0
"main","DAX","APARCH","2022-10",1.00319233376934,1499.42443262913,1471.95539652774,0
"main","DAX","APARCH","2022-11",1.00176766234956,1727.00445746137,2027.93096842626,0
"main","DAX","APARCH","2022-12",1.00255034055019,1541.6271996914,1172.41451432208,0
"main","DAX","APARCH","2023-01",1.00281652596292,1893.93950966216,2049.83054591392,0
"main","DAX","APARCH","2023-02",1.00212930648913,1549.98663903012,2164.81644640465,0
"main","DAX","APARCH","2023-03",1.00289869859069,1720.79115496247,2029.80288479418,0
"main","DAX","APARCH","2023-04",1.0024812167519,1910.63787706604,1898.9757051614,0
"main","DAX","APARCH","2023-05",1.00307606994543,1625.51140642396,2114.1947014997,0
"main","DAX","APARCH","2023-06",1.00101661887303,1796.00013360314,2001.72288910215,0
"main","DAX","APARCH","2023-07",1.00253645301272,1878.37534749976,1521.76921390706,0
"main","DAX","APARCH","2023-08",1.00218405427558,1680.16729274362,1802.79131302261,0
"main","DAX","APARCH","2023-09",1.00131450584001,1621.8712699441,1698.84728740415,0
"main","DAX","APARCH","2023-10",1.00216402433869,1557.89665630109,1504.50202230365,0
"main","DAX","APARCH","2023-11",1.0030658075038,1660.62628121396,1694.26090296143,0
"main","DAX","APARCH","2023-12",1.00321326029479,1742.7334810324,1529.41602132249,0
"main","DAX","ARSV","2018-01",1.0034704085786,878.823803427963,1485.91009176207,0
"main","DAX","ARSV","2018-02",1.00342197598248,1068.49473509103,1813.43263896358,0
"main","DAX","ARSV","2018-03",1.00584629782936,884.1014524772,1451.54740325176,0
"main","DAX","ARSV","2018-04",1.00427570594385,871.911298738858,1569.81026194489,0
"main","DAX","ARSV","2018-05",1.00585430178857,743.461104539536,1759.30613571725,0
"main","DAX","ARSV","2018-06",1.00599222393548,890.473911796953,1686.84387635813,0
"main","DAX","ARSV","2018-07",1.0042273618764,814.093614289422,1607.43184442724,0
"main","DAX","ARSV","2018-08",1.00742442123268,755.91400278555,1785.52395780704,0
"main","DAX","ARSV","2018-09",1.00318093585551,895.564089830869,1730.64508744694,0
"main","DAX","ARSV","2018-10",1.00391946809669,696.952169683315,1458.29295447437,0
"main","DAX","ARSV","2018-11",1.00367930280671,951.097125386671,1891.97281651125,0
"main","DAX","ARSV","2018-12",1.00641329405104,801.31735747577,1394.9698844501,0
"main","DAX","ARSV","2019-01",1.0068751233044,807.460788845699,1769.3479122274,0
"main","DAX","ARSV","2019-02",1.00819074608749,765.156475576964,1273.86565507933,0
"main","DAX","ARSV","2019-03",1.00301133615759,710.528250507092,1716.53804057974,0
"main","DAX","ARSV","2019-04",1.00464416028193,774.775799722679,1472.43237506899,0
"main","DAX","ARSV","2019-05",1.00456321736194,932.519194644566,1554.19718283105,0
"main","DAX","ARSV","2019-06",1.0047179793043,926.889278516453,1675.23485636556,0
"main","DAX","ARSV","2019-07",1.00346015652631,612.82191964904,1177.70693052713,0
"main","DAX","ARSV","2019-08",1.00834172322723,775.84802205668,1453.89025393088,0
"main","DAX","ARSV","2019-09",1.00638262170509,717.454185542454,1404.60478842533,0
"main","DAX","ARSV","2019-10",1.00737151851885,583.424487698639,1314.62926894229,0
"main","DAX","ARSV","2019-11",1.00381570338011,1340.5224643394,2363.15651702984,0
"main","DAX","ARSV","2019-12",1.00484704131601,634.622112353094,1242.52171691071,0
"main","DAX","ARSV","2020-01",1.00488345301258,633.608906188847,1505.06571018947,0
"main","DAX","ARSV","2020-02",1.00747245573725,604.087859479153,1012.6802264341,0
"main","DAX","ARSV","2020-03",1.00393085629761,513.68943685727,1152.98606018912,0
"main","DAX","ARSV","2020-04",1.00929404296768,467.846281095134,965.194485743591,0
"main","DAX","ARSV","2020-05",1.00645401560414,704.579764904629,1526.57495946529,0
"main","DAX","ARSV","2020-06",1.00533091530056,677.937310963426,1569.1515112211,0
"main","DAX","ARSV","2020-07",1.00250631794147,1358.99222649366,2557.87578368243,0
"main","DAX","ARSV","2020-08",1.00518711704061,727.513321002434,1451.85037087185,0
"main","DAX","ARSV","2020-09",1.0043908721638,1104.13864209421,1798.49696752685,0
"main","DAX","ARSV","2020-10",1.00601888073847,832.759361320803,1664.42498825637,0
"main","DAX","ARSV","2020-11",1.00613005467881,654.80221470639,1067.73834249576,0
"main","DAX","ARSV","2020-12",1.00868073767909,767.47374130562,1600.7388093415,0
"main","DAX","ARSV","2021-01",1.00444364646479,1141.54598325922,3110.00556017295,0
"main","DAX","ARSV","2021-02",1.00249794202953,1456.72857314446,2683.4186974601,0
"main","DAX","ARSV","2021-03",1.00364543788927,686.483544857809,1272.13674271228,0
"main","DAX","ARSV","2021-04",1.00481664325811,1345.20518867296,2902.28930435566,0
"main","DAX","ARSV","2021-05",1.00563046816971,604.182661675927,1265.4454051478,0
"main","DAX","ARSV","2021-06",1.00116126205407,1355.94707657222,2829.3065823409,0
"main","DAX","ARSV","2021-07",1.00790520528495,749.1666846662,1562.7906478624,0
"main","DAX","ARSV","2021-08",1.00671114493291,757.448175803899,1509.3880221761,0
"main","DAX","ARSV","2021-09",1.00611936577102,709.361644546265,1549.11756741716,0
"main","DAX","ARSV","2021-10",1.00411049850524,648.121526510535,980.623724578587,0
"main","DAX","ARSV","2021-11",1.00840199103906,665.662809037064,1092.4566648834,0
"main","DAX","ARSV","2021-12",1.0089440047565,697.693526849404,1226.50911990178,0
"main","DAX","ARSV","2022-01",1.00365866598646,690.869719558003,1191.06624473832,0
"main","DAX","ARSV","2022-02",1.00717596856202,703.734416498047,1517.24045754658,0
"main","DAX","ARSV","2022-03",1.00259406506002,1209.45222324819,2803.66130326016,0
"main","DAX","ARSV","2022-04",1.00440680383778,741.950986807127,1423.12142618236,0
"main","DAX","ARSV","2022-05",1.00400550859932,1093.56823602206,2511.1389338492,0
"main","DAX","ARSV","2022-06",1.00515605996862,695.768575054052,1432.77104480859,0
"main","DAX","ARSV","2022-07",1.00742712979755,595.685339765834,1409.93238018281,0
"main","DAX","ARSV","2022-08",1.00473593652764,746.042040307572,1487.50954926505,0
"main","DAX","ARSV","2022-09",1.00865337430037,554.755433484256,1180.22157682227,0
"main","DAX","ARSV","2022-10",1.00985348122266,681.808726925506,1367.71121397,0
"main","DAX","ARSV","2022-11",1.00227980334361,1332.3894738171,2799.75470699126,0
"main","DAX","ARSV","2022-12",1.00955035276765,540.971513124693,902.376028646238,0
"main","DAX","ARSV","2023-01",1.00387297095878,593.213995573322,1222.62903955229,0
"main","DAX","ARSV","2023-02",1.00393472752581,645.572201276224,1087.63013913081,0
"main","DAX","ARSV","2023-03",1.00519363804621,584.244264267661,1254.07465982105,0
"main","DAX","ARSV","2023-04",1.00177422133003,1299.58685756192,2872.69531134735,0
"main","DAX","ARSV","2023-05",1.00807478940983,652.518241186243,1309.39177584862,0
"main","DAX","ARSV","2023-06",1.00698113605838,568.103775856321,1255.82460937482,0
"main","DAX","ARSV","2023-07",1.00474605369462,453.769891312216,1149.70403004104,0
"main","DAX","ARSV","2023-08",1.0029219498132,1213.19107086985,2942.50477461945,0
"main","DAX","ARSV","2023-09",1.0044587382019,1140.91303100543,2918.7998204587,0
"main","DAX","ARSV","2023-10",1.0049231295991,644.972616916168,1224.48745326964,0
"main","DAX","ARSV","2023-11",1.00775520277555,451.868453888125,1085.35798192858,0
"main","DAX","ARSV","2023-12",1.00644637239486,589.339024314552,961.712074262616,0
"main","DAX","GARCH","2018-01",1.00214571066227,1734.20193768386,2193.39473867024,0
"main","DAX","GARCH","2018-02",1.00170134644526,1757.5537930624,2055.65137783268,0
"main","DAX","GARCH","2018-03",1.00188903809628,1748.12314478628,2377.5067135645,0
"main","DAX","GARCH","2018-04",1.00322631454496,1730.35103897436,2373.39525632326,0
"main","DAX","GARCH","2018-05",1.00202920075159,1545.55542521469,1966.46045054026,0
"main","DAX","GARCH","2018-06",1.00330255688415,1846.9006120502,2258.34054781996,0
"main","DAX","GARCH","2018-07",1.00148500259376,1886.95370567304,2300.53743330017,0
"main","DAX","GARCH","2018-08",1.00196226702222,1790.2922167027,2451.32677098599,0
"main","DAX","GARCH","2018-09",1.00173157710408,1369.54766371294,2027.97313870724,0
"main","DAX","GARCH","2018-10",1.00360365215922,1845.44882339627,2621.87709910791,0
"main","DAX","GARCH","2018-11",1.00288095687227,1911.07590209634,2313.1561399532,0
"main","DAX","GARCH","2018-12",1.00150126426554,1803.96456057441,2418.64103969388,0
"main","DAX","GARCH","2019-01",1.00281522067098,1653.15608537023,2053.14879671007,0
"main","DAX","GARCH","2019-02",1.00347599248954,1839.42894812663,2574.39388835032,0
"main","DAX","GARCH","2019-03",1.00240164057827,1872.45383452888,2495.13459213182,0
"main","DAX","GARCH","2019-04",1.0039653859037,1699.55316855826,2081.58227035812,0
"main","DAX","GARCH","2019-05",1.003576471101,1759.498588719,1899.93711194617,0
"main","DAX","GARCH","2019-06",1.00389524575477,1491.90871296753,1596.29838127034,0
"main","DAX","GARCH","2019-07",1.00256696947886,1812.17235315413,2084.45944847088,0
"main","DAX","GARCH","2019-08",1.00419447696166,1774.75698571082,2157.18155154069,0
"main","DAX","GARCH","2019-09",1.00295473255657,1697.05849834601,2150.89038260744,0
"main","DAX","GARCH","2019-10",1.00244042610406,1638.22471001359,2207.47637945732,0
"main","DAX","GARCH","2019-11",1.00260181480928,1762.03279931754,2067.82798985875,0
"main","DAX","GARCH","2019-12",1.00162498117539,1914.23783927414,1944.40355512542,0
"main","DAX","GARCH","2020-01",1.0018662553842,1644.41330462696,1816.21425823737,0
"main","DAX","GARCH","2020-02",1.00266678192554,1837.98338974734,1928.66587420642,0
"main","DAX","GARCH","2020-03",1.00133033482475,1737.62741751764,2519.10331822492,0
"main","DAX","GARCH","2020-04",1.00281523552894,1831.54696450197,2239.73906491596,0
"main","DAX","GARCH","2020-05",1.00433167127889,1877.40911463176,1769.14524518771,0
"main","DAX","GARCH","2020-06",1.00210840309391,1715.63781057243,2472.69134186037,0
"main","DAX","GARCH","2020-07",1.00178850716849,1873.17955685906,2353.88882499098,0
"main","DAX","GARCH","2020-08",1.00317993396124,1800.12176446529,2010.2014474189,0
"main","DAX","GARCH","2020-09",1.00214270441778,1743.57309595815,1844.27737467908,0
"main","DAX","GARCH","2020-10",1.00146261914953,1664.7274243784,1561.48581869,0
"main","DAX","GARCH","2020-11",1.00136117333392,1989.57269624764,2655.74084187749,0
"main","DAX","GARCH","2020-12",1.00118863747923,1786.27042325703,2025.82879061581,0
"main","DAX","GARCH","2021-01",1.00341498653022,1716.87665342527,2255.2112929876,0
"main","DAX","GARCH","2021-02",1.00260702989433,1671.71414071996,2297.55988369615,0
"main","DAX","GARCH","2021-03",1.00154159177132,1964.44964855682,2196.82268218301,0
"main","DAX","GARCH","2021-04",1.00438403891556,1687.18714227623,2104.85934140281,0
"main","DAX","GARCH","2021-05",1.00122217665863,1811.09960237672,2066.47510797921,0
"main","DAX","GARCH","2021-06",1.00418276476521,1503.91020629884,1714.47942299393,0
"main","DAX","GARCH","2021-07",1.00190521104727,1700.80178697685,2250.37102318714,0
"main","DAX","GARCH","2021-08",1.00320066099531,1531.78565351796,2106.6840819071,0
"main","DAX","GARCH","2021-09",1.0018831806842,1734.17620926589,2324.84435289881,0
"main","DAX","GARCH","2021-10",1.00205773933514,1982.51885508183,2216.13996195998,0
"main","DAX","GARCH","2021-11",1.00313892920209,1625.23818874095,1692.4923668441,0
"main","DAX","GARCH","2021-12",1.00255846412537,1686.42702957099,2034.51630093797,0
"main","DAX","GARCH","2022-01",1.00253572851413,1663.36693546834,1954.97442244148,0
"main","DAX","GARCH","2022-02",1.00275048272181,1628.01132865427,1916.28410755194,0
"main","DAX","GARCH","2022-03",1.002085924561,1712.65075680989,1914.51167876234,0
"main","DAX","GARCH","2022-04",1.00265143123055,1480.11975234853,1987.46509712456,0
"main","DAX","GARCH","2022-05",1.00206135859608,1959.48080974482,2576.26439685548,0
"main","DAX","GARCH","2022-06",1.0034281629939,1838.11077704795,1936.16397057158,0
"main","DAX","GARCH","2022-07",1.00216866573478,1688.51529293671,1944.15160398138,0
"main","DAX","GARCH","2022-08",1.00165921309196,1825.33710626554,2315.6260252528,0
"main","DAX","GARCH","2022-09",1.00286673706387,1489.7563423487,2226.79839935061,0
"main","DAX","GARCH","2022-10",1.00282353582679,1754.39283830506,2370.47524385656,0
"main","DAX","GARCH","2022-11",1.00241000069283,1843.78561794038,2500.12381294106,0
"main","DAX","GARCH","2022-12",1.00321636147196,1932.83082406711,2403.59815592623,0
"main","DAX","GARCH","2023-01",1.00266418029199,1864.24238045223,2074.29542947021,0
"main","DAX","GARCH","2023-02",1.00286201597847,1896.71905738659,2078.95630793402,0
"main","DAX","GARCH","2023-03",1.00353483391923,1701.16440390026,2242.05559803339,0
"main","DAX","GARCH","2023-04",1.00214432302574,1476.23393999179,2105.40649843746,0
"main","DAX","GARCH","2023-05",1.00526035480128,1546.23638144235,1850.05223334524,0
"main","DAX","GARCH","2023-06",1.00281326363868,1616.13872992687,1918.03412150013,0
"main","DAX","GARCH","2023-07",1.00464062256181,1605.9343031783,2129.50865403552,0
"main","DAX","GARCH","2023-08",1.00258763908592,1729.69590664959,1996.75049566529,0
"main","DAX","GARCH","2023-09",1.00252931450491,1903.13263527579,1614.76098775815,0
"main","DAX","GARCH","2023-10",1.0023635942433,1627.9184390038,1292.56841008776,0
"main","DAX","GARCH","2023-11",1.00292016722571,1633.54290318517,1977.77723894155,0
"main","DAX","GARCH","2023-12",1.00528609026176,1686.62222750058,1807.18842811271,0
"main","DAX","GJR_R","2018-01",1.00270008325162,1772.74410221764,1562.353234459,0
"main","DAX","GJR_R","2018-02",1.00219755826839,1535.68796924756,1456.73414628416,0
"main","DAX","GJR_R","2018-03",1.0023937771642,1714.78226647533,1404.08764305294,0
"main","DAX","GJR_R","2018-04",1.00385112695919,1941.54986321946,1699.48125127735,0
"main","DAX","GJR_R","2018-05",1.00510975320286,1267.03218379499,1661.10573768984,0
"main","DAX","GJR_R","2018-06",1.00158992321275,1635.797785891,1826.42836632122,0
"main","DAX","GJR_R","2018-07",1.00221162365791,1896.58249824691,1904.62122953741,0
"main","DAX","GJR_R","2018-08",1.00273580993028,1801.52864953419,1647.79624020419,0
"main","DAX","GJR_R","2018-09",1.0029220689153,1334.93893064652,1178.74561292941,0
"main","DAX","GJR_R","2018-10",1.00078326880977,1674.21986454698,2101.86124831182,0
"main","DAX","GJR_R","2018-11",1.00099294872303,1613.87583368919,1407.79645062007,0
"main","DAX","GJR_R","2018-12",1.0028034957691,1520.95950796283,1541.05318565477,0
"main","DAX","GJR_R","2019-01",1.00287965689583,1663.05735592474,1743.40128530609,0
"main","DAX","GJR_R","2019-02",1.00188180979587,1558.27511091215,1765.21133530963,0
"main","DAX","GJR_R","2019-03",1.00335279918686,1388.06483466749,1575.83960623148,0
"main","DAX","GJR_R","2019-04",1.00279501272192,1596.46536217689,1496.58337516279,0
"main","DAX","GJR_R","2019-05",1.00189867425599,1459.95543391892,1479.21304184736,0
"main","DAX","GJR_R","2019-06",1.00123145962898,1482.73477360945,1464.57858523746,0
"main","DAX","GJR_R","2019-07",1.00136851584866,1584.73616422334,2130.6969727489,0
"main","DAX","GJR_R","2019-08",1.00211165324882,1546.08080894988,1521.80213095642,0
"main","DAX","GJR_R","2019-09",1.00187430193506,1558.02101363869,1739.34130304338,0
"main","DAX","GJR_R","2019-10",1.00245339985841,1453.86156946602,1202.01345287104,0
"main","DAX","GJR_R","2019-11",1.00192358244649,1582.33433956677,1684.09948435591,0
"main","DAX","GJR_R","2019-12",1.00132068003518,1628.68520939287,1929.34805819932,0
"main","DAX","GJR_R","2020-01",1.002047618695,1761.95190847814,1160.02115251226,0
"main","DAX","GJR_R","2020-02",1.00206984591602,1519.91341310958,1329.18234479333,0
"main","DAX","GJR_R","2020-03",1.00237507702717,1756.50186714753,1581.11653878282,0
"main","DAX","GJR_R","2020-04",1.00199340863596,1664.89359367429,2140.20317376424,0
"main","DAX","GJR_R","2020-05",1.00188540857811,1530.74419291226,1425.02853603459,0
"main","DAX","GJR_R","2020-06",1.00237042298638,1735.61914409246,1628.42686730383,0
"main","DAX","GJR_R","2020-07",1.00176079165186,1510.00590983658,2043.39280564557,0
"main","DAX","GJR_R","2020-08",1.00142049876708,1473.22561689341,1378.93994654958,0
"main","DAX","GJR_R","2020-09",1.00151122410247,1564.96929770936,1795.80555709127,0
"main","DAX","GJR_R","2020-10",1.00163211460567,1731.45576925698,1892.86229200986,0
"main","DAX","GJR_R","2020-11",1.00156054510456,1735.45478210263,1809.0253514351,0
"main","DAX","GJR_R","2020-12",1.00145643156355,1685.56114780308,1785.76279890375,0
"main","DAX","GJR_R","2021-01",1.00360155192992,1711.69612040645,1540.6083698474,0
"main","DAX","GJR_R","2021-02",1.00285303617542,1575.18754994055,1545.90843373778,0
"main","DAX","GJR_R","2021-03",1.00209782376336,1780.62729865866,1784.74533692369,0
"main","DAX","GJR_R","2021-04",1.00202234283786,1734.79608422339,2036.42400589713,0
"main","DAX","GJR_R","2021-05",1.00203749079855,1613.64374459022,1592.64922889381,0
"main","DAX","GJR_R","2021-06",1.00222929262589,1691.67805402221,1367.26562615162,0
"main","DAX","GJR_R","2021-07",1.00314770068675,1765.02451489922,1863.32371939264,0
"main","DAX","GJR_R","2021-08",1.00273038727653,1411.79421457148,1942.75572535206,0
"main","DAX","GJR_R","2021-09",1.001623980463,1772.24620443726,1719.34998276633,0
"main","DAX","GJR_R","2021-10",1.00233840819416,1476.73370747246,1838.39119718846,0
"main","DAX","GJR_R","2021-11",1.0020194338734,1704.67636342484,1849.33765495911,0
"main","DAX","GJR_R","2021-12",1.00232716935795,1434.11307115913,1220.40583004932,0
"main","DAX","GJR_R","2022-01",1.0022878674386,1610.25882971313,2081.72946398924,0
"main","DAX","GJR_R","2022-02",1.00378193097632,1461.74976906561,1958.26944208466,0
"main","DAX","GJR_R","2022-03",1.00558033572103,1502.55450542974,1932.79265487134,0
"main","DAX","GJR_R","2022-04",1.00472097556667,1349.0348163825,1463.69676442904,0
"main","DAX","GJR_R","2022-05",1.0025659995978,1568.68706757598,1561.48060015209,0
"main","DAX","GJR_R","2022-06",1.00256499536291,1637.64657473988,1238.3231351001,0
"main","DAX","GJR_R","2022-07",1.00314912216687,1805.50270660408,1551.77543402218,0
"main","DAX","GJR_R","2022-08",1.00293992206001,1656.21655530131,1395.81561794296,0
"main","DAX","GJR_R","2022-09",1.00179683424692,1659.68117972913,1495.6387389744,0
"main","DAX","GJR_R","2022-10",1.00336665388448,1667.4895989292,1462.10565613965,0
"main","DAX","GJR_R","2022-11",1.00343056668622,1697.65377046111,1748.52202452689,0
"main","DAX","GJR_R","2022-12",1.0039584312556,1819.12547625497,2027.67829516751,0
"main","DAX","GJR_R","2023-01",1.0018161021544,1657.62894303451,1540.24938778299,0
"main","DAX","GJR_R","2023-02",1.00297502586485,1652.3225692414,1904.59778542497,0
"main","DAX","GJR_R","2023-03",1.00192502474246,1429.27355993945,1614.73308961125,0
"main","DAX","GJR_R","2023-04",1.00143605124153,1654.60692336686,1669.21637886448,0
"main","DAX","GJR_R","2023-05",1.00198707498233,1540.98980202403,1075.62386500885,0
"main","DAX","GJR_R","2023-06",1.00220887070479,1611.13661907261,1808.24535383659,0
"main","DAX","GJR_R","2023-07",1.00164242770207,1549.90876533605,1563.87042214441,0
"main","DAX","GJR_R","2023-08",1.00288539232576,1453.27940974872,980.50212177805,0
"main","DAX","GJR_R","2023-09",1.0017987736024,1667.1649806646,1745.69665113124,0
"main","DAX","GJR_R","2023-10",1.00323248458671,1698.17188472606,1713.46605860152,0
"main","DAX","GJR_R","2023-11",1.00277631985745,1587.2456449016,1435.87181054979,0
"main","DAX","GJR_R","2023-12",1.00294815922999,1620.54449473212,1903.15258088144,0
"main","DAX","GJR_U","2018-01",1.00235678074444,1753.1305581174,1460.01615870173,0
"main","DAX","GJR_U","2018-02",1.00260905377968,1839.28832619343,1885.64383862686,0
"main","DAX","GJR_U","2018-03",1.0024281375958,1477.97867056531,1740.21536249188,0
"main","DAX","GJR_U","2018-04",1.00210949520591,1550.69914875492,1388.14061401935,0
"main","DAX","GJR_U","2018-05",1.00281133729348,1550.45242922336,1553.17012713794,0
"main","DAX","GJR_U","2018-06",1.00154254768992,1702.17640882637,1528.32699684865,0
"main","DAX","GJR_U","2018-07",1.00247700785001,1604.11749107366,1590.31494971416,0
"main","DAX","GJR_U","2018-08",1.00257157345776,1475.41578145501,1576.83167893151,0
"main","DAX","GJR_U","2018-09",1.00299141859364,1666.07954778522,1734.92474678272,0
"main","DAX","GJR_U","2018-10",1.00297959109655,1763.21587625453,1661.57478838644,0
"main","DAX","GJR_U","2018-11",1.00380273385311,1606.61849001298,1561.57896488836,0
"main","DAX","GJR_U","2018-12",1.00160152491706,1804.06491312884,1832.21278457636,0
"main","DAX","GJR_U","2019-01",1.00244665352673,1632.91182975229,1942.12568245806,0
"main","DAX","GJR_U","2019-02",1.00134732534178,1520.11308454433,1624.51400626906,0
"main","DAX","GJR_U","2019-03",1.00281809999171,1792.68444352348,1712.51216163756,0
"main","DAX","GJR_U","2019-04",1.00113498992669,1732.02129465264,1668.5425554985,0
"main","DAX","GJR_U","2019-05",1.00245162406454,1621.71601898066,1654.6687300078,0
"main","DAX","GJR_U","2019-06",1.00298268435516,1891.9237870072,1835.23248744609,0
"main","DAX","GJR_U","2019-07",1.00265679812586,1720.71534407307,1264.82357832212,0
"main","DAX","GJR_U","2019-08",1.00303277435965,1460.1192824621,1479.71683007843,0
"main","DAX","GJR_U","2019-09",1.00205794260015,1379.21081013236,1186.69986484355,0
"main","DAX","GJR_U","2019-10",1.00441453280226,1664.75347012976,1434.68532026526,0
"main","DAX","GJR_U","2019-11",1.003487735305,1426.72174051121,1047.50061564595,0
"main","DAX","GJR_U","2019-12",1.00402385676,1369.48944307618,1265.48855063504,0
"main","DAX","GJR_U","2020-01",1.00265849496831,1468.50063027242,1554.114559968,0
"main","DAX","GJR_U","2020-02",1.00218506227316,1556.84279660154,1437.85693560357,0
"main","DAX","GJR_U","2020-03",1.00273112626076,1409.73966649944,1647.60647934327,0
"main","DAX","GJR_U","2020-04",1.00192714690507,1723.22972548954,1489.13768065455,0
"main","DAX","GJR_U","2020-05",1.00276580336963,1632.14449365614,1292.45108016112,0
"main","DAX","GJR_U","2020-06",1.0033492670973,1427.93162501046,1409.9819210093,0
"main","DAX","GJR_U","2020-07",1.00237407049237,1624.42967278635,1665.98925819051,0
"main","DAX","GJR_U","2020-08",1.00188719476556,1361.51553898115,1557.99711149802,0
"main","DAX","GJR_U","2020-09",1.00183391583138,1518.079006624,1396.80904438273,0
"main","DAX","GJR_U","2020-10",1.00193854171415,1537.87068812313,1679.41567167951,0
"main","DAX","GJR_U","2020-11",1.00276145316314,1752.83128678608,1668.16250030799,0
"main","DAX","GJR_U","2020-12",1.00249398990085,1452.53682275007,1642.72223994154,0
"main","DAX","GJR_U","2021-01",1.00328574328405,1732.45335654985,2017.14053507926,0
"main","DAX","GJR_U","2021-02",1.00145475220166,1663.51399230434,1625.1065228801,0
"main","DAX","GJR_U","2021-03",1.00150157815204,1585.62615018163,1051.23940306129,0
"main","DAX","GJR_U","2021-04",1.00201671793009,1884.05914081877,1820.2675325804,0
"main","DAX","GJR_U","2021-05",1.00249061263143,1705.6765545197,1753.97569446078,0
"main","DAX","GJR_U","2021-06",1.00359725184197,1398.27891990734,1355.19223156329,0
"main","DAX","GJR_U","2021-07",1.0019557759743,1773.12729136019,1172.95814160803,0
"main","DAX","GJR_U","2021-08",1.00199550407015,1825.64601713504,1585.43932862504,0
"main","DAX","GJR_U","2021-09",1.00189941661632,1521.18845487034,1765.01999335493,0
"main","DAX","GJR_U","2021-10",1.00213080316858,1568.48372224372,1318.8977715587,0
"main","DAX","GJR_U","2021-11",1.00392724179084,1335.74864197549,1649.02875256426,0
"main","DAX","GJR_U","2021-12",1.00156867089752,1484.47750370982,1426.38918724896,0
"main","DAX","GJR_U","2022-01",1.00199311906633,1536.70417145072,1389.14247739974,0
"main","DAX","GJR_U","2022-02",1.00485140227771,1391.64033880119,1716.80294326474,0
"main","DAX","GJR_U","2022-03",1.00298676295152,1598.81471116948,1784.48490428827,0
"main","DAX","GJR_U","2022-04",1.00363288502535,1819.16377575777,1746.6704847732,0
"main","DAX","GJR_U","2022-05",1.00113810544751,1896.45722228378,1650.83652452573,0
"main","DAX","GJR_U","2022-06",1.00279096985956,1525.71066266946,1598.86677906761,0
"main","DAX","GJR_U","2022-07",1.0036311910849,1511.83475515798,1625.12360869774,0
"main","DAX","GJR_U","2022-08",1.00172217576967,1713.38190570166,1711.12535919877,0
"main","DAX","GJR_U","2022-09",1.00112717966365,1592.59990869565,1431.67931407479,0
"main","DAX","GJR_U","2022-10",1.00184768340469,1716.13295568451,1257.27327759081,0
"main","DAX","GJR_U","2022-11",1.00269822807452,1299.72235840021,1243.53261121978,0
"main","DAX","GJR_U","2022-12",1.00262243185692,1505.21591520752,1503.68143265436,0
"main","DAX","GJR_U","2023-01",1.00228906860205,1761.66100079257,1775.18415785066,0
"main","DAX","GJR_U","2023-02",1.0028698443021,1691.35412695284,1541.01219332671,0
"main","DAX","GJR_U","2023-03",1.00274292638628,1598.27746418488,1679.25326453506,0
"main","DAX","GJR_U","2023-04",1.00217764312205,1552.80905123146,1501.72377509631,0
"main","DAX","GJR_U","2023-05",1.00236143503078,1734.3794803028,1431.88698656681,0
"main","DAX","GJR_U","2023-06",1.00177240412915,1478.87679247122,1375.14853875758,0
"main","DAX","GJR_U","2023-07",1.00247951708967,1221.74554985023,991.201363536933,0
"main","DAX","GJR_U","2023-08",1.00247763555341,1545.99411564093,1477.92180032756,0
"main","DAX","GJR_U","2023-09",1.00375241862557,1525.44732046849,1686.08361057551,0
"main","DAX","GJR_U","2023-10",1.00236294299961,1330.64535931022,1052.37919225607,0
"main","DAX","GJR_U","2023-11",1.0039884669365,1785.15682669254,1358.42231972133,0
"main","DAX","GJR_U","2023-12",1.00520996597778,1460.76393106163,1450.39199380697,0
"main","DAX","STAR_SV","2018-01",1.00310284205933,2054.76043692764,3478.560194592,0
"main","DAX","STAR_SV","2018-02",1.00591176052851,918.773156013914,1191.96219831185,0
"main","DAX","STAR_SV","2018-03",1.00870894514899,655.166305249143,1200.26719532177,0
"main","DAX","STAR_SV","2018-04",1.00425069024014,534.789753306653,603.37869922003,0
"main","DAX","STAR_SV","2018-05",1.00274909507622,1952.90129578329,3411.47764682109,0
"main","DAX","STAR_SV","2018-06",1.00673116641883,756.105068068745,938.334511124726,0
"main","DAX","STAR_SV","2018-07",1.00929725185143,620.295723122116,747.609385735057,0
"main","DAX","STAR_SV","2018-08",1.00499323920693,741.592358808708,826.003707344096,0
"main","DAX","STAR_SV","2018-09",1.00459210215052,2045.053267411,3168.8050299804,0
"main","DAX","STAR_SV","2018-10",1.00438919537401,773.945625368668,1260.0879997615,0
"main","DAX","STAR_SV","2018-11",1.00335633409272,1200.35949257046,1157.56372740067,0
"main","DAX","STAR_SV","2018-12",1.00327080545498,914.444170611806,1066.60611104892,0
"main","DAX","STAR_SV","2019-01",1.00628892490904,824.825850438945,650.384993537366,0
"main","DAX","STAR_SV","2019-02",1.00561464954114,553.908441371234,688.94782755034,0
"main","DAX","STAR_SV","2019-03",1.00319308920025,1331.48162320107,1480.84201580613,0
"main","DAX","STAR_SV","2019-04",1.00967098589139,883.789426900342,1550.82291980622,0
"main","DAX","STAR_SV","2019-05",1.00996695264859,898.998879854102,1438.08122073864,0
"main","DAX","STAR_SV","2019-06",1.00548694756674,857.834720960531,668.887640639274,0
"main","DAX","STAR_SV","2019-07",1.00568913163667,453.223166739262,774.080601652308,0
"main","DAX","STAR_SV","2019-08",1.00464913595037,895.05371744939,1074.29735250753,0
"main","DAX","STAR_SV","2019-09",1.00605462817368,518.039004323644,609.138911928263,0
"main","DAX","STAR_SV","2019-10",1.00519923954952,492.870582894629,647.404731392796,0
"main","DAX","STAR_SV","2019-11",1.00514281838522,630.804526836119,733.375709540328,0
"main","DAX","STAR_SV","2019-12",1.00612330740895,827.609471811832,1075.01726311963,0
"main","DAX","STAR_SV","2020-01",1.00532717393292,604.683209731388,513.438313715529,0
"main","DAX","STAR_SV","2020-02",1.00331053179571,1169.52639452466,1113.23536007862,0
"main","DAX","STAR_SV","2020-03",1.00574849983306,577.979570717208,1041.41972960358,0
"main","DAX","STAR_SV","2020-04",1.00237501553094,654.524648668004,1326.87049187074,0
"main","DAX","STAR_SV","2020-05",1.00589437362362,509.586303661332,486.926580304717,0
"main","DAX","STAR_SV","2020-06",1.00529367203602,586.457061468259,807.864437930492,0
"main","DAX","STAR_SV","2020-07",1.00392281678032,891.985500209086,1470.76278758817,0
"main","DAX","STAR_SV","2020-08",1.00495835297383,868.517809569727,1235.12964523865,0
"main","DAX","STAR_SV","2020-09",1.00560600485073,742.477684616293,992.958841255902,0
"main","DAX","STAR_SV","2020-10",1.00375615376856,901.677251449754,1157.80222605605,0
"main","DAX","STAR_SV","2020-11",1.0038716720205,1002.3813431703,1508.50417531203,0
"main","DAX","STAR_SV","2020-12",1.00875515820237,722.147245276969,1695.98514680297,0
"main","DAX","STAR_SV","2021-01",1.00540383989963,761.32430288391,1575.6781347713,0
"main","DAX","STAR_SV","2021-02",1.00429475974758,1006.39502246725,1556.37039854075,0
"main","DAX","STAR_SV","2021-03",1.00304693008896,1330.62504972958,1265.81435485006,0
"main","DAX","STAR_SV","2021-04",1.0019651473929,2186.23181041791,3280.58060945615,0
"main","DAX","STAR_SV","2021-05",1.00379902031157,926.797918138418,1541.36518650234,0
"main","DAX","STAR_SV","2021-06",1.00537515164525,902.978492251312,1053.44727870536,0
"main","DAX","STAR_SV","2021-07",1.00499037063958,632.224949849015,1155.15211332035,0
"main","DAX","STAR_SV","2021-08",1.00387748978145,518.81210621791,424.375178017994,0
"main","DAX","STAR_SV","2021-09",1.00820201004635,883.327105848039,1518.89537693256,0
"main","DAX","STAR_SV","2021-10",1.00331248379975,936.072689611087,1604.86562306724,0
"main","DAX","STAR_SV","2021-11",1.00588936701067,888.543421927132,1404.14255405923,0
"main","DAX","STAR_SV","2021-12",1.00520477147477,855.933241123576,1630.2860668367,0
"main","DAX","STAR_SV","2022-01",1.00689462843688,1034.30142075272,1701.31764719127,0
"main","DAX","STAR_SV","2022-02",1.00528341420467,903.715866831284,1363.5966579436,0
"main","DAX","STAR_SV","2022-03",1.00589067828183,917.132849570797,1413.30739883207,0
"main","DAX","STAR_SV","2022-04",1.00494947997705,1038.36100243769,1720.65382384496,0
"main","DAX","STAR_SV","2022-05",1.00610696455461,885.95136689512,1696.5100856605,0
"main","DAX","STAR_SV","2022-06",1.00271240778248,1730.66456508454,2860.92468996739,0
"main","DAX","STAR_SV","2022-07",1.00471147983831,815.763748515829,1590.85295936663,0
"main","DAX","STAR_SV","2022-08",1.00396753505301,1156.79514899564,1937.6415662531,0
"main","DAX","STAR_SV","2022-09",1.00742908512121,719.942297585578,1069.79464719466,0
"main","DAX","STAR_SV","2022-10",1.00576540767785,960.85956364209,1768.19954650414,0
"main","DAX","STAR_SV","2022-11",1.00821006373677,756.824281114895,1155.60293949326,0
"main","DAX","STAR_SV","2022-12",1.00382628997532,878.293135564854,1510.29063214094,0
"main","DAX","STAR_SV","2023-01",1.00719794010747,1089.35153575828,1757.13168307929,0
"main","DAX","STAR_SV","2023-02",1.00378885027595,816.57125155439,1304.88112737432,0
"main","DAX","STAR_SV","2023-03",1.00289600679029,773.663298859951,1066.78174875766,0
"main","DAX","STAR_SV","2023-04",1.00418095839613,660.588772669287,997.435393974909,0
"main","DAX","STAR_SV","2023-05",1.00588499835889,748.054294186503,828.651130768723,0
"main","DAX","STAR_SV","2023-06",1.00379214390213,889.324278332641,1675.16920792507,0
"main","DAX","STAR_SV","2023-07",1.00556729030055,630.117717968845,816.414920654984,0
"main","DAX","STAR_SV","2023-08",1.00371562877484,916.522608713068,685.522293078575,0
"main","DAX","STAR_SV","2023-09",1.00513204795348,791.471534458247,1447.07094126471,0
"main","DAX","STAR_SV","2023-10",1.00466829788887,1016.58636690755,1121.85524150547,0
"main","DAX","STAR_SV","2023-11",1.0082037797408,661.477777815011,1458.09215688253,0
"main","DAX","STAR_SV","2023-12",1.00694824558576,646.020887304702,1239.12715416462,0
"main","DAX","TSV_RT","2018-01",1.0041031983096,1033.37964179652,1667.40279607115,0
"main","DAX","TSV_RT","2018-02",1.00432950352776,1080.30863497803,1816.66358570034,0
"main","DAX","TSV_RT","2018-03",1.00906438209088,981.145389453942,1880.1010830717,0
"main","DAX","TSV_RT","2018-04",1.00395357626765,822.241729944589,1496.42746170562,0
"main","DAX","TSV_RT","2018-05",1.00397860829795,1019.06155508428,1910.7647054742,0
"main","DAX","TSV_RT","2018-06",1.00546609819988,990.8689640605,1804.12562201328,0
"main","DAX","TSV_RT","2018-07",1.00396939287257,870.429770428296,1625.6860638428,0
"main","DAX","TSV_RT","2018-08",1.0039711102489,809.561449851802,1760.72322906529,0
"main","DAX","TSV_RT","2018-09",1.00524356198357,915.322696562568,1572.85048910556,0
"main","DAX","TSV_RT","2018-10",1.00494322895254,957.23540108202,1899.71648913929,0
"main","DAX","TSV_RT","2018-11",1.00516828006129,1004.27275856841,1480.23386583764,0
"main","DAX","TSV_RT","2018-12",1.00411694307197,897.466371184501,2021.04073423609,0
"main","DAX","TSV_RT","2019-01",1.00727776190958,864.184025799212,1846.41066612552,0
"main","DAX","TSV_RT","2019-02",1.0031192284456,869.569450424672,1627.54735109156,0
"main","DAX","TSV_RT","2019-03",1.00626955133566,752.083904413792,1647.45332110373,0
"main","DAX","TSV_RT","2019-04",1.0030530829427,761.936762399998,1682.67231996366,0
"main","DAX","TSV_RT","2019-05",1.00438018961358,1056.8255487067,1915.70764677084,0
"main","DAX","TSV_RT","2019-06",1.00375071226685,1042.73789499789,1639.69971653432,0
"main","DAX","TSV_RT","2019-07",1.00342405931141,998.581727703911,1879.92581440641,0
"main","DAX","TSV_RT","2019-08",1.00700193108054,790.585591355511,1689.76976658062,0
"main","DAX","TSV_RT","2019-09",1.00469238555879,924.995503790856,1758.5418021337,0
"main","DAX","TSV_RT","2019-10",1.0040728985059,744.031542348947,1705.61669178419,0
"main","DAX","TSV_RT","2019-11",1.00485296385752,879.503411819772,1579.64712017824,0
"main","DAX","TSV_RT","2019-12",1.00354845954204,920.380317175522,1736.67398994092,0
"main","DAX","TSV_RT","2020-01",1.00706656552648,927.34786152192,1941.70604553439,0
"main","DAX","TSV_RT","2020-02",1.00570413249446,853.501862470031,1666.69968181256,0
"main","DAX","TSV_RT","2020-03",1.00445085593217,814.411508019293,1428.1052075606,0
"main","DAX","TSV_RT","2020-04",1.00776307646386,901.441274557139,1658.6882922543,0
"main","DAX","TSV_RT","2020-05",1.00424496041371,1008.84362112704,1652.61894493479,0
"main","DAX","TSV_RT","2020-06",1.00508498119184,899.556404634014,1373.87955626455,0
"main","DAX","TSV_RT","2020-07",1.00267517804309,987.174900270449,1873.24236061743,0
"main","DAX","TSV_RT","2020-08",1.00462399000128,928.297550051491,1755.56167085133,0
"main","DAX","TSV_RT","2020-09",1.00772504487473,893.827242543855,1953.92794653381,0
"main","DAX","TSV_RT","2020-10",1.0058155256866,872.25940587821,1762.71508000301,0
"main","DAX","TSV_RT","2020-11",1.00515980762292,985.366381154019,1444.51141261523,0
"main","DAX","TSV_RT","2020-12",1.00413483716034,1018.38922250958,1607.04733524926,0
"main","DAX","TSV_RT","2021-01",1.00611315771264,1013.18860657962,1776.94811014162,0
"main","DAX","TSV_RT","2021-02",1.00331288518377,808.488133468222,1474.77510505771,0
"main","DAX","TSV_RT","2021-03",1.00353929712877,818.48987593817,1651.4394897318,0
"main","DAX","TSV_RT","2021-04",1.00689640673324,843.948201155049,1689.70993771381,0
"main","DAX","TSV_RT","2021-05",1.00575240059118,788.01227448956,1762.64845852793,0
"main","DAX","TSV_RT","2021-06",1.00449856977677,975.889296749916,1612.5261935427,0
"main","DAX","TSV_RT","2021-07",1.00636370232645,978.765807522506,1618.84045860931,0
"main","DAX","TSV_RT","2021-08",1.00347741082178,874.202792029175,1847.14097413488,0
"main","DAX","TSV_RT","2021-09",1.00374113068606,726.56524832167,1545.91954476459,0
"main","DAX","TSV_RT","2021-10",1.00590815930634,1113.63970542632,2107.80012105009,0
"main","DAX","TSV_RT","2021-11",1.00535247612899,940.095100286197,1906.21225149888,0
"main","DAX","TSV_RT","2021-12",1.00585160544867,734.199602076618,1396.44591148494,0
"main","DAX","TSV_RT","2022-01",1.00536104134883,904.42286829803,1562.84069081789,0
"main","DAX","TSV_RT","2022-02",1.00783867851857,867.994822097193,1818.25632204844,0
"main","DAX","TSV_RT","2022-03",1.00498720215444,867.333161066774,1727.95218369925,0
"main","DAX","TSV_RT","2022-04",1.00839015994258,818.721581580761,1543.54698852426,0
"main","DAX","TSV_RT","2022-05",1.00339938345914,1015.0272871449,1842.67236472866,0
"main","DAX","TSV_RT","2022-06",1.0040286003269,769.74235290855,1526.80225602001,0
"main","DAX","TSV_RT","2022-07",1.00321379079413,816.847517320511,1363.5183202447,0
"main","DAX","TSV_RT","2022-08",1.00741879346424,697.405817822853,1477.95813618986,0
"main","DAX","TSV_RT","2022-09",1.00491890559298,1007.94250663968,1661.46173679728,0
"main","DAX","TSV_RT","2022-10",1.00444396806918,691.938838768683,1274.26173136446,0
"main","DAX","TSV_RT","2022-11",1.00590212872264,725.203056178403,1727.00185819316,0
"main","DAX","TSV_RT","2022-12",1.00402636262934,994.568817328857,1845.6345866354,0
"main","DAX","TSV_RT","2023-01",1.00546629234412,735.002459296608,1565.31220468185,0
"main","DAX","TSV_RT","2023-02",1.00231742799425,771.373636501506,1650.92187078755,0
"main","DAX","TSV_RT","2023-03",1.00402558299266,1090.16665188628,1786.65214686527,0
"main","DAX","TSV_RT","2023-04",1.00565798446822,973.845688511867,1668.94680193282,0
"main","DAX","TSV_RT","2023-05",1.00840779326784,808.737293992277,1589.53990305777,0
"main","DAX","TSV_RT","2023-06",1.00365103899811,1980.95486184901,3745.051175817,0
"main","DAX","TSV_RT","2023-07",1.00355921814198,760.187049065302,1516.23451552716,0
"main","DAX","TSV_RT","2023-08",1.00476918307262,757.092492460157,1460.94736215754,0
"main","DAX","TSV_RT","2023-09",1.0057593534953,1054.04850491179,1707.32208749609,0
"main","DAX","TSV_RT","2023-10",1.00174827190778,1652.38361987505,3243.91216075338,0
"main","DAX","TSV_RT","2023-11",1.00530610239432,918.72014441296,1740.99377842146,0
"main","DAX","TSV_RT","2023-12",1.00402486964956,838.086886385078,1689.2242083603,0
"main","FTSE","AARSV","2018-01",1.0044069548125,966.37779836594,1992.54565710155,0
"main","FTSE","AARSV","2018-02",1.00438358899038,1128.55198611727,2063.21873355391,0
"main","FTSE","AARSV","2018-03",1.00514628533184,891.432337725116,1777.25732536959,0
"main","FTSE","AARSV","2018-04",1.00534877170857,1079.4768984225,1728.49786477617,0
"main","FTSE","AARSV","2018-05",1.00641532437901,1059.71298341073,1800.77500283398,0
"main","FTSE","AARSV","2018-06",1.00426024578181,843.387452993908,1710.84100756659,0
"main","FTSE","AARSV","2018-07",1.00374816463005,1197.69128587654,2079.3604220586,0
"main","FTSE","AARSV","2018-08",1.00574360312917,939.057435622374,1812.80560561802,0
"main","FTSE","AARSV","2018-09",1.00350857590819,987.875766289835,1708.36424531899,0
"main","FTSE","AARSV","2018-10",1.00510541693633,1051.97368641806,1955.74544543898,0
"main","FTSE","AARSV","2018-11",1.00743962286606,976.883467574187,1817.50889004168,0
"main","FTSE","AARSV","2018-12",1.00446839850058,737.852468191101,1635.8414743728,0
"main","FTSE","AARSV","2019-01",1.0033517597708,1030.21745239159,1873.53597082737,0
"main","FTSE","AARSV","2019-02",1.00403146127452,993.17699861097,1555.28333012354,0
"main","FTSE","AARSV","2019-03",1.00396095238039,988.164609111203,1858.60567005409,0
"main","FTSE","AARSV","2019-04",1.00468831168807,745.262492738288,1544.69370918119,0
"main","FTSE","AARSV","2019-05",1.00491121856359,916.45057711729,1915.57778735907,0
"main","FTSE","AARSV","2019-06",1.00408196877628,880.081952030137,1735.07444902495,0
"main","FTSE","AARSV","2019-07",1.00361324298971,919.400423610227,1589.69905577875,0
"main","FTSE","AARSV","2019-08",1.00487778014191,879.763109140983,1592.28575697317,0
"main","FTSE","AARSV","2019-09",1.00348254848979,879.411557632173,1621.71438659148,0
"main","FTSE","AARSV","2019-10",1.00507268642533,1098.25809555224,1752.94376715324,0
"main","FTSE","AARSV","2019-11",1.00500616387316,1084.61505826706,1701.88285367224,0
"main","FTSE","AARSV","2019-12",1.00440796786562,1028.66719886215,1921.50739776378,0
"main","FTSE","AARSV","2020-01",1.0066801934905,951.893798480932,1946.75492961213,0
"main","FTSE","AARSV","2020-02",1.00498530478819,989.881937749658,1653.90057799003,0
"main","FTSE","AARSV","2020-03",1.00511693269008,1087.83608169922,1750.1660474169,0
"main","FTSE","AARSV","2020-04",1.00410625694851,973.65872726621,1764.24789601987,0
"main","FTSE","AARSV","2020-05",1.00432879385721,1044.98609394919,1799.38019969957,0
"main","FTSE","AARSV","2020-06",1.00399462850537,951.056672050584,1566.27633984583,0
"main","FTSE","AARSV","2020-07",1.00577405933302,924.351862364847,1897.99034825249,0
"main","FTSE","AARSV","2020-08",1.00349641581711,855.984964149995,1874.20187611049,0
"main","FTSE","AARSV","2020-09",1.00494330206382,851.019467876463,1799.78146817413,0
"main","FTSE","AARSV","2020-10",1.00412001514898,886.465231142059,1711.04675411403,0
"main","FTSE","AARSV","2020-11",1.00319681307858,948.063986816842,1504.88836816835,0
"main","FTSE","AARSV","2020-12",1.00625387978797,826.052981444083,1563.45785520621,0
"main","FTSE","AARSV","2021-01",1.00513216861706,826.416710085721,1461.2316609095,0
"main","FTSE","AARSV","2021-02",1.00469617972163,873.76906762682,1600.67702014527,0
"main","FTSE","AARSV","2021-03",1.00307395721968,804.572522558609,1574.25396107407,0
"main","FTSE","AARSV","2021-04",1.00291622294278,841.615378706499,1791.87943944083,0
"main","FTSE","AARSV","2021-05",1.00359120489388,842.43770943744,1625.44324969824,0
"main","FTSE","AARSV","2021-06",1.00620939066804,807.240991529543,1444.72922265553,0
"main","FTSE","AARSV","2021-07",1.00593021177554,818.978066308174,1476.20924091299,0
"main","FTSE","AARSV","2021-08",1.00604859519472,710.432661968364,1527.74925169085,0
"main","FTSE","AARSV","2021-09",1.00702225950184,729.601251002213,1596.0628569814,0
"main","FTSE","AARSV","2021-10",1.00349350113413,698.823951714255,1208.45517442006,0
"main","FTSE","AARSV","2021-11",1.00949993640755,685.517895221892,1566.75597859743,0
"main","FTSE","AARSV","2021-12",1.00394733204814,940.3039197908,1600.55917459692,0
"main","FTSE","AARSV","2022-01",1.00547565875448,802.069392111647,1609.49305999603,0
"main","FTSE","AARSV","2022-02",1.00704187647456,874.877079911158,1683.52009333203,0
"main","FTSE","AARSV","2022-03",1.00405327060227,669.276128253954,1469.38635457967,0
"main","FTSE","AARSV","2022-04",1.00492419012182,644.550812431723,1338.73285933994,0
"main","FTSE","AARSV","2022-05",1.00363772460072,931.350914173533,1705.55706908293,0
"main","FTSE","AARSV","2022-06",1.00473363828742,855.493270743512,1602.14433450474,0
"main","FTSE","AARSV","2022-07",1.00536414783135,754.016487607701,1580.32408634364,0
"main","FTSE","AARSV","2022-08",1.00348603446348,835.455956295437,1615.25651122495,0
"main","FTSE","AARSV","2022-09",1.00502576769741,859.520539631536,1962.35175132798,0
"main","FTSE","AARSV","2022-10",1.00538961778504,959.862013358481,1709.20042201866,0
"main","FTSE","AARSV","2022-11",1.00326284142212,941.977181164759,1554.37153366022,0
"main","FTSE","AARSV","2022-12",1.00466194382875,851.147633404379,1536.66536692227,0
"main","FTSE","AARSV","2023-01",1.00432968202794,874.855856691691,1675.60558870884,0
"main","FTSE","AARSV","2023-02",1.00603929867591,850.385460623462,1539.0059425096,0
"main","FTSE","AARSV","2023-03",1.00474692568297,781.614908864742,1540.22023504867,0
"main","FTSE","AARSV","2023-04",1.00388567100675,917.173461520316,1831.70068341352,0
"main","FTSE","AARSV","2023-05",1.00434494569373,1006.68529630705,1802.34386632015,0
"main","FTSE","AARSV","2023-06",1.00534341996599,885.414976806131,1448.27178901757,0
"main","FTSE","AARSV","2023-07",1.00473551784544,901.171411506709,1544.35209761914,0
"main","FTSE","AARSV","2023-08",1.00657497745578,838.812336737119,1584.87539942332,0
"main","FTSE","AARSV","2023-09",1.00246161352219,830.196624656471,1345.09624694007,0
"main","FTSE","AARSV","2023-10",1.00883295253794,820.567395078256,1316.43544927009,0
"main","FTSE","AARSV","2023-11",1.00432813713041,975.698967185652,1514.98165666475,0
"main","FTSE","AARSV","2023-12",1.00512532829356,811.018572424468,1652.61190031954,0
"main","FTSE","APARCH","2018-01",1.0019179299258,1783.21009345636,1661.58144121163,0
"main","FTSE","APARCH","2018-02",1.00305703737501,1773.17542428432,2105.30436286676,0
"main","FTSE","APARCH","2018-03",1.00260322528793,1753.14402207296,1993.11207341095,0
"main","FTSE","APARCH","2018-04",1.00356639598151,1781.63672989035,1925.91145823798,0
"main","FTSE","APARCH","2018-05",1.00182196969423,1508.46033469214,1696.683459443,0
"main","FTSE","APARCH","2018-06",1.00144460248899,1740.24261158579,1410.20717303651,0
"main","FTSE","APARCH","2018-07",1.00209379239287,1661.52165627611,1892.86321205082,0
"main","FTSE","APARCH","2018-08",1.00230583416257,1628.06148564224,1727.93413091955,0
"main","FTSE","APARCH","2018-09",1.00316736218917,1774.6805226901,1847.82188734453,0
"main","FTSE","APARCH","2018-10",1.00250635769628,1751.7981868678,1705.26837332746,0
"main","FTSE","APARCH","2018-11",1.00273902666935,1517.79243788439,1868.85614741781,0
"main","FTSE","APARCH","2018-12",1.00273270176005,1953.33048637367,2098.88558289485,0
"main","FTSE","APARCH","2019-01",1.00434931494113,1339.0487412644,1018.30961339461,0
"main","FTSE","APARCH","2019-02",1.00129696311586,1780.8726430355,1571.82397597969,0
"main","FTSE","APARCH","2019-03",1.00306063612301,1701.48756509837,2002.89586891677,0
"main","FTSE","APARCH","2019-04",1.00193564116592,1648.04203704781,1841.27852033878,0
"main","FTSE","APARCH","2019-05",1.00451627094113,1719.72932103807,1558.4493326276,0
"main","FTSE","APARCH","2019-06",1.00439271458716,1566.41034712379,1501.4038000649,0
"main","FTSE","APARCH","2019-07",1.00246706340731,1562.21916790162,1487.40185576403,0
"main","FTSE","APARCH","2019-08",1.00315952833574,1438.23757072484,1717.6289472675,0
"main","FTSE","APARCH","2019-09",1.00474769195437,1759.7809721095,1882.1728071505,0
"main","FTSE","APARCH","2019-10",1.00216927715336,1812.34063477502,1732.05100479054,0
"main","FTSE","APARCH","2019-11",1.00373643307991,1567.43442398861,1991.08764480512,0
"main","FTSE","APARCH","2019-12",1.0049177821404,1412.47506503495,1539.28901417524,0
"main","FTSE","APARCH","2020-01",1.00263693401182,1771.41482909121,1696.9328563414,0
"main","FTSE","APARCH","2020-02",1.00277513391718,1893.70110337716,2184.19022071289,0
"main","FTSE","APARCH","2020-03",1.00283698371136,1557.78594707843,1239.79237246222,0
"main","FTSE","APARCH","2020-04",1.0019928643017,1723.17629969245,1600.51379706417,0
"main","FTSE","APARCH","2020-05",1.00249194043494,1611.64006767147,1655.05286940067,0
"main","FTSE","APARCH","2020-06",1.00225752718452,1727.25369867128,1545.2701778897,0
"main","FTSE","APARCH","2020-07",1.00364525599585,1562.70091702274,1826.0568716125,0
"main","FTSE","APARCH","2020-08",1.00188183298746,1752.93367838545,1225.96774960476,0
"main","FTSE","APARCH","2020-09",1.00146766474102,1640.62931978377,1661.08378789563,0
"main","FTSE","APARCH","2020-10",1.00168266140044,1526.39061129783,1424.1771447459,0
"main","FTSE","APARCH","2020-11",1.001258577161,1558.73883551833,1835.47984040121,0
"main","FTSE","APARCH","2020-12",1.00308475799039,1753.66863527504,1140.77380555301,0
"main","FTSE","APARCH","2021-01",1.0025138377862,1705.57428994379,1419.71674107381,0
"main","FTSE","APARCH","2021-02",1.00213120905739,1552.00490299188,1468.67957362723,0
"main","FTSE","APARCH","2021-03",1.00133486283447,1563.24120016473,1663.31420463282,0
"main","FTSE","APARCH","2021-04",1.00277857526576,1718.73349355372,1804.50942262821,0
"main","FTSE","APARCH","2021-05",1.00177807321493,1753.72536118555,2098.64952768856,0
"main","FTSE","APARCH","2021-06",1.00255130860689,1762.82894585541,1370.57896873192,0
"main","FTSE","APARCH","2021-07",1.00209313622805,1700.2742744873,1749.78007851912,0
"main","FTSE","APARCH","2021-08",1.00178607465372,1605.97939527781,1193.39397377853,0
"main","FTSE","APARCH","2021-09",1.00426249919881,1699.22641711561,2030.14018843436,0
"main","FTSE","APARCH","2021-10",1.00221402332413,1635.88999163028,1447.02272713216,0
"main","FTSE","APARCH","2021-11",1.00306468174388,1733.3632629436,1907.7583921808,0
"main","FTSE","APARCH","2021-12",1.00149389770075,1591.0691824118,1548.08175342342,0
"main","FTSE","APARCH","2022-01",1.0022519636062,1789.01042580491,1574.15542191258,0
"main","FTSE","APARCH","2022-02",1.00181950242061,1354.57855910936,1283.21620291378,0
"main","FTSE","APARCH","2022-03",1.00385485931204,1849.99674659744,2096.47690261987,0
"main","FTSE","APARCH","2022-04",1.00424945048045,1731.8948629012,1853.78536905186,0
"main","FTSE","APARCH","2022-05",1.00275578838494,1743.11627478,1385.93051434944,0
"main","FTSE","APARCH","2022-06",1.00388408619209,1680.58767413501,1934.91026589484,0
"main","FTSE","APARCH","2022-07",1.00285219479906,1705.75258889838,1593.76219420241,0
"main","FTSE","APARCH","2022-08",1.00160209410904,1868.76566201955,1885.28131791716,0
"main","FTSE","APARCH","2022-09",1.00257494737925,1674.09195834479,2051.0158122484,0
"main","FTSE","APARCH","2022-10",1.00292474939364,1654.00667976915,1549.54775563534,0
"main","FTSE","APARCH","2022-11",1.0016881864856,1545.53175195658,1559.69067565006,0
"main","FTSE","APARCH","2022-12",1.00150926873348,1668.38673205038,1438.44706412268,0
"main","FTSE","APARCH","2023-01",1.00364873609788,1649.6618440437,1457.05123094939,0
"main","FTSE","APARCH","2023-02",1.0027792833407,1561.70361567047,1478.54294725869,0
"main","FTSE","APARCH","2023-03",1.00375994461352,1611.24334732172,1928.56105994821,0
"main","FTSE","APARCH","2023-04",1.00242582484674,1504.96758340807,1700.19287020446,0
"main","FTSE","APARCH","2023-05",1.0031400211233,1631.88976407843,1702.85520840995,0
"main","FTSE","APARCH","2023-06",1.00344807757632,1701.85961396059,1706.56471593621,0
"main","FTSE","APARCH","2023-07",1.00282936421132,1573.63888560562,1295.58213238257,0
"main","FTSE","APARCH","2023-08",1.00331891243345,1674.09673859422,1410.96741919577,0
"main","FTSE","APARCH","2023-09",1.00191296186699,1638.84560255999,1209.24593368464,0
"main","FTSE","APARCH","2023-10",1.00236083047858,1691.36542911528,1560.02052822922,0
"main","FTSE","APARCH","2023-11",1.0041555441162,1662.2566746133,1698.37955887505,0
"main","FTSE","APARCH","2023-12",1.00147006477433,1521.90267200583,1696.90763322846,0
"main","FTSE","ARSV","2018-01",1.00593436064658,665.532062007392,1281.2806151149,0
"main","FTSE","ARSV","2018-02",1.00341891566082,722.090596112465,1543.86430574239,0
"main","FTSE","ARSV","2018-03",1.00547996996601,828.372538972074,1713.09943641942,0
"main","FTSE","ARSV","2018-04",1.00706686463552,540.414132388774,1189.80466194254,0
"main","FTSE","ARSV","2018-05",1.00705869292226,685.578423369331,1071.97483927027,0
"main","FTSE","ARSV","2018-06",1.00811394598901,686.328967854802,1064.08868821366,0
"main","FTSE","ARSV","2018-07",1.00366798281651,741.097551077599,1530.12838995719,0
"main","FTSE","ARSV","2018-08",1.00167753863661,1087.38419486907,2546.71253265878,0
"main","FTSE","ARSV","2018-09",1.00467802151029,602.685780172595,1204.44413419925,0
"main","FTSE","ARSV","2018-10",1.0068714457523,616.949805414165,1265.68216532517,0
"main","FTSE","ARSV","2018-11",1.00383553246723,686.59026538523,1259.93222439697,0
"main","FTSE","ARSV","2018-12",1.00730147432743,624.070238683904,1295.55139478187,0
"main","FTSE","ARSV","2019-01",1.00670381682149,506.750886895345,1255.16363334062,0
"main","FTSE","ARSV","2019-02",1.00574428970906,620.048281518335,1304.08589446071,0
"main","FTSE","ARSV","2019-03",1.00876884315786,770.044402176842,1191.46972364606,0
"main","FTSE","ARSV","2019-04",1.00433349957925,678.83205246236,1104.98962939208,0
"main","FTSE","ARSV","2019-05",1.00776490546834,755.625574766525,1569.49087307311,0
"main","FTSE","ARSV","2019-06",1.00388501490055,676.891950074715,1529.88856833616,0
"main","FTSE","ARSV","2019-07",1.00319463313192,525.609052176995,838.878507178906,0
"main","FTSE","ARSV","2019-08",1.00477668735267,954.989258288814,2460.23584684948,0
"main","FTSE","ARSV","2019-09",1.0070674411362,551.920354827098,1250.34916018993,0
"main","FTSE","ARSV","2019-10",1.0021282143154,1442.70052846321,3050.52926230511,0
"main","FTSE","ARSV","2019-11",1.00560291350554,588.750385811811,862.452981691821,0
"main","FTSE","ARSV","2019-12",1.00494495421575,648.793048828337,1323.99697538605,0
"main","FTSE","ARSV","2020-01",1.00379603526378,650.70555737024,1139.47811096107,0
"main","FTSE","ARSV","2020-02",1.00584927704324,621.689326059078,986.471525441397,0
"main","FTSE","ARSV","2020-03",1.00442215436862,685.571082825734,1485.05258412334,0
"main","FTSE","ARSV","2020-04",1.0087912070947,603.824826814585,1335.9566569627,0
"main","FTSE","ARSV","2020-05",1.00736540352535,615.230460739337,1101.95761699093,0
"main","FTSE","ARSV","2020-06",1.00839462327664,583.90410807908,1466.83034206921,0
"main","FTSE","ARSV","2020-07",1.00243518259803,934.057188167316,2244.78927738083,0
"main","FTSE","ARSV","2020-08",1.00908968182857,642.326138255811,1230.25662443043,0
"main","FTSE","ARSV","2020-09",1.0050133144011,1335.57073281187,3005.03244324375,0
"main","FTSE","ARSV","2020-10",1.00811330470132,699.10498725565,1641.05804781001,0
"main","FTSE","ARSV","2020-11",1.00601287984536,692.124974065313,1257.23560332386,0
"main","FTSE","ARSV","2020-12",1.00528043421628,706.674596096235,1182.2955348232,0
"main","FTSE","ARSV","2021-01",1.00474754778195,642.888273665426,1052.01769092225,0
"main","FTSE","ARSV","2021-02",1.00373895121265,667.457287513895,1408.97569422031,0
"main","FTSE","ARSV","2021-03",1.00670411025109,576.996002438792,1172.04626878308,0
"main","FTSE","ARSV","2021-04",1.00336749337901,1562.99982132875,3107.34028730962,0
"main","FTSE","ARSV","2021-05",1.00609237473806,637.782335700354,1211.77930046303,0
"main","FTSE","ARSV","2021-06",1.00424538818351,615.445165038356,1495.67464145546,0
"main","FTSE","ARSV","2021-07",1.00883364326228,633.230565694319,1200.16496749837,0
"main","FTSE","ARSV","2021-08",1.00361575815927,867.840022147587,1737.10411985294,0
"main","FTSE","ARSV","2021-09",1.00353660420746,1215.4977772459,2499.85619166115,0
"main","FTSE","ARSV","2021-10",1.0054293620908,699.101240347805,1290.52395220218,0
"main","FTSE","ARSV","2021-11",1.00185883731136,1181.87677447469,2633.50454631767,0
"main","FTSE","ARSV","2021-12",1.0025185404349,1460.32720435563,3253.10759049138,0
"main","FTSE","ARSV","2022-01",1.00336301257735,608.349793779296,1062.36945095653,0
"main","FTSE","ARSV","2022-02",1.00263335157212,1250.70429693329,2742.79090910212,0
"main","FTSE","ARSV","2022-03",1.00707931830271,524.757723330935,816.644928924067,0
"main","FTSE","ARSV","2022-04",1.00663536348809,601.663701397301,1076.34562864249,0
"main","FTSE","ARSV","2022-05",1.00483696732918,471.68877569178,1148.94786375502,0
"main","FTSE","ARSV","2022-06",1.00538198611087,662.643321872583,1354.89144926703,0
"main","FTSE","ARSV","2022-07",1.00517046255671,731.408261829903,1334.30123431883,0
"main","FTSE","ARSV","2022-08",1.00589322715386,665.804112994432,1118.01716046661,0
"main","FTSE","ARSV","2022-09",1.00221170225704,1272.22701867026,2949.92815179139,0
"main","FTSE","ARSV","2022-10",1.00655686805016,496.248321906818,1124.4352631073,0
"main","FTSE","ARSV","2022-11",1.00576284307179,566.943641816452,1275.03942483641,0
"main","FTSE","ARSV","2022-12",1.00583984987489,510.851128988789,726.957357217559,0
"main","FTSE","ARSV","2023-01",1.00881523460955,497.123710698942,1104.72113900225,0
"main","FTSE","ARSV","2023-02",1.00185937226143,1337.64267536975,2523.47928059293,0
"main","FTSE","ARSV","2023-03",1.0061671556744,664.158322649141,1185.17040846844,0
"main","FTSE","ARSV","2023-04",1.00411178373265,535.353867609822,996.075804557914,0
"main","FTSE","ARSV","2023-05",1.00853623890149,709.569326223286,1563.10804756374,0
"main","FTSE","ARSV","2023-06",1.00437965443748,1069.23106984423,2530.00763080154,0
"main","FTSE","ARSV","2023-07",1.00435624686626,548.49346313839,1178.03661249362,0
"main","FTSE","ARSV","2023-08",1.00373819168208,440.970282824814,794.018012635616,0
"main","FTSE","ARSV","2023-09",1.00637600016508,467.219161482847,1160.1530818762,0
"main","FTSE","ARSV","2023-10",1.00357832054791,442.914155972078,1369.25938675941,0
"main","FTSE","ARSV","2023-11",1.00639082807871,591.867686911327,1311.93592780939,0
"main","FTSE","ARSV","2023-12",1.00375100694246,566.064526537422,1173.54098543561,0
"main","FTSE","GARCH","2018-01",1.0022088993707,1620.811652023,1805.54825598145,0
"main","FTSE","GARCH","2018-02",1.00328423577526,1745.00992310614,2261.17930908771,0
"main","FTSE","GARCH","2018-03",1.00145206075571,1820.36205903449,1579.03060555443,0
"main","FTSE","GARCH","2018-04",1.00448564936093,1311.88853092933,2148.2883227283,0
"main","FTSE","GARCH","2018-05",1.0020933413327,1684.13933333617,2157.83289716217,0
"main","FTSE","GARCH","2018-06",1.00305210934422,1889.49088237603,1902.56749167758,0
"main","FTSE","GARCH","2018-07",1.00198703980731,1679.44427921705,1647.15870250358,0
"main","FTSE","GARCH","2018-08",1.00158581216913,1779.59974212478,1711.62730046308,0
"main","FTSE","GARCH","2018-09",1.00241266131943,1677.81246701668,2199.34884136643,0
"main","FTSE","GARCH","2018-10",1.00419090715393,1770.7411811339,1822.59113509395,0
"main","FTSE","GARCH","2018-11",1.00247277185792,1745.72511372883,1767.76512064631,0
"main","FTSE","GARCH","2018-12",1.00188078399565,1690.0017439616,2028.89973541668,0
"main","FTSE","GARCH","2019-01",1.00276864565383,1603.18438074458,1573.51085073917,0
"main","FTSE","GARCH","2019-02",1.00499281021674,1641.74707554385,1859.02586963123,0
"main","FTSE","GARCH","2019-03",1.00230433948825,1626.03785400406,1972.63816864668,0
"main","FTSE","GARCH","2019-04",1.00334954205436,1759.07773453339,2118.87804727873,0
"main","FTSE","GARCH","2019-05",1.00252849459892,1632.4788329761,1812.37853844129,0
"main","FTSE","GARCH","2019-06",1.00284127355161,1432.28084762623,1425.58176008544,0
"main","FTSE","GARCH","2019-07",1.00814515671432,932.000943596185,1713.79512370593,0
"main","FTSE","GARCH","2019-08",1.00739795325329,1039.98583101152,1319.23386543766,0
"main","FTSE","GARCH","2019-09",1.00441778488584,1355.94658631675,866.362613667689,0
"main","FTSE","GARCH","2019-10",1.00364774698735,1621.55597519019,1657.33915325593,0
"main","FTSE","GARCH","2019-11",1.00216107411291,1778.55005606305,2183.62374490585,0
"main","FTSE","GARCH","2019-12",1.00163097082601,1684.28103970283,2089.76464722299,0
"main","FTSE","GARCH","2020-01",1.00281701225731,1654.1648096489,2182.67410751067,0
"main","FTSE","GARCH","2020-02",1.00139327766312,1520.13700023469,2033.31688630337,0
"main","FTSE","GARCH","2020-03",1.00275259787027,1657.56114505737,1496.69372288072,0
"main","FTSE","GARCH","2020-04",1.00349238510856,1835.73668195406,1843.5760822506,0
"main","FTSE","GARCH","2020-05",1.00423000682031,1571.29890755117,1336.46148515874,0
"main","FTSE","GARCH","2020-06",1.00146003499223,1654.64286599234,2098.45783812324,0
"main","FTSE","GARCH","2020-07",1.00269639487378,1725.41017602439,2146.25436460393,0
"main","FTSE","GARCH","2020-08",1.00271961085029,1682.38249944716,1954.0755835349,0
"main","FTSE","GARCH","2020-09",1.00230392946895,1771.27809712746,2276.28775812594,0
"main","FTSE","GARCH","2020-10",1.00192643327552,1595.82359297932,1773.35462616402,0
"main","FTSE","GARCH","2020-11",1.00298494571678,1723.32538460019,1886.2288614599,0
"main","FTSE","GARCH","2020-12",1.00262867464394,1678.46397530593,2546.05044710696,0
"main","FTSE","GARCH","2021-01",1.00365236961102,1501.00383975399,2080.89399371131,0
"main","FTSE","GARCH","2021-02",1.00395963297551,1363.51915483041,2162.96835715467,0
"main","FTSE","GARCH","2021-03",1.00450252192871,1290.3389033931,1783.24882196632,0
"main","FTSE","GARCH","2021-04",1.00107394220537,1769.7752948951,2316.01402665666,0
"main","FTSE","GARCH","2021-05",1.00357299820931,1778.09265744705,1974.11190878549,0
"main","FTSE","GARCH","2021-06",1.00343647410108,1754.91136376787,1751.32695524328,0
"main","FTSE","GARCH","2021-07",1.0029739942883,1736.52527394863,1887.5714482592,0
"main","FTSE","GARCH","2021-08",1.00275666505672,1817.84394983185,1897.65703152635,0
"main","FTSE","GARCH","2021-09",1.00093870560041,1649.59972003308,1957.14542705225,0
"main","FTSE","GARCH","2021-10",1.0017371024287,1457.85176843305,1999.85415176171,0
"main","FTSE","GARCH","2021-11",1.00297264958037,1515.46034524133,1436.1351355392,0
"main","FTSE","GARCH","2021-12",1.00262476787287,1519.22240926571,2292.70722159134,0
"main","FTSE","GARCH","2022-01",1.00479117345812,1801.91197654664,1966.44329407226,0
"main","FTSE","GARCH","2022-02",1.00184059450149,1875.43787743272,2094.78879034218,0
"main","FTSE","GARCH","2022-03",1.00244951509516,1793.37756550819,1987.85690182737,0
"main","FTSE","GARCH","2022-04",1.00581585089864,1662.9804648061,2368.56893894572,0
"main","FTSE","GARCH","2022-05",1.00197151329107,1790.34345573896,2032.16294851365,0
"main","FTSE","GARCH","2022-06",1.00242099648034,1555.36729455201,1667.23633268108,0
"main","FTSE","GARCH","2022-07",1.00184502604428,1658.38117849868,1966.35679679511,0
"main","FTSE","GARCH","2022-08",1.00470204118788,1787.50808297446,2440.27643695207,0
"main","FTSE","GARCH","2022-09",1.0035400311917,1834.35974691237,1851.1404756323,0
"main","FTSE","GARCH","2022-10",1.0012982558636,1629.68444559222,1749.81858438625,0
"main","FTSE","GARCH","2022-11",1.00138209432035,1679.64542218436,1516.26156361379,0
"main","FTSE","GARCH","2022-12",1.00329238456696,1573.2199543539,1402.18228447418,0
"main","FTSE","GARCH","2023-01",1.00414973745163,1647.19648315464,1988.89190224675,0
"main","FTSE","GARCH","2023-02",1.00202130825544,1774.78417837963,1810.00419283893,0
"main","FTSE","GARCH","2023-03",1.00484867911974,1563.62961487421,1578.98299109294,0
"main","FTSE","GARCH","2023-04",1.0024744821894,1707.18537940418,1691.82458591593,0
"main","FTSE","GARCH","2023-05",1.00473760160685,1738.39276054867,1728.38036490697,0
"main","FTSE","GARCH","2023-06",1.00355278525827,1270.79859965509,1403.14068210265,0
"main","FTSE","GARCH","2023-07",1.00199013289762,1682.54856222814,1732.61568728946,0
"main","FTSE","GARCH","2023-08",1.00498832270197,1326.01660437379,1511.09319213789,0
"main","FTSE","GARCH","2023-09",1.00189278726331,1629.42805814048,1554.01123584587,0
"main","FTSE","GARCH","2023-10",1.004859493302,1644.42904974803,2086.51697907691,0
"main","FTSE","GARCH","2023-11",1.00469043315585,1270.82920692372,1631.13016355618,0
"main","FTSE","GARCH","2023-12",1.00283557052825,1634.7442258379,1518.09960461524,0
"main","FTSE","GJR_R","2018-01",1.00282739617924,1605.54102357489,1194.30490922413,0
"main","FTSE","GJR_R","2018-02",1.00260995192004,1384.31890507502,1678.23707284627,0
"main","FTSE","GJR_R","2018-03",1.00291577800255,1577.66432742681,1524.48880515332,0
"main","FTSE","GJR_R","2018-04",1.00250135884587,1650.31629737208,1556.92130428576,0
"main","FTSE","GJR_R","2018-05",1.00339853513845,1688.54750534089,1177.78781025382,0
"main","FTSE","GJR_R","2018-06",1.00372364560246,1504.85186714443,1225.11448361055,0
"main","FTSE","GJR_R","2018-07",1.0040801254899,1683.08497865098,1770.74970813355,0
"main","FTSE","GJR_R","2018-08",1.00283428310696,1590.58835187141,1693.40185166906,0
"main","FTSE","GJR_R","2018-09",1.00353967076156,1506.09337204697,1543.4379547073,0
"main","FTSE","GJR_R","2018-10",1.00266128450085,1563.3065536478,1636.17539052193,0
"main","FTSE","GJR_R","2018-11",1.00157741375048,1797.51074546492,1666.35798478711,0
"main","FTSE","GJR_R","2018-12",1.00307974418298,1570.24705044456,1278.81919148419,0
"main","FTSE","GJR_R","2019-01",1.00187642891996,1770.57459018052,1597.20400505244,0
"main","FTSE","GJR_R","2019-02",1.00238828339409,1762.30355421754,1831.17651547354,0
"main","FTSE","GJR_R","2019-03",1.00205018291065,1789.95724180754,1617.83440651924,0
"main","FTSE","GJR_R","2019-04",1.00256655920602,1772.22284310813,1647.31688910575,0
"main","FTSE","GJR_R","2019-05",1.00217495409453,1757.10286751223,1941.49905209024,0
"main","FTSE","GJR_R","2019-06",1.00229281491798,1520.20453583181,1961.15843555714,0
"main","FTSE","GJR_R","2019-07",1.0031729216987,1769.84232633531,1447.41932994722,0
"main","FTSE","GJR_R","2019-08",1.00109845116385,1680.18463277231,1381.26256555596,0
"main","FTSE","GJR_R","2019-09",1.00277384373311,1697.50569921575,1650.80178754644,0
"main","FTSE","GJR_R","2019-10",1.00331669516316,1701.74566307371,1838.70365847546,0
"main","FTSE","GJR_R","2019-11",1.00327074512365,1328.6001832513,1208.46746559158,0
"main","FTSE","GJR_R","2019-12",1.00437385943986,1287.26784296695,1777.3870205279,0
"main","FTSE","GJR_R","2020-01",1.00242641139337,1771.21975429961,1842.42557542217,0
"main","FTSE","GJR_R","2020-02",1.00246344767863,1636.73065505955,1499.71377435893,0
"main","FTSE","GJR_R","2020-03",1.00221192001765,1543.54451584781,1577.62097748158,0
"main","FTSE","GJR_R","2020-04",1.00321106413241,1552.05890638616,1569.25038226365,0
"main","FTSE","GJR_R","2020-05",1.00469145858404,1365.8968656796,1609.78654337705,0
"main","FTSE","GJR_R","2020-06",1.00122192487956,1579.32394321039,1833.59560343045,0
"main","FTSE","GJR_R","2020-07",1.00123300625758,1760.34512808634,1643.12320978766,0
"main","FTSE","GJR_R","2020-08",1.00249409267089,1566.48581341179,1482.10558734704,0
"main","FTSE","GJR_R","2020-09",1.00194289331132,1798.13634497092,1504.04829448413,0
"main","FTSE","GJR_R","2020-10",1.00406480561787,1591.12432028886,1128.86469266937,0
"main","FTSE","GJR_R","2020-11",1.00268828772836,1805.95332139129,2109.37184404136,0
"main","FTSE","GJR_R","2020-12",1.0038816762795,1531.01728524984,1267.89155182894,0
"main","FTSE","GJR_R","2021-01",1.00257728009909,1489.22369331495,1169.08395444515,0
"main","FTSE","GJR_R","2021-02",1.00283817787786,1473.98375125144,924.67592423454,0
"main","FTSE","GJR_R","2021-03",1.00185177997028,1706.9258433173,1514.58630028653,0
"main","FTSE","GJR_R","2021-04",1.00199774132714,1519.57288178442,1591.74431397472,0
"main","FTSE","GJR_R","2021-05",1.00251279864059,1600.02661062207,1533.82454092461,0
"main","FTSE","GJR_R","2021-06",1.00133513341972,1681.60158886096,1700.61245042867,0
"main","FTSE","GJR_R","2021-07",1.00250007263032,1599.26848255861,1614.79711827497,0
"main","FTSE","GJR_R","2021-08",1.00437100483957,1417.92235604683,1292.6377375759,0
"main","FTSE","GJR_R","2021-09",1.00264752616241,1749.77691559139,1799.54074683155,0
"main","FTSE","GJR_R","2021-10",1.0032496409475,1319.82235959162,1397.72773404249,0
"main","FTSE","GJR_R","2021-11",1.00085096626228,1590.58210358318,1644.52627472599,0
"main","FTSE","GJR_R","2021-12",1.00258611248683,1430.50282588309,1189.26342554315,0
"main","FTSE","GJR_R","2022-01",1.00318158522896,1506.52508776516,1018.45520385005,0
"main","FTSE","GJR_R","2022-02",1.00293454902283,1664.66667916065,1219.03827567058,0
"main","FTSE","GJR_R","2022-03",1.00262680909652,1500.15707405787,921.196792098607,0
"main","FTSE","GJR_R","2022-04",1.0034604461511,1369.70534726309,1442.50009357705,0
"main","FTSE","GJR_R","2022-05",1.00223383543322,1647.59640137038,1470.79548498887,0
"main","FTSE","GJR_R","2022-06",1.00255714746266,1395.89053970443,1502.99149986152,0
"main","FTSE","GJR_R","2022-07",1.00232434771034,1671.93580880116,1277.84934865358,0
"main","FTSE","GJR_R","2022-08",1.00267454974089,1596.94735258098,1110.35726645178,0
"main","FTSE","GJR_R","2022-09",1.00189653355579,1550.59130489731,1544.30717243752,0
"main","FTSE","GJR_R","2022-10",1.00208599227299,1382.82567490133,865.696402505738,0
"main","FTSE","GJR_R","2022-11",1.00500683370512,1400.78982115486,1251.3955134443,0
"main","FTSE","GJR_R","2022-12",1.00200795664733,1482.53047899426,1358.72986582231,0
"main","FTSE","GJR_R","2023-01",1.00297891514919,1332.94487774402,916.317527785606,0
"main","FTSE","GJR_R","2023-02",1.00287203212402,1625.15961155513,1728.32959834756,0
"main","FTSE","GJR_R","2023-03",1.00243215761067,1669.45907175293,1325.09875324477,0
"main","FTSE","GJR_R","2023-04",1.00160515954254,1613.74390787782,1466.92233034223,0
"main","FTSE","GJR_R","2023-05",1.00268037104117,1642.70884103239,1391.1210741784,0
"main","FTSE","GJR_R","2023-06",1.00309065771812,1378.38314770501,1614.66747675272,0
"main","FTSE","GJR_R","2023-07",1.00270795151782,1939.47563396636,1766.74460455311,0
"main","FTSE","GJR_R","2023-08",1.0035001113622,1485.14928841014,2202.99099829192,0
"main","FTSE","GJR_R","2023-09",1.00267196172402,1871.51822804444,2223.67461263716,0
"main","FTSE","GJR_R","2023-10",1.00328506863016,1839.04611524731,2106.72724297876,0
"main","FTSE","GJR_R","2023-11",1.00259093995218,1827.16233505358,2167.99427988321,0
"main","FTSE","GJR_R","2023-12",1.00409477082099,1647.99426914993,2180.04160268284,0
"main","FTSE","GJR_U","2018-01",1.00302206435292,1570.78433337107,1564.54496002613,0
"main","FTSE","GJR_U","2018-02",1.00443371642281,1400.83060440141,1245.89630920491,0
"main","FTSE","GJR_U","2018-03",1.00239864400188,1582.2125812146,1365.82006640515,0
"main","FTSE","GJR_U","2018-04",1.00363043281164,1454.56720159551,1295.1932199783,0
"main","FTSE","GJR_U","2018-05",1.00294022159161,1678.18574279713,1765.82274136581,0
"main","FTSE","GJR_U","2018-06",1.00392025693618,1669.37265896171,1629.70941130126,0
"main","FTSE","GJR_U","2018-07",1.00362873062613,1057.91893312128,1245.15037614917,0
"main","FTSE","GJR_U","2018-08",1.0021122769433,1612.1137437835,1488.86096960443,0
"main","FTSE","GJR_U","2018-09",1.00284159993902,1395.35101914865,1633.96703398798,0
"main","FTSE","GJR_U","2018-10",1.00273086843749,1523.0124943614,1648.44489666701,0
"main","FTSE","GJR_U","2018-11",1.00187093227268,1554.35358513613,1680.55954619977,0
"main","FTSE","GJR_U","2018-12",1.00218808015667,1613.37314108313,1299.91805758497,0
"main","FTSE","GJR_U","2019-01",1.00247150906354,1432.07659190711,1724.6960338919,0
"main","FTSE","GJR_U","2019-02",1.00196577000229,1799.36486554113,1615.26898119295,0
"main","FTSE","GJR_U","2019-03",1.00219726966177,1536.04199197427,1327.67793157715,0
"main","FTSE","GJR_U","2019-04",1.00184795528351,1747.6980843025,1604.96442784934,0
"main","FTSE","GJR_U","2019-05",1.00237797915823,1437.55147553741,1859.07727637381,0
"main","FTSE","GJR_U","2019-06",1.00480426311278,1508.63297717528,1463.2260571982,0
"main","FTSE","GJR_U","2019-07",1.00289478598105,1643.6484464071,1958.17357578693,0
"main","FTSE","GJR_U","2019-08",1.00160084041807,1683.78064765829,1576.0202078888,0
"main","FTSE","GJR_U","2019-09",1.00246070947069,1691.00647483121,1514.33509034627,0
"main","FTSE","GJR_U","2019-10",1.00176113407294,1780.45473241284,1511.04782768706,0
"main","FTSE","GJR_U","2019-11",1.00218623485893,1631.03281191657,1639.30789078872,0
"main","FTSE","GJR_U","2019-12",1.00153861976321,1774.62189164002,1792.19764216424,0
"main","FTSE","GJR_U","2020-01",1.00300186672122,1667.20906992849,1598.68646988611,0
"main","FTSE","GJR_U","2020-02",1.00219725657205,1739.49538018808,1640.73332054441,0
"main","FTSE","GJR_U","2020-03",1.00574762359343,1642.53340486433,1489.67869560225,0
"main","FTSE","GJR_U","2020-04",1.00225955989558,1685.9990840061,1640.8766509863,0
"main","FTSE","GJR_U","2020-05",1.00270903078364,1368.13029534389,1575.00128363846,0
"main","FTSE","GJR_U","2020-06",1.002453631447,1805.71875306766,1439.52164214943,0
"main","FTSE","GJR_U","2020-07",1.00317778509668,1342.32046668851,1725.26736090169,0
"main","FTSE","GJR_U","2020-08",1.00160221189745,1431.13356411078,1967.60015381616,0
"main","FTSE","GJR_U","2020-09",1.00190743891021,1677.81811897821,1675.58644712078,0
"main","FTSE","GJR_U","2020-10",1.00200837274859,1314.02978542268,1571.66302517758,0
"main","FTSE","GJR_U","2020-11",1.00326810237939,1543.1170302147,1740.71281147631,0
"main","FTSE","GJR_U","2020-12",1.0043260783527,1748.98140075192,1872.28623561776,0
"main","FTSE","GJR_U","2021-01",1.0030696687194,1203.92295733941,1537.0511071575,0
"main","FTSE","GJR_U","2021-02",1.00369867324035,1545.11392170363,1336.79811156267,0
"main","FTSE","GJR_U","2021-03",1.00249934964547,1595.6305295814,1354.67233049727,0
"main","FTSE","GJR_U","2021-04",1.00206423757129,1695.60275084143,1892.30400002821,0
"main","FTSE","GJR_U","2021-05",1.00507495217684,1466.34475106322,1194.953441805,0
"main","FTSE","GJR_U","2021-06",1.00285741338751,1556.37755278046,1440.07412266406,0
"main","FTSE","GJR_U","2021-07",1.00243939099535,1673.19196669602,1742.16112447758,0
"main","FTSE","GJR_U","2021-08",1.00223766825906,1542.81810449804,993.677700633242,0
"main","FTSE","GJR_U","2021-09",1.00295108405169,1677.4499420013,1775.55977418252,0
"main","FTSE","GJR_U","2021-10",1.00259718825923,1672.48133781533,1677.45122429085,0
"main","FTSE","GJR_U","2021-11",1.00232017580585,1593.50208190817,1044.56645808211,0
"main","FTSE","GJR_U","2021-12",1.00200998401859,1798.87277215922,1481.88475416562,0
"main","FTSE","GJR_U","2022-01",1.00189917644768,1577.00554698795,1445.39255477013,0
"main","FTSE","GJR_U","2022-02",1.00200261164569,1525.30213171848,1207.09098869372,0
"main","FTSE","GJR_U","2022-03",1.00244889068055,1424.52147930148,1677.01507012708,0
"main","FTSE","GJR_U","2022-04",1.00282353282491,1542.15101661233,1372.80392925768,0
"main","FTSE","GJR_U","2022-05",1.00131689876151,1654.12822309207,1081.9006662203,0
"main","FTSE","GJR_U","2022-06",1.00279729027422,1556.83981947264,1495.22827549032,0
"main","FTSE","GJR_U","2022-07",1.00882560666681,1220.01333341267,1457.4103649652,0
"main","FTSE","GJR_U","2022-08",1.00320563103215,1456.19886926752,1303.3918697371,0
"main","FTSE","GJR_U","2022-09",1.00210145928471,1514.98944691194,1287.3903919234,0
"main","FTSE","GJR_U","2022-10",1.00550283609275,1451.35275912811,1253.89286151874,0
"main","FTSE","GJR_U","2022-11",1.00351373218624,1502.39167139117,1094.60718463022,0
"main","FTSE","GJR_U","2022-12",1.00208773823923,1270.77613392996,787.764782495148,0
"main","FTSE","GJR_U","2023-01",1.00402375940522,1777.80117913574,1600.82657168209,0
"main","FTSE","GJR_U","2023-02",1.00344122265524,1623.51989583101,1209.70512923715,0
"main","FTSE","GJR_U","2023-03",1.00138714368082,1447.60215077326,1368.19814200746,0
"main","FTSE","GJR_U","2023-04",1.00284486141526,1783.49802163977,1327.54710896527,0
"main","FTSE","GJR_U","2023-05",1.00311276300476,1478.9107048133,1022.3313614277,0
"main","FTSE","GJR_U","2023-06",1.00279395279297,1449.55687046064,936.426313672634,0
"main","FTSE","GJR_U","2023-07",1.00682212715854,1296.42089453727,1128.60366934295,0
"main","FTSE","GJR_U","2023-08",1.00352910682283,1197.58992280655,1453.38968776654,0
"main","FTSE","GJR_U","2023-09",1.00270978239213,1440.81775640899,1135.97209174451,0
"main","FTSE","GJR_U","2023-10",1.0017369503244,1791.04313098583,1523.76533066798,0
"main","FTSE","GJR_U","2023-11",1.00372712607824,1414.44578726082,1617.40936373886,0
"main","FTSE","GJR_U","2023-12",1.00216814612628,1550.37697075921,1552.46565932313,0
"main","FTSE","STAR_SV","2018-01",1.00692144897167,708.741310944043,1361.85854656117,0
"main","FTSE","STAR_SV","2018-02",1.00690460782515,546.728291872944,632.000662535914,0
"main","FTSE","STAR_SV","2018-03",1.00652633097736,619.805573729643,1119.91979675008,0
"main","FTSE","STAR_SV","2018-04",1.00745055071385,610.599864421813,1550.39668827596,0
"main","FTSE","STAR_SV","2018-05",1.00584824261104,742.327861966851,1873.64598498453,0
"main","FTSE","STAR_SV","2018-06",1.00381806328637,708.655730430624,1319.747556112,0
"main","FTSE","STAR_SV","2018-07",1.00537685621751,756.010855415512,1537.46566025224,0
"main","FTSE","STAR_SV","2018-08",1.00236461216315,1275.62902132218,1969.03233033093,0
"main","FTSE","STAR_SV","2018-09",1.00348349925487,702.638755984498,683.261274637547,0
"main","FTSE","STAR_SV","2018-10",1.00569178316201,565.958953016768,858.283436654326,0
"main","FTSE","STAR_SV","2018-11",1.00258278113032,822.368367349573,748.115015349647,0
"main","FTSE","STAR_SV","2018-12",1.007359486961,870.766799958308,1022.55430559799,0
"main","FTSE","STAR_SV","2019-01",1.00466611330025,1365.05715432625,1929.81277713292,0
"main","FTSE","STAR_SV","2019-02",1.0031756964904,681.659138805656,1035.71177268794,0
"main","FTSE","STAR_SV","2019-03",1.00347707153135,753.428426701794,655.59047635882,0
"main","FTSE","STAR_SV","2019-04",1.00656677391187,729.533183974435,1249.70503648001,0
"main","FTSE","STAR_SV","2019-05",1.00449567874894,693.615304858618,888.81658735562,0
"main","FTSE","STAR_SV","2019-06",1.00596501818141,639.53977017942,591.777302531638,0
"main","FTSE","STAR_SV","2019-07",1.00903478525504,600.440452840672,1008.79056695136,0
"main","FTSE","STAR_SV","2019-08",1.00865394617911,564.342985574919,1231.95177802387,0
"main","FTSE","STAR_SV","2019-09",1.00815597900437,537.272702228026,1557.37065999258,0
"main","FTSE","STAR_SV","2019-10",1.00675863194016,487.480054403233,907.795411188561,0
"main","FTSE","STAR_SV","2019-11",1.00469539591126,623.858122407464,1633.63596878461,0
"main","FTSE","STAR_SV","2019-12",1.00557736129517,449.177343091207,1427.85963441114,0
"main","FTSE","STAR_SV","2020-01",1.00727485301845,471.903364734622,1181.87609030492,0
"main","FTSE","STAR_SV","2020-02",1.00323222764894,885.265154986256,2071.43182577846,0
"main","FTSE","STAR_SV","2020-03",1.0048501916966,469.886238788454,1534.51125474684,0
"main","FTSE","STAR_SV","2020-04",1.00288684146628,1222.68467480142,2849.37138704116,0
"main","FTSE","STAR_SV","2020-05",1.00261451857591,1082.26267697213,1308.85415635291,0
"main","FTSE","STAR_SV","2020-06",1.00487347964761,863.922705103488,940.872949483285,0
"main","FTSE","STAR_SV","2020-07",1.00303808719033,691.273748276057,668.124711260671,0
"main","FTSE","STAR_SV","2020-08",1.00585724754748,1034.62752434228,1284.03060968736,0
"main","FTSE","STAR_SV","2020-09",1.00811634277797,606.463233986116,1144.01663171012,0
"main","FTSE","STAR_SV","2020-10",1.00868197253337,533.483919424042,569.19764991906,0
"main","FTSE","STAR_SV","2020-11",1.00403167812521,1195.21843661089,1359.86539133797,0
"main","FTSE","STAR_SV","2020-12",1.0055508795834,783.078050835959,1613.59179058561,0
"main","FTSE","STAR_SV","2021-01",1.00302988613038,1163.41058658463,1918.01298497768,0
"main","FTSE","STAR_SV","2021-02",1.00678674101994,588.111241204788,612.695919037784,0
"main","FTSE","STAR_SV","2021-03",1.00933387305197,543.419120763697,927.117074082261,0
"main","FTSE","STAR_SV","2021-04",1.0070046066427,900.962019904674,1680.89115534545,0
"main","FTSE","STAR_SV","2021-05",1.00527046819459,807.693456641739,2119.23922143594,0
"main","FTSE","STAR_SV","2021-06",1.00455255078937,548.35179426731,789.105996032067,0
"main","FTSE","STAR_SV","2021-07",1.00609945753727,1118.93508392155,1178.13724093366,0
"main","FTSE","STAR_SV","2021-08",1.00413425053185,471.213983026656,631.39378121276,0
"main","FTSE","STAR_SV","2021-09",1.00582306094978,787.218886121282,991.206920886448,0
"main","FTSE","STAR_SV","2021-10",1.0035025385537,1017.71233122353,1185.56171998682,0
"main","FTSE","STAR_SV","2021-11",1.00236481857176,1490.45764621721,1658.74288369003,0
"main","FTSE","STAR_SV","2021-12",1.00618763019295,676.664309191843,1128.09721889881,0
"main","FTSE","STAR_SV","2022-01",1.00250381479307,1732.39576993746,2897.44770789755,0
"main","FTSE","STAR_SV","2022-02",1.00849034685407,477.566427672506,733.692920859656,0
"main","FTSE","STAR_SV","2022-03",1.0066820854134,623.118403501976,753.548261165047,0
"main","FTSE","STAR_SV","2022-04",1.00300996267933,1229.8144043867,1405.28387672591,0
"main","FTSE","STAR_SV","2022-05",1.00509074698799,604.095813093245,769.831975463327,0
"main","FTSE","STAR_SV","2022-06",1.00201618744022,1123.63074056312,1299.50585187607,0
"main","FTSE","STAR_SV","2022-07",1.00505470597596,729.70024719042,1318.01921522019,0
"main","FTSE","STAR_SV","2022-08",1.00277188444738,745.247820641793,976.047813253744,0
"main","FTSE","STAR_SV","2022-09",1.0068760273979,715.567196826469,790.027946948962,0
"main","FTSE","STAR_SV","2022-10",1.00502058778805,554.310239033823,1136.95815263422,0
"main","FTSE","STAR_SV","2022-11",1.00550017169439,647.266688199932,629.38112867893,0
"main","FTSE","STAR_SV","2022-12",1.00849568738553,685.424409724029,1009.28288320522,0
"main","FTSE","STAR_SV","2023-01",1.00431822102297,581.279987129515,831.526357809685,0
"main","FTSE","STAR_SV","2023-02",1.00253742601006,1499.1216088807,1620.4520465528,0
"main","FTSE","STAR_SV","2023-03",1.00481255851076,704.558792424394,670.046935369664,0
"main","FTSE","STAR_SV","2023-04",1.00629042938862,610.280527110182,790.091586986657,0
"main","FTSE","STAR_SV","2023-05",1.00720754575458,508.579869933706,655.944154666447,0
"main","FTSE","STAR_SV","2023-06",1.00965329301716,533.838034534165,673.643970656328,0
"main","FTSE","STAR_SV","2023-07",1.00551848731873,768.328591094017,1513.57539741989,0
"main","FTSE","STAR_SV","2023-08",1.00560095057613,634.94624969555,1165.61413701066,0
"main","FTSE","STAR_SV","2023-09",1.00693463833304,690.470213153868,1252.1617625504,0
"main","FTSE","STAR_SV","2023-10",1.0056797029878,762.383624258844,1208.53133138116,0
"main","FTSE","STAR_SV","2023-11",1.00629949199464,656.080476270549,1249.92475090967,0
"main","FTSE","STAR_SV","2023-12",1.00339727755715,1070.19306405524,1446.09572114982,0
"main","FTSE","TSV_RT","2018-01",1.00307786167695,1061.35061205369,2083.88419164663,0
"main","FTSE","TSV_RT","2018-02",1.00342381242977,983.701273970609,1915.23864917055,0
"main","FTSE","TSV_RT","2018-03",1.00663107743482,1119.83964349491,1623.21301123517,0
"main","FTSE","TSV_RT","2018-04",1.00724091144979,972.037375490659,1556.00908576312,0
"main","FTSE","TSV_RT","2018-05",1.0027253665647,1257.06372574979,1990.10178450482,0
"main","FTSE","TSV_RT","2018-06",1.0044364145564,1139.47151991969,1730.85238020212,0
"main","FTSE","TSV_RT","2018-07",1.00533351409195,1084.12960057372,2142.23472866445,0
"main","FTSE","TSV_RT","2018-08",1.00276690926801,1017.73073606516,1744.54793990803,0
"main","FTSE","TSV_RT","2018-09",1.00420212501986,1126.1283038048,1854.4121167228,0
"main","FTSE","TSV_RT","2018-10",1.00408496118428,1116.31865843414,2035.33103611125,0
"main","FTSE","TSV_RT","2018-11",1.00696611719372,1012.23440072606,1776.35674629289,0
"main","FTSE","TSV_RT","2018-12",1.00503501438621,1088.24337633855,1832.33989907825,0
"main","FTSE","TSV_RT","2019-01",1.00431062247544,911.044781720141,1697.1800277529,0
"main","FTSE","TSV_RT","2019-02",1.00302554047167,979.554237094398,1781.34856956015,0
"main","FTSE","TSV_RT","2019-03",1.00457347591542,1105.75854312787,1915.70310855155,0
"main","FTSE","TSV_RT","2019-04",1.00513277114143,1081.2819805103,2040.81164355595,0
"main","FTSE","TSV_RT","2019-05",1.00562843058926,1028.0441767454,1943.36865627022,0
"main","FTSE","TSV_RT","2019-06",1.00773870705759,836.837837819636,1705.41599746516,0
"main","FTSE","TSV_RT","2019-07",1.00540849024844,690.385206117126,1704.37190520199,0
"main","FTSE","TSV_RT","2019-08",1.00485759091574,699.085246744263,1292.63986905035,0
"main","FTSE","TSV_RT","2019-09",1.00723155044621,983.489017760931,1901.13267120319,0
"main","FTSE","TSV_RT","2019-10",1.00227625071501,774.028021590118,1468.023830875,0
"main","FTSE","TSV_RT","2019-11",1.0046554279514,1088.02890188527,1680.23233822675,0
"main","FTSE","TSV_RT","2019-12",1.00382713752399,1103.73326457612,1850.26262659192,0
"main","FTSE","TSV_RT","2020-01",1.00461804757507,1027.57117170633,1734.27781486992,0
"main","FTSE","TSV_RT","2020-02",1.00351451510127,1152.90375254997,1631.7244609465,0
"main","FTSE","TSV_RT","2020-03",1.00475788050322,1109.70932890316,2008.75414861124,0
"main","FTSE","TSV_RT","2020-04",1.00649828265503,973.802907057223,1665.67061158048,0
"main","FTSE","TSV_RT","2020-05",1.00399909953881,859.859194180975,1894.83245864563,0
"main","FTSE","TSV_RT","2020-06",1.00404825270423,989.759331539542,1625.78323336165,0
"main","FTSE","TSV_RT","2020-07",1.00588043973171,1039.06867959557,1882.26376797027,0
"main","FTSE","TSV_RT","2020-08",1.00302301104595,994.88611446194,1822.5380821393,0
"main","FTSE","TSV_RT","2020-09",1.00392372552868,938.13111394101,1580.40249065934,0
"main","FTSE","TSV_RT","2020-10",1.00600997773329,856.310728832889,1525.96886344826,0
"main","FTSE","TSV_RT","2020-11",1.00427754689845,822.501487564768,1482.68657981133,0
"main","FTSE","TSV_RT","2020-12",1.00319447600723,787.007301259289,1757.7070933483,0
"main","FTSE","TSV_RT","2021-01",1.00531180442702,863.810850515051,1300.77719566078,0
"main","FTSE","TSV_RT","2021-02",1.00360717528704,976.005010321489,1717.00258208156,0
"main","FTSE","TSV_RT","2021-03",1.00460967430557,945.117373622709,1731.80837111201,0
"main","FTSE","TSV_RT","2021-04",1.00696952511801,921.78824730775,1670.20890623397,0
"main","FTSE","TSV_RT","2021-05",1.00369107389039,927.446786807776,1740.0398997474,0
"main","FTSE","TSV_RT","2021-06",1.00556333789174,973.121211704489,1571.28785207828,0
"main","FTSE","TSV_RT","2021-07",1.00343294559694,780.251140212066,1673.93269301728,0
"main","FTSE","TSV_RT","2021-08",1.0062982733091,998.136443947961,1806.58917890766,0
"main","FTSE","TSV_RT","2021-09",1.00549601187422,1135.20517332519,1919.67041039512,0
"main","FTSE","TSV_RT","2021-10",1.00540324704854,949.288530924187,1842.39776769956,0
"main","FTSE","TSV_RT","2021-11",1.00590144287636,920.388449667001,1582.51940755252,0
"main","FTSE","TSV_RT","2021-12",1.00561904118847,645.581637721189,1740.34076283547,0
"main","FTSE","TSV_RT","2022-01",1.00372066003971,1040.81649383722,1960.30282161202,0
"main","FTSE","TSV_RT","2022-02",1.00715485955976,899.666455540885,1696.64864026851,0
"main","FTSE","TSV_RT","2022-03",1.00354998797632,941.551698718938,1828.44478672921,0
"main","FTSE","TSV_RT","2022-04",1.00404952578782,1022.33904667956,1239.82532036131,0
"main","FTSE","TSV_RT","2022-05",1.00357467091739,1025.66774815934,1736.27529449073,0
"main","FTSE","TSV_RT","2022-06",1.00478763638576,940.859238368944,1831.91300082765,0
"main","FTSE","TSV_RT","2022-07",1.00382779453517,732.114764109016,1572.76972984217,0
"main","FTSE","TSV_RT","2022-08",1.00322062695545,792.658568755317,1548.74555504182,0
"main","FTSE","TSV_RT","2022-09",1.00763460237522,1033.39750485299,1467.72394097739,0
"main","FTSE","TSV_RT","2022-10",1.00291453603901,874.241985592297,1391.34695538232,0
"main","FTSE","TSV_RT","2022-11",1.00382780370079,910.635080960991,1803.90131573029,0
"main","FTSE","TSV_RT","2022-12",1.00170011455516,1558.72246506796,3297.5999399638,0
"main","FTSE","TSV_RT","2023-01",1.00311049744322,1049.3569636541,1523.0035278649,0
"main","FTSE","TSV_RT","2023-02",1.00360381587402,883.809399000078,1809.7518353657,0
"main","FTSE","TSV_RT","2023-03",1.00498976675266,776.672124960023,1734.94146999224,0
"main","FTSE","TSV_RT","2023-04",1.00790483512632,727.786094137837,1273.71307156064,0
"main","FTSE","TSV_RT","2023-05",1.00793057246226,583.998587325726,1183.64327368518,0
"main","FTSE","TSV_RT","2023-06",1.00879992928396,814.986583626037,1437.83159108002,0
"main","FTSE","TSV_RT","2023-07",1.00705366806993,919.9503493954,1703.56398825091,0
"main","FTSE","TSV_RT","2023-08",1.00437397940708,695.13806208844,1450.26001303641,0
"main","FTSE","TSV_RT","2023-09",1.00515746766381,746.045591170578,1298.7199867929,0
"main","FTSE","TSV_RT","2023-10",1.00409700723477,760.558078676593,1626.28957919793,0
"main","FTSE","TSV_RT","2023-11",1.00551618448038,786.152341363325,1525.5712699606,0
"main","FTSE","TSV_RT","2023-12",1.00295754601238,610.402342374843,1327.22075566895,0
"main","NIKKEI","AARSV","2018-01",1.00618559801476,977.250720197764,1463.21497969686,0
"main","NIKKEI","AARSV","2018-02",1.0047045326689,948.351865404925,1975.66000462478,0
"main","NIKKEI","AARSV","2018-03",1.00535208070295,1078.30306214569,2003.8535227505,0
"main","NIKKEI","AARSV","2018-04",1.00450965234182,846.029483534276,1508.47860250769,0
"main","NIKKEI","AARSV","2018-05",1.00673628606047,999.103187305875,1753.00043561307,0
"main","NIKKEI","AARSV","2018-06",1.00499240446576,1091.07865792732,1633.378064266,0
"main","NIKKEI","AARSV","2018-07",1.00624291903625,785.191641504085,1566.87591409716,0
"main","NIKKEI","AARSV","2018-08",1.00612037949909,966.085336357741,1616.48322974923,0
"main","NIKKEI","AARSV","2018-09",1.00366094244272,933.281597598188,1681.80865361924,0
"main","NIKKEI","AARSV","2018-10",1.00486845660692,975.874386809601,1557.74861338383,0
"main","NIKKEI","AARSV","2018-11",1.0065981659542,865.805162425848,1790.26759902416,0
"main","NIKKEI","AARSV","2018-12",1.00391921127863,992.109643182155,1530.80702948337,0
"main","NIKKEI","AARSV","2019-01",1.00509828753876,1061.28770125527,1747.6899501217,0
"main","NIKKEI","AARSV","2019-02",1.0049977263113,898.282215189166,1839.37573446598,0
"main","NIKKEI","AARSV","2019-03",1.00649346665319,938.13811682896,1615.60457566678,0
"main","NIKKEI","AARSV","2019-04",1.00432336844316,983.181623105651,1744.704712289,0
"main","NIKKEI","AARSV","2019-05",1.00471126079034,1098.01415433035,1931.56680955538,0
"main","NIKKEI","AARSV","2019-06",1.00368215441848,959.566177216559,1708.18012097149,0
"main","NIKKEI","AARSV","2019-07",1.00817397367297,902.481611588267,1411.05394936055,0
"main","NIKKEI","AARSV","2019-08",1.00370162161529,972.350779612634,1593.52789469383,0
"main","NIKKEI","AARSV","2019-09",1.00525410625335,1044.98112709156,1788.98358573589,0
"main","NIKKEI","AARSV","2019-10",1.0074933070304,936.474181989303,1469.71021614274,0
"main","NIKKEI","AARSV","2019-11",1.0050642777084,1012.50007662416,1719.38681001508,0
"main","NIKKEI","AARSV","2019-12",1.00562041053051,1032.83256224056,1894.4346685423,0
"main","NIKKEI","AARSV","2020-01",1.00546846667399,862.601529464604,1782.77654660357,0
"main","NIKKEI","AARSV","2020-02",1.00353625990704,1030.42082817825,1791.528835893,0
"main","NIKKEI","AARSV","2020-03",1.00176298562529,2120.83264207429,3420.9873166583,0
"main","NIKKEI","AARSV","2020-04",1.00564156001088,910.235285664221,1745.89375225603,0
"main","NIKKEI","AARSV","2020-05",1.00353912052221,986.169253365863,1689.69865609819,0
"main","NIKKEI","AARSV","2020-06",1.00501185587026,907.543947146767,1719.75569376885,0
"main","NIKKEI","AARSV","2020-07",1.00321844577431,949.27356089529,1837.3797016968,0
"main","NIKKEI","AARSV","2020-08",1.00744901007543,812.909732271382,2100.59840963816,0
"main","NIKKEI","AARSV","2020-09",1.00484666033743,774.952177292712,1566.6083365294,0
"main","NIKKEI","AARSV","2020-10",1.0046354144733,779.404399357353,1830.05139746448,0
"main","NIKKEI","AARSV","2020-11",1.00322958367046,775.726858385419,1786.17683186127,0
"main","NIKKEI","AARSV","2020-12",1.00325453836073,711.924038744219,1387.93437525118,0
"main","NIKKEI","AARSV","2021-01",1.00333126828818,886.936021796483,1422.17722563822,0
"main","NIKKEI","AARSV","2021-02",1.00388964676239,853.592155655934,1630.39706699258,0
"main","NIKKEI","AARSV","2021-03",1.00779748086702,887.830158479483,1564.1793303782,0
"main","NIKKEI","AARSV","2021-04",1.00434598664928,818.679194607891,1452.42454970223,0
"main","NIKKEI","AARSV","2021-05",1.00629413505958,853.347496529845,1606.80888068732,0
"main","NIKKEI","AARSV","2021-06",1.00374805521062,883.14382795196,1734.87623467117,0
"main","NIKKEI","AARSV","2021-07",1.00543146015676,796.453206868315,1606.69172844802,0
"main","NIKKEI","AARSV","2021-08",1.00459048088921,883.292004779088,1608.87225160111,0
"main","NIKKEI","AARSV","2021-09",1.0051254590806,909.019124809401,1578.503004007,0
"main","NIKKEI","AARSV","2021-10",1.0052800594822,698.67907457429,1540.61304378396,0
"main","NIKKEI","AARSV","2021-11",1.0053356177671,631.558637871965,1164.52634042966,0
"main","NIKKEI","AARSV","2021-12",1.00656645331557,805.546749216115,1447.14299977132,0
"main","NIKKEI","AARSV","2022-01",1.00551486236987,842.05042520712,1773.29693531548,0
"main","NIKKEI","AARSV","2022-02",1.004696259899,878.221835426263,1576.63454295611,0
"main","NIKKEI","AARSV","2022-03",1.00372943954048,989.569444811553,1834.33142972345,0
"main","NIKKEI","AARSV","2022-04",1.00963883938136,836.52912498069,1740.90597329244,0
"main","NIKKEI","AARSV","2022-05",1.00351928982971,895.78320994649,1559.30223479008,0
"main","NIKKEI","AARSV","2022-06",1.00626551324275,1020.86331268447,1407.12675406088,0
"main","NIKKEI","AARSV","2022-07",1.00438467037314,943.996189833949,1452.22197044549,0
"main","NIKKEI","AARSV","2022-08",1.00605138296799,850.765731614286,1894.50105713717,0
"main","NIKKEI","AARSV","2022-09",1.00440739363368,832.231532575717,1708.44592622764,0
"main","NIKKEI","AARSV","2022-10",1.0041050963483,1023.60825783801,1780.44977661644,0
"main","NIKKEI","AARSV","2022-11",1.0046146331989,1015.37879554513,1592.06446037976,0
"main","NIKKEI","AARSV","2022-12",1.004580288279,937.28182746147,1703.05205089162,0
"main","NIKKEI","AARSV","2023-01",1.0039173443199,991.579335197541,1583.72622478308,0
"main","NIKKEI","AARSV","2023-02",1.00488075620578,922.230101035155,1945.34479258214,0
"main","NIKKEI","AARSV","2023-03",1.0046978182075,1063.35473900257,1976.06049320558,0
"main","NIKKEI","AARSV","2023-04",1.00823367991508,1054.20576332601,1760.9808335458,0
"main","NIKKEI","AARSV","2023-05",1.002799916778,1084.08699820346,1845.17057161802,0
"main","NIKKEI","AARSV","2023-06",1.00782056952786,893.197767218389,1602.23709465821,0
"main","NIKKEI","AARSV","2023-07",1.00415473101544,1038.06685263934,1732.69345023805,0
"main","NIKKEI","AARSV","2023-08",1.00499298732821,856.516782322167,1590.87161884224,0
"main","NIKKEI","AARSV","2023-09",1.00582235315309,989.696312807395,1848.08111717409,0
"main","NIKKEI","AARSV","2023-10",1.00431763507783,998.694427684306,1792.15745403159,0
"main","NIKKEI","AARSV","2023-11",1.00387113779719,1022.41249421359,1626.56440754451,0
"main","NIKKEI","AARSV","2023-12",1.00824386150872,1119.58003582821,1884.67391656416,0
"main","NIKKEI","APARCH","2018-01",1.00335086083771,1637.00284734174,2391.42500958067,0
"main","NIKKEI","APARCH","2018-02",1.00378283963846,1773.17088095518,2195.16358300353,0
"main","NIKKEI","APARCH","2018-03",1.0028091953772,1826.9156458518,2217.11241984357,0
"main","NIKKEI","APARCH","2018-04",1.00175467547413,1794.90392359768,2337.30852497453,0
"main","NIKKEI","APARCH","2018-05",1.00135757911809,1734.05937735169,2064.31798440019,0
"main","NIKKEI","APARCH","2018-06",1.00362097041448,1763.19432136286,2527.00664823561,0
"main","NIKKEI","APARCH","2018-07",1.00169549615024,1898.69010842979,2416.45951605645,0
"main","NIKKEI","APARCH","2018-08",1.00199593078698,1635.21928782334,2362.18469129294,0
"main","NIKKEI","APARCH","2018-09",1.0019496765462,1530.30999948373,2191.94041382349,0
"main","NIKKEI","APARCH","2018-10",1.00193327144918,1616.28511794565,2162.24389692332,0
"main","NIKKEI","APARCH","2018-11",1.00206219136054,1800.70189908221,2152.88376171122,0
"main","NIKKEI","APARCH","2018-12",1.00184821695364,1814.65015341573,2335.69933412237,0
"main","NIKKEI","APARCH","2019-01",1.00302020943608,1913.3577160492,2348.19479020398,0
"main","NIKKEI","APARCH","2019-02",1.00259312092007,1963.10077170959,2096.55551461565,0
"main","NIKKEI","APARCH","2019-03",1.00275837793406,1767.08412377661,2261.72462730068,0
"main","NIKKEI","APARCH","2019-04",1.00162439633773,1798.15787315629,2177.54990985806,0
"main","NIKKEI","APARCH","2019-05",1.00247344693324,1748.92589797649,2162.39010897806,0
"main","NIKKEI","APARCH","2019-06",1.00211904547686,1566.93786599691,2333.44359993418,0
"main","NIKKEI","APARCH","2019-07",1.00212319013487,1960.07836528061,2114.29785965066,0
"main","NIKKEI","APARCH","2019-08",1.00142323041632,3211.83728721012,4294.8882703938,0
"main","NIKKEI","APARCH","2019-09",1.00205510340457,1443.17862981419,2471.40137335932,0
"main","NIKKEI","APARCH","2019-10",1.0011293711966,1774.0377639042,2260.78246896407,0
"main","NIKKEI","APARCH","2019-11",1.00278200684425,1785.183082327,1753.95499719778,0
"main","NIKKEI","APARCH","2019-12",1.00199973966683,1782.41754720257,2379.24952662734,0
"main","NIKKEI","APARCH","2020-01",1.00248816196967,1805.26855447073,2245.46781727614,0
"main","NIKKEI","APARCH","2020-02",1.00181837530455,1850.71744712436,2483.19385134528,0
"main","NIKKEI","APARCH","2020-03",1.00166915013292,1791.05001167262,2406.15269468192,0
"main","NIKKEI","APARCH","2020-04",1.00402900035315,1523.97141901349,2203.8021837059,0
"main","NIKKEI","APARCH","2020-05",1.0034018573987,1589.78683296005,2218.34461843226,0
"main","NIKKEI","APARCH","2020-06",1.00145440599349,1681.41753479644,1999.98274071585,0
"main","NIKKEI","APARCH","2020-07",1.00046202860262,3549.49659619849,4554.52685373991,0
"main","NIKKEI","APARCH","2020-08",1.00229866492939,1689.90229355782,2319.35322156255,0
"main","NIKKEI","APARCH","2020-09",1.00174314152979,1891.61472571167,2528.9647317348,0
"main","NIKKEI","APARCH","2020-10",1.00235112283799,1653.70524465545,2531.94578627093,0
"main","NIKKEI","APARCH","2020-11",1.00189220068095,1774.76592203601,2069.57571347752,0
"main","NIKKEI","APARCH","2020-12",1.00325380326188,1960.47774507639,2410.84615693138,0
"main","NIKKEI","APARCH","2021-01",1.0030534463378,1796.79514959456,2261.41920084228,0
"main","NIKKEI","APARCH","2021-02",1.00244711958127,1704.86867885832,2425.13771288173,0
"main","NIKKEI","APARCH","2021-03",1.00324085230936,1708.09074693863,2173.15923133715,0
"main","NIKKEI","APARCH","2021-04",1.00267574345327,1780.12750104414,1759.78680450135,0
"main","NIKKEI","APARCH","2021-05",1.00117607845396,1520.52652780138,1898.21708243949,0
"main","NIKKEI","APARCH","2021-06",1.00190276365015,1622.72573575045,1669.46203520543,0
"main","NIKKEI","APARCH","2021-07",1.00199097410943,1584.18119696559,1679.7057664434,0
"main","NIKKEI","APARCH","2021-08",1.00150798427235,1424.66519544861,1283.2264717703,0
"main","NIKKEI","APARCH","2021-09",1.00138816525743,1647.78807791081,1327.15481698195,0
"main","NIKKEI","APARCH","2021-10",1.00368661038678,1449.32813897545,1400.83201747692,0
"main","NIKKEI","APARCH","2021-11",1.00310414000725,1551.25654313608,1257.8654842285,0
"main","NIKKEI","APARCH","2021-12",1.00299276075524,1657.20516357603,1580.51961551461,0
"main","NIKKEI","APARCH","2022-01",1.00132574092939,1749.66801374142,1202.15143308879,0
"main","NIKKEI","APARCH","2022-02",1.00480551253843,1703.58186310426,1897.25894539849,0
"main","NIKKEI","APARCH","2022-03",1.00212642536924,1615.39621722573,1580.26554979444,0
"main","NIKKEI","APARCH","2022-04",1.00348708865319,1432.30348962918,1556.18022277536,0
"main","NIKKEI","APARCH","2022-05",1.00415297351256,1597.06884000574,1765.85464311699,0
"main","NIKKEI","APARCH","2022-06",1.00343481871974,1446.59162932748,1561.5607382518,0
"main","NIKKEI","APARCH","2022-07",1.00193172928031,1673.65625180107,1348.99297496335,0
"main","NIKKEI","APARCH","2022-08",1.00159988735474,1761.74908805065,1599.68959151175,0
"main","NIKKEI","APARCH","2022-09",1.00237502046882,1687.60516909442,1748.34516164191,0
"main","NIKKEI","APARCH","2022-10",1.00290149297905,1550.14278509266,1084.73127661509,0
"main","NIKKEI","APARCH","2022-11",1.00158757056958,1645.12536462285,1036.01878759985,0
"main","NIKKEI","APARCH","2022-12",1.00302202566572,1868.27418627452,2052.05475067076,0
"main","NIKKEI","APARCH","2023-01",1.00285232789967,1574.40874265608,1309.09597953339,0
"main","NIKKEI","APARCH","2023-02",1.00253679696625,1705.47336021165,1373.86492483824,0
"main","NIKKEI","APARCH","2023-03",1.00258839274204,1738.36993868041,1419.96631264377,0
"main","NIKKEI","APARCH","2023-04",1.00184241769068,1635.15037780271,1501.00698253238,0
"main","NIKKEI","APARCH","2023-05",1.00283401737809,1719.20448038449,1199.9254890879,0
"main","NIKKEI","APARCH","2023-06",1.00172832563266,1590.51816435057,1280.79708826044,0
"main","NIKKEI","APARCH","2023-07",1.00304266007425,1389.64596292579,1387.86171313711,0
"main","NIKKEI","APARCH","2023-08",1.00116305074939,1712.87519509206,1558.87254691445,0
"main","NIKKEI","APARCH","2023-09",1.00336130888439,1692.84887975527,1614.50306588195,0
"main","NIKKEI","APARCH","2023-10",1.0018321808675,1606.33205088881,1349.79441049336,0
"main","NIKKEI","APARCH","2023-11",1.0048880003815,1377.13975386544,1339.34594232778,0
"main","NIKKEI","APARCH","2023-12",1.0040163447786,1523.33990743214,1464.04098020002,0
"main","NIKKEI","ARSV","2018-01",1.00337849370192,626.057030002443,1225.94826782078,0
"main","NIKKEI","ARSV","2018-02",1.00607194572685,557.59717024388,1052.16576695872,0
"main","NIKKEI","ARSV","2018-03",1.00664257284906,600.314757089639,1318.17988644266,0
"main","NIKKEI","ARSV","2018-04",1.00267036549174,633.07359404231,1304.97185700408,0
"main","NIKKEI","ARSV","2018-05",1.00476093027761,1088.43640928767,2697.28169263142,0
"main","NIKKEI","ARSV","2018-06",1.0073265912195,553.022478865374,699.778859350646,0
"main","NIKKEI","ARSV","2018-07",1.0044272479851,578.165098399587,1293.25753501939,0
"main","NIKKEI","ARSV","2018-08",1.00363312549749,881.508898992402,2033.61044367043,0
"main","NIKKEI","ARSV","2018-09",1.00745064408833,488.115877973633,1059.68576381313,0
"main","NIKKEI","ARSV","2018-10",1.00415900621409,618.350582298417,1129.52252557448,0
"main","NIKKEI","ARSV","2018-11",1.00236332852614,1352.85801706958,2621.70300686768,0
"main","NIKKEI","ARSV","2018-12",1.00980481607819,571.104560833614,1219.51609426758,0
"main","NIKKEI","ARSV","2019-01",1.00851869968472,720.092966913262,1034.08205360141,0
"main","NIKKEI","ARSV","2019-02",1.00568000190961,573.662405678814,1143.35595275521,0
"main","NIKKEI","ARSV","2019-03",1.00446593394722,1150.72072135803,2286.88376548401,0
"main","NIKKEI","ARSV","2019-04",1.00186822377861,999.520184564614,2698.16449569699,0
"main","NIKKEI","ARSV","2019-05",1.00503701229415,536.282460517604,1195.27773350877,0
"main","NIKKEI","ARSV","2019-06",1.00741508429713,575.612721343304,1279.3134236647,0
"main","NIKKEI","ARSV","2019-07",1.00977548396149,437.803086885112,1129.70700820556,0
"main","NIKKEI","ARSV","2019-08",1.00993464482872,478.729706526166,1041.98145601926,0
"main","NIKKEI","ARSV","2019-09",1.00533248870926,503.834143163969,1133.15809792722,0
"main","NIKKEI","ARSV","2019-10",1.00937237981739,560.129689478794,924.080555684096,0
"main","NIKKEI","ARSV","2019-11",1.00569972059407,470.541367921454,693.958236795764,0
"main","NIKKEI","ARSV","2019-12",1.0063431116433,573.057650102237,1460.34427465218,0
"main","NIKKEI","ARSV","2020-01",1.00416087104321,490.265083086827,993.206901886743,0
"main","NIKKEI","ARSV","2020-02",1.00473907377239,425.536787345623,997.816157209379,0
"main","NIKKEI","ARSV","2020-03",1.00688902738911,515.617231690581,1017.71215700568,0
"main","NIKKEI","ARSV","2020-04",1.00585736613292,709.116640463839,1514.19654693474,0
"main","NIKKEI","ARSV","2020-05",1.00963405053672,550.221378147938,1079.34335554498,0
"main","NIKKEI","ARSV","2020-06",1.00603061924857,626.156422709938,1456.38248551189,0
"main","NIKKEI","ARSV","2020-07",1.00248782320185,916.254651981107,2014.3162192645,0
"main","NIKKEI","ARSV","2020-08",1.00428528554661,603.728539580962,975.747711574248,0
"main","NIKKEI","ARSV","2020-09",1.00470065350406,547.004571607683,1158.3923879794,0
"main","NIKKEI","ARSV","2020-10",1.00955963807149,495.323887939716,1263.83379383033,0
"main","NIKKEI","ARSV","2020-11",1.00665047426751,539.773739981654,1116.06067929953,0
"main","NIKKEI","ARSV","2020-12",1.00391158756316,551.042302181506,853.719129292132,0
"main","NIKKEI","ARSV","2021-01",1.00349111507658,478.841787384664,924.869363946998,0
"main","NIKKEI","ARSV","2021-02",1.0016445379028,1121.1546160448,2498.24926538777,0
"main","NIKKEI","ARSV","2021-03",1.0048918025636,1151.69918000962,2234.46830974748,0
"main","NIKKEI","ARSV","2021-04",1.00426277593536,1250.76666944521,2373.06957527068,0
"main","NIKKEI","ARSV","2021-05",1.00262500755944,567.184409568157,1178.91708177592,0
"main","NIKKEI","ARSV","2021-06",1.00858051835839,490.374327978518,872.193675863582,0
"main","NIKKEI","ARSV","2021-07",1.0035048128303,1011.58162433755,2039.13002330957,0
"main","NIKKEI","ARSV","2021-08",1.0021764533716,935.23809685407,1819.98181238219,0
"main","NIKKEI","ARSV","2021-09",1.00490759203615,841.965488494003,1381.28216313037,0
"main","NIKKEI","ARSV","2021-10",1.00790697578779,474.137167939013,869.211974346052,0
"main","NIKKEI","ARSV","2021-11",1.00330521082903,824.898257968718,1770.30444679418,0
"main","NIKKEI","ARSV","2021-12",1.00494406372655,786.335642128,1903.064482136,0
"main","NIKKEI","ARSV","2022-01",1.00450868613528,459.614183048437,752.841723952718,0
"main","NIKKEI","ARSV","2022-02",1.002260924279,944.578955695296,1963.39445745433,0
"main","NIKKEI","ARSV","2022-03",1.00206899337723,680.17036084144,1333.86253607574,0
"main","NIKKEI","ARSV","2022-04",1.00514360243577,465.142979488871,938.450353205708,0
"main","NIKKEI","ARSV","2022-05",1.00510609875194,407.889177177221,763.515069548862,0
"main","NIKKEI","ARSV","2022-06",1.00385906549794,437.813811522963,969.946466270173,0
"main","NIKKEI","ARSV","2022-07",1.00520189356853,464.881131457794,1069.59003862035,0
"main","NIKKEI","ARSV","2022-08",1.00428157778755,835.359054250772,1758.93708203183,0
"main","NIKKEI","ARSV","2022-09",1.00277552374342,783.798935057583,1633.51531088772,0
"main","NIKKEI","ARSV","2022-10",1.00527608241311,763.41179933885,1191.74289614426,0
"main","NIKKEI","ARSV","2022-11",1.00747001877317,407.333091011504,1048.24208821176,0
"main","NIKKEI","ARSV","2022-12",1.00479533678674,802.934287274445,1672.81689589969,0
"main","NIKKEI","ARSV","2023-01",1.00574501305977,412.674171433423,841.089610923262,0
"main","NIKKEI","ARSV","2023-02",1.00634792771467,469.329184452442,1028.71086312492,0
"main","NIKKEI","ARSV","2023-03",1.00316227784809,903.170717551081,1525.30465575519,0
"main","NIKKEI","ARSV","2023-04",1.00715996841879,872.377362167093,1710.04384115899,0
"main","NIKKEI","ARSV","2023-05",1.00950852224471,460.003010472911,792.077082769307,0
"main","NIKKEI","ARSV","2023-06",1.00267817403801,634.870074584955,1487.795191767,0
"main","NIKKEI","ARSV","2023-07",1.00335949551697,918.530168334023,1922.04021621366,0
"main","NIKKEI","ARSV","2023-08",1.00346427909631,744.240313488099,1294.99846834382,0
"main","NIKKEI","ARSV","2023-09",1.00653170468522,430.574482614786,720.518075928655,0
"main","NIKKEI","ARSV","2023-10",1.0065035715309,796.34179197423,1495.98549789962,0
"main","NIKKEI","ARSV","2023-11",1.00539343619174,476.749828682389,1060.83489686812,0
"main","NIKKEI","ARSV","2023-12",1.0028384542488,833.622381181717,2118.99025421626,0
"main","NIKKEI","GARCH","2018-01",1.00302285027542,1685.647395844,1907.744060366,0
"main","NIKKEI","GARCH","2018-02",1.00072082181293,1628.63921166309,1996.63366028876,0
"main","NIKKEI","GARCH","2018-03",1.00236179399923,1930.98887265891,2037.34568115082,0
"main","NIKKEI","GARCH","2018-04",1.00339625261555,1515.23386580964,1595.31454285731,0
"main","NIKKEI","GARCH","2018-05",1.00368885504915,1949.27319364313,2426.76228585733,0
"main","NIKKEI","GARCH","2018-06",1.00402904282137,1819.74599024683,2113.95431362374,0
"main","NIKKEI","GARCH","2018-07",1.00429031699411,1777.83650971867,1874.33176982831,0
"main","NIKKEI","GARCH","2018-08",1.00329574494753,1452.91188790426,1637.78956570124,0
"main","NIKKEI","GARCH","2018-09",1.00228254222571,1441.86049467897,1460.29350628428,0
"main","NIKKEI","GARCH","2018-10",1.00216415001428,1452.11192334069,1789.25263421201,0
"main","NIKKEI","GARCH","2018-11",1.00388494273566,1581.84799351018,1459.82035044298,0
"main","NIKKEI","GARCH","2018-12",1.00170899506874,1727.42592676515,1722.91983009207,0
"main","NIKKEI","GARCH","2019-01",1.00274398569749,1781.17075991266,2032.68538209909,0
"main","NIKKEI","GARCH","2019-02",1.00153638735399,1790.37870823181,2169.39946895788,0
"main","NIKKEI","GARCH","2019-03",1.0020291003853,1689.46834645379,1817.07593661913,0
"main","NIKKEI","GARCH","2019-04",1.00360279850838,1818.80161753468,2466.52429779359,0
"main","NIKKEI","GARCH","2019-05",1.00441637631302,1407.22858623206,1309.7957874346,0
"main","NIKKEI","GARCH","2019-06",1.00219037322709,1672.96609083174,1678.05291048422,0
"main","NIKKEI","GARCH","2019-07",1.00218293659317,1639.11444140183,2202.57033938327,0
"main","NIKKEI","GARCH","2019-08",1.00324273601345,1606.22727444145,2141.86430366861,0
"main","NIKKEI","GARCH","2019-09",1.00198407118419,1686.61900523967,1976.45788490662,0
"main","NIKKEI","GARCH","2019-10",1.00190252828812,1586.76161666712,2048.40991185246,0
"main","NIKKEI","GARCH","2019-11",1.00349398286597,1558.24604871662,1565.63811660366,0
"main","NIKKEI","GARCH","2019-12",1.0022729297313,1552.44805760141,1884.20033928649,0
"main","NIKKEI","GARCH","2020-01",1.00116911110588,1639.86923459358,2135.9778237937,0
"main","NIKKEI","GARCH","2020-02",1.00309921091465,1713.42928310051,2166.51363359889,0
"main","NIKKEI","GARCH","2020-03",1.00155098425913,1629.26601220873,2163.38560434148,0
"main","NIKKEI","GARCH","2020-04",1.00293600499055,1813.16388894704,2284.19492727588,0
"main","NIKKEI","GARCH","2020-05",1.00237914911732,1736.19108951515,1792.97795773851,0
"main","NIKKEI","GARCH","2020-06",1.0007619810329,1795.27821077934,2102.63409960779,0
"main","NIKKEI","GARCH","2020-07",1.00303000721286,1499.06191272702,1741.24210299666,0
"main","NIKKEI","GARCH","2020-08",1.00266088685276,1822.40820201808,1745.02782059662,0
"main","NIKKEI","GARCH","2020-09",1.00398404903548,1684.94978116371,2012.16911866498,0
"main","NIKKEI","GARCH","2020-10",1.00374178774519,1906.15200594663,2309.38484355354,0
"main","NIKKEI","GARCH","2020-11",1.00253086210112,1888.04445950213,2097.62770219929,0
"main","NIKKEI","GARCH","2020-12",1.00168202676057,1625.43177041125,1836.40842857116,0
"main","NIKKEI","GARCH","2021-01",1.00239045504905,1616.18268126195,2038.05174447055,0
"main","NIKKEI","GARCH","2021-02",1.00124686871732,1781.68665562297,2159.86020776813,0
"main","NIKKEI","GARCH","2021-03",1.00140231500161,1724.8318036128,1894.95446423728,0
"main","NIKKEI","GARCH","2021-04",1.00274855685645,1558.64719609995,2027.56786201722,0
"main","NIKKEI","GARCH","2021-05",1.0028146749405,1661.8495269776,2012.90933996723,0
"main","NIKKEI","GARCH","2021-06",1.00229829338636,1579.83467213194,1558.01512724461,0
"main","NIKKEI","GARCH","2021-07",1.0028472921566,1699.50340435903,2156.95273345482,0
"main","NIKKEI","GARCH","2021-08",1.00216884842237,1623.94907671368,1925.40155988566,0
"main","NIKKEI","GARCH","2021-09",1.00199204988984,1402.33650351131,1401.95871557395,0
"main","NIKKEI","GARCH","2021-10",1.00560681512432,1246.02334285783,1579.59043156472,0
"main","NIKKEI","GARCH","2021-11",1.00189642941931,1844.59560081906,2003.17977398763,0
"main","NIKKEI","GARCH","2021-12",1.00355604347605,1456.94353666939,1808.11548157833,0
"main","NIKKEI","GARCH","2022-01",1.00198368810745,1547.04866351928,1786.47676466269,0
"main","NIKKEI","GARCH","2022-02",1.00294669272753,1714.60992272435,1862.29821193595,0
"main","NIKKEI","GARCH","2022-03",1.00134510592156,1853.67447107811,2006.27361153326,0
"main","NIKKEI","GARCH","2022-04",1.00264087658479,1347.57452183743,1720.6217082974,0
"main","NIKKEI","GARCH","2022-05",1.00174009957523,1790.54229523263,1893.82684548314,0
"main","NIKKEI","GARCH","2022-06",1.00195800088599,1583.51854733409,1859.77878891454,0
"main","NIKKEI","GARCH","2022-07",1.00367656591128,1857.32268058779,2291.00429951702,0
"main","NIKKEI","GARCH","2022-08",1.00182240178263,1672.19648757809,2019.06212091171,0
"main","NIKKEI","GARCH","2022-09",1.00384713847251,1759.10273075016,2095.85446615932,0
"main","NIKKEI","GARCH","2022-10",1.00433847850435,1675.44560539315,1873.23695750857,0
"main","NIKKEI","GARCH","2022-11",1.00298503059264,1664.01498606295,2415.69239761623,0
"main","NIKKEI","GARCH","2022-12",1.00300296801111,1577.79156499695,1586.63574501423,0
"main","NIKKEI","GARCH","2023-01",1.00150408658909,1810.07006084878,2143.39319228267,0
"main","NIKKEI","GARCH","2023-02",1.00408167487291,1633.71641464255,1666.6340240816,0
"main","NIKKEI","GARCH","2023-03",1.00357359389147,1588.58178928883,1921.7408557397,0
"main","NIKKEI","GARCH","2023-04",1.00195037911902,1618.10646430509,1620.16692127055,0
"main","NIKKEI","GARCH","2023-05",1.00319198691132,1701.14882889525,2300.53684866032,0
"main","NIKKEI","GARCH","2023-06",1.00259162553486,1701.27855428412,1913.3739777059,0
"main","NIKKEI","GARCH","2023-07",1.00311807294452,1561.30618062035,1952.49566580756,0
"main","NIKKEI","GARCH","2023-08",1.00182063342538,1781.16396371127,2030.34413012531,0
"main","NIKKEI","GARCH","2023-09",1.00397251951439,1688.94385734055,2007.09987681384,0
"main","NIKKEI","GARCH","2023-10",1.00143571734033,1773.84703896086,2106.04458271479,0
"main","NIKKEI","GARCH","2023-11",1.00290395067371,1235.24970981841,1488.16345382983,0
"main","NIKKEI","GARCH","2023-12",1.00136739737236,1546.84131950737,1458.27261805918,0
"main","NIKKEI","GJR_R","2018-01",1.00200537648399,1833.16744633334,2148.52479134055,0
"main","NIKKEI","GJR_R","2018-02",1.00310266494825,1637.50709476738,2266.14166074822,0
"main","NIKKEI","GJR_R","2018-03",1.00207653644592,1669.62242141153,2335.5592197411,0
"main","NIKKEI","GJR_R","2018-04",1.00273369634167,1709.21744675659,2269.08010995273,0
"main","NIKKEI","GJR_R","2018-05",1.00280107108006,1710.98011547473,2283.53579153314,0
"main","NIKKEI","GJR_R","2018-06",1.00344602183528,1886.38658216319,2212.97605197513,0
"main","NIKKEI","GJR_R","2018-07",1.00201193643622,1739.76458167404,2299.27687754281,0
"main","NIKKEI","GJR_R","2018-08",1.0011985079911,1615.12464626304,2253.85940259765,0
"main","NIKKEI","GJR_R","2018-09",1.00244355535558,1758.54328510899,2074.63196118311,0
"main","NIKKEI","GJR_R","2018-10",1.00222662402058,1689.66269419117,2395.81047580813,0
"main","NIKKEI","GJR_R","2018-11",1.00442678974699,1928.26095990507,2468.53638063456,0
"main","NIKKEI","GJR_R","2018-12",1.00215762520059,1637.27933674011,2204.29625142596,0
"main","NIKKEI","GJR_R","2019-01",1.00168001989122,1793.01992549647,2254.55456015935,0
"main","NIKKEI","GJR_R","2019-02",1.00185620044776,1608.45526112012,2073.22412189251,0
"main","NIKKEI","GJR_R","2019-03",1.00289623973054,1898.72527495611,2172.09230507586,0
"main","NIKKEI","GJR_R","2019-04",1.00304133008344,1737.03213608883,2337.20736659486,0
"main","NIKKEI","GJR_R","2019-05",1.00337780628895,1870.3096322001,2400.4404562565,0
"main","NIKKEI","GJR_R","2019-06",1.0019904300151,1678.43445754889,2520.90254139524,0
"main","NIKKEI","GJR_R","2019-07",1.00172551222109,1745.47398473531,2563.80473935254,0
"main","NIKKEI","GJR_R","2019-08",1.00285304140041,1803.03256588634,2105.03030935244,0
"main","NIKKEI","GJR_R","2019-09",1.00195621638662,1880.89801749786,2349.70894797869,0
"main","NIKKEI","GJR_R","2019-10",1.00303814414447,1662.21171210003,2247.619980815,0
"main","NIKKEI","GJR_R","2019-11",1.00370822033031,1740.92553790209,2033.49081196636,0
"main","NIKKEI","GJR_R","2019-12",1.00063077089364,1801.09298407493,2417.77291577092,0
"main","NIKKEI","GJR_R","2020-01",1.00287755184335,1973.73895311034,2320.79897339449,0
"main","NIKKEI","GJR_R","2020-02",1.00323078587683,1841.80314792081,2286.18698297228,0
"main","NIKKEI","GJR_R","2020-03",1.00220915305827,1888.46570957373,2123.83004616783,0
"main","NIKKEI","GJR_R","2020-04",1.00244142076084,1804.47502547726,2320.77785946043,0
"main","NIKKEI","GJR_R","2020-05",1.00314148397897,1828.45792496539,2366.97184673405,0
"main","NIKKEI","GJR_R","2020-06",1.00231519776592,1847.3008991627,1951.58020793258,0
"main","NIKKEI","GJR_R","2020-07",1.00288301054086,1919.01647007221,2329.26131536819,0
"main","NIKKEI","GJR_R","2020-08",1.00368056195853,1705.16736377154,2061.60677037665,0
"main","NIKKEI","GJR_R","2020-09",1.0017516818507,1759.30938838068,2253.83659711342,0
"main","NIKKEI","GJR_R","2020-10",1.0012746960538,1668.22268664778,2103.36417701381,0
"main","NIKKEI","GJR_R","2020-11",1.00199111775232,1628.27703955004,2278.83114491857,0
"main","NIKKEI","GJR_R","2020-12",1.00140754950136,1730.71345968043,2430.77904743038,0
"main","NIKKEI","GJR_R","2021-01",1.00351646432882,1870.6047901415,2439.54550602126,0
"main","NIKKEI","GJR_R","2021-02",1.00296303137137,1730.92776624961,2158.71061644706,0
"main","NIKKEI","GJR_R","2021-03",1.00115052630253,1755.88114873653,2243.13131502951,0
"main","NIKKEI","GJR_R","2021-04",1.00191007594255,1768.62809445374,1740.35435322833,0
"main","NIKKEI","GJR_R","2021-05",1.00322400469844,1621.51986002169,2377.36705576384,0
"main","NIKKEI","GJR_R","2021-06",1.00071988358084,1638.92586699335,2409.60171070102,0
"main","NIKKEI","GJR_R","2021-07",1.00103448800929,1901.17666154671,2386.44151490797,0
"main","NIKKEI","GJR_R","2021-08",1.00150332709795,1584.85209026358,879.858806160381,0
"main","NIKKEI","GJR_R","2021-09",1.00219442062885,1824.104258322,2000.01109673605,0
"main","NIKKEI","GJR_R","2021-10",1.00368482689802,1513.28394852953,1379.06087066535,0
"main","NIKKEI","GJR_R","2021-11",1.0026632609893,1367.64073010951,1281.16668325944,0
"main","NIKKEI","GJR_R","2021-12",1.00316586272592,1510.99737426132,1690.15545841583,0
"main","NIKKEI","GJR_R","2022-01",1.00197420876011,1745.28856007557,2070.87019633591,0
"main","NIKKEI","GJR_R","2022-02",1.00279007692068,1509.01993065494,1044.37655812116,0
"main","NIKKEI","GJR_R","2022-03",1.0022252371051,1803.33990752696,1515.71048570144,0
"main","NIKKEI","GJR_R","2022-04",1.00367772970022,1524.74267968934,1040.69205587703,0
"main","NIKKEI","GJR_R","2022-05",1.00283451797768,1699.80137882615,1577.96078577544,0
"main","NIKKEI","GJR_R","2022-06",1.00327729249154,1379.96621934992,1155.82451376034,0
"main","NIKKEI","GJR_R","2022-07",1.00228460332522,1447.05033641228,1629.9173129263,0
"main","NIKKEI","GJR_R","2022-08",1.0021560264687,1434.97209291475,1182.62888598081,0
"main","NIKKEI","GJR_R","2022-09",1.00184150465293,1555.22065841184,1587.87425406222,0
"main","NIKKEI","GJR_R","2022-10",1.00146355720482,1740.1760084744,1584.45807749592,0
"main","NIKKEI","GJR_R","2022-11",1.00287462392788,1521.31252969551,1391.28066210307,0
"main","NIKKEI","GJR_R","2022-12",1.00177205220787,1618.52985597504,1388.77993349137,0
"main","NIKKEI","GJR_R","2023-01",1.0051269294865,1607.01205055535,2075.80267988672,0
"main","NIKKEI","GJR_R","2023-02",1.00304779222196,1702.07821449563,1725.02861793462,0
"main","NIKKEI","GJR_R","2023-03",1.00231625026363,1353.97589228712,1240.77335568775,0
"main","NIKKEI","GJR_R","2023-04",1.00333887984506,1390.82835091035,986.297197593671,0
"main","NIKKEI","GJR_R","2023-05",1.005520550525,1568.45098918546,1275.23502420248,0
"main","NIKKEI","GJR_R","2023-06",1.00155669308904,1437.31611052421,1666.53975002171,0
"main","NIKKEI","GJR_R","2023-07",1.00232553987737,1698.76333200734,1596.96068156507,0
"main","NIKKEI","GJR_R","2023-08",1.00368788359988,1457.37356267939,944.449479191852,0
"main","NIKKEI","GJR_R","2023-09",1.00242821250199,1356.71934344952,1226.2837189005,0
"main","NIKKEI","GJR_R","2023-10",1.00191435734534,1503.73027271081,1229.50793487084,0
"main","NIKKEI","GJR_R","2023-11",1.00254096583538,1519.02879461556,1744.40001742774,0
"main","NIKKEI","GJR_R","2023-12",1.00348974635222,1640.90780895418,1368.72884714627,0
"main","NIKKEI","GJR_U","2018-01",1.0020941629614,1808.48819538499,2121.71028796462,0
"main","NIKKEI","GJR_U","2018-02",1.00317638835361,1736.31034733175,1604.31542703909,0
"main","NIKKEI","GJR_U","2018-03",1.00370288771326,1841.92738365679,2380.44025059219,0
"main","NIKKEI","GJR_U","2018-04",1.00244776681027,1739.32691018112,1824.30060533228,0
"main","NIKKEI","GJR_U","2018-05",1.00281663360509,1691.46247833757,1593.72510264724,0
"main","NIKKEI","GJR_U","2018-06",1.00179376061227,1653.26568394368,2070.23188205273,0
"main","NIKKEI","GJR_U","2018-07",1.00150908185509,1701.35271439349,1709.54055573966,0
"main","NIKKEI","GJR_U","2018-08",1.00347397035486,1615.54315747576,1917.15467373569,0
"main","NIKKEI","GJR_U","2018-09",1.00356918733467,1823.93608977164,1702.66630292294,0
"main","NIKKEI","GJR_U","2018-10",1.00220121119294,1875.99118751345,1475.1912140329,0
"main","NIKKEI","GJR_U","2018-11",1.00153562639381,1745.23873507499,2095.33044482138,0
"main","NIKKEI","GJR_U","2018-12",1.00159936068873,1746.97626702804,1924.8809329719,0
"main","NIKKEI","GJR_U","2019-01",1.00211845409544,1740.07068484908,1960.92288376216,0
"main","NIKKEI","GJR_U","2019-02",1.00168298715552,1865.51287311002,2009.74576150897,0
"main","NIKKEI","GJR_U","2019-03",1.00172336862833,1454.82876648419,1311.01259052035,0
"main","NIKKEI","GJR_U","2019-04",1.00431665347024,1586.60211659632,2042.98914127147,0
"main","NIKKEI","GJR_U","2019-05",1.00519804455484,1273.16959751291,1559.34188495266,0
"main","NIKKEI","GJR_U","2019-06",1.00284593087475,1731.98772299966,2183.75168630788,0
"main","NIKKEI","GJR_U","2019-07",1.00124405587081,1677.20004396739,2012.49196807915,0
"main","NIKKEI","GJR_U","2019-08",1.00119708205768,1704.90337165779,1922.55646123986,0
"main","NIKKEI","GJR_U","2019-09",1.00222633797111,1794.74659324829,1932.73571973521,0
"main","NIKKEI","GJR_U","2019-10",1.00403839066948,1374.77790737967,1462.94685685599,0
"main","NIKKEI","GJR_U","2019-11",1.00151081734625,1682.3531209143,1610.02121955539,0
"main","NIKKEI","GJR_U","2019-12",1.00342555472872,1552.91937845002,1582.04078814297,0
"main","NIKKEI","GJR_U","2020-01",1.00530482472063,1571.78253350951,1694.78318344123,0
"main","NIKKEI","GJR_U","2020-02",1.00177471812278,1514.78314949049,1574.48898749709,0
"main","NIKKEI","GJR_U","2020-03",1.00187024031382,1733.91311922903,1627.65010501263,0
"main","NIKKEI","GJR_U","2020-04",1.00377733514717,1321.43258827421,1250.91008070095,0
"main","NIKKEI","GJR_U","2020-05",1.00153258489426,1505.01891455156,1879.01710561198,0
"main","NIKKEI","GJR_U","2020-06",1.00271275475609,1567.86261702657,1798.4520585124,0
"main","NIKKEI","GJR_U","2020-07",1.0030340001229,1719.62273271529,1779.46643493539,0
"main","NIKKEI","GJR_U","2020-08",1.00221303770299,1610.40731689617,1841.30197881978,0
"main","NIKKEI","GJR_U","2020-09",1.00233114798169,1526.31460198792,1019.30796942393,0
"main","NIKKEI","GJR_U","2020-10",1.00277228025448,1672.91949627712,1843.29562751716,0
"main","NIKKEI","GJR_U","2020-11",1.0026834868116,1634.69230024404,1925.3134316751,0
"main","NIKKEI","GJR_U","2020-12",1.00221678322396,1542.07585288807,1825.35789680847,0
"main","NIKKEI","GJR_U","2021-01",1.00224574207121,1667.67106520668,2053.58267392024,0
"main","NIKKEI","GJR_U","2021-02",1.00215560357954,1750.23970250557,2293.57655406914,0
"main","NIKKEI","GJR_U","2021-03",1.00592258976274,1259.84224231436,1322.11341582289,0
"main","NIKKEI","GJR_U","2021-04",1.00580608017949,1447.47202249734,1982.27708184229,0
"main","NIKKEI","GJR_U","2021-05",1.00212370414063,1212.27652699505,1371.78353959727,0
"main","NIKKEI","GJR_U","2021-06",1.00312874500307,1239.65953095453,874.112254327973,0
"main","NIKKEI","GJR_U","2021-07",1.00281406601736,1552.40820486573,1497.24626072901,0
"main","NIKKEI","GJR_U","2021-08",1.00461906968065,1013.46586769784,897.570439000738,0
"main","NIKKEI","GJR_U","2021-09",1.00676051561595,850.605059285093,1227.52995588879,0
"main","NIKKEI","GJR_U","2021-10",1.00202386762094,1458.38060571509,1059.10259067725,0
"main","NIKKEI","GJR_U","2021-11",1.00249320284222,1635.93724904254,1242.75201937027,0
"main","NIKKEI","GJR_U","2021-12",1.00218522297574,1394.63872836045,1343.11061414889,0
"main","NIKKEI","GJR_U","2022-01",1.00156852238082,1335.00357298036,562.504804474638,0
"main","NIKKEI","GJR_U","2022-02",1.00293533735115,1676.6807478654,929.322007182921,0
"main","NIKKEI","GJR_U","2022-03",1.00252652796933,1536.9030588239,1136.14191963522,0
"main","NIKKEI","GJR_U","2022-04",1.00211918050724,1299.8730636358,1021.31462515777,0
"main","NIKKEI","GJR_U","2022-05",1.00381401830646,1311.48034534544,1297.02306812544,0
"main","NIKKEI","GJR_U","2022-06",1.00393293083631,1550.15694520532,1213.1249286295,0
"main","NIKKEI","GJR_U","2022-07",1.00229321729504,1455.5123917028,1239.78697231266,0
"main","NIKKEI","GJR_U","2022-08",1.00185172774208,1659.03681907727,1629.19382772959,0
"main","NIKKEI","GJR_U","2022-09",1.00407139573665,1460.43093975074,1361.77057718502,0
"main","NIKKEI","GJR_U","2022-10",1.00261164150082,1480.81015331956,1127.44228794917,0
"main","NIKKEI","GJR_U","2022-11",1.00123080875925,1625.80388131765,1709.45780247717,0
"main","NIKKEI","GJR_U","2022-12",1.00289099363154,1476.72569086767,964.139086503087,0
"main","NIKKEI","GJR_U","2023-01",1.0023871135502,1477.18605648206,1351.9987293466,0
"main","NIKKEI","GJR_U","2023-02",1.00160264504271,1456.46141082503,1860.87978110904,0
"main","NIKKEI","GJR_U","2023-03",1.00299076482385,1411.52976816718,997.322955565868,0
"main","NIKKEI","GJR_U","2023-04",1.00279067678481,1662.44187058898,1778.11562415147,0
"main","NIKKEI","GJR_U","2023-05",1.00406241231619,1668.43248745086,1659.6719570888,0
"main","NIKKEI","GJR_U","2023-06",1.00423216065037,1701.07158107511,1784.35100138613,0
"main","NIKKEI","GJR_U","2023-07",1.00192933488447,1651.77636062206,1361.07519262354,0
"main","NIKKEI","GJR_U","2023-08",1.0050647970943,1709.33836824691,1276.93357567003,0
"main","NIKKEI","GJR_U","2023-09",1.0024414668833,1634.47156512923,1233.21835101876,0
"main","NIKKEI","GJR_U","2023-10",1.00218370423059,1640.90168262433,1797.8958644737,0
"main","NIKKEI","GJR_U","2023-11",1.00276588408703,1592.54779316327,1592.37892180395,0
"main","NIKKEI","GJR_U","2023-12",1.00230576867903,1479.13431528498,1585.69026914898,0
"main","NIKKEI","STAR_SV","2018-01",1.00756182143018,882.378952619778,1527.40177446074,0
"main","NIKKEI","STAR_SV","2018-02",1.00298076731222,1122.18948968829,1787.09223411717,0
"main","NIKKEI","STAR_SV","2018-03",1.00493501744947,1142.84414960246,1762.65824598766,0
"main","NIKKEI","STAR_SV","2018-04",1.00743924266051,1006.31915070789,1737.26836543503,0
"main","NIKKEI","STAR_SV","2018-05",1.0058206050424,981.790288573654,1676.53167456642,0
"main","NIKKEI","STAR_SV","2018-06",1.00518541002852,1058.18089268964,1672.69061995014,0
"main","NIKKEI","STAR_SV","2018-07",1.00236258116738,1951.12275045893,3367.5563389953,0
"main","NIKKEI","STAR_SV","2018-08",1.0056373797358,1124.94702216734,1580.82231640726,0
"main","NIKKEI","STAR_SV","2018-09",1.00605987523398,937.896008489243,1667.26987819631,0
"main","NIKKEI","STAR_SV","2018-10",1.00447910269187,1045.81440814976,1736.65038211213,0
"main","NIKKEI","STAR_SV","2018-11",1.00412693457251,937.25264922847,1634.53786549958,0
"main","NIKKEI","STAR_SV","2018-12",1.00580272583174,1075.66513116171,1705.94456024438,0
"main","NIKKEI","STAR_SV","2019-01",1.00642883118853,965.481059083559,1603.02639636747,0
"main","NIKKEI","STAR_SV","2019-02",1.00484222670081,1274.33754043992,1837.75198212102,0
"main","NIKKEI","STAR_SV","2019-03",1.00342122746889,1022.81150336708,1792.18703453983,0
"main","NIKKEI","STAR_SV","2019-04",1.00483448021232,1044.62897913393,1800.35605838456,0
"main","NIKKEI","STAR_SV","2019-05",1.00395643072223,961.402714534835,1765.49344996044,0
"main","NIKKEI","STAR_SV","2019-06",1.00560359971497,994.449136320687,1874.24469407209,0
"main","NIKKEI","STAR_SV","2019-07",1.00408380959391,1094.68453689782,1886.5059605174,0
"main","NIKKEI","STAR_SV","2019-08",1.00458643282003,1072.52230031249,1714.88248092116,0
"main","NIKKEI","STAR_SV","2019-09",1.00747115680588,1095.2221892405,1648.76785962511,0
"main","NIKKEI","STAR_SV","2019-10",1.00484764373546,1038.21762202966,2029.23262662433,0
"main","NIKKEI","STAR_SV","2019-11",1.00640336312341,1078.84854045505,1573.20973151912,0
"main","NIKKEI","STAR_SV","2019-12",1.00614609919907,1137.38456789997,2025.87980159495,0
"main","NIKKEI","STAR_SV","2020-01",1.00225748495702,2119.72554419982,3332.25660758309,0
"main","NIKKEI","STAR_SV","2020-02",1.00692665074185,1213.87771489938,2035.73194250749,0
"main","NIKKEI","STAR_SV","2020-03",1.00240578038234,1761.26010914126,3453.0325054311,0
"main","NIKKEI","STAR_SV","2020-04",1.00554779123581,1123.33032492724,1980.98935073144,0
"main","NIKKEI","STAR_SV","2020-05",1.00426501385042,1252.84299177565,1878.36910881189,0
"main","NIKKEI","STAR_SV","2020-06",1.00504117911767,1084.32102596923,1845.00389696756,0
"main","NIKKEI","STAR_SV","2020-07",1.00619013682375,1175.01238647456,1785.08947147879,0
"main","NIKKEI","STAR_SV","2020-08",1.00443423617041,997.816790397708,1852.12429721122,0
"main","NIKKEI","STAR_SV","2020-09",1.00362832889768,1108.34295674535,1516.61899640726,0
"main","NIKKEI","STAR_SV","2020-10",1.00446917098619,1171.52633815681,2008.66618519791,0
"main","NIKKEI","STAR_SV","2020-11",1.00565684489474,1035.10959683792,2026.32239933593,0
"main","NIKKEI","STAR_SV","2020-12",1.00468168740448,969.426154090304,1759.22321492697,0
"main","NIKKEI","STAR_SV","2021-01",1.00544221836494,1233.06798566529,2006.09731329692,0
"main","NIKKEI","STAR_SV","2021-02",1.0053639757384,1249.26453515848,2013.73980356081,0
"main","NIKKEI","STAR_SV","2021-03",1.00577469184326,1070.33790684238,1890.4244960521,0
"main","NIKKEI","STAR_SV","2021-04",1.00635395897295,1060.73980120091,1777.90511688923,0
"main","NIKKEI","STAR_SV","2021-05",1.00514648718867,1007.46370089169,1821.66930326245,0
"main","NIKKEI","STAR_SV","2021-06",1.0055041189003,1090.8169298792,1468.61356287487,0
"main","NIKKEI","STAR_SV","2021-07",1.00619452329638,928.776878535554,1582.98476513954,0
"main","NIKKEI","STAR_SV","2021-08",1.00652948404512,841.064907405423,1143.98347518531,0
"main","NIKKEI","STAR_SV","2021-09",1.00376376794775,771.22909081681,1514.60393410788,0
"main","NIKKEI","STAR_SV","2021-10",1.0057620467799,896.52130152276,1498.88148387958,0
"main","NIKKEI","STAR_SV","2021-11",1.00423104564152,970.173280710124,1756.83477800974,0
"main","NIKKEI","STAR_SV","2021-12",1.00412640825484,917.83928656683,1481.84817548786,0
"main","NIKKEI","STAR_SV","2022-01",1.00473555038944,1061.49267724477,1845.42806708226,0
"main","NIKKEI","STAR_SV","2022-02",1.00673210334914,833.150452281337,1327.76920138537,0
"main","NIKKEI","STAR_SV","2022-03",1.00563578992596,862.905902311495,1197.17287491347,0
"main","NIKKEI","STAR_SV","2022-04",1.00371796395899,976.376341548167,1756.35110036985,0
"main","NIKKEI","STAR_SV","2022-05",1.00465148357563,919.347058168818,1630.44728846479,0
"main","NIKKEI","STAR_SV","2022-06",1.00689610356467,1099.26434231126,2017.42523193557,0
"main","NIKKEI","STAR_SV","2022-07",1.00490307271184,1041.16174821951,1786.70944382495,0
"main","NIKKEI","STAR_SV","2022-08",1.00530752951307,943.621753048078,1834.86239548193,0
"main","NIKKEI","STAR_SV","2022-09",1.00504560098338,1050.10151980847,1521.0837230831,0
"main","NIKKEI","STAR_SV","2022-10",1.0090791555717,911.276467144663,1596.36614417329,0
"main","NIKKEI","STAR_SV","2022-11",1.00743984437073,962.763056590305,1675.55389630447,0
"main","NIKKEI","STAR_SV","2022-12",1.00639731152014,1066.34604650822,1626.36252257155,0
"main","NIKKEI","STAR_SV","2023-01",1.00341346230956,968.433732909293,1633.38508255632,0
"main","NIKKEI","STAR_SV","2023-02",1.0076649707896,955.535591703321,1654.80315459396,0
"main","NIKKEI","STAR_SV","2023-03",1.00460863455471,970.121524698934,1433.27654938185,0
"main","NIKKEI","STAR_SV","2023-04",1.00395925843721,994.821346287257,1615.80571219779,0
"main","NIKKEI","STAR_SV","2023-05",1.00398972424678,982.395344169051,1610.81628086041,0
"main","NIKKEI","STAR_SV","2023-06",1.00444446982268,1078.22473470577,1828.63513215935,0
"main","NIKKEI","STAR_SV","2023-07",1.00527438493242,1058.38202333537,1408.93859338481,0
"main","NIKKEI","STAR_SV","2023-08",1.00485467332258,1234.30735729351,1970.47727403985,0
"main","NIKKEI","STAR_SV","2023-09",1.00416643552252,931.791131276871,1310.6586074022,0
"main","NIKKEI","STAR_SV","2023-10",1.00877594774876,907.842131024305,1772.69935672978,0
"main","NIKKEI","STAR_SV","2023-11",1.00841200261734,992.562955948448,1621.74646625244,0
"main","NIKKEI","STAR_SV","2023-12",1.00767195096419,904.52949118754,1868.97111765998,0
"main","NIKKEI","TSV_RT","2018-01",1.00462208334032,909.747917068867,1783.47427309863,0
"main","NIKKEI","TSV_RT","2018-02",1.00819247034667,791.22610533884,1636.9543577777,0
"main","NIKKEI","TSV_RT","2018-03",1.00520172877432,1126.46275222633,2007.46525370469,0
"main","NIKKEI","TSV_RT","2018-04",1.00546951143127,1014.05039512557,1947.30104740289,0
"main","NIKKEI","TSV_RT","2018-05",1.00500725880099,905.034876302795,1508.55376263813,0
"main","NIKKEI","TSV_RT","2018-06",1.00390043503261,931.484196893294,1491.06203764061,0
"main","NIKKEI","TSV_RT","2018-07",1.00698015587791,1041.48554097869,2010.82121936911,0
"main","NIKKEI","TSV_RT","2018-08",1.00475759819813,926.183805179968,1461.47409553088,0
"main","NIKKEI","TSV_RT","2018-09",1.00703626137871,909.556165293199,1757.80031386961,0
"main","NIKKEI","TSV_RT","2018-10",1.00435078196595,839.399555147688,1727.29855723815,0
"main","NIKKEI","TSV_RT","2018-11",1.00830764289528,1081.25095025024,1823.70924395082,0
"main","NIKKEI","TSV_RT","2018-12",1.0051594623225,904.530015147666,1683.54705359567,0
"main","NIKKEI","TSV_RT","2019-01",1.00517684690126,1002.6730267011,1444.88531821961,0
"main","NIKKEI","TSV_RT","2019-02",1.0084231181155,791.870470671965,1436.28316296279,0
"main","NIKKEI","TSV_RT","2019-03",1.00594930334962,865.36331597667,1423.55340743119,0
"main","NIKKEI","TSV_RT","2019-04",1.00630728755755,966.578105765361,1761.98512207266,0
"main","NIKKEI","TSV_RT","2019-05",1.00396007776021,987.21940633058,1857.5505986177,0
"main","NIKKEI","TSV_RT","2019-06",1.0052670970477,966.606476246301,1333.11156331219,0
"main","NIKKEI","TSV_RT","2019-07",1.00570968278971,899.637891550603,1538.04006845044,0
"main","NIKKEI","TSV_RT","2019-08",1.00637439575816,896.442522332955,1697.0874577801,0
"main","NIKKEI","TSV_RT","2019-09",1.00200266444163,1644.87763654912,3317.91410042303,0
"main","NIKKEI","TSV_RT","2019-10",1.00566819111416,801.763679444552,1660.88040723475,0
"main","NIKKEI","TSV_RT","2019-11",1.00326949097754,2001.18923010675,3812.88686511186,0
"main","NIKKEI","TSV_RT","2019-12",1.00430419778064,846.122288389482,1425.50045840993,0
"main","NIKKEI","TSV_RT","2020-01",1.00406404013091,1045.54332767988,1885.04834029017,0
"main","NIKKEI","TSV_RT","2020-02",1.00867337726507,902.231683438875,1680.50608963548,0
"main","NIKKEI","TSV_RT","2020-03",1.00774269891889,949.594103386307,1754.80612663161,0
"main","NIKKEI","TSV_RT","2020-04",1.00470216600482,1000.98150345138,2062.78703229738,0
"main","NIKKEI","TSV_RT","2020-05",1.00527149843649,1049.79572636543,2061.74088057797,0
"main","NIKKEI","TSV_RT","2020-06",1.00411915332036,959.508670517247,1777.83922789805,0
"main","NIKKEI","TSV_RT","2020-07",1.00402339737435,881.632052649302,1725.20910248768,0
"main","NIKKEI","TSV_RT","2020-08",1.00406817476119,898.731032389168,1503.14083773035,0
"main","NIKKEI","TSV_RT","2020-09",1.00702697713049,780.895610857452,1454.42528582061,0
"main","NIKKEI","TSV_RT","2020-10",1.00382975279613,970.536787601471,1756.6108733413,0
"main","NIKKEI","TSV_RT","2020-11",1.00656585354652,796.424058164025,1358.16489418085,0
"main","NIKKEI","TSV_RT","2020-12",1.00420865833117,862.314144132845,1460.55035357784,0
"main","NIKKEI","TSV_RT","2021-01",1.00264165565031,1716.374117232,3191.34767608223,0
"main","NIKKEI","TSV_RT","2021-02",1.00473011651279,637.310341947936,1256.17705456056,0
"main","NIKKEI","TSV_RT","2021-03",1.00589571604279,883.147751272302,1958.85784062232,0
"main","NIKKEI","TSV_RT","2021-04",1.00546407236661,952.173722466149,1761.23853143965,0
"main","NIKKEI","TSV_RT","2021-05",1.00444815047562,913.54236570991,1673.94337987494,0
"main","NIKKEI","TSV_RT","2021-06",1.00506683552321,744.238364208364,1555.49506805313,0
"main","NIKKEI","TSV_RT","2021-07",1.00447342142716,740.974064889986,1278.52903247708,0
"main","NIKKEI","TSV_RT","2021-08",1.00721057800848,905.376386109785,1657.45854347228,0
"main","NIKKEI","TSV_RT","2021-09",1.00798823977224,775.704402689418,1604.33597476234,0
"main","NIKKEI","TSV_RT","2021-10",1.00458941791993,684.970418832714,1379.86777340981,0
"main","NIKKEI","TSV_RT","2021-11",1.00563311016566,783.065919694537,1322.92106786737,0
"main","NIKKEI","TSV_RT","2021-12",1.00751013881371,774.630361806323,1739.98444883758,0
"main","NIKKEI","TSV_RT","2022-01",1.00396978854798,744.588405046131,1393.90298783104,0
"main","NIKKEI","TSV_RT","2022-02",1.00667537863783,837.748040593856,1629.89345357068,0
"main","NIKKEI","TSV_RT","2022-03",1.00315637110364,827.075558996183,1414.25865014302,0
"main","NIKKEI","TSV_RT","2022-04",1.00494264921845,744.27708645546,1659.66112828556,0
"main","NIKKEI","TSV_RT","2022-05",1.00360018056514,815.289581943971,1627.20852843502,0
"main","NIKKEI","TSV_RT","2022-06",1.00580145570393,1014.81145302108,1735.34937227123,0
"main","NIKKEI","TSV_RT","2022-07",1.00590471912568,986.359017872752,1704.46922159715,0
"main","NIKKEI","TSV_RT","2022-08",1.00522696840929,758.471614095665,1187.74668623008,0
"main","NIKKEI","TSV_RT","2022-09",1.00216831951723,1851.06408686955,3185.67359055115,0
"main","NIKKEI","TSV_RT","2022-10",1.00442414296644,947.428882166016,1818.83085293957,0
"main","NIKKEI","TSV_RT","2022-11",1.00517031985096,930.241955600911,1597.25193049918,0
"main","NIKKEI","TSV_RT","2022-12",1.00362339134772,824.147095362435,1551.00168766981,0
"main","NIKKEI","TSV_RT","2023-01",1.00459770527054,846.599297599826,1649.14462961628,0
"main","NIKKEI","TSV_RT","2023-02",1.00543634644362,827.895617453926,1616.39125862476,0
"main","NIKKEI","TSV_RT","2023-03",1.00534667989638,834.424386705907,1698.08827682519,0
"main","NIKKEI","TSV_RT","2023-04",1.00522276687787,850.840687001089,1546.03143309048,0
"main","NIKKEI","TSV_RT","2023-05",1.00795124829416,725.52155990164,1487.25165081509,0
"main","NIKKEI","TSV_RT","2023-06",1.00340884845954,960.260882852843,1915.21937674695,0
"main","NIKKEI","TSV_RT","2023-07",1.00560197856976,732.930006340915,1604.58974565401,0
"main","NIKKEI","TSV_RT","2023-08",1.00697826872293,786.324849147702,1522.89644970048,0
"main","NIKKEI","TSV_RT","2023-09",1.00696702611853,748.338616406423,1234.23040962908,0
"main","NIKKEI","TSV_RT","2023-10",1.00205215074854,1563.84933205118,2993.58551613928,0
"main","NIKKEI","TSV_RT","2023-11",1.00726083048541,760.977665513472,1387.06940399909,0
"main","NIKKEI","TSV_RT","2023-12",1.00196391300803,1412.16633972321,3069.4305189154,0
"main","SHCOMP","AARSV","2018-01",1.00488200468933,1292.79591019672,2243.17066687981,0
"main","SHCOMP","AARSV","2018-02",1.00539949968644,1189.91193969822,1886.62402054114,0
"main","SHCOMP","AARSV","2018-03",1.0052536923188,1273.42866601814,2120.23596598668,0
"main","SHCOMP","AARSV","2018-04",1.0036787672733,1116.5657805523,1130.47202635426,0
"main","SHCOMP","AARSV","2018-05",1.00671767337026,1360.28199536067,2157.20443729658,0
"main","SHCOMP","AARSV","2018-06",1.00367964192021,1397.09421914443,2001.82252673377,0
"main","SHCOMP","AARSV","2018-07",1.00537157300808,1083.00297022712,1763.56644807509,0
"main","SHCOMP","AARSV","2018-08",1.00396754471883,1232.49757699307,2040.38739538079,0
"main","SHCOMP","AARSV","2018-09",1.00434787482195,1404.77657563538,2000.68410127896,0
"main","SHCOMP","AARSV","2018-10",1.00895799040654,1354.51518410231,1111.49749003712,0
"main","SHCOMP","AARSV","2018-11",1.00524734641902,1345.73952810572,2024.95640989829,0
"main","SHCOMP","AARSV","2018-12",1.00489190980471,1148.3013572218,1953.30044929839,0
"main","SHCOMP","AARSV","2019-01",1.00407456930629,1358.96700610252,2199.2886691833,0
"main","SHCOMP","AARSV","2019-02",1.00527506083756,1411.75167291485,1899.07988054389,0
"main","SHCOMP","AARSV","2019-03",1.00368338131464,1326.80048900401,1877.21896454723,0
"main","SHCOMP","AARSV","2019-04",1.00723133389425,1395.33924435862,1909.88353950222,0
"main","SHCOMP","AARSV","2019-05",1.00513505892069,1286.23465795044,1878.90535092028,0
"main","SHCOMP","AARSV","2019-06",1.00629079506806,1095.08604274365,2036.13328104326,0
"main","SHCOMP","AARSV","2019-07",1.00478981278332,1198.22881396368,1833.86329606812,0
"main","SHCOMP","AARSV","2019-08",1.00338998665071,1360.48130864317,2148.09666092384,0
"main","SHCOMP","AARSV","2019-09",1.00519248916432,1256.3875679133,2024.51977730364,0
"main","SHCOMP","AARSV","2019-10",1.0039289730611,1252.05288410869,2075.14602244492,0
"main","SHCOMP","AARSV","2019-11",1.00433538812443,1424.78087570349,2181.31167608681,0
"main","SHCOMP","AARSV","2019-12",1.00631232025749,1302.02755528766,1556.78776170533,0
"main","SHCOMP","AARSV","2020-01",1.0066564704355,1193.95443926363,1801.78482159126,0
"main","SHCOMP","AARSV","2020-02",1.00584004473332,1307.31395063973,1659.38688062461,0
"main","SHCOMP","AARSV","2020-03",1.00628533635024,1377.61349675951,1650.21649541211,0
"main","SHCOMP","AARSV","2020-04",1.00596774861404,998.596942430589,1647.89973526364,0
"main","SHCOMP","AARSV","2020-05",1.00388136610757,1286.82849866927,1656.67439710674,0
"main","SHCOMP","AARSV","2020-06",1.00557282621545,1225.23175346988,2000.31871281853,0
"main","SHCOMP","AARSV","2020-07",1.00452732921835,1191.63453604621,2103.84592956457,0
"main","SHCOMP","AARSV","2020-08",1.00383684335834,1285.4099265861,1314.83327828686,0
"main","SHCOMP","AARSV","2020-09",1.00747324314233,1229.28290893624,2126.94575021239,0
"main","SHCOMP","AARSV","2020-10",1.00600768198438,1216.9704823834,1450.91338192482,0
"main","SHCOMP","AARSV","2020-11",1.00408172902177,1218.35287839762,1814.30827459691,0
"main","SHCOMP","AARSV","2020-12",1.00431495719144,1465.11588501634,2191.36438224685,0
"main","SHCOMP","AARSV","2021-01",1.0059773516284,1161.00123271124,2205.35559035752,0
"main","SHCOMP","AARSV","2021-02",1.00368203761318,1168.92973972115,1176.61334299065,0
"main","SHCOMP","AARSV","2021-03",1.0055468624934,1272.85147359156,1943.05318282192,0
"main","SHCOMP","AARSV","2021-04",1.00372399049432,1195.59091246851,1684.62914384002,0
"main","SHCOMP","AARSV","2021-05",1.00500783340269,1074.07743967122,1163.41847020926,0
"main","SHCOMP","AARSV","2021-06",1.00423115132002,1234.01703533962,2047.12511444617,0
"main","SHCOMP","AARSV","2021-07",1.00580398972193,1098.02095260156,1867.86607453996,0
"main","SHCOMP","AARSV","2021-08",1.00708525068616,1226.72888440125,1708.58617779534,0
"main","SHCOMP","AARSV","2021-09",1.00411488890771,1222.84683089208,1948.01109178311,0
"main","SHCOMP","AARSV","2021-10",1.00490344863393,1007.11363761655,1640.85053539084,0
"main","SHCOMP","AARSV","2021-11",1.00300667863871,2629.00477408613,3753.38824658334,0
"main","SHCOMP","AARSV","2021-12",1.0051994532436,1254.54030559974,1976.39003122231,0
"main","SHCOMP","AARSV","2022-01",1.00545417448495,1168.21132124446,1970.74181435686,0
"main","SHCOMP","AARSV","2022-02",1.00384111669126,1114.06631235884,1333.04177143158,0
"main","SHCOMP","AARSV","2022-03",1.0033840225239,1241.01377250044,1895.07008583633,0
"main","SHCOMP","AARSV","2022-04",1.00679963563165,1357.79708392527,1850.49702151772,0
"main","SHCOMP","AARSV","2022-05",1.00637368782734,1267.4530325553,2104.49098565947,0
"main","SHCOMP","AARSV","2022-06",1.00526953036559,1097.66140268892,1490.98733748214,0
"main","SHCOMP","AARSV","2022-07",1.00373401851438,1349.40878396125,1753.50668276892,0
"main","SHCOMP","AARSV","2022-08",1.00362045014319,1065.30732647305,1770.75504181778,0
"main","SHCOMP","AARSV","2022-09",1.0043624161278,1177.62176795973,1920.71806255921,0
"main","SHCOMP","AARSV","2022-10",1.00548597672108,1054.45869888818,1456.35980632002,0
"main","SHCOMP","AARSV","2022-11",1.00415566725644,1278.91329115681,1978.92964496926,0
"main","SHCOMP","AARSV","2022-12",1.00497848509888,1134.34981221821,2047.25784878888,0
"main","SHCOMP","AARSV","2023-01",1.00449531276489,1140.70377423553,1826.53428633072,0
"main","SHCOMP","AARSV","2023-02",1.00499829638384,1185.40812228668,2066.0386575218,0
"main","SHCOMP","AARSV","2023-03",1.00420203631438,1228.74206304122,1972.69693472255,0
"main","SHCOMP","AARSV","2023-04",1.00310764574965,1252.3782352013,1895.45443246868,0
"main","SHCOMP","AARSV","2023-05",1.00532116003544,767.83529080516,1479.88097846773,0
"main","SHCOMP","AARSV","2023-06",1.00551665003086,1254.29670023091,1781.35764111232,0
"main","SHCOMP","AARSV","2023-07",1.0051868935984,862.883173075916,1577.10385186225,0
"main","SHCOMP","AARSV","2023-08",1.00427282223509,923.722849308511,1601.8843569157,0
"main","SHCOMP","AARSV","2023-09",1.00365066941348,1005.74828855355,1685.84802879713,0
"main","SHCOMP","AARSV","2023-10",1.00504602607048,1135.72433061409,1530.32736936464,0
"main","SHCOMP","AARSV","2023-11",1.00499435870001,1130.60733182646,1495.14345049622,0
"main","SHCOMP","AARSV","2023-12",1.00358207141211,968.54395823496,1662.6063119975,0
"main","SHCOMP","APARCH","2018-01",1.00203843741146,1757.57614616318,2573.61753558336,0
"main","SHCOMP","APARCH","2018-02",1.00329611497472,1824.83437752475,2526.38084342396,0
"main","SHCOMP","APARCH","2018-03",1.00239775833699,1832.2691767207,2506.19835675381,0
"main","SHCOMP","APARCH","2018-04",1.00219178391526,1964.81731923585,2583.31641323893,0
"main","SHCOMP","APARCH","2018-05",1.00196053809963,1706.66323402872,2560.9227911763,0
"main","SHCOMP","APARCH","2018-06",1.00221034171251,1794.78734964363,2489.5389159317,0
"main","SHCOMP","APARCH","2018-07",1.0014251728515,1764.87987874624,2347.94265706568,0
"main","SHCOMP","APARCH","2018-08",1.00088617123897,3579.02237519187,4883.42122864968,0
"main","SHCOMP","APARCH","2018-09",1.0017954822049,1804.83128060699,2119.70794829109,0
"main","SHCOMP","APARCH","2018-10",1.00310130658917,1747.84031544238,2184.8650763393,0
"main","SHCOMP","APARCH","2018-11",1.00207961606906,1727.12029637054,2453.75247062202,0
"main","SHCOMP","APARCH","2018-12",1.00425777741113,1766.26651612729,1864.72943276579,0
"main","SHCOMP","APARCH","2019-01",1.00331079224236,1796.23643028394,2005.86355111275,0
"main","SHCOMP","APARCH","2019-02",1.00165776649769,1990.52126798377,2568.65260159927,0
"main","SHCOMP","APARCH","2019-03",1.00192735424089,1718.64300473518,1506.25457874777,0
"main","SHCOMP","APARCH","2019-04",1.00141988013962,1892.26088483611,2339.79670940368,0
"main","SHCOMP","APARCH","2019-05",1.00211209185409,2117.47127378374,2528.86595633772,0
"main","SHCOMP","APARCH","2019-06",1.00266383259688,1999.78687040045,2373.77550317477,0
"main","SHCOMP","APARCH","2019-07",1.00303942904827,1848.92958817668,2210.97174435316,0
"main","SHCOMP","APARCH","2019-08",1.00211578783428,2084.63624326329,2449.97026590476,0
"main","SHCOMP","APARCH","2019-09",1.00376146753005,1676.85666848041,2144.95718549426,0
"main","SHCOMP","APARCH","2019-10",1.00236525871598,2000.65991073908,2443.68709027418,0
"main","SHCOMP","APARCH","2019-11",1.00276610615776,1769.30509448944,2103.87384737806,0
"main","SHCOMP","APARCH","2019-12",1.00166641756403,1904.79397260887,2626.62319998756,0
"main","SHCOMP","APARCH","2020-01",1.00244882590308,1500.28534624683,2376.10486787317,0
"main","SHCOMP","APARCH","2020-02",1.0027128533159,1855.23892222353,2437.82842922764,0
"main","SHCOMP","APARCH","2020-03",1.00179151326818,1921.76795678935,2440.93266884034,0
"main","SHCOMP","APARCH","2020-04",1.00297713550833,1691.05043617799,2256.80111037295,0
"main","SHCOMP","APARCH","2020-05",1.00151692575675,1875.86762586254,2592.24106113064,0
"main","SHCOMP","APARCH","2020-06",1.00308793152692,2006.0409380303,2149.1505214583,0
"main","SHCOMP","APARCH","2020-07",1.00354860848052,1771.94142770194,2302.44438894865,0
"main","SHCOMP","APARCH","2020-08",1.00199935925836,1498.32121721041,2630.55102105512,0
"main","SHCOMP","APARCH","2020-09",1.00377098863764,1863.26173822939,1964.09957760183,0
"main","SHCOMP","APARCH","2020-10",1.00193241547552,1961.25809189709,2430.14310173327,0
"main","SHCOMP","APARCH","2020-11",1.00120918862658,1829.19690181013,2661.44946220592,0
"main","SHCOMP","APARCH","2020-12",1.00168621378259,1816.31769799997,2337.08562888201,0
"main","SHCOMP","APARCH","2021-01",1.00607156553782,1650.29382806914,2432.83618291245,0
"main","SHCOMP","APARCH","2021-02",1.00481485105485,1897.29607238565,2293.77335281734,0
"main","SHCOMP","APARCH","2021-03",1.00352141921476,1856.96690125495,2429.63290149069,0
"main","SHCOMP","APARCH","2021-04",1.00150745268856,1897.52560169667,2562.77694703344,0
"main","SHCOMP","APARCH","2021-05",1.00218845486816,2008.84213895361,2320.85255465088,0
"main","SHCOMP","APARCH","2021-06",1.00210987138785,1740.65359532261,2474.44078197438,0
"main","SHCOMP","APARCH","2021-07",1.00374545068992,1359.65421311717,2229.98056204391,0
"main","SHCOMP","APARCH","2021-08",1.0039085422482,1945.10558305448,1735.94864318813,0
"main","SHCOMP","APARCH","2021-09",1.0038209173896,1579.88342897044,2516.99594551036,0
"main","SHCOMP","APARCH","2021-10",1.0017793224605,1980.44489898654,2337.33187758341,0
"main","SHCOMP","APARCH","2021-11",1.00276290933492,1879.45914144985,2356.55262178176,0
"main","SHCOMP","APARCH","2021-12",1.0035010416064,1803.15953241999,2507.14243435942,0
"main","SHCOMP","APARCH","2022-01",1.00173550441915,1607.79097415594,2237.29700736667,0
"main","SHCOMP","APARCH","2022-02",1.00292241952312,1919.57880423725,2053.56046953681,0
"main","SHCOMP","APARCH","2022-03",1.00203919016244,1560.34508876923,2027.65243644614,0
"main","SHCOMP","APARCH","2022-04",1.00213637139535,1808.55677413975,2695.49413637409,0
"main","SHCOMP","APARCH","2022-05",1.00296961278233,1960.83663420641,2177.55787766413,0
"main","SHCOMP","APARCH","2022-06",1.00236764613143,1972.50956199106,2624.58955197746,0
"main","SHCOMP","APARCH","2022-07",1.00124386322449,2029.21970614298,2597.44937741807,0
"main","SHCOMP","APARCH","2022-08",1.00081314022962,3655.12010978889,4986.52351746422,0
"main","SHCOMP","APARCH","2022-09",1.0026406180348,1888.92294771202,2303.824839361,0
"main","SHCOMP","APARCH","2022-10",1.00166663127756,1834.17969770427,2159.30864946244,0
"main","SHCOMP","APARCH","2022-11",1.00191102666653,1958.60458430695,2667.42316910711,0
"main","SHCOMP","APARCH","2022-12",1.00164101370517,1948.51740534186,2206.62462631821,0
"main","SHCOMP","APARCH","2023-01",1.0023002120963,1795.02996579627,2558.74450519042,0
"main","SHCOMP","APARCH","2023-02",1.0040444311538,1599.80513764899,1631.75106066253,0
"main","SHCOMP","APARCH","2023-03",1.00438284967552,1769.04872105969,2401.6312208302,0
"main","SHCOMP","APARCH","2023-04",1.00333494581614,1634.7887762267,1609.52893819536,0
"main","SHCOMP","APARCH","2023-05",1.00353454270937,1659.85607683917,1894.22339812456,0
"main","SHCOMP","APARCH","2023-06",1.0028911032252,1665.3216044165,2470.62339331664,0
"main","SHCOMP","APARCH","2023-07",1.00307290444034,1501.9786098287,1766.48630695487,0
"main","SHCOMP","APARCH","2023-08",1.00237712298526,1302.81931331506,743.766397503967,0
"main","SHCOMP","APARCH","2023-09",1.00493275006564,1523.07482693231,1741.04591115726,0
"main","SHCOMP","APARCH","2023-10",1.00357438654692,1167.66303619249,1285.319862741,0
"main","SHCOMP","APARCH","2023-11",1.00289869279099,1146.99724809093,1053.08942392139,0
"main","SHCOMP","APARCH","2023-12",1.00273807001201,1236.65203938682,1349.51692802667,0
"main","SHCOMP","ARSV","2018-01",1.0038653534777,1301.01658844099,1613.80578470113,0
"main","SHCOMP","ARSV","2018-02",1.00510337037877,1354.84910047716,2050.59711749009,0
"main","SHCOMP","ARSV","2018-03",1.00577253625228,1233.75543553716,2089.31080506213,0
"main","SHCOMP","ARSV","2018-04",1.0057141459015,1047.79357255517,1837.53878501352,0
"main","SHCOMP","ARSV","2018-05",1.00495023314451,1172.49658693984,1972.59102650256,0
"main","SHCOMP","ARSV","2018-06",1.00554434746349,1458.47736675742,1761.35121469423,0
"main","SHCOMP","ARSV","2018-07",1.00757086961277,1349.29351163883,1545.16616207708,0
"main","SHCOMP","ARSV","2018-08",1.00479004375073,1343.2201542066,1912.78234974354,0
"main","SHCOMP","ARSV","2018-09",1.00423361203287,1372.401819114,2099.03669626879,0
"main","SHCOMP","ARSV","2018-10",1.00675708458313,1051.05382738685,1911.03347152462,0
"main","SHCOMP","ARSV","2018-11",1.00319880312889,1352.83982194353,2025.50441541631,0
"main","SHCOMP","ARSV","2018-12",1.00312475562794,1333.19585534209,2009.31097387931,0
"main","SHCOMP","ARSV","2019-01",1.00475855619282,1252.69891659825,2027.48047429601,0
"main","SHCOMP","ARSV","2019-02",1.00555596504446,1327.96372924705,2052.54978659717,0
"main","SHCOMP","ARSV","2019-03",1.00338722986133,1404.72688318344,1667.00943332923,0
"main","SHCOMP","ARSV","2019-04",1.0071069175722,1294.54412312787,2050.1029767816,0
"main","SHCOMP","ARSV","2019-05",1.00649015887779,1331.57115944698,1823.66944260151,0
"main","SHCOMP","ARSV","2019-06",1.00521341985076,1292.97368945665,2051.51659327904,0
"main","SHCOMP","ARSV","2019-07",1.00438075378367,1234.732627943,1972.45063122432,0
"main","SHCOMP","ARSV","2019-08",1.00598067587727,1259.12971180657,1918.39044943865,0
"main","SHCOMP","ARSV","2019-09",1.00475432015058,1323.80366428816,1742.53641283131,0
"main","SHCOMP","ARSV","2019-10",1.00653596064921,1264.61793433779,1859.37808551746,0
"main","SHCOMP","ARSV","2019-11",1.00459093219644,1437.60727201172,1923.78349107331,0
"main","SHCOMP","ARSV","2019-12",1.00195868673978,2514.44283545263,4094.37419708963,0
"main","SHCOMP","ARSV","2020-01",1.00613220812085,1354.35045271481,1893.66959421166,0
"main","SHCOMP","ARSV","2020-02",1.00773552011054,1196.48751945825,1758.41880934999,0
"main","SHCOMP","ARSV","2020-03",1.00490077796868,1263.80063329098,2200.28357182129,0
"main","SHCOMP","ARSV","2020-04",1.00614346353634,1149.0117822664,1749.90681040228,0
"main","SHCOMP","ARSV","2020-05",1.00441538505069,1217.73343951974,2036.69154245512,0
"main","SHCOMP","ARSV","2020-06",1.00204290557245,2335.85324628792,3989.93901678955,0
"main","SHCOMP","ARSV","2020-07",1.00406212309644,1351.25463872277,2007.27834938061,0
"main","SHCOMP","ARSV","2020-08",1.00365486380041,2765.15709530373,4337.26738489379,0
"main","SHCOMP","ARSV","2020-09",1.00518635694387,1248.52759364637,2064.66817928895,0
"main","SHCOMP","ARSV","2020-10",1.00603805302005,1255.28503435891,2017.73000819476,0
"main","SHCOMP","ARSV","2020-11",1.00388152679791,1241.74370314104,1761.15915869566,0
"main","SHCOMP","ARSV","2020-12",1.00574711833461,1224.81996460167,2066.39002472538,0
"main","SHCOMP","ARSV","2021-01",1.00529745187159,1189.42856610067,1716.31546709479,0
"main","SHCOMP","ARSV","2021-02",1.00630907157733,1171.88135597819,1717.55873813054,0
"main","SHCOMP","ARSV","2021-03",1.00541834557813,1397.80362811092,1886.58150471335,0
"main","SHCOMP","ARSV","2021-04",1.00353644763599,1356.14464663133,2062.4120403913,0
"main","SHCOMP","ARSV","2021-05",1.00369361581872,1302.25029183416,1946.5855860833,0
"main","SHCOMP","ARSV","2021-06",1.00633451024213,1319.29022700112,2033.96341317887,0
"main","SHCOMP","ARSV","2021-07",1.00519709711533,1365.34992913857,2167.19046627608,0
"main","SHCOMP","ARSV","2021-08",1.00472691423856,1195.89933490676,1939.71791322415,0
"main","SHCOMP","ARSV","2021-09",1.00262798916298,2597.84841054592,4103.50155190475,0
"main","SHCOMP","ARSV","2021-10",1.00240394984197,2299.27643984315,4049.41853081978,0
"main","SHCOMP","ARSV","2021-11",1.00309606928865,2893.1124409237,4236.77204855314,0
"main","SHCOMP","ARSV","2021-12",1.00595449619583,1246.66838313893,2383.64943761939,0
"main","SHCOMP","ARSV","2022-01",1.00595908868141,1227.84033517379,1883.75277003967,0
"main","SHCOMP","ARSV","2022-02",1.00430974021147,1364.04435108058,2047.70689906156,0
"main","SHCOMP","ARSV","2022-03",1.00661114885694,1174.24916056372,2032.52619854394,0
"main","SHCOMP","ARSV","2022-04",1.00397147021219,1249.64442696595,2054.47834635553,0
"main","SHCOMP","ARSV","2022-05",1.00479230871981,1262.69529347965,2080.04148395791,0
"main","SHCOMP","ARSV","2022-06",1.00331666932124,1339.50821470369,2019.0500183862,0
"main","SHCOMP","ARSV","2022-07",1.00466163458674,1295.94041460829,2030.23338783497,0
"main","SHCOMP","ARSV","2022-08",1.00705134788058,1139.25449618842,1944.18216947977,0
"main","SHCOMP","ARSV","2022-09",1.00541350055442,1132.58137888266,1678.25027434417,0
"main","SHCOMP","ARSV","2022-10",1.00414276137665,1306.8347962266,1701.97228844175,0
"main","SHCOMP","ARSV","2022-11",1.00443513891275,1282.36613897894,1847.66658178051,0
"main","SHCOMP","ARSV","2022-12",1.00436911065075,1158.56586412232,1971.94881091789,0
"main","SHCOMP","ARSV","2023-01",1.00335324994003,1117.45777159396,1914.77236195844,0
"main","SHCOMP","ARSV","2023-02",1.00752582162271,1154.62552409514,1620.07136489058,0
"main","SHCOMP","ARSV","2023-03",1.0030840292211,2664.17029713961,4182.67009770016,0
"main","SHCOMP","ARSV","2023-04",1.00376245301854,1317.46240475884,2062.05294398347,0
"main","SHCOMP","ARSV","2023-05",1.00351593908598,1276.07746562605,2128.1986083216,0
"main","SHCOMP","ARSV","2023-06",1.00853264695375,1261.71740068417,2138.97146510697,0
"main","SHCOMP","ARSV","2023-07",1.00511284038269,1371.49404090567,2062.16880079636,0
"main","SHCOMP","ARSV","2023-08",1.00464124216081,1304.17371328959,2082.87243780322,0
"main","SHCOMP","ARSV","2023-09",1.00266641723376,1242.60965917074,1859.78936029052,0
"main","SHCOMP","ARSV","2023-10",1.00474387075722,1240.37792688035,1836.58704107211,0
"main","SHCOMP","ARSV","2023-11",1.00318548023489,1174.91649122633,1718.71496846762,0
"main","SHCOMP","ARSV","2023-12",1.00259654926716,1329.11474027575,1568.54536814429,0
"main","SHCOMP","GARCH","2018-01",1.0025515046118,1710.06415379606,2313.41384377427,0
"main","SHCOMP","GARCH","2018-02",1.00250735426992,1685.88372612875,2418.76583229113,0
"main","SHCOMP","GARCH","2018-03",1.00298095226092,1899.96550041007,2492.6938314109,0
"main","SHCOMP","GARCH","2018-04",1.0033006456065,1568.05777898612,2070.01129703235,0
"main","SHCOMP","GARCH","2018-05",1.0013207871861,1749.18525665524,2149.58141914099,0
"main","SHCOMP","GARCH","2018-06",1.00189357302584,1816.28607964254,2597.60560892765,0
"main","SHCOMP","GARCH","2018-07",1.00151598146245,1845.88354162059,2279.58549801284,0
"main","SHCOMP","GARCH","2018-08",1.004556476511,1846.31591382227,2225.8988366575,0
"main","SHCOMP","GARCH","2018-09",1.00164131417952,1679.86222704484,2402.21191852424,0
"main","SHCOMP","GARCH","2018-10",1.00382107376053,1774.38820754635,2663.17917131408,0
"main","SHCOMP","GARCH","2018-11",1.00349563058099,1533.2718009491,2190.75486240211,0
"main","SHCOMP","GARCH","2018-12",1.00140193506996,1823.40848677903,2572.51109099391,0
"main","SHCOMP","GARCH","2019-01",1.00362404493874,1884.08128881189,2240.42353278818,0
"main","SHCOMP","GARCH","2019-02",1.00167195275526,1683.35776251745,2286.3787596766,0
"main","SHCOMP","GARCH","2019-03",1.00204039715841,1623.36234088404,2161.91134951723,0
"main","SHCOMP","GARCH","2019-04",1.00241999117451,1662.56632697672,2427.59368868944,0
"main","SHCOMP","GARCH","2019-05",1.00220781136677,1858.19545347827,2216.62616576391,0
"main","SHCOMP","GARCH","2019-06",1.00291508698885,1988.29568291274,2412.52800527929,0
"main","SHCOMP","GARCH","2019-07",1.00257944842815,1823.59377678326,2191.55696167555,0
"main","SHCOMP","GARCH","2019-08",1.00323272176562,1860.1919004878,2324.46578195485,0
"main","SHCOMP","GARCH","2019-09",1.00438070170825,1984.4945814634,2668.12940925264,0
"main","SHCOMP","GARCH","2019-10",1.00236303661858,1668.27577983314,2167.5486193644,0
"main","SHCOMP","GARCH","2019-11",1.00260919546886,1673.80137840324,2391.60363064612,0
"main","SHCOMP","GARCH","2019-12",1.00313126846085,1711.07794101794,2305.10449883841,0
"main","SHCOMP","GARCH","2020-01",1.00147024175922,1782.75537129859,2232.21358055803,0
"main","SHCOMP","GARCH","2020-02",1.00383739600832,1828.39133523503,2296.0277103049,0
"main","SHCOMP","GARCH","2020-03",1.00087776454674,1790.44474056959,2427.23148141332,0
"main","SHCOMP","GARCH","2020-04",1.00264290825297,1922.47685158149,2338.57974090242,0
"main","SHCOMP","GARCH","2020-05",1.00385667510395,1927.91683339023,2010.90138805871,0
"main","SHCOMP","GARCH","2020-06",1.00213258254411,1870.42239584957,2194.4348548791,0
"main","SHCOMP","GARCH","2020-07",1.00331165139764,1663.65364373237,2407.3505716505,0
"main","SHCOMP","GARCH","2020-08",1.00194514001542,1767.57719169725,2411.54147278414,0
"main","SHCOMP","GARCH","2020-09",1.00424213361355,1818.94340926872,2543.30695875823,0
"main","SHCOMP","GARCH","2020-10",1.0040566701283,1557.78294209829,2482.21450443277,0
"main","SHCOMP","GARCH","2020-11",1.00265981124073,1714.83689407308,2315.69001580915,0
"main","SHCOMP","GARCH","2020-12",1.00265806275515,1617.19772354428,2073.96816782903,0
"main","SHCOMP","GARCH","2021-01",1.00195811548706,1723.25794234029,2370.63056878367,0
"main","SHCOMP","GARCH","2021-02",1.00247265383325,1625.04758973214,1742.15368986443,0
"main","SHCOMP","GARCH","2021-03",1.00446454968574,1660.74173389025,2182.53324034672,0
"main","SHCOMP","GARCH","2021-04",1.00479128551623,1468.35487362669,2237.0179085549,0
"main","SHCOMP","GARCH","2021-05",1.00245565366455,1518.09846237773,2075.64251703983,0
"main","SHCOMP","GARCH","2021-06",1.00335898493648,1619.58457333665,1837.92440673857,0
"main","SHCOMP","GARCH","2021-07",1.00512297410006,1680.60976382133,2543.55728911487,0
"main","SHCOMP","GARCH","2021-08",1.00160461728414,1781.49003920183,2584.82452736732,0
"main","SHCOMP","GARCH","2021-09",1.00452498349967,1557.71077146748,1982.35032684615,0
"main","SHCOMP","GARCH","2021-10",1.00317755763629,1616.67280116671,2390.89650640736,0
"main","SHCOMP","GARCH","2021-11",1.00381918326395,1853.51337188792,2125.37129398452,0
"main","SHCOMP","GARCH","2021-12",1.00175829433585,1893.07149706642,2374.87713149016,0
"main","SHCOMP","GARCH","2022-01",1.00248641282003,1896.12698874367,2421.33754747996,0
"main","SHCOMP","GARCH","2022-02",1.00181689146443,1814.83656856931,2422.09618444896,0
"main","SHCOMP","GARCH","2022-03",1.00330420973668,1756.38452846038,2242.79506167534,0
"main","SHCOMP","GARCH","2022-04",1.00362244604238,1849.88041024891,2135.12575469915,0
"main","SHCOMP","GARCH","2022-05",1.00275534404358,1544.48639765931,2376.65140271298,0
"main","SHCOMP","GARCH","2022-06",1.00201341044049,1987.43540618759,2558.75479542749,0
"main","SHCOMP","GARCH","2022-07",1.00369579245487,1759.66865719729,2435.16476223137,0
"main","SHCOMP","GARCH","2022-08",1.00305676820286,1856.88493071158,2644.82219515873,0
"main","SHCOMP","GARCH","2022-09",1.0034163215646,1728.92626320566,2300.90637712034,0
"main","SHCOMP","GARCH","2022-10",1.00273692575209,1753.73394276136,2382.07928412035,0
"main","SHCOMP","GARCH","2022-11",1.00185561392952,1740.62944173767,2258.68925251711,0
"main","SHCOMP","GARCH","2022-12",1.00163315268776,1867.72922899107,2432.45801827135,0
"main","SHCOMP","GARCH","2023-01",1.00214116320638,1605.46999260417,2040.28106957998,0
"main","SHCOMP","GARCH","2023-02",1.00250492989416,1767.48009940922,1855.35047374174,0
"main","SHCOMP","GARCH","2023-03",1.00178454667519,1692.22514026196,2161.01336191265,0
"main","SHCOMP","GARCH","2023-04",1.00308196055946,1775.07188194105,2411.51570871073,0
"main","SHCOMP","GARCH","2023-05",1.00070939018523,1730.49549544261,2265.62814397506,0
"main","SHCOMP","GARCH","2023-06",1.00281406101338,1531.00962810495,2300.96524715889,0
"main","SHCOMP","GARCH","2023-07",1.00184695138278,1933.80240607916,2326.50585760945,0
"main","SHCOMP","GARCH","2023-08",1.001815575768,1689.22067957845,1679.27383203622,0
"main","SHCOMP","GARCH","2023-09",1.00184343663394,1801.96336852628,2372.49447213514,0
"main","SHCOMP","GARCH","2023-10",1.00206642932018,1778.33654550063,2254.97579701377,0
"main","SHCOMP","GARCH","2023-11",1.00331243204169,1860.4885547467,2313.45571975189,0
"main","SHCOMP","GARCH","2023-12",1.00228979015657,1859.53350953616,2180.66262927585,0
"main","SHCOMP","GJR_R","2018-01",1.00174108281145,1379.13172215454,1161.78282617606,0
"main","SHCOMP","GJR_R","2018-02",1.00440779389101,1600.23092379624,1390.14401243937,0
"main","SHCOMP","GJR_R","2018-03",1.00393602003477,1635.70575943834,1528.95697451237,0
"main","SHCOMP","GJR_R","2018-04",1.00175866107785,1443.20437686131,1760.19565453783,0
"main","SHCOMP","GJR_R","2018-05",1.00238772065339,1615.75044603157,1563.07230687313,0
"main","SHCOMP","GJR_R","2018-06",1.00188962270829,1403.74476466939,1305.07948372432,0
"main","SHCOMP","GJR_R","2018-07",1.00285721196825,1580.4957940318,1413.94893560861,0
"main","SHCOMP","GJR_R","2018-08",1.00261270607897,1743.32836377718,1432.11572267338,0
"main","SHCOMP","GJR_R","2018-09",1.0013892308396,1694.03414523645,1179.88859136035,0
"main","SHCOMP","GJR_R","2018-10",1.00375805952347,1528.3151436281,1449.5430906484,0
"main","SHCOMP","GJR_R","2018-11",1.0042409204516,1551.82716577093,986.677632641579,0
"main","SHCOMP","GJR_R","2018-12",1.00247337737675,1101.73112106527,998.663487319161,0
"main","SHCOMP","GJR_R","2019-01",1.0029536534251,1494.5933300091,1720.63684391219,0
"main","SHCOMP","GJR_R","2019-02",1.00444423251874,1538.39815987374,1340.86240445215,0
"main","SHCOMP","GJR_R","2019-03",1.00407430801328,1410.25557829815,1241.97823332217,0
"main","SHCOMP","GJR_R","2019-04",1.00291675914311,1423.87790507552,1434.45809520075,0
"main","SHCOMP","GJR_R","2019-05",1.00295318843673,1490.29967996777,1308.36231490576,0
"main","SHCOMP","GJR_R","2019-06",1.00193054102842,1528.55029579664,1170.9915212882,0
"main","SHCOMP","GJR_R","2019-07",1.00153254227263,1616.33317742291,1670.48857145517,0
"main","SHCOMP","GJR_R","2019-08",1.00332176350542,1405.4192806795,1152.48804820577,0
"main","SHCOMP","GJR_R","2019-09",1.00408893191068,1566.2235337525,1250.1638915868,0
"main","SHCOMP","GJR_R","2019-10",1.00694109339047,1547.8188821096,1395.66019096673,0
"main","SHCOMP","GJR_R","2019-11",1.00260145512714,1630.10223410933,1664.83291576844,0
"main","SHCOMP","GJR_R","2019-12",1.00163285098245,1572.54571432888,1078.87498890473,0
"main","SHCOMP","GJR_R","2020-01",1.0026527968404,1432.92258201269,1536.22002652998,0
"main","SHCOMP","GJR_R","2020-02",1.00195697672784,1619.7523603831,1435.70700627165,0
"main","SHCOMP","GJR_R","2020-03",1.00266884585382,1551.06763765807,1638.52209907101,0
"main","SHCOMP","GJR_R","2020-04",1.00382749608223,1189.12494475179,1145.06870321577,0
"main","SHCOMP","GJR_R","2020-05",1.00373953769171,1546.29627353988,1946.18838734841,0
"main","SHCOMP","GJR_R","2020-06",1.00239250666351,1436.50867773996,1077.61660653256,0
"main","SHCOMP","GJR_R","2020-07",1.00169058311675,1677.5859588583,1404.50423908408,0
"main","SHCOMP","GJR_R","2020-08",1.00124315291708,1530.82377248942,1540.2259494011,0
"main","SHCOMP","GJR_R","2020-09",1.00268604457936,1408.2986154631,1829.08281345552,0
"main","SHCOMP","GJR_R","2020-10",1.00193473554569,1509.49581732585,1443.02782314104,0
"main","SHCOMP","GJR_R","2020-11",1.00196790034653,1735.19646016229,1620.50332189261,0
"main","SHCOMP","GJR_R","2020-12",1.00141173402761,1610.37920478727,1712.76663712484,0
"main","SHCOMP","GJR_R","2021-01",1.00235421753914,1534.58073520292,1794.02891324486,0
"main","SHCOMP","GJR_R","2021-02",1.00113465721322,1798.31672465124,1527.46680540455,0
"main","SHCOMP","GJR_R","2021-03",1.0030638547343,1829.12848500379,1498.33406987119,0
"main","SHCOMP","GJR_R","2021-04",1.00489350701968,1768.43834543608,1551.10923590921,0
"main","SHCOMP","GJR_R","2021-05",1.0028602925073,1456.60162960345,1340.44051891221,0
"main","SHCOMP","GJR_R","2021-06",1.0030309018383,1534.14981352916,1387.01915600093,0
"main","SHCOMP","GJR_R","2021-07",1.00277425138387,1549.15681301466,1480.1869356422,0
"main","SHCOMP","GJR_R","2021-08",1.00428593934925,1630.45156110377,1606.94543354803,0
"main","SHCOMP","GJR_R","2021-09",1.00291787909802,1500.89111569629,1730.85263431852,0
"main","SHCOMP","GJR_R","2021-10",1.00216466039744,1658.29959764968,1332.62055430844,0
"main","SHCOMP","GJR_R","2021-11",1.00246108016534,1696.26604328905,1613.79046830565,0
"main","SHCOMP","GJR_R","2021-12",1.00466691951258,1631.89253298285,1174.56088504579,0
"main","SHCOMP","GJR_R","2022-01",1.00129359076437,1598.02592345117,1761.79556049614,0
"main","SHCOMP","GJR_R","2022-02",1.00197596669893,1831.91135523984,1598.73044511387,0
"main","SHCOMP","GJR_R","2022-03",1.00344404443771,1574.57639504877,1593.27400279589,0
"main","SHCOMP","GJR_R","2022-04",1.00109751476974,1538.57893249313,1614.89223599928,0
"main","SHCOMP","GJR_R","2022-05",1.00223200152408,1591.43577722611,1517.63080836208,0
"main","SHCOMP","GJR_R","2022-06",1.0026433101185,1599.31127005638,1637.39035853252,0
"main","SHCOMP","GJR_R","2022-07",1.0028057506495,1757.55494168195,2142.23754853591,0
"main","SHCOMP","GJR_R","2022-08",1.00257924416442,1768.39466868453,1903.32952963025,0
"main","SHCOMP","GJR_R","2022-09",1.00316101860874,1679.1508815737,1596.79690012877,0
"main","SHCOMP","GJR_R","2022-10",1.00233715989639,1424.46849506393,996.896851491136,0
"main","SHCOMP","GJR_R","2022-11",1.00177435955677,1795.61048078783,1692.65750309415,0
"main","SHCOMP","GJR_R","2022-12",1.00204950420917,1180.82842021507,746.065110791598,0
"main","SHCOMP","GJR_R","2023-01",1.00145021436666,1451.49424796493,1375.48322682644,0
"main","SHCOMP","GJR_R","2023-02",1.00292148146329,1388.73103838073,1472.32646879407,0
"main","SHCOMP","GJR_R","2023-03",1.00314391310931,1599.59103144031,1503.70835936502,0
"main","SHCOMP","GJR_R","2023-04",1.00178824157212,1914.17209292252,1681.02668231606,0
"main","SHCOMP","GJR_R","2023-05",1.0029670371049,1385.63753523755,1149.0141201585,0
"main","SHCOMP","GJR_R","2023-06",1.00175864255228,1428.60720581246,1375.93664303204,0
"main","SHCOMP","GJR_R","2023-07",1.00244007918823,1567.739174585,1804.9031487008,0
"main","SHCOMP","GJR_R","2023-08",1.0033720908244,1780.19189967753,2009.56044106942,0
"main","SHCOMP","GJR_R","2023-09",1.00126789704217,1608.43482988769,2187.47450623335,0
"main","SHCOMP","GJR_R","2023-10",1.00250717634285,1815.62625712672,2479.3013749113,0
"main","SHCOMP","GJR_R","2023-11",1.00137776497277,1761.42684028284,1940.99974331771,0
"main","SHCOMP","GJR_R","2023-12",1.00181864091338,1598.55302324122,1899.42306774132,0
"main","SHCOMP","GJR_U","2018-01",1.00356542139343,1575.54503770971,2458.93886969235,0
"main","SHCOMP","GJR_U","2018-02",1.00172827313823,1853.60129525911,2080.12128670052,0
"main","SHCOMP","GJR_U","2018-03",1.00301069567336,1826.84624889472,2579.55563438873,0
"main","SHCOMP","GJR_U","2018-04",1.00204351732373,1499.00912854356,1984.44133202362,0
"main","SHCOMP","GJR_U","2018-05",1.00333726778613,1958.6170958643,2014.2957538783,0
"main","SHCOMP","GJR_U","2018-06",1.00304956305898,1803.17165711858,2706.76999031558,0
"main","SHCOMP","GJR_U","2018-07",1.00387546305114,1865.58476921359,2372.42304281258,0
"main","SHCOMP","GJR_U","2018-08",1.00260634763285,1848.56552669524,2385.17712295029,0
"main","SHCOMP","GJR_U","2018-09",1.00225733488557,1716.3241974276,2741.05052296887,0
"main","SHCOMP","GJR_U","2018-10",1.00150245288278,1754.34803623245,2435.70011105756,0
"main","SHCOMP","GJR_U","2018-11",1.00194423652576,1507.5641685252,1959.06068865037,0
"main","SHCOMP","GJR_U","2018-12",1.005655028022,1697.71005633546,2501.20760403146,0
"main","SHCOMP","GJR_U","2019-01",1.00210901313413,1849.19287142909,2654.80844995202,0
"main","SHCOMP","GJR_U","2019-02",1.00197603679348,1833.68505747522,2619.83657284476,0
"main","SHCOMP","GJR_U","2019-03",1.00210002016837,1805.38477802898,2323.22150579411,0
"main","SHCOMP","GJR_U","2019-04",1.0020695594415,1671.0916202036,2307.37423897693,0
"main","SHCOMP","GJR_U","2019-05",1.00266679017099,1835.39610740795,2203.80985817124,0
"main","SHCOMP","GJR_U","2019-06",1.00178085044258,1637.95422412388,2381.99652515861,0
"main","SHCOMP","GJR_U","2019-07",1.00220755784435,1929.64188914625,2356.10832871544,0
"main","SHCOMP","GJR_U","2019-08",1.0012666085128,1734.19553298406,2438.09414436723,0
"main","SHCOMP","GJR_U","2019-09",1.00140467512072,1660.91286518193,2576.00882894925,0
"main","SHCOMP","GJR_U","2019-10",1.00299411569882,1767.44690471319,2239.68104235257,0
"main","SHCOMP","GJR_U","2019-11",1.00149679352544,1542.57588907113,2281.55210276591,0
"main","SHCOMP","GJR_U","2019-12",1.00195952778465,1760.37170920359,2290.33282799034,0
"main","SHCOMP","GJR_U","2020-01",1.00530321330717,1600.13976463866,2445.73092362015,0
"main","SHCOMP","GJR_U","2020-02",1.0017692677981,1879.23007524136,1960.90835557172,0
"main","SHCOMP","GJR_U","2020-03",1.00466543239305,1990.37283337724,2185.05738516165,0
"main","SHCOMP","GJR_U","2020-04",1.00281866714949,1667.874601924,2502.06890521269,0
"main","SHCOMP","GJR_U","2020-05",1.00360631103922,1838.97218844867,2523.16309125032,0
"main","SHCOMP","GJR_U","2020-06",1.00242533776111,1583.37899758559,2365.01366090654,0
"main","SHCOMP","GJR_U","2020-07",1.00520555567483,1861.71058803971,2272.82048006952,0
"main","SHCOMP","GJR_U","2020-08",1.0020965459231,1960.56628515948,2711.67274852378,0
"main","SHCOMP","GJR_U","2020-09",1.00328456679462,1867.33494960323,2499.19674043957,0
"main","SHCOMP","GJR_U","2020-10",1.00217597875267,1671.96511500619,2291.71209739226,0
"main","SHCOMP","GJR_U","2020-11",1.00246163051075,1918.49350720352,2680.92551154763,0
"main","SHCOMP","GJR_U","2020-12",1.00336793632118,1763.6509307456,2355.67408172742,0
"main","SHCOMP","GJR_U","2021-01",1.00403696101621,1733.32052529388,1876.58138076947,0
"main","SHCOMP","GJR_U","2021-02",1.00383935418399,1819.61093169026,2312.07587209261,0
"main","SHCOMP","GJR_U","2021-03",1.00167579392042,1825.16857804854,2415.59071566599,0
"main","SHCOMP","GJR_U","2021-04",1.00148676972755,1844.88257397858,2464.36913015193,0
"main","SHCOMP","GJR_U","2021-05",1.00158493479488,1939.07866331452,2649.24683071289,0
"main","SHCOMP","GJR_U","2021-06",1.00207175003715,1670.57718719623,2336.38674428975,0
"main","SHCOMP","GJR_U","2021-07",1.0022110824915,1755.25189353711,2460.90134941245,0
"main","SHCOMP","GJR_U","2021-08",1.00199365639796,1621.58628659518,2402.45617890838,0
"main","SHCOMP","GJR_U","2021-09",1.00311342553079,1821.90978831654,2273.41858144263,0
"main","SHCOMP","GJR_U","2021-10",1.00207714353008,1698.63127588982,2245.09296310756,0
"main","SHCOMP","GJR_U","2021-11",1.0022662683476,1643.37951761264,2660.63950447654,0
"main","SHCOMP","GJR_U","2021-12",1.00218241548067,1831.29178962767,2462.3929628466,0
"main","SHCOMP","GJR_U","2022-01",1.00234262145186,1840.44258294801,2423.75758059456,0
"main","SHCOMP","GJR_U","2022-02",1.00223870263092,1663.69488229252,2073.50964131349,0
"main","SHCOMP","GJR_U","2022-03",1.00367247956734,1918.81521609514,2562.46964927157,0
"main","SHCOMP","GJR_U","2022-04",1.00172176070401,1750.22862119529,2361.79739038987,0
"main","SHCOMP","GJR_U","2022-05",1.00128288032872,1746.26036367777,2335.23843983168,0
"main","SHCOMP","GJR_U","2022-06",1.00237463745502,1874.26410578586,2602.75620004211,0
"main","SHCOMP","GJR_U","2022-07",1.00247242543405,1640.29564529866,2471.81498926279,0
"main","SHCOMP","GJR_U","2022-08",1.00193523237224,1993.41006407091,2415.47970948125,0
"main","SHCOMP","GJR_U","2022-09",1.00217744816585,1869.01188897913,2494.39038152417,0
"main","SHCOMP","GJR_U","2022-10",1.00618302085336,1779.14168840341,2599.42972796123,0
"main","SHCOMP","GJR_U","2022-11",1.00151705881206,1674.58048807992,2482.21914389672,0
"main","SHCOMP","GJR_U","2022-12",1.00190318202027,1742.12004057131,2190.88902323396,0
"main","SHCOMP","GJR_U","2023-01",1.00288225734807,1880.04626548076,2397.04768675787,0
"main","SHCOMP","GJR_U","2023-02",1.0015152561574,1912.86653769222,2221.12487077592,0
"main","SHCOMP","GJR_U","2023-03",1.00276539456976,2108.87074505369,2326.63968998996,0
"main","SHCOMP","GJR_U","2023-04",1.00113951952579,1882.89666237216,2700.875948844,0
"main","SHCOMP","GJR_U","2023-05",1.00270288027214,1937.05403832101,2414.04158487162,0
"main","SHCOMP","GJR_U","2023-06",1.00227190539587,1667.64534185271,2079.33148396028,0
"main","SHCOMP","GJR_U","2023-07",1.00325759475862,1954.11405951539,2428.09929380431,0
"main","SHCOMP","GJR_U","2023-08",1.00136898276226,1974.44331028236,2111.81466433641,0
"main","SHCOMP","GJR_U","2023-09",1.00199978600435,1761.6658261448,2068.97574035618,0
"main","SHCOMP","GJR_U","2023-10",1.00271075783562,1418.34147945317,1392.568551015,0
"main","SHCOMP","GJR_U","2023-11",1.00207268957054,1554.68322071729,1217.54841702387,0
"main","SHCOMP","GJR_U","2023-12",1.00152711013152,1704.33572704741,2307.54442258255,0
"main","SHCOMP","STAR_SV","2018-01",1.00580947266247,942.425649750074,1359.45000045124,0
"main","SHCOMP","STAR_SV","2018-02",1.00310228728968,674.79650273346,892.662497688419,0
"main","SHCOMP","STAR_SV","2018-03",1.00360972280984,1233.11507685245,1759.53005869089,0
"main","SHCOMP","STAR_SV","2018-04",1.00438833654159,1154.26564540638,1405.65477191938,0
"main","SHCOMP","STAR_SV","2018-05",1.00422771186204,1408.96506500297,1764.85159828749,0
"main","SHCOMP","STAR_SV","2018-06",1.00349846849702,1145.24471811351,1853.12718772041,0
"main","SHCOMP","STAR_SV","2018-07",1.00497720650195,1145.19252514404,1807.86305876711,0
"main","SHCOMP","STAR_SV","2018-08",1.00458205401268,1047.03790881549,1699.5008075932,0
"main","SHCOMP","STAR_SV","2018-10",1.00359602387262,1276.48957410436,1720.02979672239,0
"main","SHCOMP","STAR_SV","2018-11",1.00416379758802,1322.68344711401,1669.70235941729,0
"main","SHCOMP","STAR_SV","2018-12",1.00629772363013,1309.03734049876,1878.43885648271,0
"main","SHCOMP","STAR_SV","2019-01",1.00579177600726,1110.5782799254,2029.75955051154,0
"main","SHCOMP","STAR_SV","2019-02",1.00329853429079,2050.24627854103,2444.55673467286,0
"main","SHCOMP","STAR_SV","2019-03",1.00564434753133,1271.71391786628,1820.65308487857,0
"main","SHCOMP","STAR_SV","2019-04",1.00183561896011,2168.16568358527,3311.69657818044,0
"main","SHCOMP","STAR_SV","2019-05",1.0042453990643,1220.50233581966,1600.88458056904,0
"main","SHCOMP","STAR_SV","2019-06",1.00231883501929,2391.25244730545,3833.44898924019,0
"main","SHCOMP","STAR_SV","2019-07",1.00604855701419,1186.59458349167,1862.41004986921,0
"main","SHCOMP","STAR_SV","2019-08",1.00427043433352,1227.20055615511,2073.66550628715,0
"main","SHCOMP","STAR_SV","2019-09",1.00431424055089,1320.42924434106,1841.07225285361,0
"main","SHCOMP","STAR_SV","2019-10",1.00633998013981,1056.83057265544,1461.85842045422,0
"main","SHCOMP","STAR_SV","2019-11",1.00695168527481,1065.51791520554,1668.17370752913,0
"main","SHCOMP","STAR_SV","2019-12",1.00536823367155,1058.49637604179,1293.27469986003,0
"main","SHCOMP","STAR_SV","2020-01",1.00469023831013,1084.79486882033,1168.67161358383,0
"main","SHCOMP","STAR_SV","2020-02",1.00367080239738,964.220512736816,1031.47356281465,0
"main","SHCOMP","STAR_SV","2020-03",1.00219583631301,2607.98905182272,3607.2994600423,0
"main","SHCOMP","STAR_SV","2020-04",1.00236416701937,2118.18166341889,2969.94415906236,0
"main","SHCOMP","STAR_SV","2020-05",1.00465541228431,1291.73122198387,2064.1545039255,0
"main","SHCOMP","STAR_SV","2020-06",1.00389302156757,1224.4338106156,1986.58136070354,0
"main","SHCOMP","STAR_SV","2020-07",1.00454207764354,1111.54392401093,1756.78191812486,0
"main","SHCOMP","STAR_SV","2020-08",1.00257976388279,2605.26086764444,3544.90528925558,0
"main","SHCOMP","STAR_SV","2020-09",1.0072152857935,1113.21888265706,1826.48008009717,0
"main","SHCOMP","STAR_SV","2020-10",1.00372971390054,1190.91015941481,1668.24632565545,0
"main","SHCOMP","STAR_SV","2020-11",1.00493733968284,1122.14342421024,1482.50721276721,0
"main","SHCOMP","STAR_SV","2020-12",1.00617953614386,1329.69277024412,1874.71661090888,0
"main","SHCOMP","STAR_SV","2021-01",1.00483211774519,1269.65830640067,2131.50583320613,0
"main","SHCOMP","STAR_SV","2021-02",1.00632690373929,872.782310339115,1698.01177515403,0
"main","SHCOMP","STAR_SV","2021-03",1.00424123880386,1245.54596333756,2039.34481300538,0
"main","SHCOMP","STAR_SV","2021-04",1.00422857987611,1026.61544289246,1695.70940287058,0
"main","SHCOMP","STAR_SV","2021-05",1.00444387647183,1064.86993342049,1650.71269923497,0
"main","SHCOMP","STAR_SV","2021-06",1.00634979478814,1047.27115690744,1781.36683925507,0
"main","SHCOMP","STAR_SV","2021-07",1.00254518498179,2447.28510906303,4030.75915315064,0
"main","SHCOMP","STAR_SV","2021-08",1.00359617568196,1177.89824770719,1595.42430945519,0
"main","SHCOMP","STAR_SV","2021-09",1.00445524134833,1326.04640489431,1827.14320725072,0
"main","SHCOMP","STAR_SV","2021-10",1.00353449079661,1165.54654508065,1804.22321979337,0
"main","SHCOMP","STAR_SV","2021-11",1.00692991534957,1029.95688769591,1694.06237163054,0
"main","SHCOMP","STAR_SV","2021-12",1.00585339971157,1364.32867555785,1905.92343645466,0
"main","SHCOMP","STAR_SV","2022-01",1.0034047413406,1370.66842910914,1951.8947139242,0
"main","SHCOMP","STAR_SV","2022-02",1.00464980339384,1323.98461154008,1955.58860927275,0
"main","SHCOMP","STAR_SV","2022-03",1.0050491089108,1262.48432194771,2032.13988563973,0
"main","SHCOMP","STAR_SV","2022-04",1.00424436881624,1227.59850238966,2005.89844733559,0
"main","SHCOMP","STAR_SV","2022-05",1.00221186591086,2408.09555535316,3941.96104169765,0
"main","SHCOMP","STAR_SV","2022-06",1.00286178075939,2520.8175494835,3953.15019096598,0
"main","SHCOMP","STAR_SV","2022-07",1.00354232435555,1192.9594546364,1553.42740845561,0
"main","SHCOMP","STAR_SV","2022-08",1.00533456189537,1135.49082769657,1843.80311577828,0
"main","SHCOMP","STAR_SV","2022-09",1.00623515377445,1115.41198537979,1825.10305802296,0
"main","SHCOMP","STAR_SV","2022-10",1.00277350028767,2312.99709202144,3976.71891338903,0
"main","SHCOMP","STAR_SV","2022-11",1.00405253033333,1122.06898961365,1966.64784529504,0
"main","SHCOMP","STAR_SV","2022-12",1.00459573867192,1189.21484188105,1867.15074875137,0
"main","SHCOMP","STAR_SV","2023-01",1.0044868003124,1047.4319188031,1429.61691751381,0
"main","SHCOMP","STAR_SV","2023-02",1.0015736540756,1839.37829130986,3390.79445648247,0
"main","SHCOMP","STAR_SV","2023-03",1.00359599732713,1286.09358767499,1784.41299636675,0
"main","SHCOMP","STAR_SV","2023-04",1.00263321635001,1113.5303965922,2438.14279600773,0
"main","SHCOMP","STAR_SV","2023-05",1.00362200964033,1136.80662175393,1855.79406483218,0
"main","SHCOMP","STAR_SV","2023-06",1.00514667461554,791.318854688417,1140.94369398335,0
"main","SHCOMP","STAR_SV","2023-07",1.00498429075574,663.679255466024,658.290915883004,0
"main","SHCOMP","STAR_SV","2023-08",1.00668186426831,1007.71590280202,722.618726426355,0
"main","SHCOMP","STAR_SV","2023-09",1.00114406319601,2617.59928305613,3346.69820271244,0
"main","SHCOMP","STAR_SV","2023-10",1.00473443284961,1366.33210014359,1877.90225452942,0
"main","SHCOMP","STAR_SV","2023-12",1.00438753350431,1274.86853478641,1716.19823888566,0
"main","SHCOMP","TSV_RT","2018-01",1.00364488809832,1172.73414600067,1860.6805759289,0
"main","SHCOMP","TSV_RT","2018-02",1.00359143860528,1492.15729370803,1821.62475345844,0
"main","SHCOMP","TSV_RT","2018-03",1.00306312600184,1517.93856400598,2136.83375815759,0
"main","SHCOMP","TSV_RT","2018-04",1.00389533889814,1385.76192002126,2044.8334563324,0
"main","SHCOMP","TSV_RT","2018-05",1.00493766947822,1206.11478507497,2052.24031537409,0
"main","SHCOMP","TSV_RT","2018-06",1.00441395703732,1156.07713298715,1994.41919758673,0
"main","SHCOMP","TSV_RT","2018-07",1.00440735379913,1423.80999081846,1993.2411233127,0
"main","SHCOMP","TSV_RT","2018-08",1.00429985935539,1364.48970924048,1827.06308037335,0
"main","SHCOMP","TSV_RT","2018-09",1.00479616388111,1323.13453061281,1773.46694093589,0
"main","SHCOMP","TSV_RT","2018-10",1.00418694800526,1190.89375774056,2010.30595397245,0
"main","SHCOMP","TSV_RT","2018-11",1.00461100713059,1306.4836985954,1821.74381781827,0
"main","SHCOMP","TSV_RT","2018-12",1.00550729121198,1282.54480467112,1858.4184056615,0
"main","SHCOMP","TSV_RT","2019-01",1.005533218354,1376.0736510423,1897.30810703897,0
"main","SHCOMP","TSV_RT","2019-02",1.00575554661657,1311.91318234671,1504.74305797715,0
"main","SHCOMP","TSV_RT","2019-03",1.00459793855185,1385.46329283328,2130.95803979707,0
"main","SHCOMP","TSV_RT","2019-04",1.00519474864318,1296.15331782325,1895.11493285454,0
"main","SHCOMP","TSV_RT","2019-05",1.00318230952618,1323.88405567312,1666.71881951907,0
"main","SHCOMP","TSV_RT","2019-06",1.00578655191206,1406.89138259669,1698.24008582605,0
"main","SHCOMP","TSV_RT","2019-07",1.00479135801404,1350.77961963141,1858.12861718537,0
"main","SHCOMP","TSV_RT","2019-08",1.00725159827725,1220.39224350373,2031.82978096324,0
"main","SHCOMP","TSV_RT","2019-09",1.00362984739587,1171.4270965542,1818.07307904466,0
"main","SHCOMP","TSV_RT","2019-10",1.0037588683186,1419.46142944823,2110.9181315028,0
"main","SHCOMP","TSV_RT","2019-11",1.00476156450465,1335.5982515875,1948.2060033989,0
"main","SHCOMP","TSV_RT","2019-12",1.00532802029079,1295.74595590843,1892.31639567667,0
"main","SHCOMP","TSV_RT","2020-01",1.00487734827412,1275.75140813626,2027.59258587899,0
"main","SHCOMP","TSV_RT","2020-02",1.00413639886811,1310.22356653879,1995.02347080235,0
"main","SHCOMP","TSV_RT","2020-03",1.00392366399211,1022.06803820933,1538.35340519239,0
"main","SHCOMP","TSV_RT","2020-04",1.00683244411469,1265.96657374575,2349.62603144699,0
"main","SHCOMP","TSV_RT","2020-05",1.00476510925302,1121.00960595745,1797.85207680661,0
"main","SHCOMP","TSV_RT","2020-06",1.00404781443508,1378.73595692215,1530.16436828145,0
"main","SHCOMP","TSV_RT","2020-07",1.00526756831294,1288.44254162384,1599.15181174459,0
"main","SHCOMP","TSV_RT","2020-08",1.00438018058422,1126.66191371096,1912.55132579403,0
"main","SHCOMP","TSV_RT","2020-09",1.0042942499867,1484.27567024836,2051.11358613674,0
"main","SHCOMP","TSV_RT","2020-10",1.00524973829145,1150.92375078169,1794.95414328988,0
"main","SHCOMP","TSV_RT","2020-11",1.00482083710629,1209.39918771515,1553.81269574944,0
"main","SHCOMP","TSV_RT","2020-12",1.00335996469787,1298.86193273283,1797.99292123814,0
"main","SHCOMP","TSV_RT","2021-01",1.00423055110472,1219.14668150829,1963.35907610516,0
"main","SHCOMP","TSV_RT","2021-02",1.00400987331286,1121.35420814893,1720.21679494657,0
"main","SHCOMP","TSV_RT","2021-03",1.00378977902047,1351.27556819353,1910.0754433713,0
"main","SHCOMP","TSV_RT","2021-04",1.00441705239371,1164.95556850793,1763.21917066395,0
"main","SHCOMP","TSV_RT","2021-05",1.00350480895146,1103.3789435085,1787.82369061874,0
"main","SHCOMP","TSV_RT","2021-06",1.00602639269544,1149.63559772103,1779.30263246174,0
"main","SHCOMP","TSV_RT","2021-07",1.00479805321641,1197.51900477034,1769.45612786905,0
"main","SHCOMP","TSV_RT","2021-08",1.00506774898326,1282.31147661107,1938.63002327905,0
"main","SHCOMP","TSV_RT","2021-09",1.00702686006496,1269.79877075729,2106.65903963232,0
"main","SHCOMP","TSV_RT","2021-10",1.00492508659182,1236.02241507874,1932.68798806926,0
"main","SHCOMP","TSV_RT","2021-11",1.00429993868452,1418.56110456822,1865.06157884226,0
"main","SHCOMP","TSV_RT","2021-12",1.00399462563997,1166.00880872662,1840.90400911527,0
"main","SHCOMP","TSV_RT","2022-01",1.00508265326675,1199.78145082431,1746.50739379146,0
"main","SHCOMP","TSV_RT","2022-02",1.00401892722259,1346.41119140987,2097.86860065739,0
"main","SHCOMP","TSV_RT","2022-03",1.003273296331,1337.08447174383,2152.35685456493,0
"main","SHCOMP","TSV_RT","2022-04",1.00368612994809,1185.97999033191,1722.9054117539,0
"main","SHCOMP","TSV_RT","2022-05",1.0039037630386,1237.40380124204,2099.76510494675,0
"main","SHCOMP","TSV_RT","2022-06",1.00560745814561,1344.07532255542,2032.84238158445,0
"main","SHCOMP","TSV_RT","2022-07",1.00781145830815,1250.86157676733,1511.53176814002,0
"main","SHCOMP","TSV_RT","2022-08",1.00509273426531,1129.98678518763,1924.49966322227,0
"main","SHCOMP","TSV_RT","2022-09",1.00414400403708,1044.74134757617,1366.51766552073,0
"main","SHCOMP","TSV_RT","2022-10",1.00583444712588,1244.59980292677,1504.93557110576,0
"main","SHCOMP","TSV_RT","2022-11",1.00548250200501,1347.44852962877,2050.88243550874,0
"main","SHCOMP","TSV_RT","2022-12",1.00665288000722,1240.55706240872,1473.04764818374,0
"main","SHCOMP","TSV_RT","2023-01",1.0048674618827,1200.30150872583,1383.05801944995,0
"main","SHCOMP","TSV_RT","2023-02",1.00721605148559,1234.66460212635,1941.11663708982,0
"main","SHCOMP","TSV_RT","2023-03",1.00523042158527,1118.53709463319,1648.59913737076,0
"main","SHCOMP","TSV_RT","2023-04",1.0061510822805,1277.58980220287,2036.03720444717,0
"main","SHCOMP","TSV_RT","2023-05",1.00576690500207,1056.78500293874,1298.45250852695,0
"main","SHCOMP","TSV_RT","2023-06",1.00507380120921,1175.7796630323,2110.76431566296,0
"main","SHCOMP","TSV_RT","2023-07",1.00702370197553,1369.00566612062,2012.65209706557,0
"main","SHCOMP","TSV_RT","2023-08",1.00447762367787,1231.60024113749,2342.21774622988,0
"main","SHCOMP","TSV_RT","2023-09",1.00272936130602,910.729321598615,1591.98194940695,0
"main","SHCOMP","TSV_RT","2023-10",1.00327340266262,1109.83056365565,1841.02985637397,0
"main","SHCOMP","TSV_RT","2023-11",1.00646609859809,792.928571404723,1591.87328562971,0
"main","SHCOMP","TSV_RT","2023-12",1.00641564536631,815.347475770102,1519.89997715135,0
"main","SP500","AARSV","2018-01",1.00652897107595,1183.96605961008,1848.22155148735,0
"main","SP500","AARSV","2018-02",1.00517707096858,1222.31675226962,1797.62993764708,0
"main","SP500","AARSV","2018-03",1.00298120916073,1094.69431132636,2053.92034967977,0
"main","SP500","AARSV","2018-04",1.00448010693976,1218.70413816736,2058.16605559434,0
"main","SP500","AARSV","2018-05",1.00495385213028,1311.08674555066,2014.06804422441,0
"main","SP500","AARSV","2018-06",1.00564726593194,1191.39846852456,1793.12584459403,0
"main","SP500","AARSV","2018-07",1.004201579483,1131.00171949576,2015.63851428728,0
"main","SP500","AARSV","2018-08",1.00614796400484,1102.42897052566,1874.48183858641,0
"main","SP500","AARSV","2018-09",1.00553220254005,915.720705982607,1567.4033708207,0
"main","SP500","AARSV","2018-10",1.00530823321462,1081.05984173958,1667.68096879368,0
"main","SP500","AARSV","2018-11",1.00494295489085,1263.67823969828,2106.56147347814,0
"main","SP500","AARSV","2018-12",1.00625942411411,1166.98922436894,1778.5696186444,0
"main","SP500","AARSV","2019-01",1.00572947264934,1241.99925699271,2106.31224526735,0
"main","SP500","AARSV","2019-02",1.00484861967909,1207.30817586972,1748.62543102923,0
"main","SP500","AARSV","2019-03",1.00231256516168,2335.45139680694,3668.03701134285,0
"main","SP500","AARSV","2019-04",1.00370146676416,1072.64398148597,1865.67858115763,0
"main","SP500","AARSV","2019-05",1.00421661775847,1389.24606714901,2052.7061202167,0
"main","SP500","AARSV","2019-06",1.00430237199578,1104.90361100531,2008.4410235415,0
"main","SP500","AARSV","2019-07",1.00755293750596,1017.95127126839,2050.84702918359,0
"main","SP500","AARSV","2019-08",1.00517609710576,1193.26812181403,1794.69402443512,0
"main","SP500","AARSV","2019-09",1.00470469364964,1040.49120978532,1433.80997113864,0
"main","SP500","AARSV","2019-10",1.00525407447572,996.033693809076,1892.90972660108,0
"main","SP500","AARSV","2019-11",1.00604834005567,1144.11852279095,1817.80155986468,0
"main","SP500","AARSV","2019-12",1.00387582339436,1065.27652632749,1628.5160586847,0
"main","SP500","AARSV","2020-01",1.0062126255847,1064.99989217259,1816.21145568838,0
"main","SP500","AARSV","2020-02",1.00370656683343,1106.98973242516,2275.15435963647,0
"main","SP500","AARSV","2020-03",1.00411036296808,1124.64714850542,1577.11330421485,0
"main","SP500","AARSV","2020-04",1.003267197871,1195.62589620283,1932.52928043535,0
"main","SP500","AARSV","2020-05",1.00327517307205,1095.30430093958,1681.49118319405,0
"main","SP500","AARSV","2020-06",1.00493943828179,1129.52339634756,1937.72575634376,0
"main","SP500","AARSV","2020-07",1.00609771820332,887.53818148015,1898.99516123594,0
"main","SP500","AARSV","2020-08",1.00285468055089,980.959920043494,1827.94266052715,0
"main","SP500","AARSV","2020-09",1.00467757097966,1117.07894244324,2190.01601126217,0
"main","SP500","AARSV","2020-10",1.00436847662099,931.964991423,1808.94409333086,0
"main","SP500","AARSV","2020-11",1.00755045503885,762.161866541455,1588.25806854279,0
"main","SP500","AARSV","2020-12",1.00610213418646,726.772623094339,1597.66399292692,0
"main","SP500","AARSV","2021-01",1.00355776461218,923.629931545478,1501.70997780884,0
"main","SP500","AARSV","2021-02",1.00418169620717,1037.12154307935,1891.14219667679,0
"main","SP500","AARSV","2021-03",1.00559317227147,835.937113876444,1473.8884671891,0
"main","SP500","AARSV","2021-04",1.00305085296841,2173.53120277977,3158.8151857669,0
"main","SP500","AARSV","2021-05",1.00876247630312,913.986295368581,1494.41253271701,0
"main","SP500","AARSV","2021-06",1.00289102155633,988.888927043408,1641.25108788315,0
"main","SP500","AARSV","2021-07",1.00285278382626,941.589570606036,1946.53168912586,0
"main","SP500","AARSV","2021-08",1.00758817051188,742.843595100859,1596.50431567577,0
"main","SP500","AARSV","2021-09",1.00813280755389,633.25185040946,1317.85114490368,0
"main","SP500","AARSV","2021-10",1.00310792716814,877.367462857072,1774.29372928473,0
"main","SP500","AARSV","2021-11",1.00767575563487,763.903967212815,1466.86941610815,0
"main","SP500","AARSV","2021-12",1.00394058903372,857.821114842897,1582.48517874053,0
"main","SP500","AARSV","2022-01",1.00773575332476,820.432743438888,1940.63220859206,0
"main","SP500","AARSV","2022-02",1.00873500522033,730.557112782404,1410.68671618182,0
"main","SP500","AARSV","2022-03",1.00832385069367,871.83794644526,1557.18280028747,0
"main","SP500","AARSV","2022-04",1.00328939150816,803.460232425997,1640.15014897271,0
"main","SP500","AARSV","2022-05",1.00298523195809,885.557522440542,1372.94428430073,0
"main","SP500","AARSV","2022-06",1.0046792063904,976.436230764759,1710.33579128448,0
"main","SP500","AARSV","2022-07",1.00425306061947,821.889404416115,1456.94445097379,0
"main","SP500","AARSV","2022-08",1.00734362983177,830.003642786086,1514.07252147114,0
"main","SP500","AARSV","2022-09",1.00749776558763,809.912587395174,1501.14214336383,0
"main","SP500","AARSV","2022-10",1.0034721515888,756.73479974894,1501.41910293684,0
"main","SP500","AARSV","2022-11",1.00353514800875,1183.65440954695,1567.92666113094,0
"main","SP500","AARSV","2022-12",1.00325526846688,933.05679396451,1858.32260797966,0
"main","SP500","AARSV","2023-01",1.0030385747477,984.311946568007,1720.50109762192,0
"main","SP500","AARSV","2023-02",1.00394231047537,884.77977535858,1781.55236490158,0
"main","SP500","AARSV","2023-03",1.00478304278316,1119.30925727485,1822.43536610723,0
"main","SP500","AARSV","2023-04",1.00522892114492,687.392494647799,1289.4051766237,0
"main","SP500","AARSV","2023-05",1.00620313671094,766.621207870711,1545.46617208419,0
"main","SP500","AARSV","2023-06",1.00718351122481,968.136838145028,1554.96648630383,0
"main","SP500","AARSV","2023-07",1.00424859432705,739.618996400679,1476.05188555539,0
"main","SP500","AARSV","2023-08",1.00368749255438,941.626299815006,1889.31297960097,0
"main","SP500","AARSV","2023-09",1.00477125210789,795.935271646221,1582.88101290226,0
"main","SP500","AARSV","2023-10",1.00345681328567,1057.19265317745,1952.96651162352,0
"main","SP500","AARSV","2023-11",1.00465587899362,731.013540218242,1670.35941962571,0
"main","SP500","AARSV","2023-12",1.0032749769665,915.130973758223,1715.91461982006,0
"main","SP500","APARCH","2018-01",1.00352331017886,1711.74841732133,1567.15641486103,0
"main","SP500","APARCH","2018-02",1.00230965705753,1510.80785227158,1720.07931101875,0
"main","SP500","APARCH","2018-03",1.00247121666881,1587.35963352726,1992.01413443224,0
"main","SP500","APARCH","2018-04",1.00144862205104,1689.92453875044,2029.6325601539,0
"main","SP500","APARCH","2018-05",1.00311905051466,1524.28889350994,2175.98203670391,0
"main","SP500","APARCH","2018-06",1.0030840425555,1604.83028724517,1768.86858400264,0
"main","SP500","APARCH","2018-07",1.00272895627937,1614.47409288737,1742.89285479546,0
"main","SP500","APARCH","2018-08",1.00278596575166,1614.56814283439,1451.30570691411,0
"main","SP500","APARCH","2018-09",1.00148074083,1705.78065526138,2126.79693999878,0
"main","SP500","APARCH","2018-10",1.00181044502224,1553.26240420199,1556.79508935274,0
"main","SP500","APARCH","2018-11",1.00239413124777,1733.64052446021,1745.47608133267,0
"main","SP500","APARCH","2018-12",1.00080251283557,1827.34231766874,1446.01559766944,0
"main","SP500","APARCH","2019-01",1.00137685291848,1511.61656095631,2119.73515815835,0
"main","SP500","APARCH","2019-02",1.00129783354054,1667.70158774224,1751.03367877817,0
"main","SP500","APARCH","2019-03",1.00188713418659,1657.50720956215,1864.06849665298,0
"main","SP500","APARCH","2019-04",1.00316750511711,1681.07147284716,1940.49983026095,0
"main","SP500","APARCH","2019-05",1.0019995826633,1567.51215159691,1787.22473369965,0
"main","SP500","APARCH","2019-06",1.00287910066353,1573.0453421138,1705.93426002229,0
"main","SP500","APARCH","2019-07",1.00173371898642,1762.69203548493,1462.90785829196,0
"main","SP500","APARCH","2019-08",1.00279936288092,1848.6731871816,1523.48098386983,0
"main","SP500","APARCH","2019-09",1.00134728456122,1662.38256996221,1869.06894524539,0
"main","SP500","APARCH","2019-10",1.00281440976775,1674.35755671047,1854.11743317015,0
"main","SP500","APARCH","2019-11",1.00140309457485,1664.72463129396,1808.88843234372,0
"main","SP500","APARCH","2019-12",1.00467744783337,1736.30829545484,1777.69054419307,0
"main","SP500","APARCH","2020-01",1.00142062217139,1780.33360888719,2080.15146601332,0
"main","SP500","APARCH","2020-02",1.00190557894996,1447.33587563457,1957.54226160235,0
"main","SP500","APARCH","2020-03",1.00134801597846,1726.69159469448,1588.87016992353,0
"main","SP500","APARCH","2020-04",1.00236350422352,1538.26677983014,1869.15358855844,0
"main","SP500","APARCH","2020-05",1.00438041296092,1782.17554566189,2093.09965911646,0
"main","SP500","APARCH","2020-06",1.00478113046762,1758.70502031019,1483.82778080469,0
"main","SP500","APARCH","2020-07",1.00316615774424,1641.95350027265,1942.12629517624,0
"main","SP500","APARCH","2020-08",1.00252443511418,1712.29031893405,1545.90279540052,0
"main","SP500","APARCH","2020-09",1.00419770308874,1687.398953318,1450.4731548412,0
"main","SP500","APARCH","2020-10",1.00286969436108,1438.96693086435,1025.14789774278,0
"main","SP500","APARCH","2020-11",1.00250952134016,1638.06457003662,1465.931506944,0
"main","SP500","APARCH","2020-12",1.00485292275518,1685.74942033048,1192.84340171745,0
"main","SP500","APARCH","2021-01",1.00394436700279,1146.39268395109,444.522267031496,0
"main","SP500","APARCH","2021-02",1.00384793834381,1649.73014141922,1211.72283566017,0
"main","SP500","APARCH","2021-03",1.00261719948308,1517.78551243582,1105.00861457621,0
"main","SP500","APARCH","2021-04",1.00337333113763,1513.37328755407,1050.85952999343,0
"main","SP500","APARCH","2021-05",1.00319624382943,1656.97048898305,1563.3415685036,0
"main","SP500","APARCH","2021-06",1.00278945271164,1239.76306819126,1375.40555092567,0
"main","SP500","APARCH","2021-07",1.00374948828692,1654.13999456567,720.051455570276,0
"main","SP500","APARCH","2021-08",1.00259720038676,1065.33295123623,579.448939116187,0
"main","SP500","APARCH","2021-09",1.00496813190315,1506.37989906707,1043.21918290356,0
"main","SP500","APARCH","2021-10",1.0024970385255,1983.92107667965,1677.47879777124,0
"main","SP500","APARCH","2021-11",1.00202373451229,1660.88466777141,1546.82210676693,0
"main","SP500","APARCH","2021-12",1.00243797249244,1627.0931433305,1014.29199003827,0
"main","SP500","APARCH","2022-01",1.0018225125843,1560.78003076531,1667.56684729256,0
"main","SP500","APARCH","2022-02",1.00214336642501,1633.39442489443,935.216341920035,0
"main","SP500","APARCH","2022-03",1.00482907259955,1619.9046412739,1136.87639811834,0
"main","SP500","APARCH","2022-04",1.00501624849239,1891.28513483109,1945.48307963598,0
"main","SP500","APARCH","2022-05",1.00232771898161,1511.14105001018,1685.41841023523,0
"main","SP500","APARCH","2022-06",1.00183423865542,1779.27952082444,913.899975416692,0
"main","SP500","APARCH","2022-07",1.00453659499495,1649.63668749129,1479.22359089311,0
"main","SP500","APARCH","2022-08",1.00261971610781,1698.6155975976,2139.86933739453,0
"main","SP500","APARCH","2022-09",1.00217872158273,1521.21619632557,1502.57531742338,0
"main","SP500","APARCH","2022-10",1.00171247616733,1722.77199645169,1781.07828302999,0
"main","SP500","APARCH","2022-11",1.00135171040739,1771.85523293066,1465.52788609336,0
"main","SP500","APARCH","2022-12",1.00333588529068,1504.56314928582,1525.60390903893,0
"main","SP500","APARCH","2023-01",1.00448291871755,1672.37392181304,1345.41629258095,0
"main","SP500","APARCH","2023-02",1.00205193778047,1797.39539401433,1606.49867710235,0
"main","SP500","APARCH","2023-03",1.00351701368444,1583.12639327042,2015.88444866373,0
"main","SP500","APARCH","2023-04",1.00184759149641,1659.5691332133,1993.21900404928,0
"main","SP500","APARCH","2023-05",1.001380531356,1788.35496349756,1456.37335330676,0
"main","SP500","APARCH","2023-06",1.00330231971366,1569.92433412801,1786.78346251054,0
"main","SP500","APARCH","2023-07",1.00283128603316,1796.7015931154,1721.62422665523,0
"main","SP500","APARCH","2023-08",1.00290813828602,1756.35704875374,1662.78805435934,0
"main","SP500","APARCH","2023-09",1.00217104053649,1543.76960507398,1837.87030135414,0
"main","SP500","APARCH","2023-10",1.003284682724,1422.12456037534,1586.53824072908,0
"main","SP500","APARCH","2023-11",1.00315079458543,1665.89975891039,1642.53939318304,0
"main","SP500","APARCH","2023-12",1.00104590664698,1754.61350809545,1233.55764209929,0
"main","SP500","ARSV","2018-01",1.00452147534012,826.010717713019,1745.29340011848,0
"main","SP500","ARSV","2018-02",1.00439507556851,754.081287323067,1553.73353545652,0
"main","SP500","ARSV","2018-03",1.00627735927008,817.924551841489,1518.66972587021,0
"main","SP500","ARSV","2018-04",1.00178818646565,1432.4859337623,2802.8749476961,0
"main","SP500","ARSV","2018-05",1.00484531411929,892.72917821772,1833.07045771953,0
"main","SP500","ARSV","2018-06",1.0044019593552,648.693142213741,1178.27983387936,0
"main","SP500","ARSV","2018-07",1.00388100848763,681.677663919683,1414.50569999563,0
"main","SP500","ARSV","2018-08",1.00851295190166,655.309410291643,1234.60693277414,0
"main","SP500","ARSV","2018-09",1.00405132187179,818.035969282465,1320.17012402474,0
"main","SP500","ARSV","2018-10",1.00440929063027,634.47837692265,1329.91371975864,0
"main","SP500","ARSV","2018-11",1.00751530704168,645.148720557161,1154.18041195794,0
"main","SP500","ARSV","2018-12",1.0073554684141,625.955960907246,1375.47719636269,0
"main","SP500","ARSV","2019-01",1.00635458164111,446.073883164262,970.59077570787,0
"main","SP500","ARSV","2019-02",1.00857626773729,827.252859530802,1363.0201223014,0
"main","SP500","ARSV","2019-03",1.00390123838151,682.377091411167,1201.70305961377,0
"main","SP500","ARSV","2019-04",1.00391050358927,697.390621984264,1209.56857189501,0
"main","SP500","ARSV","2019-05",1.00977883948865,525.483743798585,885.875817974891,0
"main","SP500","ARSV","2019-06",1.00421580040909,648.630905502818,1225.01090824494,0
"main","SP500","ARSV","2019-07",1.00558473766953,701.144565801529,1346.03806869295,0
"main","SP500","ARSV","2019-08",1.00609292195662,593.463467548549,1210.39663098378,0
"main","SP500","ARSV","2019-09",1.00519152161546,762.923762120562,1378.84103562914,0
"main","SP500","ARSV","2019-10",1.00461115118959,1323.22449601187,2872.81103683101,0
"main","SP500","ARSV","2019-11",1.00643419805735,624.53237349835,1220.66383437186,0
"main","SP500","ARSV","2019-12",1.0048887376408,764.511316966593,1547.87384770565,0
"main","SP500","ARSV","2020-01",1.00853323266697,456.311401928071,1039.75177685341,0
"main","SP500","ARSV","2020-02",1.00481675964165,689.550202255855,1468.59990986827,0
"main","SP500","ARSV","2020-03",1.00355320832605,885.239231113934,1472.07339838164,0
"main","SP500","ARSV","2020-04",1.00288158926109,832.895957107392,1603.62958763441,0
"main","SP500","ARSV","2020-05",1.00384099143105,832.33308078684,1668.49080165949,0
"main","SP500","ARSV","2020-06",1.00458787147771,924.621420630207,1862.73621532179,0
"main","SP500","ARSV","2020-07",1.0032000518471,1611.94073407062,2906.95334315135,0
"main","SP500","ARSV","2020-08",1.00732191931478,846.434226562837,1481.39369453838,0
"main","SP500","ARSV","2020-09",1.00497804302946,964.483208650401,1739.29496876176,0
"main","SP500","ARSV","2020-10",1.0077412856145,950.860570800002,1771.15288753769,0
"main","SP500","ARSV","2020-11",1.00554468679674,934.147531544922,1836.29420531159,0
"main","SP500","ARSV","2020-12",1.00390196427348,857.310498131604,1597.91877586286,0
"main","SP500","ARSV","2021-01",1.00737317390473,927.523924335974,1898.51826017941,0
"main","SP500","ARSV","2021-02",1.00291779969279,947.962216078193,1799.0845439227,0
"main","SP500","ARSV","2021-03",1.00237255275082,2013.1124205267,3496.06652131786,0
"main","SP500","ARSV","2021-04",1.00560428436187,1062.59790829248,1786.30630907951,0
"main","SP500","ARSV","2021-05",1.00690295949145,792.924342434612,1561.91467155146,0
"main","SP500","ARSV","2021-06",1.00450685413303,932.941177298294,1815.56307611827,0
"main","SP500","ARSV","2021-07",1.00388845048505,869.010620294505,1699.00837668164,0
"main","SP500","ARSV","2021-08",1.00408073240412,960.312177595562,1767.89894550591,0
"main","SP500","ARSV","2021-09",1.00873140371007,726.768521359079,1256.37315456095,0
"main","SP500","ARSV","2021-10",1.00336655302213,915.959545708889,1999.35357084693,0
"main","SP500","ARSV","2021-11",1.00666267316107,1021.37099374108,1767.9467976149,0
"main","SP500","ARSV","2021-12",1.00337026135102,1118.24615287359,1838.56665282072,0
"main","SP500","ARSV","2022-01",1.00781413206674,965.226285421097,1858.6939472555,0
"main","SP500","ARSV","2022-02",1.00345793955289,2153.96547787894,3822.03933847855,0
"main","SP500","ARSV","2022-03",1.0044124294118,980.329497020379,1742.1866490513,0
"main","SP500","ARSV","2022-04",1.00335149775894,1103.37546265166,1833.36266939942,0
"main","SP500","ARSV","2022-05",1.0048564924457,874.351932201812,1690.8429556394,0
"main","SP500","ARSV","2022-06",1.00566508229755,1227.98067653419,1867.13927441511,0
"main","SP500","ARSV","2022-07",1.00443074558455,968.377786978498,2041.12213586168,0
"main","SP500","ARSV","2022-08",1.00601267633455,1099.29233022738,1871.72430020528,0
"main","SP500","ARSV","2022-09",1.00461855896856,959.917819099034,1924.21195053138,0
"main","SP500","ARSV","2022-10",1.00404240278256,900.05969522415,1657.86273219735,0
"main","SP500","ARSV","2022-11",1.00577046197433,949.542222565029,1738.91810577642,0
"main","SP500","ARSV","2022-12",1.00525449632138,947.110652561505,1486.37233718204,0
"main","SP500","ARSV","2023-01",1.0045695456664,1064.03137911548,1641.76597134357,0
"main","SP500","ARSV","2023-02",1.00391745878399,818.10165869287,1691.05260359791,0
"main","SP500","ARSV","2023-03",1.00534916321228,1000.11867517329,1758.67780958381,0
"main","SP500","ARSV","2023-04",1.00616354858779,1009.08946006488,1596.40717440471,0
"main","SP500","ARSV","2023-05",1.00465363510918,1968.87336482743,3671.44978524726,0
"main","SP500","ARSV","2023-06",1.0031720774218,994.956239742767,1725.61605358487,0
"main","SP500","ARSV","2023-07",1.00750762770763,972.677020419407,1385.1132926033,0
"main","SP500","ARSV","2023-08",1.00392385930929,959.728372308407,1651.63092390115,0
"main","SP500","ARSV","2023-09",1.0039385367493,962.286289708605,1460.61266763472,0
"main","SP500","ARSV","2023-10",1.00245985093387,1000.14620780707,1778.14655737572,0
"main","SP500","ARSV","2023-11",1.00560127458768,1029.0502453175,1793.72847916427,0
"main","SP500","ARSV","2023-12",1.00679865718232,641.09244966887,1101.71571172682,0
"main","SP500","GARCH","2018-01",1.00244610288155,1814.07442007928,2067.25571612498,0
"main","SP500","GARCH","2018-02",1.00193944181391,1616.4696021098,2149.3812749563,0
"main","SP500","GARCH","2018-03",1.00255101354763,1574.87652354216,1971.03731443586,0
"main","SP500","GARCH","2018-04",1.00191825209714,1654.64515750894,2238.61786092619,0
"main","SP500","GARCH","2018-05",1.0032497369201,1844.89224520971,1888.64417912338,0
"main","SP500","GARCH","2018-06",1.0021556297723,1580.19119959046,2263.04481821955,0
"main","SP500","GARCH","2018-07",1.00290428182278,1792.97325047986,2056.2503918114,0
"main","SP500","GARCH","2018-08",1.0017443442055,1654.00889637328,1934.6790247576,0
"main","SP500","GARCH","2018-09",1.00212878838678,1848.46946252979,1845.7666934598,0
"main","SP500","GARCH","2018-10",1.00301063265129,1634.95003120118,1900.52583388519,0
"main","SP500","GARCH","2018-11",1.00211760252033,1505.52267867881,1459.35707223712,0
"main","SP500","GARCH","2018-12",1.00426700989227,1635.82317863041,2221.15283004756,0
"main","SP500","GARCH","2019-01",1.00187879939272,1768.93493780366,1983.77573379347,0
"main","SP500","GARCH","2019-02",1.00221423962122,1639.64365238338,1948.18103717614,0
"main","SP500","GARCH","2019-03",1.00289196635209,1594.62876567284,1994.02320831063,0
"main","SP500","GARCH","2019-04",1.00244397849685,1883.87493419352,1994.44333752679,0
"main","SP500","GARCH","2019-05",1.00298545899525,1782.34432882553,2107.18503481,0
"main","SP500","GARCH","2019-06",1.00234977431982,1665.99594045837,2111.74710711407,0
"main","SP500","GARCH","2019-07",1.0029866379989,1435.90436469072,1938.3087946181,0
"main","SP500","GARCH","2019-08",1.00243277990932,1738.17082190235,2246.25900347504,0
"main","SP500","GARCH","2019-09",1.0021605713181,1866.40595169581,2081.74067734904,0
"main","SP500","GARCH","2019-10",1.00211558640057,1726.9347114427,2276.7157481503,0
"main","SP500","GARCH","2019-11",1.00105744498911,1477.9518681401,2352.98019011909,0
"main","SP500","GARCH","2019-12",1.00462609177056,1097.13862785576,1814.11721799333,0
"main","SP500","GARCH","2020-01",1.00262119994959,1559.48628527572,1908.34573415789,0
"main","SP500","GARCH","2020-02",1.00254276663828,1631.09479469477,1659.27909393728,0
"main","SP500","GARCH","2020-03",1.00148955037703,1863.34757722058,1886.98226233653,0
"main","SP500","GARCH","2020-04",1.0030133411124,1815.04587755696,2029.71521560318,0
"main","SP500","GARCH","2020-05",1.00287367481429,1653.6817683109,1781.11741926518,0
"main","SP500","GARCH","2020-06",1.00248515512599,1451.32560170592,1902.62612758902,0
"main","SP500","GARCH","2020-07",1.00220207512463,1390.61709225729,2016.85609879626,0
"main","SP500","GARCH","2020-08",1.00206473582029,1900.05624556411,2129.02769201699,0
"main","SP500","GARCH","2020-09",1.0020618828337,1798.84556467,2208.6460172116,0
"main","SP500","GARCH","2020-10",1.0021798502079,1570.51568642738,2099.43830644829,0
"main","SP500","GARCH","2020-11",1.00161011732561,1733.13063316545,2247.06245155181,0
"main","SP500","GARCH","2020-12",1.00207282452578,1628.46047398439,1890.76951611951,0
"main","SP500","GARCH","2021-01",1.00451171353172,1641.00564374205,1966.69700713442,0
"main","SP500","GARCH","2021-02",1.0016287019591,1695.10474816156,1797.45118230907,0
"main","SP500","GARCH","2021-03",1.00214801320071,1733.23727465822,1939.67923742675,0
"main","SP500","GARCH","2021-04",1.0028018789796,1751.29195833578,1680.50870905031,0
"main","SP500","GARCH","2021-05",1.00361834870107,1752.89619790026,2103.88670243785,0
"main","SP500","GARCH","2021-06",1.00197929976299,1762.4458913347,2254.14528151419,0
"main","SP500","GARCH","2021-07",1.00114202943621,1902.28513066145,2030.84993565046,0
"main","SP500","GARCH","2021-08",1.00538626486066,1399.37224538055,1852.83964912399,0
"main","SP500","GARCH","2021-09",1.00281952284171,1719.46742597023,2303.81171127801,0
"main","SP500","GARCH","2021-10",1.00149881111247,1527.84593034122,1616.5260787299,0
"main","SP500","GARCH","2021-11",1.00387742317797,1579.20682374535,1822.75474944289,0
"main","SP500","GARCH","2021-12",1.00244548710643,1479.17726386925,1859.48568958543,0
"main","SP500","GARCH","2022-01",1.00550461302908,1397.27760440388,1803.83594273686,0
"main","SP500","GARCH","2022-02",1.0025370141475,1756.55274970026,2311.00075256717,0
"main","SP500","GARCH","2022-03",1.0030337584776,1828.24187602486,2019.79010258525,0
"main","SP500","GARCH","2022-04",1.0027889826795,1519.72651252735,1776.16944295443,0
"main","SP500","GARCH","2022-05",1.00237467111149,1704.90722023095,1772.12049077733,0
"main","SP500","GARCH","2022-06",1.00291333766316,1532.51036249048,1597.86125995315,0
"main","SP500","GARCH","2022-07",1.00232632956494,1760.49727809826,2092.30307503893,0
"main","SP500","GARCH","2022-08",1.00184868139068,1740.87429062344,2228.70624062191,0
"main","SP500","GARCH","2022-09",1.00237125367639,1944.74796468611,2480.65603729128,0
"main","SP500","GARCH","2022-10",1.00318829161308,1583.88049966967,2251.57400018419,0
"main","SP500","GARCH","2022-11",1.00308855564418,1848.25135972373,1877.09378465256,0
"main","SP500","GARCH","2022-12",1.00218265737499,1649.77736222791,1638.93083523288,0
"main","SP500","GARCH","2023-01",1.00143577728756,1918.84229093137,2254.65425632659,0
"main","SP500","GARCH","2023-02",1.00228792538229,1456.67211633743,1873.21897763258,0
"main","SP500","GARCH","2023-03",1.00141345285133,1749.11637101822,1985.69910048932,0
"main","SP500","GARCH","2023-04",1.00311347601932,1761.9127495972,2288.87006775389,0
"main","SP500","GARCH","2023-05",1.00106083166692,1765.93686740669,1947.2488855957,0
"main","SP500","GARCH","2023-06",1.0031076465967,1573.0293127665,2272.81855685266,0
"main","SP500","GARCH","2023-07",1.0017952009839,1802.22846642756,1922.14538988674,0
"main","SP500","GARCH","2023-08",1.00400702944122,1350.932555133,2269.35623256827,0
"main","SP500","GARCH","2023-09",1.00077908804033,1783.47684733934,2170.26126131227,0
"main","SP500","GARCH","2023-10",1.00380986765531,1666.036147667,2016.3177079154,0
"main","SP500","GARCH","2023-11",1.00228547320076,1746.84123690157,2033.62948108204,0
"main","SP500","GARCH","2023-12",1.00187263550016,1856.34778376292,2295.09348143254,0
"main","SP500","GJR_R","2018-01",1.00179780259674,1673.08960724901,1645.31884321602,0
"main","SP500","GJR_R","2018-02",1.00174130960094,1735.65295291737,2218.5907453582,0
"main","SP500","GJR_R","2018-03",1.00350251449297,1591.78844227088,1540.82454512193,0
"main","SP500","GJR_R","2018-04",1.0067588662846,1252.98338503264,1293.98316499868,0
"main","SP500","GJR_R","2018-05",1.00152054743642,1858.35055772759,1824.57443981215,0
"main","SP500","GJR_R","2018-06",1.004096907932,1233.7078079204,1676.61342192049,0
"main","SP500","GJR_R","2018-07",1.00286706194744,1419.22382239196,1602.45171487141,0
"main","SP500","GJR_R","2018-08",1.00267979598493,1767.99405659866,1562.71444221157,0
"main","SP500","GJR_R","2018-09",1.00352017271698,1331.9528091549,1617.88967410297,0
"main","SP500","GJR_R","2018-10",1.00202817796283,1698.41492205583,1769.60267480906,0
"main","SP500","GJR_R","2018-11",1.00185531510814,1852.54027250165,2072.21939570255,0
"main","SP500","GJR_R","2018-12",1.00228126739124,1865.75912912951,1817.35662477721,0
"main","SP500","GJR_R","2019-01",1.00490631823735,1664.37893708956,1820.86711497127,0
"main","SP500","GJR_R","2019-02",1.00214688496485,1675.04601181471,1611.13261481305,0
"main","SP500","GJR_R","2019-03",1.00256952769938,1622.29739029442,1409.27574290964,0
"main","SP500","GJR_R","2019-04",1.00587884539675,1581.65071302511,1587.12392615249,0
"main","SP500","GJR_R","2019-05",1.00169839214526,1603.14170178569,1701.63989278772,0
"main","SP500","GJR_R","2019-06",1.00211149435402,1300.35230608488,1538.28785254982,0
"main","SP500","GJR_R","2019-07",1.00176800173795,1488.80463865034,1373.31004357039,0
"main","SP500","GJR_R","2019-08",1.00272208603062,1689.38281648879,1283.34948471806,0
"main","SP500","GJR_R","2019-09",1.00312723795009,1596.71534988132,1902.57712319645,0
"main","SP500","GJR_R","2019-10",1.00210511821742,1634.76561756005,1323.56719619535,0
"main","SP500","GJR_R","2019-11",1.00499568121526,1479.14986612101,1621.74793898804,0
"main","SP500","GJR_R","2019-12",1.0030828509052,1604.79622649777,1504.76957945099,0
"main","SP500","GJR_R","2020-01",1.00232762685109,1471.91296747127,1058.95858505983,0
"main","SP500","GJR_R","2020-02",1.00303483087964,1842.0254317619,2323.86754193564,0
"main","SP500","GJR_R","2020-03",1.00226237811444,1984.49690535018,1986.90640432363,0
"main","SP500","GJR_R","2020-04",1.00318053315569,1466.82927568163,1517.44841517301,0
"main","SP500","GJR_R","2020-05",1.00234472842597,1786.36077203803,1705.88494687581,0
"main","SP500","GJR_R","2020-06",1.00194411199267,1715.03735158797,1461.80396290655,0
"main","SP500","GJR_R","2020-07",1.00382981098842,1374.23471762279,844.217795330504,0
"main","SP500","GJR_R","2020-08",1.0029892708777,1533.90063491307,1245.81483619984,0
"main","SP500","GJR_R","2020-09",1.00435989290065,1431.70525117451,919.650263541683,0
"main","SP500","GJR_R","2020-10",1.00325866873386,1591.37722938044,2107.19911983275,0
"main","SP500","GJR_R","2020-11",1.00156910877737,1822.04063824026,1911.18505379511,0
"main","SP500","GJR_R","2020-12",1.00252786557383,1703.30606808384,2198.76015069303,0
"main","SP500","GJR_R","2021-01",1.00211235355547,1738.02909043116,2060.73824292624,0
"main","SP500","GJR_R","2021-02",1.0042583154779,1417.24508591008,2130.16069882146,0
"main","SP500","GJR_R","2021-03",1.0028282235791,1751.99977062783,2220.39103805457,0
"main","SP500","GJR_R","2021-04",1.0017838637145,1612.75046857169,2210.07153578775,0
"main","SP500","GJR_R","2021-05",1.00145480323834,1747.68719802152,1896.24476085407,0
"main","SP500","GJR_R","2021-06",1.00323223758871,1756.50842280563,1927.35135223728,0
"main","SP500","GJR_R","2021-07",1.00330509378442,1812.82637324636,1841.90759240278,0
"main","SP500","GJR_R","2021-08",1.00194657810468,1864.39085675889,2421.81157821288,0
"main","SP500","GJR_R","2021-09",1.00226785906341,1854.20557894283,2162.587730391,0
"main","SP500","GJR_R","2021-10",1.00227616188567,1827.93029921239,2068.98002489175,0
"main","SP500","GJR_R","2021-11",1.00335866714846,1938.27715432508,1444.78365049594,0
"main","SP500","GJR_R","2021-12",1.00283816972486,1801.39585437447,2310.13823447243,0
"main","SP500","GJR_R","2022-01",1.00140841224973,1819.93045570345,2496.0566622358,0
"main","SP500","GJR_R","2022-02",1.00212923696809,1853.67473811188,2175.67379962854,0
"main","SP500","GJR_R","2022-03",1.00418789288397,1925.98381714175,2129.97712314245,0
"main","SP500","GJR_R","2022-04",1.00410876120849,1665.70478300279,2152.82809358218,0
"main","SP500","GJR_R","2022-05",1.00348656239166,1710.92158544861,2443.56113614077,0
"main","SP500","GJR_R","2022-06",1.004903795995,1573.55967231753,2066.64490550417,0
"main","SP500","GJR_R","2022-07",1.00292940552155,1802.78905870135,2182.4557732021,0
"main","SP500","GJR_R","2022-08",1.00276543115019,1637.09801387415,2127.90195641331,0
"main","SP500","GJR_R","2022-09",1.00331662512722,1798.22238599293,1921.55286707263,0
"main","SP500","GJR_R","2022-10",1.00424487629319,1671.50353921841,2409.63275699412,0
"main","SP500","GJR_R","2022-11",1.00213094021853,1791.24026267041,2123.2609056507,0
"main","SP500","GJR_R","2022-12",1.00157125383406,1587.31926108301,2177.46685646247,0
"main","SP500","GJR_R","2023-01",1.00377216373067,1431.05940693524,1870.57445701803,0
"main","SP500","GJR_R","2023-02",1.00129669907879,1912.57094410544,2116.07000479341,0
"main","SP500","GJR_R","2023-03",1.0012619263656,1955.5696838265,2388.90035111589,0
"main","SP500","GJR_R","2023-04",1.0050483369591,1772.16819533088,2259.56461766411,0
"main","SP500","GJR_R","2023-05",1.0015704690223,1924.96883942386,2507.58842740632,0
"main","SP500","GJR_R","2023-06",1.00247507940455,1521.42694259339,2262.56941931906,0
"main","SP500","GJR_R","2023-07",1.00342675469667,1506.40635430803,2069.0510291659,0
"main","SP500","GJR_R","2023-08",1.00262141032631,1971.81030402251,2440.6698430745,0
"main","SP500","GJR_R","2023-09",1.00296360805522,1783.00849164746,2066.59152841983,0
"main","SP500","GJR_R","2023-10",1.00187243680271,1835.75311390651,2452.77100915756,0
"main","SP500","GJR_R","2023-11",1.00208594514505,1862.04505880988,2574.52079924892,0
"main","SP500","GJR_R","2023-12",1.00319656931543,1716.96385512451,2240.12894343886,0
"main","SP500","GJR_U","2018-01",1.00207154748557,1417.9308664978,1525.18706792943,0
"main","SP500","GJR_U","2018-02",1.00311021258786,1629.20904519829,1622.47316311187,0
"main","SP500","GJR_U","2018-03",1.00280588762246,1349.09236879958,1662.96129542236,0
"main","SP500","GJR_U","2018-04",1.00142162241761,1398.45933193914,1620.97836111906,0
"main","SP500","GJR_U","2018-05",1.00421026609947,1689.12636578162,1472.08050113005,0
"main","SP500","GJR_U","2018-06",1.00150633603516,1472.747513732,1508.42323199176,0
"main","SP500","GJR_U","2018-07",1.00253804052818,1639.59532311994,1950.91750416928,0
"main","SP500","GJR_U","2018-08",1.00219831217341,1143.80543318837,1146.48267609062,0
"main","SP500","GJR_U","2018-09",1.00250063360847,1507.9998823354,1070.08834520767,0
"main","SP500","GJR_U","2018-10",1.00210807930604,1384.2805589587,1382.60110808196,0
"main","SP500","GJR_U","2018-11",1.00173376299948,1664.48122516281,1572.96616362673,0
"main","SP500","GJR_U","2018-12",1.006037688363,1549.87322096201,1503.93709700369,0
"main","SP500","GJR_U","2019-01",1.00332133714523,1560.94848278321,1445.88491429399,0
"main","SP500","GJR_U","2019-02",1.00253131098959,1419.12905687433,1618.87763033424,0
"main","SP500","GJR_U","2019-03",1.00370738282278,1362.3900366436,1448.41457971855,0
"main","SP500","GJR_U","2019-04",1.00138832968776,1799.31688300612,1719.31286829176,0
"main","SP500","GJR_U","2019-05",1.00299688268403,1426.39918446171,1181.69420339288,0
"main","SP500","GJR_U","2019-06",1.0035032940098,1089.85517737505,1358.85245837264,0
"main","SP500","GJR_U","2019-07",1.00429225445765,1430.99275379338,1137.83601821808,0
"main","SP500","GJR_U","2019-08",1.00268842045998,1488.89897442956,1499.47126877631,0
"main","SP500","GJR_U","2019-09",1.0027713495534,1256.13653431513,1247.20804980749,0
"main","SP500","GJR_U","2019-10",1.00196490178359,1677.3493364225,1738.32570471655,0
"main","SP500","GJR_U","2019-11",1.00330025175185,1134.77301012745,917.501611893404,0
"main","SP500","GJR_U","2019-12",1.00527654472319,1215.70027766347,1225.0024775311,0
"main","SP500","GJR_U","2020-01",1.00631931230668,1191.32711977263,1272.99181538159,0
"main","SP500","GJR_U","2020-02",1.00476561313448,1271.98704518252,1589.11218205051,0
"main","SP500","GJR_U","2020-03",1.00237842193711,1608.30666181105,1513.57626241127,0
"main","SP500","GJR_U","2020-04",1.00270134808303,1530.42965801549,1716.24928033319,0
"main","SP500","GJR_U","2020-05",1.00251033273995,1268.00781236199,1316.6621273736,0
"main","SP500","GJR_U","2020-06",1.0057542788757,1257.53343724109,1491.49133144113,0
"main","SP500","GJR_U","2020-07",1.00645204744739,1262.29193221896,1172.01632970858,0
"main","SP500","GJR_U","2020-08",1.00291312987747,1441.8199137265,1305.86089689968,0
"main","SP500","GJR_U","2020-09",1.00493480208,1360.11232070518,1074.07295338231,0
"main","SP500","GJR_U","2020-10",1.00193723190642,1458.64231160909,1244.90148589136,0
"main","SP500","GJR_U","2020-11",1.00276049787901,1549.63044997965,1365.51354264911,0
"main","SP500","GJR_U","2020-12",1.00154005539602,1596.00355145304,1519.85794865479,0
"main","SP500","GJR_U","2021-01",1.00234069743754,1220.94488809274,1408.40103668856,0
"main","SP500","GJR_U","2021-02",1.00295551723724,1649.68527912397,1232.37582270287,0
"main","SP500","GJR_U","2021-03",1.00262722892645,1551.21904411249,1150.89560822627,0
"main","SP500","GJR_U","2021-04",1.00174999295877,1397.63379495205,1084.63439229309,0
"main","SP500","GJR_U","2021-05",1.00219077856039,1614.93990654809,1544.34054529654,0
"main","SP500","GJR_U","2021-06",1.00247366318901,1199.41576684052,1540.3311000788,0
"main","SP500","GJR_U","2021-07",1.00214715921179,1541.26290347397,1219.95055979938,0
"main","SP500","GJR_U","2021-08",1.00659403468864,1671.31918903181,1387.3157751456,0
"main","SP500","GJR_U","2021-09",1.00398837945214,1435.28136153433,1163.00560349842,0
"main","SP500","GJR_U","2021-10",1.00211873609566,1504.55445680003,1672.4939291228,0
"main","SP500","GJR_U","2021-11",1.00417882185924,1431.87886376825,768.418022621019,0
"main","SP500","GJR_U","2021-12",1.00141662269865,1526.26871306488,1123.85567696949,0
"main","SP500","GJR_U","2022-01",1.00201750194652,1347.71801736627,1717.10643239012,0
"main","SP500","GJR_U","2022-02",1.00194819143074,1745.39948528103,1508.1741937014,0
"main","SP500","GJR_U","2022-03",1.00197835932361,1366.8405222766,1396.53820270923,0
"main","SP500","GJR_U","2022-04",1.00326995691516,1464.1880780664,1335.82420263441,0
"main","SP500","GJR_U","2022-05",1.00267961835953,1534.14747622737,1519.1686050367,0
"main","SP500","GJR_U","2022-06",1.0026238707243,1457.95641152777,1556.30338907553,0
"main","SP500","GJR_U","2022-07",1.00407401146423,1740.2748794553,1561.45686001651,0
"main","SP500","GJR_U","2022-08",1.00344110372864,1608.40972298499,1575.39836736724,0
"main","SP500","GJR_U","2022-09",1.00254043479535,1616.20995348573,1877.43960806882,0
"main","SP500","GJR_U","2022-10",1.00503960505448,1762.89010031831,2022.04676505842,0
"main","SP500","GJR_U","2022-11",1.00174241089656,1573.71914014342,1418.51550456915,0
"main","SP500","GJR_U","2022-12",1.00392551513398,1646.35381189847,2083.8753446225,0
"main","SP500","GJR_U","2023-01",1.00235754450182,1684.02794833044,2178.60383890705,0
"main","SP500","GJR_U","2023-02",1.00186723320694,1768.70538887267,2080.11457720891,0
"main","SP500","GJR_U","2023-03",1.0010651851714,1843.66644884419,1984.73647771625,0
"main","SP500","GJR_U","2023-04",1.0028222427204,1599.91169311903,1943.79010771138,0
"main","SP500","GJR_U","2023-05",1.00271732467274,1572.76903798764,1897.1026104748,0
"main","SP500","GJR_U","2023-06",1.00324727465462,1634.36729161384,2020.20987051114,0
"main","SP500","GJR_U","2023-07",1.0026774904152,1640.0452971198,1663.86123020502,0
"main","SP500","GJR_U","2023-08",1.00218195103658,1601.59630110692,2059.84034506763,0
"main","SP500","GJR_U","2023-09",1.00154720071745,1773.73899296233,2084.6716035124,0
"main","SP500","GJR_U","2023-10",1.00275571164941,1887.24356291342,2116.91070835062,0
"main","SP500","GJR_U","2023-11",1.00322709976578,1555.6889095543,1308.22634675656,0
"main","SP500","GJR_U","2023-12",1.00084506134234,1802.82068982815,2381.63559866312,0
"main","SP500","STAR_SV","2018-01",1.00685434649186,470.093411866618,421.745853331547,0
"main","SP500","STAR_SV","2018-02",1.00749031327071,798.010807407914,857.392270972274,0
"main","SP500","STAR_SV","2018-03",1.004166008488,898.328944072927,1501.25932583552,0
"main","SP500","STAR_SV","2018-04",1.00863336364766,865.690671282869,1413.56741856311,0
"main","SP500","STAR_SV","2018-05",1.00635922817212,993.144676372625,1735.72534817776,0
"main","SP500","STAR_SV","2018-06",1.00396234775621,1111.51521867006,1245.50678831661,0
"main","SP500","STAR_SV","2018-07",1.00736531213247,887.019408597071,1363.18947245256,0
"main","SP500","STAR_SV","2018-08",1.0028294844932,1096.73445517977,1004.39742893852,0
"main","SP500","STAR_SV","2018-09",1.00909206588508,480.43217164337,669.628399496302,0
"main","SP500","STAR_SV","2018-10",1.00474484569851,828.99664232618,1513.59846243747,0
"main","SP500","STAR_SV","2018-11",1.00736468571129,457.582010174565,673.905317057059,0
"main","SP500","STAR_SV","2018-12",1.00215619955904,1123.17385371223,1114.89117157422,0
"main","SP500","STAR_SV","2019-01",1.00393802070408,978.649000406617,1438.38037784148,0
"main","SP500","STAR_SV","2019-02",1.00402209370248,1220.73621911694,1098.64327223135,0
"main","SP500","STAR_SV","2019-03",1.00682751552339,896.552420712616,1378.59669399856,0
"main","SP500","STAR_SV","2019-04",1.00273605933231,749.937517683226,1138.48779472797,0
"main","SP500","STAR_SV","2019-05",1.00450550954759,1208.8519069253,1516.87136418023,0
"main","SP500","STAR_SV","2019-06",1.00666514779113,623.838598566576,1244.60171985456,0
"main","SP500","STAR_SV","2019-07",1.00264344902396,864.611358910937,943.874393643574,0
"main","SP500","STAR_SV","2019-08",1.00615736426498,897.907314710823,1149.14415460082,0
"main","SP500","STAR_SV","2019-09",1.00863127799461,541.435298864831,1023.95467522359,0
"main","SP500","STAR_SV","2019-10",1.00840478144178,431.447533319818,810.199029393803,0
"main","SP500","STAR_SV","2019-11",1.00239143071847,1313.22683652683,2661.07775429429,0
"main","SP500","STAR_SV","2019-12",1.00459781441645,721.633731290913,1435.54460496304,0
"main","SP500","STAR_SV","2020-01",1.00417793072376,506.26059125512,1465.84416151869,0
"main","SP500","STAR_SV","2020-02",1.00851886073238,437.85146291105,1103.34927628957,0
"main","SP500","STAR_SV","2020-03",1.00843278308088,434.565132998658,1062.95013993739,0
"main","SP500","STAR_SV","2020-04",1.00228000212068,735.766828896374,1447.92815757272,0
"main","SP500","STAR_SV","2020-05",1.00578526130115,779.52836437892,1327.9450150844,0
"main","SP500","STAR_SV","2020-06",1.00514561542082,630.87321369615,984.988392878778,0
"main","SP500","STAR_SV","2020-07",1.00826673092695,775.336585797571,1253.20313974234,0
"main","SP500","STAR_SV","2020-08",1.00622782614039,716.576638176376,1620.87658529908,0
"main","SP500","STAR_SV","2020-09",1.00546572699759,974.945529906652,1571.08395415206,0
"main","SP500","STAR_SV","2020-10",1.00321643414536,979.798539470604,1471.10562597714,0
"main","SP500","STAR_SV","2020-11",1.00427757432826,1051.1631713333,1590.60855942969,0
"main","SP500","STAR_SV","2020-12",1.00595015370343,859.123958900774,1697.37428274132,0
"main","SP500","STAR_SV","2021-01",1.00474920188115,1042.82909720614,1869.14965044102,0
"main","SP500","STAR_SV","2021-02",1.00518089226425,942.849417791285,1547.25623988153,0
"main","SP500","STAR_SV","2021-03",1.00351997528507,1647.49859068426,3015.42557981216,0
"main","SP500","STAR_SV","2021-04",1.00395968292867,879.488877073045,1703.40076682218,0
"main","SP500","STAR_SV","2021-05",1.0053895553973,1045.95250162496,1744.4046908298,0
"main","SP500","STAR_SV","2021-06",1.0049023921099,1005.94740845153,1615.20917223541,0
"main","SP500","STAR_SV","2021-07",1.00459531725982,986.445508574478,1605.8939450506,0
"main","SP500","STAR_SV","2021-08",1.00376162545078,902.307587488765,1684.88706624297,0
"main","SP500","STAR_SV","2021-09",1.00458285034147,1027.68440735491,1827.24263575546,0
"main","SP500","STAR_SV","2021-10",1.00477330602272,852.37570421033,1613.03897870749,0
"main","SP500","STAR_SV","2021-11",1.00201691366072,2041.67997336237,3651.51961619917,0
"main","SP500","STAR_SV","2021-12",1.00441612536754,1110.03178362815,1639.0909816911,0
"main","SP500","STAR_SV","2022-01",1.00245183726953,2155.04106932879,3291.64347005592,0
"main","SP500","STAR_SV","2022-02",1.00432219309563,805.150087807934,1568.93109362821,0
"main","SP500","STAR_SV","2022-03",1.00424556749924,1114.13025499117,1519.50997402046,0
"main","SP500","STAR_SV","2022-04",1.00461640170566,868.751247163508,1741.99043300561,0
"main","SP500","STAR_SV","2022-05",1.00522177086495,1071.16161074511,1945.08489339016,0
"main","SP500","STAR_SV","2022-06",1.004065186202,846.393651526201,1466.73278388072,0
"main","SP500","STAR_SV","2022-07",1.00380321456771,1011.40339290725,1838.69033890027,0
"main","SP500","STAR_SV","2022-08",1.00980808615803,958.472105956079,1870.70346345198,0
"main","SP500","STAR_SV","2022-09",1.00641487155151,735.508545906438,1205.59107465183,0
"main","SP500","STAR_SV","2022-10",1.00740699891179,773.541478400383,1621.17849994995,0
"main","SP500","STAR_SV","2022-11",1.00945130466163,967.083102395107,1785.12328706532,0
"main","SP500","STAR_SV","2022-12",1.00585528822228,837.424758885408,1822.16705274049,0
"main","SP500","STAR_SV","2023-01",1.0038745171702,777.800089928314,1574.758387652,0
"main","SP500","STAR_SV","2023-02",1.0049612363541,946.079150758202,1636.07724111773,0
"main","SP500","STAR_SV","2023-03",1.00643616772443,827.540787175784,1746.05797111114,0
"main","SP500","STAR_SV","2023-04",1.00516197563515,1054.53209151068,1698.63533284274,0
"main","SP500","STAR_SV","2023-05",1.00824257416976,989.626320524753,1717.48790326195,0
"main","SP500","STAR_SV","2023-06",1.00534454025226,981.429862165195,1918.99154021974,0
"main","SP500","STAR_SV","2023-07",1.00683407394535,879.049558651345,1649.17441413773,0
"main","SP500","STAR_SV","2023-08",1.00540063302901,761.475374415619,1510.46175575969,0
"main","SP500","STAR_SV","2023-09",1.00581219844696,984.446392918185,1612.08810207717,0
"main","SP500","STAR_SV","2023-10",1.00681674364045,898.151282023763,1608.61842115921,0
"main","SP500","STAR_SV","2023-11",1.00414998564213,1044.97427443086,1649.21513563803,0
"main","SP500","STAR_SV","2023-12",1.00858693229142,746.75519466042,1242.74897560743,0
"main","SP500","TSV_RT","2018-01",1.00400432207953,1048.04237640377,1728.9358934611,0
"main","SP500","TSV_RT","2018-02",1.00516919507848,836.69932781265,1656.31405702114,0
"main","SP500","TSV_RT","2018-03",1.00327291946961,1110.18811142254,1502.62678876525,0
"main","SP500","TSV_RT","2018-04",1.00548678266312,985.572225769455,1402.16914855934,0
"main","SP500","TSV_RT","2018-05",1.00407219866694,1167.38763820911,1926.0812326957,0
"main","SP500","TSV_RT","2018-06",1.00805642433949,1010.40656010429,1745.48237502786,0
"main","SP500","TSV_RT","2018-07",1.0053575365675,928.295709072555,1845.35611232,0
"main","SP500","TSV_RT","2018-08",1.00489910418874,971.89138215571,1561.89682283773,0
"main","SP500","TSV_RT","2018-09",1.00397763458086,2121.92811872722,3919.36558829888,0
"main","SP500","TSV_RT","2018-10",1.00364584259804,1085.60966472936,1520.52415307851,0
"main","SP500","TSV_RT","2018-11",1.00557527616058,972.986753267946,1848.19301791184,0
"main","SP500","TSV_RT","2018-12",1.00620965871719,807.846657473987,1896.59888984848,0
"main","SP500","TSV_RT","2019-01",1.00497181181914,1058.15747253354,2128.46478738266,0
"main","SP500","TSV_RT","2019-02",1.00588789530436,1013.67090220446,2027.38436926349,0
"main","SP500","TSV_RT","2019-03",1.00704897060435,1054.65174491369,1629.33469434449,0
"main","SP500","TSV_RT","2019-04",1.00497302277525,829.083544781585,1523.37476533256,0
"main","SP500","TSV_RT","2019-05",1.00608461554509,1114.70599122021,1953.34159320364,0
"main","SP500","TSV_RT","2019-06",1.00533874582156,972.514057613217,1738.28877394985,0
"main","SP500","TSV_RT","2019-07",1.0016997419879,2019.1808817391,3897.91711388431,0
"main","SP500","TSV_RT","2019-08",1.00399445684612,908.303338036168,1913.02273432819,0
"main","SP500","TSV_RT","2019-09",1.00486907408677,968.820496031467,1826.48966110809,0
"main","SP500","TSV_RT","2019-10",1.00546107729389,1071.02851023839,1907.3731796606,0
"main","SP500","TSV_RT","2019-11",1.00401931136832,1139.26708542773,1876.3853203545,0
"main","SP500","TSV_RT","2019-12",1.00519547961543,1241.06619446711,1853.04071003715,0
"main","SP500","TSV_RT","2020-01",1.00427140585961,992.564992800916,1690.83423576419,0
"main","SP500","TSV_RT","2020-02",1.0045352453312,1158.58969560525,2086.57698124853,0
"main","SP500","TSV_RT","2020-03",1.00317785960292,1194.68914018086,1923.66367111688,0
"main","SP500","TSV_RT","2020-04",1.00437916501748,1112.31824107002,1967.67200109148,0
"main","SP500","TSV_RT","2020-05",1.00394916905552,1169.09598001341,1833.67549817918,0
"main","SP500","TSV_RT","2020-06",1.00382135306786,1195.37332138316,2026.83068459488,0
"main","SP500","TSV_RT","2020-07",1.0027788204444,1109.85105946988,1859.71975830177,0
"main","SP500","TSV_RT","2020-08",1.00662910407834,1178.10725681851,1690.89084650637,0
"main","SP500","TSV_RT","2020-09",1.00312964625947,1005.57410594587,1756.7249707913,0
"main","SP500","TSV_RT","2020-10",1.00382629851035,697.103119835243,1799.37733694248,0
"main","SP500","TSV_RT","2020-11",1.00251811981126,1733.94127088742,3020.722594399,0
"main","SP500","TSV_RT","2020-12",1.00199158311836,1582.11132458737,3275.80457993777,0
"main","SP500","TSV_RT","2021-01",1.00269949618273,1163.9247286323,1648.57527539265,0
"main","SP500","TSV_RT","2021-02",1.00168106531676,2220.22587399123,3322.71547087153,0
"main","SP500","TSV_RT","2021-03",1.00965235380021,907.139193896022,1802.91323151716,0
"main","SP500","TSV_RT","2021-04",1.0047316930503,1059.04767157207,2012.81718013742,0
"main","SP500","TSV_RT","2021-05",1.00198353677476,1707.85921593522,3336.99024340505,0
"main","SP500","TSV_RT","2021-06",1.00350009451687,857.574334633194,1525.54411152323,0
"main","SP500","TSV_RT","2021-07",1.00477948447983,1007.07300795592,1682.00300718976,0
"main","SP500","TSV_RT","2021-08",1.00196496950307,2331.80556442042,3402.87962251945,0
"main","SP500","TSV_RT","2021-09",1.00374433560694,1136.80536271516,1895.01034009978,0
"main","SP500","TSV_RT","2021-10",1.00087031524349,4415.48512255122,7728.29274562312,0
"main","SP500","TSV_RT","2021-11",1.00622368443164,1306.70502549956,2033.55421904749,0
"main","SP500","TSV_RT","2021-12",1.00421618770542,1003.53422897075,1803.58825387411,0
"main","SP500","TSV_RT","2022-01",1.00750178742622,942.034511322368,1943.13412789768,0
"main","SP500","TSV_RT","2022-02",1.00214617075226,2437.2934524906,4103.65166609234,0
"main","SP500","TSV_RT","2022-03",1.00439467199369,1107.85534557042,1861.96043318204,0
"main","SP500","TSV_RT","2022-04",1.00548535813735,1244.52981143393,2057.26855076189,0
"main","SP500","TSV_RT","2022-05",1.00369048791387,1094.63881683229,1945.89730229882,0
"main","SP500","TSV_RT","2022-06",1.00492277615984,1141.02472291284,1619.07070919494,0
"main","SP500","TSV_RT","2022-07",1.00425526375908,965.018987563601,1632.66359245795,0
"main","SP500","TSV_RT","2022-08",1.00567328485786,1180.78799842358,1397.60795365862,0
"main","SP500","TSV_RT","2022-09",1.0038879101359,1111.52172309802,2051.69634262751,0
"main","SP500","TSV_RT","2022-10",1.00505599329998,1100.3823264202,1902.4482086987,0
"main","SP500","TSV_RT","2022-11",1.00774222192223,989.910478481162,1631.42252890868,0
"main","SP500","TSV_RT","2022-12",1.00646146161249,1107.26556897507,1958.9885571088,0
"main","SP500","TSV_RT","2023-01",1.00566460862116,1044.6548639415,1742.74737848351,0
"main","SP500","TSV_RT","2023-02",1.00585256828431,1153.34315164493,2156.68576956014,0
"main","SP500","TSV_RT","2023-03",1.00511986833689,1103.7323223531,2020.33869092575,0
"main","SP500","TSV_RT","2023-04",1.00373608255557,1023.36782750062,1432.49344130054,0
"main","SP500","TSV_RT","2023-05",1.00458152855012,1028.60383363308,1855.24676594998,0
"main","SP500","TSV_RT","2023-06",1.00464477995415,1163.83165474505,2012.6894376897,0
"main","SP500","TSV_RT","2023-07",1.00449767648709,1089.01374268373,1784.6737726483,0
"main","SP500","TSV_RT","2023-08",1.00439614389049,1139.59697579885,1891.25144761051,0
"main","SP500","TSV_RT","2023-09",1.00540491971248,1149.50891527668,2005.28263951767,0
"main","SP500","TSV_RT","2023-10",1.0055681269706,1056.62296092846,1924.98801829252,0
"main","SP500","TSV_RT","2023-11",1.00369260438393,1074.59474861924,1814.62558455252,0
"main","SP500","TSV_RT","2023-12",1.00623205759602,1058.60430880715,1916.08673847635,0
"holdout","DAX","AARSV","2024-01",1.00479139622731,1071.20626572443,2031.44679511621,0
"holdout","DAX","AARSV","2024-02",1.00404215857596,760.335768707031,1585.60833189397,0
"holdout","DAX","AARSV","2024-03",1.00523115722997,1217.18413171065,1942.2650946803,0
"holdout","DAX","AARSV","2024-04",1.00445582212101,1157.48267330847,1782.80750674467,0
"holdout","DAX","AARSV","2024-05",1.00991292145121,1057.96654451615,1838.81722336137,0
"holdout","DAX","AARSV","2024-06",1.0044228400405,1094.82556710971,2028.38615444894,0
"holdout","DAX","AARSV","2024-07",1.00626210386949,1032.9774415965,1978.42400629732,0
"holdout","DAX","AARSV","2024-08",1.00413901177551,1068.00080390985,1749.09921657833,0
"holdout","DAX","AARSV","2024-09",1.00432180223215,1098.84965343097,2005.61423013514,0
"holdout","DAX","AARSV","2024-10",1.00470894699193,1126.99641344986,1702.38129891432,0
"holdout","DAX","AARSV","2024-11",1.00435518172006,1213.80260804668,1819.46904957259,0
"holdout","DAX","AARSV","2024-12",1.0046952680949,914.322531823528,1682.33877607627,0
"holdout","DAX","AARSV","2025-01",1.00547903890132,1035.47761118648,1887.71076134377,0
"holdout","DAX","AARSV","2025-02",1.00407842032749,1039.18342442647,1723.11044788376,0
"holdout","DAX","AARSV","2025-03",1.00571026703629,1080.68913376257,1781.99604143901,0
"holdout","DAX","AARSV","2025-04",1.00737922364864,1210.04824999872,1794.09855213866,0
"holdout","DAX","AARSV","2025-05",1.00439972221123,1176.13244456901,1832.9734226872,0
"holdout","DAX","AARSV","2025-06",1.0094810274234,908.423493386036,1675.83854973075,0
"holdout","DAX","AARSV","2025-07",1.0054028204463,1234.25657512135,2052.95866799934,0
"holdout","DAX","AARSV","2025-08",1.00686512306464,1091.83963852757,1502.92410086272,0
"holdout","DAX","AARSV","2025-09",1.00502702248936,1149.42396523698,1698.40925307101,0
"holdout","DAX","AARSV","2025-10",1.00436723902259,1043.04605800782,1813.16771533044,0
"holdout","DAX","AARSV","2025-11",1.00715035019615,1017.94135752084,1958.91989305707,0
"holdout","DAX","AARSV","2025-12",1.00462971753071,1062.81049152298,1860.09063564471,0
"holdout","DAX","APARCH","2024-01",1.00146468569055,1669.0422923761,1988.13627442949,0
"holdout","DAX","APARCH","2024-02",1.00199259153057,1370.19508097329,1675.58783916458,0
"holdout","DAX","APARCH","2024-03",1.00272876078467,1678.88455626028,1901.05468646481,0
"holdout","DAX","APARCH","2024-04",1.00242067064934,1556.16448260666,2261.87930059034,0
"holdout","DAX","APARCH","2024-05",1.0015996883118,1583.61890173765,1569.43630396776,0
"holdout","DAX","APARCH","2024-06",1.00231506190398,1613.05085729732,1653.63664482745,0
"holdout","DAX","APARCH","2024-07",1.0033108716868,1783.73698684263,1936.72834726076,0
"holdout","DAX","APARCH","2024-08",1.00166203079757,1805.60238989236,1622.96467160081,0
"holdout","DAX","APARCH","2024-09",1.00183767738058,1609.86100616427,1677.16953643875,0
"holdout","DAX","APARCH","2024-10",1.00234184787718,1873.29239007777,1661.68138740117,0
"holdout","DAX","APARCH","2024-11",1.00169233476537,1725.56094060957,1870.59352710888,0
"holdout","DAX","APARCH","2024-12",1.00191505362979,1873.72645525256,1609.3010175561,0
"holdout","DAX","APARCH","2025-01",1.00169073795237,1744.61586768086,1771.84398146977,0
"holdout","DAX","APARCH","2025-02",1.00175150656231,1783.31836795943,1479.59938312153,0
"holdout","DAX","APARCH","2025-03",1.00303939713615,1707.36081148118,1681.26997180969,0
"holdout","DAX","APARCH","2025-04",1.0040163525795,1306.1027300448,1407.53751424198,0
"holdout","DAX","APARCH","2025-05",1.00233691186972,1501.15442422052,1034.31347978151,0
"holdout","DAX","APARCH","2025-06",1.00349931378407,1629.18752905779,1652.8780292247,0
"holdout","DAX","APARCH","2025-07",1.00162316069758,1831.03934786205,1487.7790353223,0
"holdout","DAX","APARCH","2025-08",1.00279851958185,1560.86877587153,1820.64300617158,0
"holdout","DAX","APARCH","2025-09",1.00284161744249,1510.92427569819,1185.69475026856,0
"holdout","DAX","APARCH","2025-10",1.00266070421836,1844.40194471881,1591.19130157951,0
"holdout","DAX","APARCH","2025-11",1.00322263131555,1672.98029735218,1070.62728959835,0
"holdout","DAX","APARCH","2025-12",1.00460529180151,1592.65054649315,1287.9598392127,0
"holdout","DAX","ARSV","2024-01",1.00500151783486,663.954515891627,1239.18651800343,0
"holdout","DAX","ARSV","2024-02",1.00398885119263,642.797750521988,1287.86010076433,0
"holdout","DAX","ARSV","2024-03",1.00812291755122,638.868593985656,1223.98455028111,0
"holdout","DAX","ARSV","2024-04",1.0044582805894,601.276129520846,1094.63026545743,0
"holdout","DAX","ARSV","2024-05",1.00305385127727,1308.69400484579,2796.52104395913,0
"holdout","DAX","ARSV","2024-06",1.00313642433636,1341.10708634858,2792.84458623658,0
"holdout","DAX","ARSV","2024-07",1.00717506597638,669.227592938538,1021.63526302198,0
"holdout","DAX","ARSV","2024-08",1.00395312438568,740.477809615825,1429.2488118497,0
"holdout","DAX","ARSV","2024-09",1.00506685108054,538.069803022795,886.525088602297,0
"holdout","DAX","ARSV","2024-10",1.00612440690142,553.29287180261,1000.99543972238,0
"holdout","DAX","ARSV","2024-11",1.00295215643707,731.37814921389,1466.09809549185,0
"holdout","DAX","ARSV","2024-12",1.00524852056851,667.649775203547,1059.95094544201,0
"holdout","DAX","ARSV","2025-01",1.00408474366721,718.351296318409,1299.36300390397,0
"holdout","DAX","ARSV","2025-02",1.00930437919328,469.287087620452,1286.12207628172,0
"holdout","DAX","ARSV","2025-03",1.00782995783071,621.628129386774,1206.7235027453,0
"holdout","DAX","ARSV","2025-04",1.00444864990865,1279.12429118484,2767.278230791,0
"holdout","DAX","ARSV","2025-05",1.00976798150625,537.515396242486,1165.33065319378,0
"holdout","DAX","ARSV","2025-06",1.00387393238212,547.931802345956,1212.16037507404,0
"holdout","DAX","ARSV","2025-07",1.00325058770912,645.303659663805,1171.50744484308,0
"holdout","DAX","ARSV","2025-08",1.00984678633778,650.341726035015,1460.8946614052,0
"holdout","DAX","ARSV","2025-09",1.00385224725258,1169.27678767262,2490.46310976884,0
"holdout","DAX","ARSV","2025-10",1.00385580626526,508.2904360991,1434.05981958097,0
"holdout","DAX","ARSV","2025-11",1.00477551197867,566.498828509526,1233.57606701881,0
"holdout","DAX","ARSV","2025-12",1.00210465493469,1467.09761777002,2718.32022536632,0
"holdout","DAX","GARCH","2024-01",1.00338997259162,1535.8072216943,2133.24141083022,0
"holdout","DAX","GARCH","2024-02",1.0020996429794,1740.87087178678,2034.97315929236,0
"holdout","DAX","GARCH","2024-03",1.00313413302169,1693.91582852985,2164.00310033774,0
"holdout","DAX","GARCH","2024-04",1.00236372591627,1495.62623632022,1630.60696388995,0
"holdout","DAX","GARCH","2024-05",1.00224138953439,1335.37693647911,1837.57152820588,0
"holdout","DAX","GARCH","2024-06",1.00300027861916,1657.43162539993,1754.70959705015,0
"holdout","DAX","GARCH","2024-07",1.00288436266237,1678.08872231001,1899.57728689496,0
"holdout","DAX","GARCH","2024-08",1.0023172293925,1591.51283970603,2126.09304710273,0
"holdout","DAX","GARCH","2024-09",1.00365836070139,1526.61077700252,2004.16507010043,0
"holdout","DAX","GARCH","2024-10",1.00293522198519,1779.13968386601,2078.76194980188,0
"holdout","DAX","GARCH","2024-11",1.00338738803742,1695.39218507177,2263.53616797313,0
"holdout","DAX","GARCH","2024-12",1.00369778360818,1618.51923970181,1941.49021316018,0
"holdout","DAX","GARCH","2025-01",1.0048021323459,1698.91487427108,1572.78975956695,0
"holdout","DAX","GARCH","2025-02",1.00257331058375,1807.40031444991,2153.22703061961,0
"holdout","DAX","GARCH","2025-03",1.00347728666899,1873.58239941084,1994.32355217999,0
"holdout","DAX","GARCH","2025-04",1.00376312645305,1804.8225349212,2101.60713749275,0
"holdout","DAX","GARCH","2025-05",1.00079224048307,1531.94450432192,1728.42747988926,0
"holdout","DAX","GARCH","2025-06",1.00238904484974,1747.91528215939,1673.74535957108,0
"holdout","DAX","GARCH","2025-07",1.00370870898607,1463.19412565356,1960.93479772065,0
"holdout","DAX","GARCH","2025-08",1.00331748958306,1658.71537820181,2344.91597339456,0
"holdout","DAX","GARCH","2025-09",1.00158786692819,1934.30331655172,2229.40843778029,0
"holdout","DAX","GARCH","2025-10",1.00204314874408,1871.72344175111,2200.72019378066,0
"holdout","DAX","GARCH","2025-11",1.00113414220545,1550.56749742766,1970.4365753889,0
"holdout","DAX","GARCH","2025-12",1.00240799318382,1942.81278473282,2169.52365560352,0
"holdout","DAX","GJR_R","2024-01",1.0036573925609,1499.91025736428,1192.92749171241,0
"holdout","DAX","GJR_R","2024-02",1.00227677113062,1731.21388209335,1937.5676121086,0
"holdout","DAX","GJR_R","2024-03",1.00230827245586,1662.34386646743,1756.2915198091,0
"holdout","DAX","GJR_R","2024-04",1.00157812601867,1640.62917626886,1566.69349857366,0
"holdout","DAX","GJR_R","2024-05",1.00157657898604,1654.28274650264,1866.97609310199,0
"holdout","DAX","GJR_R","2024-06",1.00286277762402,1518.20416110061,1574.65394434943,0
"holdout","DAX","GJR_R","2024-07",1.00332260505321,1695.18556369467,2006.53031720841,0
"holdout","DAX","GJR_R","2024-08",1.00310630805676,1523.47996729058,1916.84917426688,0
"holdout","DAX","GJR_R","2024-09",1.00420791938501,1540.15040386269,1716.94232908761,0
"holdout","DAX","GJR_R","2024-10",1.00280788535743,1552.87365653264,1348.89966670115,0
"holdout","DAX","GJR_R","2024-11",1.00327001285326,1757.70373537437,1721.93697208172,0
"holdout","DAX","GJR_R","2024-12",1.00119905699749,1741.96508449498,1717.27242605237,0
"holdout","DAX","GJR_R","2025-01",1.00226069783829,1593.43017597665,1566.92454088489,0
"holdout","DAX","GJR_R","2025-02",1.00281006525583,1342.91116005538,1336.26194098308,0
"holdout","DAX","GJR_R","2025-03",1.00272954139641,1649.92832606907,1274.73066099269,0
"holdout","DAX","GJR_R","2025-04",1.00303017817389,1471.81472959609,1156.22788170855,0
"holdout","DAX","GJR_R","2025-05",1.00132320716451,1552.46285681123,1729.46077989745,0
"holdout","DAX","GJR_R","2025-06",1.00286346608396,1676.09685407685,1587.55741651192,0
"holdout","DAX","GJR_R","2025-07",1.00251311134764,1810.80069248114,1809.70389601565,0
"holdout","DAX","GJR_R","2025-08",1.00437405412125,1180.78782292008,1056.08622231575,0
"holdout","DAX","GJR_R","2025-09",1.00138752299043,1861.22355714063,2106.63337251499,0
"holdout","DAX","GJR_R","2025-10",1.00163596469775,1754.71221273541,1659.73489386868,0
"holdout","DAX","GJR_R","2025-11",1.00157389032337,1545.97401199855,1691.71331362384,0
"holdout","DAX","GJR_R","2025-12",1.0019290484024,1782.94759914908,1680.51602369986,0
"holdout","DAX","GJR_U","2024-01",1.00305629157528,1623.83224456262,1470.72450989793,0
"holdout","DAX","GJR_U","2024-02",1.00200282972022,1510.37088574796,1460.49613515484,0
"holdout","DAX","GJR_U","2024-03",1.00332656860513,1491.82293780885,1261.12487933643,0
"holdout","DAX","GJR_U","2024-04",1.00323503815662,1474.5119386183,970.087779823779,0
"holdout","DAX","GJR_U","2024-05",1.00296279841124,1121.05172900165,1274.73747945005,0
"holdout","DAX","GJR_U","2024-06",1.00292603347098,1701.16478460657,1837.52238517212,0
"holdout","DAX","GJR_U","2024-07",1.00216481278074,1714.18939009417,1549.38652130303,0
"holdout","DAX","GJR_U","2024-08",1.00239975811976,1389.5768759569,1854.94164764943,0
"holdout","DAX","GJR_U","2024-09",1.00623241895351,1580.24274107231,1241.42515833592,0
"holdout","DAX","GJR_U","2024-10",1.00400834963504,1557.63199164684,1646.1182626841,0
"holdout","DAX","GJR_U","2024-11",1.00235601279665,1509.50154061186,1334.41260715388,0
"holdout","DAX","GJR_U","2024-12",1.00197378784128,1545.40926372793,1344.57464293958,0
"holdout","DAX","GJR_U","2025-01",1.00220622357624,1726.8817848112,1332.2043911273,0
"holdout","DAX","GJR_U","2025-02",1.00310125557849,1728.79430145562,1466.13579360779,0
"holdout","DAX","GJR_U","2025-03",1.00220093955961,1478.11283469015,1560.04319742594,0
"holdout","DAX","GJR_U","2025-04",1.00272443121737,1753.81274766505,1295.59348108533,0
"holdout","DAX","GJR_U","2025-05",1.00283367888076,1539.14989068782,1428.43188302844,0
"holdout","DAX","GJR_U","2025-06",1.00489163455995,1483.6075795399,1063.19841642772,0
"holdout","DAX","GJR_U","2025-07",1.00510759415904,1570.04628760545,1060.23492658581,0
"holdout","DAX","GJR_U","2025-08",1.00237833308374,1619.78677816103,1137.61230731103,0
"holdout","DAX","GJR_U","2025-09",1.00266755086496,1481.53324528776,1471.58068441584,0
"holdout","DAX","GJR_U","2025-10",1.00494709429626,1434.34026055205,1078.33372127339,0
"holdout","DAX","GJR_U","2025-11",1.0039909289839,1627.09637149113,1372.71026406871,0
"holdout","DAX","GJR_U","2025-12",1.00189106499996,1317.68298281426,991.24481654274,0
"holdout","DAX","STAR_SV","2024-01",1.00696369524336,1247.52886805416,1902.82073435234,0
"holdout","DAX","STAR_SV","2024-02",1.00930725505459,432.506201481183,431.572548128211,0
"holdout","DAX","STAR_SV","2024-03",1.005676157853,597.108622053836,1223.42757683076,0
"holdout","DAX","STAR_SV","2024-04",1.00504596824977,883.40476442366,1001.07152948971,0
"holdout","DAX","STAR_SV","2024-05",1.00451105344051,1041.79803138492,1871.82775798694,0
"holdout","DAX","STAR_SV","2024-06",1.00604732861986,794.732810964036,860.160026423584,0
"holdout","DAX","STAR_SV","2024-07",1.00480678225441,672.178576830215,868.668108946757,0
"holdout","DAX","STAR_SV","2024-08",1.00623699691916,663.855182256261,901.504620788977,0
"holdout","DAX","STAR_SV","2024-09",1.00517115111442,417.517356262689,518.972294946444,0
"holdout","DAX","STAR_SV","2024-10",1.00157220282312,1144.95243511786,1161.12363694941,0
"holdout","DAX","STAR_SV","2024-11",1.00817642483804,409.266683759712,539.092105388248,0
"holdout","DAX","STAR_SV","2024-12",1.00504041575353,1014.58690413014,1193.8198226483,0
"holdout","DAX","STAR_SV","2025-01",1.00591431939503,590.130198587436,899.235656450871,0
"holdout","DAX","STAR_SV","2025-02",1.00827928705172,406.739878040513,428.26805212243,0
"holdout","DAX","STAR_SV","2025-03",1.00578356488397,571.961359067741,613.611087346776,0
"holdout","DAX","STAR_SV","2025-04",1.00340776067414,833.588469219888,1094.8364650182,0
"holdout","DAX","STAR_SV","2025-05",1.00599942358042,805.742623758245,1342.65793138489,0
"holdout","DAX","STAR_SV","2025-06",1.00716599247436,866.815791621719,1365.85072603152,0
"holdout","DAX","STAR_SV","2025-07",1.00620346955074,684.984883169915,1159.08995916076,0
"holdout","DAX","STAR_SV","2025-08",1.00621589634279,887.862017703753,889.947822276771,0
"holdout","DAX","STAR_SV","2025-09",1.00646664592086,558.204646700616,729.685082527533,0
"holdout","DAX","STAR_SV","2025-10",1.0076625628051,932.920363246516,1721.22446062831,0
"holdout","DAX","STAR_SV","2025-11",1.00480512781517,836.200675505611,1434.40003191,0
"holdout","DAX","STAR_SV","2025-12",1.00490030178149,597.925145686444,1545.8800287893,0
"holdout","DAX","TSV_RT","2024-01",1.00565882146374,934.872024409988,1463.16497283903,0
"holdout","DAX","TSV_RT","2024-02",1.00304184499489,796.715170678411,1574.57765441327,0
"holdout","DAX","TSV_RT","2024-03",1.00406854972846,792.197201417537,1775.01724221933,0
"holdout","DAX","TSV_RT","2024-04",1.00495829744111,835.221726109768,1446.96865579625,0
"holdout","DAX","TSV_RT","2024-05",1.00518528846572,930.996501255176,1636.34748690016,0
"holdout","DAX","TSV_RT","2024-06",1.00581491672971,799.972045509784,1635.0312006721,0
"holdout","DAX","TSV_RT","2024-07",1.00539064261414,719.611753086988,1578.37233758462,0
"holdout","DAX","TSV_RT","2024-08",1.00436744776764,855.112698202734,1304.6083944617,0
"holdout","DAX","TSV_RT","2024-09",1.00354418778501,827.407771165188,1417.51341110701,0
"holdout","DAX","TSV_RT","2024-10",1.00619834079455,807.290925955776,1255.5611455945,0
"holdout","DAX","TSV_RT","2024-11",1.00477980670346,1019.63857293816,1912.32812784972,0
"holdout","DAX","TSV_RT","2024-12",1.00618259817339,908.564680533663,1817.97429941833,0
"holdout","DAX","TSV_RT","2025-01",1.00454553728589,712.948055185967,1741.25110247649,0
"holdout","DAX","TSV_RT","2025-02",1.0062748931752,512.248158627057,1500.86126326364,0
"holdout","DAX","TSV_RT","2025-03",1.00479161315199,701.337367680024,1660.56693829092,0
"holdout","DAX","TSV_RT","2025-04",1.00306290297444,822.54282073769,1501.85510781992,0
"holdout","DAX","TSV_RT","2025-05",1.00524149977532,845.609125523225,1608.72736040122,0
"holdout","DAX","TSV_RT","2025-06",1.00426231670678,830.077272496131,1574.16332458605,0
"holdout","DAX","TSV_RT","2025-07",1.00522784750517,840.184953802768,1616.6379255274,0
"holdout","DAX","TSV_RT","2025-08",1.00341283993706,753.188361368463,1168.37627830836,0
"holdout","DAX","TSV_RT","2025-09",1.00333914149351,825.894241186426,1441.40460737343,0
"holdout","DAX","TSV_RT","2025-10",1.0071747602856,771.65369621521,1474.77226582609,0
"holdout","DAX","TSV_RT","2025-11",1.00539596527801,965.479748159919,1645.84259947623,0
"holdout","DAX","TSV_RT","2025-12",1.00522242638695,969.769686955443,1812.31199930289,0
"holdout","FTSE","AARSV","2024-01",1.00431785031723,830.860205650298,1644.66458225874,0
"holdout","FTSE","AARSV","2024-02",1.00365547794811,791.350720049831,1466.31229452243,0
"holdout","FTSE","AARSV","2024-03",1.00610885751447,799.94028581958,1575.58230791472,0
"holdout","FTSE","AARSV","2024-04",1.00506943538828,752.348905163314,1162.06925630302,0
"holdout","FTSE","AARSV","2024-05",1.00312598005009,928.808304190222,1619.73261340279,0
"holdout","FTSE","AARSV","2024-06",1.00534019631336,965.37179938706,1655.34871090847,0
"holdout","FTSE","AARSV","2024-07",1.0067358714584,1010.20226091058,1727.7724798218,0
"holdout","FTSE","AARSV","2024-08",1.00904340361166,801.52430425661,1282.18291127164,0
"holdout","FTSE","AARSV","2024-09",1.00656781616402,943.565211012556,1587.40025680628,0
"holdout","FTSE","AARSV","2024-10",1.00373644196731,907.685510184963,1760.48844017113,0
"holdout","FTSE","AARSV","2024-11",1.00415013237965,917.468979048898,1562.95215377331,0
"holdout","FTSE","AARSV","2024-12",1.00461640112325,852.29560819645,1777.56537015667,0
"holdout","FTSE","AARSV","2025-01",1.00616408884481,784.598568162731,1743.67590018383,0
"holdout","FTSE","AARSV","2025-02",1.00553153668435,1022.48038072737,1982.64100532078,0
"holdout","FTSE","AARSV","2025-03",1.00345686028409,1086.22789400348,1681.20236033268,0
"holdout","FTSE","AARSV","2025-04",1.00749769986734,894.091767865711,1446.8351019295,0
"holdout","FTSE","AARSV","2025-05",1.00780900183083,827.191132478081,1326.56181799771,0
"holdout","FTSE","AARSV","2025-06",1.00427694183622,753.527858844851,1414.67100181742,0
"holdout","FTSE","AARSV","2025-07",1.00650283771299,1063.15545600989,1659.2529138173,0
"holdout","FTSE","AARSV","2025-08",1.00528839811678,904.069654863468,2120.19184724038,0
"holdout","FTSE","AARSV","2025-09",1.0060292570032,963.187875576664,1927.96914294171,0
"holdout","FTSE","AARSV","2025-10",1.00541142244359,908.522785285442,1878.1686741233,0
"holdout","FTSE","AARSV","2025-11",1.00562654026126,1112.94583526344,2108.61364026471,0
"holdout","FTSE","AARSV","2025-12",1.00397142694803,951.164703765974,1883.79361938217,0
"holdout","FTSE","APARCH","2024-01",1.00185905169602,1595.65146413906,1438.20578948478,0
"holdout","FTSE","APARCH","2024-02",1.00336100819823,1389.40085377994,1061.6439040655,0
"holdout","FTSE","APARCH","2024-03",1.00292820706284,1603.15112287863,1484.39707676387,0
"holdout","FTSE","APARCH","2024-04",1.00164504764793,1605.91709395606,1607.27394926204,0
"holdout","FTSE","APARCH","2024-05",1.00251134161082,1411.48691798679,1192.2555122844,0
"holdout","FTSE","APARCH","2024-06",1.0042083749112,1446.26557073749,1099.97797212121,0
"holdout","FTSE","APARCH","2024-07",1.00222870177101,1521.6880913962,1741.21656749902,0
"holdout","FTSE","APARCH","2024-08",1.00269892367256,1671.50216344262,1638.88556181975,0
"holdout","FTSE","APARCH","2024-09",1.0034934820579,1708.9667851146,1700.71113044428,0
"holdout","FTSE","APARCH","2024-10",1.00388961032649,1563.63541722694,1603.76677420179,0
"holdout","FTSE","APARCH","2024-11",1.00174323199976,1758.12278471219,1452.98116440204,0
"holdout","FTSE","APARCH","2024-12",1.00153192254753,1680.88280575572,1957.39541877954,0
"holdout","FTSE","APARCH","2025-01",1.00186400735857,1625.70652035233,1651.67453939648,0
"holdout","FTSE","APARCH","2025-02",1.00208919554136,1733.83740234235,1454.04998348884,0
"holdout","FTSE","APARCH","2025-03",1.00425275122756,1635.28399405886,1841.91781951159,0
"holdout","FTSE","APARCH","2025-04",1.00259956760466,1634.78219847193,1879.22501295891,0
"holdout","FTSE","APARCH","2025-05",1.0037128220093,1601.3633244444,1449.26967490482,0
"holdout","FTSE","APARCH","2025-06",1.00414118105209,1535.27636103846,1795.02360613847,0
"holdout","FTSE","APARCH","2025-07",1.00306140358682,1216.11874310005,820.17785026945,0
"holdout","FTSE","APARCH","2025-08",1.00300133077707,1679.75335369724,1255.13803988064,0
"holdout","FTSE","APARCH","2025-09",1.00220837327156,1509.22993921356,1410.82679844783,0
"holdout","FTSE","APARCH","2025-10",1.00325693751725,1591.87388202198,1432.61008909433,0
"holdout","FTSE","APARCH","2025-11",1.00506032374512,1593.58543610542,1445.90718959962,0
"holdout","FTSE","APARCH","2025-12",1.00198506914458,1503.39472379092,1181.12960554669,0
"holdout","FTSE","ARSV","2024-01",1.0093220597851,482.869355147479,942.621757979677,0
"holdout","FTSE","ARSV","2024-02",1.00572081578222,594.125124519177,1030.65052079986,0
"holdout","FTSE","ARSV","2024-03",1.00374982861926,489.337848244616,1019.18895022467,0
"holdout","FTSE","ARSV","2024-04",1.00995361465638,403.383435648993,1203.62489619847,0
"holdout","FTSE","ARSV","2024-05",1.00592461925461,520.01990629324,1070.58494059876,0
"holdout","FTSE","ARSV","2024-06",1.00801424079665,526.993784626239,1155.00529634896,0
"holdout","FTSE","ARSV","2024-07",1.00622973886417,549.184055907453,1110.95088387731,0
"holdout","FTSE","ARSV","2024-08",1.00386298187989,488.882862158064,919.311033960652,0
"holdout","FTSE","ARSV","2024-09",1.00193662507688,929.609638965835,1845.43979612366,0
"holdout","FTSE","ARSV","2024-10",1.00720571389964,589.67389940119,1264.5575227637,0
"holdout","FTSE","ARSV","2024-11",1.00268726984444,904.033843573514,1906.88550309204,0
"holdout","FTSE","ARSV","2024-12",1.00368932455432,472.00674387828,1025.07100650492,0
"holdout","FTSE","ARSV","2025-01",1.00206419232459,938.154470486761,1785.5654640057,0
"holdout","FTSE","ARSV","2025-02",1.00649967985458,496.11332779999,1062.32790170222,0
"holdout","FTSE","ARSV","2025-03",1.00911900735816,402.026318482027,872.212697428759,0
"holdout","FTSE","ARSV","2025-04",1.00779485032545,404.73130640653,727.757626176274,0
"holdout","FTSE","ARSV","2025-05",1.00254633956926,700.724336151689,1468.75817123564,0
"holdout","FTSE","ARSV","2025-06",1.00225972896788,940.569402040296,1904.72799835096,0
"holdout","FTSE","ARSV","2025-07",1.00468784081546,1014.6263907269,2061.9249415851,0
"holdout","FTSE","ARSV","2025-08",1.00875865703274,428.82102923032,804.880632179033,0
"holdout","FTSE","ARSV","2025-09",1.00681082931217,937.061512309639,2101.24056867332,0
"holdout","FTSE","ARSV","2025-10",1.00260999233097,796.442735506938,1694.32496508612,0
"holdout","FTSE","ARSV","2025-11",1.00877462237056,440.827948611288,897.14422779414,0
"holdout","FTSE","ARSV","2025-12",1.00397787600681,1029.86782627883,2063.09162032014,0
"holdout","FTSE","GARCH","2024-01",1.00371904643509,1103.33530787776,816.877833361781,0
"holdout","FTSE","GARCH","2024-02",1.00321526733146,1627.04211083601,2166.07455681,0
"holdout","FTSE","GARCH","2024-03",1.00222515175567,1388.8299277094,1454.2922568385,0
"holdout","FTSE","GARCH","2024-04",1.0022964251404,1470.74214715505,1524.95672770966,0
"holdout","FTSE","GARCH","2024-05",1.00422141445255,1252.6082568132,2164.43461851059,0
"holdout","FTSE","GARCH","2024-06",1.0021709988332,1652.410904559,1586.74362493962,0
"holdout","FTSE","GARCH","2024-07",1.00243898991116,1975.12999730949,2277.62799392379,0
"holdout","FTSE","GARCH","2024-08",1.00160408997703,1926.02812995319,2026.44775577172,0
"holdout","FTSE","GARCH","2024-09",1.00252467685605,1563.97917997609,1882.53513452597,0
"holdout","FTSE","GARCH","2024-10",1.00271692527629,1664.18380425994,1972.73538273796,0
"holdout","FTSE","GARCH","2024-11",1.00285301539149,1934.00552238871,2145.94561954582,0
"holdout","FTSE","GARCH","2024-12",1.00417405085565,1532.46266210607,2070.12186555061,0
"holdout","FTSE","GARCH","2025-01",1.00283486275337,1707.17996610812,2249.47890245253,0
"holdout","FTSE","GARCH","2025-02",1.00279775852065,1263.73135787189,1941.26500994278,0
"holdout","FTSE","GARCH","2025-03",1.00236273970394,1670.23541518978,1942.56526691176,0
"holdout","FTSE","GARCH","2025-04",1.0032340309747,1845.64159841331,2388.40728007586,0
"holdout","FTSE","GARCH","2025-05",1.0036318910536,1798.44399942657,2065.66521262937,0
"holdout","FTSE","GARCH","2025-06",1.0025725710778,1537.07399457158,2089.21900153569,0
"holdout","FTSE","GARCH","2025-07",1.00376779028871,1732.15582420041,1812.51634713789,0
"holdout","FTSE","GARCH","2025-08",1.0010130897438,1771.67459253331,2110.00768267211,0
"holdout","FTSE","GARCH","2025-09",1.00303660182291,1899.6184458636,2116.39443768252,0
"holdout","FTSE","GARCH","2025-10",1.00275396922069,1770.6061226407,2207.55618382538,0
"holdout","FTSE","GARCH","2025-11",1.00429861372825,1722.52062964173,2151.48999919221,0
"holdout","FTSE","GARCH","2025-12",1.00375948734348,1904.9639283795,2162.56292095893,0
"holdout","FTSE","GJR_R","2024-01",1.00226282323764,1405.17140016395,1551.86078881724,0
"holdout","FTSE","GJR_R","2024-02",1.00136506114201,1533.29483026525,2291.73189294721,0
"holdout","FTSE","GJR_R","2024-03",1.00396929146491,1824.71071582556,2125.83688140122,0
"holdout","FTSE","GJR_R","2024-04",1.00398384782646,1655.22454025616,2026.5370690474,0
"holdout","FTSE","GJR_R","2024-05",1.00158713733445,1612.30196386962,1925.45110725016,0
"holdout","FTSE","GJR_R","2024-06",1.00639828559271,1735.12952900766,2395.73335709041,0
"holdout","FTSE","GJR_R","2024-07",1.00191557598329,1560.30585808388,1642.56052836418,0
"holdout","FTSE","GJR_R","2024-08",1.00326633305589,1544.64364613316,1555.6801775372,0
"holdout","FTSE","GJR_R","2024-09",1.00215298858425,1743.66539100528,1707.76439532645,0
"holdout","FTSE","GJR_R","2024-10",1.0020889930066,1812.10291529547,2024.29231293905,0
"holdout","FTSE","GJR_R","2024-11",1.00172939407639,1765.49977338112,1690.59209169325,0
"holdout","FTSE","GJR_R","2024-12",1.00336323013238,1773.64406831154,1841.90283945855,0
"holdout","FTSE","GJR_R","2025-01",1.00276309363029,1622.93000470258,2054.16723686011,0
"holdout","FTSE","GJR_R","2025-02",1.00332704196975,1819.77748261931,2110.91989491672,0
"holdout","FTSE","GJR_R","2025-03",1.00200496969533,1664.07521390601,2136.43764787648,0
"holdout","FTSE","GJR_R","2025-04",1.0021938347651,1878.15493427282,1784.3322829264,0
"holdout","FTSE","GJR_R","2025-05",1.00252297212692,1835.29513980022,2341.43320405654,0
"holdout","FTSE","GJR_R","2025-06",1.00202205933193,1592.13508188039,2219.01520698309,0
"holdout","FTSE","GJR_R","2025-07",1.00282957518935,1605.15081800844,2222.7584516774,0
"holdout","FTSE","GJR_R","2025-08",1.00273014990892,1640.56583886987,2222.19623774383,0
"holdout","FTSE","GJR_R","2025-09",1.00267346722819,1821.63449614191,2107.48840519275,0
"holdout","FTSE","GJR_R","2025-10",1.00312899451144,1750.34384393513,2170.10221458405,0
"holdout","FTSE","GJR_R","2025-11",1.00180436779937,1728.21509707477,1699.93761570187,0
"holdout","FTSE","GJR_R","2025-12",1.00167824938415,1941.68824406399,2160.51216711793,0
"holdout","FTSE","GJR_U","2024-01",1.00336982773384,1755.66080439751,1373.93741676963,0
"holdout","FTSE","GJR_U","2024-02",1.00160095161924,1766.88162183466,1978.80057993205,0
"holdout","FTSE","GJR_U","2024-03",1.00381670221922,1123.21107457925,489.61666425844,0
"holdout","FTSE","GJR_U","2024-04",1.00304278593698,1416.51557690397,1717.89022260059,0
"holdout","FTSE","GJR_U","2024-05",1.00269416966539,1619.89393418023,1362.08478204724,0
"holdout","FTSE","GJR_U","2024-06",1.00189426174158,1552.29169970841,1611.09475745192,0
"holdout","FTSE","GJR_U","2024-07",1.0020274486077,1517.23721362251,1330.93471930622,0
"holdout","FTSE","GJR_U","2024-08",1.00832265597329,1029.87418908812,447.820220617597,0
"holdout","FTSE","GJR_U","2024-09",1.00400661728155,1617.85223036046,1630.96672317872,0
"holdout","FTSE","GJR_U","2024-10",1.00335919541392,1230.5469951877,597.564720779007,0
"holdout","FTSE","GJR_U","2024-11",1.00298227797631,1497.29949250905,1019.6158337807,0
"holdout","FTSE","GJR_U","2024-12",1.00376892354835,1543.87731788334,2106.96347145457,0
"holdout","FTSE","GJR_U","2025-01",1.00284848179786,1532.34138747721,1184.08454918359,0
"holdout","FTSE","GJR_U","2025-02",1.00244480598235,1700.41019233247,1347.47003466779,0
"holdout","FTSE","GJR_U","2025-03",1.00332676060533,1573.79903305654,990.739230026755,0
"holdout","FTSE","GJR_U","2025-04",1.00214358191477,1470.74869050921,1126.67032654134,0
"holdout","FTSE","GJR_U","2025-05",1.00430332298558,1681.71123472973,1912.3270052769,0
"holdout","FTSE","GJR_U","2025-06",1.00240241575646,1547.15652019361,1657.50233377497,0
"holdout","FTSE","GJR_U","2025-07",1.00224967858104,1589.99140978303,1793.77916525408,0
"holdout","FTSE","GJR_U","2025-08",1.00343623610278,1822.31030866867,1962.53483522775,0
"holdout","FTSE","GJR_U","2025-09",1.00232622014559,1735.11414926738,1882.75523614225,0
"holdout","FTSE","GJR_U","2025-10",1.00250525701107,1491.7039631645,1800.01346534157,0
"holdout","FTSE","GJR_U","2025-11",1.00185927539565,1732.60209089716,1469.07257736243,0
"holdout","FTSE","GJR_U","2025-12",1.00358887812172,1423.67317669251,1095.6786831039,0
"holdout","FTSE","STAR_SV","2024-01",1.00697077604965,453.968451604985,1146.1737800425,0
"holdout","FTSE","STAR_SV","2024-02",1.0034383815276,1421.60236571328,2264.82807156978,0
"holdout","FTSE","STAR_SV","2024-03",1.00401602020109,611.66671121988,1087.78859245612,0
"holdout","FTSE","STAR_SV","2024-04",1.00626558487835,402.202852023351,509.832232804406,0
"holdout","FTSE","STAR_SV","2024-05",1.00483366845735,500.835096588569,1073.47882316298,0
"holdout","FTSE","STAR_SV","2024-06",1.00507969615045,722.693913167733,1358.30220622727,0
"holdout","FTSE","STAR_SV","2024-07",1.00554487316327,802.684593192429,502.09059521797,0
"holdout","FTSE","STAR_SV","2024-08",1.00585397242792,955.16728069829,979.917603293268,0
"holdout","FTSE","STAR_SV","2024-09",1.00840657213937,690.569574773971,1560.67851337944,0
"holdout","FTSE","STAR_SV","2024-10",1.00460946250965,589.750676845426,724.982192182961,0
"holdout","FTSE","STAR_SV","2024-11",1.00630193734008,577.615444385325,1134.20013228657,0
"holdout","FTSE","STAR_SV","2024-12",1.00816521121274,959.170593633683,1396.46334492473,0
"holdout","FTSE","STAR_SV","2025-01",1.00783788808068,845.993872058593,1035.5152045673,0
"holdout","FTSE","STAR_SV","2025-02",1.00251407139615,725.412117566991,1140.46460999715,0
"holdout","FTSE","STAR_SV","2025-03",1.00347183481066,841.285122142583,683.256101927493,0
"holdout","FTSE","STAR_SV","2025-04",1.00325731070107,1770.36565885129,3409.04333611967,0
"holdout","FTSE","STAR_SV","2025-05",1.00819958048275,570.647740003549,549.96427201486,0
"holdout","FTSE","STAR_SV","2025-06",1.00754691343804,761.613385532372,1564.77184385439,0
"holdout","FTSE","STAR_SV","2025-07",1.00527019792837,675.584347205239,1211.98717041585,0
"holdout","FTSE","STAR_SV","2025-08",1.00311824955529,1183.03625165534,1876.04167040291,0
"holdout","FTSE","STAR_SV","2025-09",1.00549935504318,691.469928859748,1315.38939743251,0
"holdout","FTSE","STAR_SV","2025-10",1.00616982643205,463.563433123542,807.818676174651,0
"holdout","FTSE","STAR_SV","2025-11",1.00399766929534,815.814687296862,695.194512255606,0
"holdout","FTSE","STAR_SV","2025-12",1.0063529061613,715.710581459769,793.712799003565,0
"holdout","FTSE","TSV_RT","2024-01",1.00407982139673,841.075625403977,1196.73779198482,0
"holdout","FTSE","TSV_RT","2024-02",1.00619458909085,784.742294302268,1337.72507403904,0
"holdout","FTSE","TSV_RT","2024-03",1.00300033624508,720.61238854361,1375.99441140676,0
"holdout","FTSE","TSV_RT","2024-04",1.00453556229895,670.83491170236,1384.21205072585,0
"holdout","FTSE","TSV_RT","2024-05",1.00387346949838,679.835438255973,1227.9787773092,0
"holdout","FTSE","TSV_RT","2024-06",1.00848202909996,564.914432950449,1089.87804521966,0
"holdout","FTSE","TSV_RT","2024-07",1.00425816958525,647.296931196442,1367.17407310918,0
"holdout","FTSE","TSV_RT","2024-08",1.00389428207516,883.018550580358,1464.4972060359,0
"holdout","FTSE","TSV_RT","2024-09",1.00969452911481,701.208334783949,1512.38334221786,0
"holdout","FTSE","TSV_RT","2024-10",1.00365435011501,654.04705418489,1306.25646137273,0
"holdout","FTSE","TSV_RT","2024-11",1.00238418734036,860.137858424786,1679.23717743583,0
"holdout","FTSE","TSV_RT","2024-12",1.00735577339357,615.0429557695,1250.90950416688,0
"holdout","FTSE","TSV_RT","2025-01",1.0081825325308,787.190485222533,1489.91365647246,0
"holdout","FTSE","TSV_RT","2025-02",1.00961880407692,832.511019872315,1529.92796331022,0
"holdout","FTSE","TSV_RT","2025-03",1.00503927660429,746.089079785896,1330.99270616548,0
"holdout","FTSE","TSV_RT","2025-04",1.00652181812361,700.066359363308,1608.35015614491,0
"holdout","FTSE","TSV_RT","2025-05",1.00554748454345,795.011392415067,1612.80306901111,0
"holdout","FTSE","TSV_RT","2025-06",1.0076978833794,694.857619639899,1540.25105345098,0
"holdout","FTSE","TSV_RT","2025-07",1.00669352047298,872.800123411407,1795.12621916884,0
"holdout","FTSE","TSV_RT","2025-08",1.00888486445118,741.617551954872,1596.23394515054,0
"holdout","FTSE","TSV_RT","2025-09",1.00743165095367,814.23301696277,1527.71449956595,0
"holdout","FTSE","TSV_RT","2025-10",1.0036724861477,767.196387937308,1387.02000342719,0
"holdout","FTSE","TSV_RT","2025-11",1.00630168310178,960.252246543805,1688.55820948525,0
"holdout","FTSE","TSV_RT","2025-12",1.00525334761108,805.699625956407,1446.52110331008,0
"holdout","NIKKEI","AARSV","2024-01",1.00481582003627,1199.83343324715,1957.36598954809,0
"holdout","NIKKEI","AARSV","2024-02",1.00408116972733,927.82064012623,1450.5771466975,0
"holdout","NIKKEI","AARSV","2024-03",1.00549594354032,961.575632098487,1476.32326948944,0
"holdout","NIKKEI","AARSV","2024-04",1.0061211565802,869.747993219377,1578.77020943122,0
"holdout","NIKKEI","AARSV","2024-05",1.00391916666411,851.794208982643,1698.3828169656,0
"holdout","NIKKEI","AARSV","2024-06",1.00565680589968,934.235859105228,1560.30335396482,0
"holdout","NIKKEI","AARSV","2024-07",1.00483243584442,753.642634467231,1342.85191753411,0
"holdout","NIKKEI","AARSV","2024-08",1.00671825735277,986.006088253529,1748.54697316213,0
"holdout","NIKKEI","AARSV","2024-09",1.00510577171641,870.739760140244,1428.72672706405,0
"holdout","NIKKEI","AARSV","2024-10",1.00535498866934,735.46169154909,1575.3364000728,0
"holdout","NIKKEI","AARSV","2024-11",1.00442831334652,897.00937846025,1664.91550918136,0
"holdout","NIKKEI","AARSV","2024-12",1.0057603388876,1121.07460438086,1884.12930771828,0
"holdout","NIKKEI","AARSV","2025-01",1.00404589882474,1082.33888921956,1648.12212880163,0
"holdout","NIKKEI","AARSV","2025-02",1.00331206833073,1031.0830880611,1780.90575153596,0
"holdout","NIKKEI","AARSV","2025-03",1.00432801125779,1056.55472493837,1923.39779717224,0
"holdout","NIKKEI","AARSV","2025-04",1.00364433945332,1127.44680328557,1862.44807889352,0
"holdout","NIKKEI","AARSV","2025-05",1.00296090639462,993.347310853804,1687.83309720126,0
"holdout","NIKKEI","AARSV","2025-06",1.00545943068104,900.050072330354,1515.69821622785,0
"holdout","NIKKEI","AARSV","2025-07",1.00415392513475,1079.63847050384,1717.64880692944,0
"holdout","NIKKEI","AARSV","2025-08",1.0066094298501,927.724385452559,1488.75470573207,0
"holdout","NIKKEI","AARSV","2025-09",1.0030872614301,778.351179055085,1617.68239032508,0
"holdout","NIKKEI","AARSV","2025-10",1.00888429877907,867.510061104588,1602.79549516083,0
"holdout","NIKKEI","AARSV","2025-11",1.00511521701749,1029.54500040435,1777.45028053231,0
"holdout","NIKKEI","AARSV","2025-12",1.00370530900909,786.299928834811,1440.36002676588,0
"holdout","NIKKEI","APARCH","2024-01",1.00271905145724,1683.89334169399,899.094892247163,0
"holdout","NIKKEI","APARCH","2024-02",1.00217616830668,1477.90485327319,1346.01257850348,0
"holdout","NIKKEI","APARCH","2024-03",1.00381849114956,1699.55094514993,1261.93858883332,0
"holdout","NIKKEI","APARCH","2024-04",1.00459633212561,1494.0334570846,1327.36459744355,0
"holdout","NIKKEI","APARCH","2024-05",1.00347116171577,1252.23000595587,1253.09015098846,0
"holdout","NIKKEI","APARCH","2024-06",1.00251562512253,1579.26003325201,1270.97166414635,0
"holdout","NIKKEI","APARCH","2024-07",1.00196892549055,1439.45355906739,1062.42559958114,0
"holdout","NIKKEI","APARCH","2024-08",1.00390528864371,1468.49525262671,920.912068023756,0
"holdout","NIKKEI","APARCH","2024-09",1.00200423815399,1627.00992196947,1420.65266415756,0
"holdout","NIKKEI","APARCH","2024-10",1.00313983666708,1532.43333599376,1031.83569137669,0
"holdout","NIKKEI","APARCH","2024-11",1.00274112512074,1755.9295253979,1884.08843690807,0
"holdout","NIKKEI","APARCH","2024-12",1.00134328775145,1928.32379478569,1492.41925001016,0
"holdout","NIKKEI","APARCH","2025-01",1.00375768201415,1642.13713029638,1495.00642628802,0
"holdout","NIKKEI","APARCH","2025-02",1.00166468813607,1730.15621482337,1391.91707032738,0
"holdout","NIKKEI","APARCH","2025-03",1.00253501988904,1515.6196264325,1073.89559690908,0
"holdout","NIKKEI","APARCH","2025-04",1.00282505577169,1761.84765793919,2087.19868359678,0
"holdout","NIKKEI","APARCH","2025-05",1.00104728886798,1676.27364848,2417.82534892677,0
"holdout","NIKKEI","APARCH","2025-06",1.00259614159636,1648.04490127607,1550.83244451325,0
"holdout","NIKKEI","APARCH","2025-07",1.00601413783788,1560.86527442961,1754.31810636385,0
"holdout","NIKKEI","APARCH","2025-08",1.0029952512721,1497.60747497853,2047.55780854793,0
"holdout","NIKKEI","APARCH","2025-09",1.00191749384342,1822.58000602997,2527.61313374541,0
"holdout","NIKKEI","APARCH","2025-10",1.00154881874193,1942.42772051306,1897.10149321407,0
"holdout","NIKKEI","APARCH","2025-11",1.00233612598061,1899.05646672384,2255.35394581272,0
"holdout","NIKKEI","APARCH","2025-12",1.00308622592575,2063.66046839228,2521.660787874,0
"holdout","NIKKEI","ARSV","2024-01",1.00355040447619,608.192126171985,1489.55351792162,0
"holdout","NIKKEI","ARSV","2024-02",1.00386374717013,754.773652875932,1569.87844132281,0
"holdout","NIKKEI","ARSV","2024-03",1.00662299995852,606.71109190445,1347.01173003496,0
"holdout","NIKKEI","ARSV","2024-05",1.00280866427187,792.470406694333,1684.12513801469,0
"holdout","NIKKEI","ARSV","2024-06",1.00535707060323,695.18131935297,1505.54024668915,0
"holdout","NIKKEI","ARSV","2024-07",1.00229025528412,886.860180614763,1592.9247493835,0
"holdout","NIKKEI","ARSV","2024-08",1.00652203142817,435.664240422708,993.303412564931,0
"holdout","NIKKEI","ARSV","2024-09",1.00246808613405,681.614980158575,1314.64094099582,0
"holdout","NIKKEI","ARSV","2024-11",1.0087147927948,577.368058350504,1371.67307444844,0
"holdout","NIKKEI","ARSV","2024-12",1.00753689777553,567.54473978074,1355.59733501582,0
"holdout","NIKKEI","ARSV","2025-01",1.00620186850825,614.902281023457,1288.66522727538,0
"holdout","NIKKEI","ARSV","2025-02",1.00854353937798,607.71508549812,1248.58519051046,0
"holdout","NIKKEI","ARSV","2025-03",1.00381941354405,895.671045408322,2058.57119600724,0
"holdout","NIKKEI","ARSV","2025-04",1.00687560339092,443.323363795674,757.466313214201,0
"holdout","NIKKEI","ARSV","2025-05",1.00552944277074,848.585130440259,1883.75844955243,0
"holdout","NIKKEI","ARSV","2025-06",1.00604486343144,545.817617753957,1314.82629269172,0
"holdout","NIKKEI","ARSV","2025-07",1.00442813883581,426.839227386017,1072.05254774129,0
"holdout","NIKKEI","ARSV","2025-09",1.00746810037843,405.781471224589,835.135491901316,0
"holdout","NIKKEI","ARSV","2025-10",1.00971408937217,475.540643158934,972.378005662143,0
"holdout","NIKKEI","ARSV","2025-11",1.006026250179,482.846422805414,916.736145318137,0
"holdout","NIKKEI","ARSV","2025-12",1.00645966941475,473.20284659584,796.0101580681,0
"holdout","NIKKEI","GARCH","2024-01",1.0022007629225,1774.51833803289,2190.83407876386,0
"holdout","NIKKEI","GARCH","2024-02",1.00392730481725,1742.62698215965,2071.0587100018,0
"holdout","NIKKEI","GARCH","2024-03",1.00427111690937,1599.26700133673,1852.80070505646,0
"holdout","NIKKEI","GARCH","2024-04",1.00142670241565,1741.38739864729,1633.72680417666,0
"holdout","NIKKEI","GARCH","2024-05",1.00228460444127,1659.77406602549,1978.17133119577,0
"holdout","NIKKEI","GARCH","2024-06",1.00249745791932,1430.62177218667,1929.9674151143,0
"holdout","NIKKEI","GARCH","2024-07",1.00252198578179,1630.11122420143,1922.6556967938,0
"holdout","NIKKEI","GARCH","2024-08",1.00301272631195,1713.91960675786,2054.67300960129,0
"holdout","NIKKEI","GARCH","2024-09",1.0017730915264,1688.02149109217,2244.63559577545,0
"holdout","NIKKEI","GARCH","2024-10",1.00231310390168,1503.03170429977,2187.28587050757,0
"holdout","NIKKEI","GARCH","2024-11",1.00252830084025,1569.28273139636,2058.8710691555,0
"holdout","NIKKEI","GARCH","2024-12",1.00164191025068,1530.16664826958,2122.08762540784,0
"holdout","NIKKEI","GARCH","2025-01",1.00203099745757,1758.38078010179,2165.58820568191,0
"holdout","NIKKEI","GARCH","2025-02",1.00258177095159,1708.73558451166,2268.1505896914,0
"holdout","NIKKEI","GARCH","2025-03",1.00267038898607,1727.62578630049,2116.82030559168,0
"holdout","NIKKEI","GARCH","2025-04",1.00341816413473,1710.14999261371,1959.5970361109,0
"holdout","NIKKEI","GARCH","2025-05",1.00255000356434,1418.75734283546,2162.01023395494,0
"holdout","NIKKEI","GARCH","2025-06",1.00138359092568,1796.6742346769,2323.66169928074,0
"holdout","NIKKEI","GARCH","2025-07",1.00125835246226,1889.80571479043,2432.54734616759,0
"holdout","NIKKEI","GARCH","2025-08",1.0019920629767,1854.78741578116,2117.13386114542,0
"holdout","NIKKEI","GARCH","2025-09",1.00319625837845,1502.62389865521,1976.92532603371,0
"holdout","NIKKEI","GARCH","2025-10",1.00129318379743,1888.41932714582,2483.40658726868,0
"holdout","NIKKEI","GARCH","2025-11",1.00397472340726,1783.97165993983,2417.75640050418,0
"holdout","NIKKEI","GARCH","2025-12",1.00362720248232,1797.50786686337,2253.27622929296,0
"holdout","NIKKEI","GJR_R","2024-01",1.0022250695742,1554.33184584238,956.991355977123,0
"holdout","NIKKEI","GJR_R","2024-02",1.0029546492486,1573.12970983192,1489.21435162576,0
"holdout","NIKKEI","GJR_R","2024-03",1.00293967475462,1488.41401449303,1381.19033108721,0
"holdout","NIKKEI","GJR_R","2024-04",1.00257473873923,1530.02880115974,1579.91142301703,0
"holdout","NIKKEI","GJR_R","2024-05",1.00430740569267,1519.72319708527,1658.39035667939,0
"holdout","NIKKEI","GJR_R","2024-06",1.00312574340601,1544.01252896849,1795.03887317882,0
"holdout","NIKKEI","GJR_R","2024-07",1.0033475647729,1637.79212188685,1624.2858702772,0
"holdout","NIKKEI","GJR_R","2024-08",1.00162143125319,1576.6208063183,1892.44138229449,0
"holdout","NIKKEI","GJR_R","2024-09",1.00103429098158,1614.00674951581,1524.34856595932,0
"holdout","NIKKEI","GJR_R","2024-10",1.00268556445681,1750.41627519395,2231.68537059242,0
"holdout","NIKKEI","GJR_R","2024-11",1.00146752130775,1643.12873125804,1925.16708222645,0
"holdout","NIKKEI","GJR_R","2024-12",1.00168490764937,1537.30660215904,1867.35187088242,0
"holdout","NIKKEI","GJR_R","2025-01",1.00253044168591,1703.42254253276,1924.32235535929,0
"holdout","NIKKEI","GJR_R","2025-02",1.00314359211574,1593.39872872152,1894.54201724558,0
"holdout","NIKKEI","GJR_R","2025-03",1.00238971292702,1643.18068017088,2133.47639578624,0
"holdout","NIKKEI","GJR_R","2025-04",1.00176477986783,1742.23846267312,2082.90471704314,0
"holdout","NIKKEI","GJR_R","2025-05",1.00226890686704,1828.16514594029,1964.61510311912,0
"holdout","NIKKEI","GJR_R","2025-06",1.00260414618266,1631.41806192616,1823.77622092265,0
"holdout","NIKKEI","GJR_R","2025-07",1.00239268035756,1703.5193861729,2239.78243617445,0
"holdout","NIKKEI","GJR_R","2025-08",1.00309936312218,1535.61461046965,2079.97963159193,0
"holdout","NIKKEI","GJR_R","2025-09",1.00320209174546,1719.11843778454,2457.82465751711,0
"holdout","NIKKEI","GJR_R","2025-10",1.00279015558276,1644.19971036462,2091.99262936337,0
"holdout","NIKKEI","GJR_R","2025-11",1.00254382075587,1393.09827121007,2235.21828172749,0
"holdout","NIKKEI","GJR_R","2025-12",1.00257350013768,1707.33426844551,2195.26887752821,0
"holdout","NIKKEI","GJR_U","2024-01",1.00440507108893,1825.16650485775,1470.13525089484,0
"holdout","NIKKEI","GJR_U","2024-02",1.00168997169991,1591.99332805952,1687.57049584196,0
"holdout","NIKKEI","GJR_U","2024-03",1.0019800837822,1624.38870160906,1568.68425679608,0
"holdout","NIKKEI","GJR_U","2024-04",1.00143234853155,1542.0553265087,1428.14260039258,0
"holdout","NIKKEI","GJR_U","2024-05",1.00505837290458,1583.62667543413,1567.44366584193,0
"holdout","NIKKEI","GJR_U","2024-06",1.00100722286073,1498.69936702682,1471.62910627346,0
"holdout","NIKKEI","GJR_U","2024-07",1.00453266510681,1679.67345320686,1519.87813824866,0
"holdout","NIKKEI","GJR_U","2024-08",1.0030157141365,1680.79071138917,1504.38567721134,0
"holdout","NIKKEI","GJR_U","2024-09",1.00098118102689,1648.52235729882,1147.86363364449,0
"holdout","NIKKEI","GJR_U","2024-10",1.00354585984463,1650.79364769673,1352.23294726683,0
"holdout","NIKKEI","GJR_U","2024-11",1.00197007058247,1681.84731782228,1481.54250345584,0
"holdout","NIKKEI","GJR_U","2024-12",1.00300991528871,1680.14419462819,1242.88510961222,0
"holdout","NIKKEI","GJR_U","2025-01",1.00333990702156,1482.61241658465,993.382056329317,0
"holdout","NIKKEI","GJR_U","2025-02",1.00160693445239,1540.79182700217,1532.66561871063,0
"holdout","NIKKEI","GJR_U","2025-03",1.00358827833466,1554.06736980602,1364.17722153868,0
"holdout","NIKKEI","GJR_U","2025-04",1.00412879966882,1189.69511618032,734.06058659051,0
"holdout","NIKKEI","GJR_U","2025-05",1.00200547674476,1432.36694259527,1298.05651591233,0
"holdout","NIKKEI","GJR_U","2025-06",1.00243083397043,1545.92474741503,1339.91445823555,0
"holdout","NIKKEI","GJR_U","2025-07",1.00311739761348,1726.37242979478,1528.3612132411,0
"holdout","NIKKEI","GJR_U","2025-08",1.00414598937481,1825.38770438916,2388.28146294379,0
"holdout","NIKKEI","GJR_U","2025-09",1.00230123651706,1757.57744443634,2077.48604053997,0
"holdout","NIKKEI","GJR_U","2025-10",1.00233428530381,1724.0367469308,1693.00817518522,0
"holdout","NIKKEI","GJR_U","2025-11",1.00216925831889,1819.5040678158,2106.82931175323,0
"holdout","NIKKEI","GJR_U","2025-12",1.00177955112908,1875.45187279965,1918.19601190914,0
"holdout","NIKKEI","STAR_SV","2024-01",1.00593405684972,1112.91629743151,1736.71985127169,0
"holdout","NIKKEI","STAR_SV","2024-02",1.00667458022802,834.127226206536,1659.30311449762,0
"holdout","NIKKEI","STAR_SV","2024-03",1.00485980946906,984.703216786537,1784.90933637026,0
"holdout","NIKKEI","STAR_SV","2024-04",1.0036901917718,797.689515693123,1900.9876665866,0
"holdout","NIKKEI","STAR_SV","2024-05",1.00231474800751,1964.29078918246,3072.45833328305,0
"holdout","NIKKEI","STAR_SV","2024-06",1.00558204778712,1023.89629741417,1548.41255968867,0
"holdout","NIKKEI","STAR_SV","2024-07",1.00417620342446,969.055868581304,1648.07562040637,0
"holdout","NIKKEI","STAR_SV","2024-08",1.00473386058223,888.932230584395,1601.88113240253,0
"holdout","NIKKEI","STAR_SV","2024-09",1.00387822576663,722.163040976031,1489.7621216743,0
"holdout","NIKKEI","STAR_SV","2024-10",1.00560873592178,961.048658865207,1669.9194103918,0
"holdout","NIKKEI","STAR_SV","2024-11",1.00270362596355,1038.97379432683,1888.48730630926,0
"holdout","NIKKEI","STAR_SV","2024-12",1.00467618714616,1004.02055830493,1530.20683626982,0
"holdout","NIKKEI","STAR_SV","2025-01",1.00621429310095,1065.32644180704,1649.81658632574,0
"holdout","NIKKEI","STAR_SV","2025-02",1.00384130944664,1163.69749658479,2139.24775923633,0
"holdout","NIKKEI","STAR_SV","2025-03",1.00468311750719,1042.95182223206,1801.39912731704,0
"holdout","NIKKEI","STAR_SV","2025-04",1.00436296940472,1171.73021448131,1714.47906659214,0
"holdout","NIKKEI","STAR_SV","2025-05",1.00671485578572,1046.53099035018,1821.17239375634,0
"holdout","NIKKEI","STAR_SV","2025-06",1.00679783239566,894.524899161887,1735.62192254431,0
"holdout","NIKKEI","STAR_SV","2025-07",1.00418623210321,892.847954252651,1504.19826633358,0
"holdout","NIKKEI","STAR_SV","2025-08",1.00472685768884,975.079933437721,1772.12422108025,0
"holdout","NIKKEI","STAR_SV","2025-09",1.0063086277911,1082.27049987835,1774.21992990038,0
"holdout","NIKKEI","STAR_SV","2025-10",1.00359857168356,955.453637595944,1491.7195380371,0
"holdout","NIKKEI","STAR_SV","2025-11",1.00634507002506,1023.94773811237,1928.39854702799,0
"holdout","NIKKEI","STAR_SV","2025-12",1.00304396243824,1074.26601831607,1854.63279787067,0
"holdout","NIKKEI","TSV_RT","2024-01",1.00352254159174,864.87635376317,1513.95977320759,0
"holdout","NIKKEI","TSV_RT","2024-02",1.00473410582139,703.737491610645,1519.3262476909,0
"holdout","NIKKEI","TSV_RT","2024-03",1.00965015807942,570.111198983486,1373.31193119613,0
"holdout","NIKKEI","TSV_RT","2024-04",1.00468345163113,690.547255323522,1023.36350874277,0
"holdout","NIKKEI","TSV_RT","2024-05",1.00795523060847,592.805960327317,1297.76437730792,0
"holdout","NIKKEI","TSV_RT","2024-06",1.00204934351715,1304.50581429888,2518.78788661575,0
"holdout","NIKKEI","TSV_RT","2024-07",1.00634251263292,814.489011536562,1616.89584936806,0
"holdout","NIKKEI","TSV_RT","2024-08",1.00398161921541,816.652074727847,1421.67008936698,0
"holdout","NIKKEI","TSV_RT","2024-09",1.00605589460185,629.853009308095,1169.48918909347,0
"holdout","NIKKEI","TSV_RT","2024-10",1.00243407943638,1271.29351878773,2660.29500181683,0
"holdout","NIKKEI","TSV_RT","2024-11",1.00354900153201,1383.22362453995,2847.45985842899,0
"holdout","NIKKEI","TSV_RT","2024-12",1.00502215165935,645.652508878412,1463.89762536994,0
"holdout","NIKKEI","TSV_RT","2025-01",1.00384934668017,908.53091648637,1461.73335181211,0
"holdout","NIKKEI","TSV_RT","2025-02",1.00584984461015,717.629118937709,1464.25701162868,0
"holdout","NIKKEI","TSV_RT","2025-03",1.00613396967021,754.428530580323,1411.02534086205,0
"holdout","NIKKEI","TSV_RT","2025-04",1.00510330057164,911.445072914456,1418.45318934088,0
"holdout","NIKKEI","TSV_RT","2025-05",1.00519127984611,790.823551342862,1356.26600569714,0
"holdout","NIKKEI","TSV_RT","2025-06",1.00614953733631,827.251940191283,1583.19425354801,0
"holdout","NIKKEI","TSV_RT","2025-07",1.00516151097781,719.100551626111,1478.05449610115,0
"holdout","NIKKEI","TSV_RT","2025-08",1.00412006789404,652.283583334011,1508.43669920223,0
"holdout","NIKKEI","TSV_RT","2025-09",1.00538990116252,686.352226170659,1309.20107810976,0
"holdout","NIKKEI","TSV_RT","2025-10",1.00604062085899,623.486280993474,1087.75155320672,0
"holdout","NIKKEI","TSV_RT","2025-11",1.00460579297544,728.221988617886,1370.85852451731,0
"holdout","NIKKEI","TSV_RT","2025-12",1.00778374580875,683.243884055013,1152.47001326754,0
"holdout","SHCOMP","AARSV","2024-01",1.00414043123021,1087.783663279,1838.58158292932,0
"holdout","SHCOMP","AARSV","2024-02",1.00364300726527,1178.48465314414,1578.68617646266,0
"holdout","SHCOMP","AARSV","2024-03",1.00417444429371,1123.02517624323,2064.61542959684,0
"holdout","SHCOMP","AARSV","2024-04",1.00329983879795,1188.32506435205,1878.19082624998,0
"holdout","SHCOMP","AARSV","2024-05",1.00905747670768,985.544896289733,1829.94375513454,0
"holdout","SHCOMP","AARSV","2024-06",1.00393614939108,1162.45239040917,1982.34566507018,0
"holdout","SHCOMP","AARSV","2024-07",1.00404781497954,1166.62626785435,1780.20557006859,0
"holdout","SHCOMP","AARSV","2024-08",1.00478281990379,1030.74339887886,1396.96181741328,0
"holdout","SHCOMP","AARSV","2024-09",1.00353941300386,1173.98370423755,2024.6135145648,0
"holdout","SHCOMP","AARSV","2024-10",1.00762803136837,1042.02387302806,1718.48471917163,0
"holdout","SHCOMP","AARSV","2024-11",1.00670997283049,922.927631150039,1633.45781383008,0
"holdout","SHCOMP","AARSV","2024-12",1.00509285107112,987.039667240753,1645.27483575266,0
"holdout","SHCOMP","AARSV","2025-01",1.00599186800913,981.134940703608,1897.15014412408,0
"holdout","SHCOMP","AARSV","2025-02",1.00203571068914,1808.70240615468,3199.22490551113,0
"holdout","SHCOMP","AARSV","2025-03",1.0032143327709,888.976078684985,1807.78332524529,0
"holdout","SHCOMP","AARSV","2025-04",1.00469224964206,794.228209509762,1417.47247392563,0
"holdout","SHCOMP","AARSV","2025-05",1.00582218588585,1000.27261460134,1906.39264980498,0
"holdout","SHCOMP","AARSV","2025-06",1.00640517974418,866.219122719995,1816.26880646617,0
"holdout","SHCOMP","AARSV","2025-07",1.00653134417626,954.614028160418,1786.39636523284,0
"holdout","SHCOMP","AARSV","2025-08",1.00622645517162,1091.17330032297,1861.52577587497,0
"holdout","SHCOMP","AARSV","2025-09",1.00357133582528,893.078676240985,1757.34984168857,0
"holdout","SHCOMP","AARSV","2025-10",1.00507923221698,871.147586426306,1647.9695172725,0
"holdout","SHCOMP","AARSV","2025-11",1.00335802002698,1161.00372542484,1954.23788797757,0
"holdout","SHCOMP","AARSV","2025-12",1.00978399592184,724.555297386498,1341.84912261446,0
"holdout","SHCOMP","APARCH","2024-01",1.00168133032058,1475.50908948407,858.388310371705,0
"holdout","SHCOMP","APARCH","2024-02",1.00197283933138,1878.3801430238,2443.64996562337,0
"holdout","SHCOMP","APARCH","2024-03",1.00427146520049,2040.43567559684,2513.86918308229,0
"holdout","SHCOMP","APARCH","2024-05",1.00238366888049,1534.06158658743,1393.85723024961,0
"holdout","SHCOMP","APARCH","2024-06",1.0019067995997,1676.8110746478,2328.34515316994,0
"holdout","SHCOMP","APARCH","2024-07",1.00605933405013,1793.72967116297,2013.14937719534,0
"holdout","SHCOMP","APARCH","2024-08",1.00115165434631,3926.14109951174,5373.45358327223,0
"holdout","SHCOMP","APARCH","2024-09",1.00130644197008,1850.29117476399,2317.32305055356,0
"holdout","SHCOMP","APARCH","2024-10",1.00262466693272,1915.35933732136,2371.56708353603,0
"holdout","SHCOMP","APARCH","2024-11",1.00317896833525,1844.8401516563,2441.2593684629,0
"holdout","SHCOMP","APARCH","2024-12",1.00211010858111,1838.90895298296,2413.46538859025,0
"holdout","SHCOMP","APARCH","2025-01",1.00202326294685,1885.02309512029,2476.19154375759,0
"holdout","SHCOMP","APARCH","2025-02",1.00227052445068,1810.80458662437,2455.41618424726,0
"holdout","SHCOMP","APARCH","2025-03",1.00145772220644,1717.51329406512,1908.66479533926,0
"holdout","SHCOMP","APARCH","2025-04",1.00265977760654,2027.00501478995,2348.64873586886,0
"holdout","SHCOMP","APARCH","2025-05",1.00379153970404,1897.59027196226,2431.24821160359,0
"holdout","SHCOMP","APARCH","2025-06",1.00320248150014,1652.14219185374,2234.62218348356,0
"holdout","SHCOMP","APARCH","2025-07",1.00234307272831,2072.67320421486,2733.95360408363,0
"holdout","SHCOMP","APARCH","2025-08",1.00192167231856,1963.36523580882,2434.83731339873,0
"holdout","SHCOMP","APARCH","2025-09",1.00260615025698,1959.68507073824,2646.95343303936,0
"holdout","SHCOMP","APARCH","2025-10",1.00165221376373,1972.86524225659,2395.27643819821,0
"holdout","SHCOMP","APARCH","2025-11",1.00203710570535,1995.36089090725,2330.89134942676,0
"holdout","SHCOMP","APARCH","2025-12",1.00133926041996,1711.01497784555,2499.38531828728,0
"holdout","SHCOMP","ARSV","2024-01",1.00292579687949,839.704027134164,1378.93068115362,0
"holdout","SHCOMP","ARSV","2024-02",1.00467879620188,1188.3698636015,2105.76992572699,0
"holdout","SHCOMP","ARSV","2024-03",1.00483951624367,643.023224592113,1424.01091891686,0
"holdout","SHCOMP","ARSV","2024-04",1.00689873881702,919.48185237574,1402.71152721502,0
"holdout","SHCOMP","ARSV","2024-05",1.00387237869572,1225.10110986007,1718.55591835777,0
"holdout","SHCOMP","ARSV","2024-06",1.0049587473409,1153.83926232656,1786.03981707015,0
"holdout","SHCOMP","ARSV","2024-07",1.00710039915073,1133.10082754626,1900.80524044724,0
"holdout","SHCOMP","ARSV","2024-08",1.00337044613015,986.356127635155,1982.39393456998,0
"holdout","SHCOMP","ARSV","2024-09",1.00457468662679,1109.17802811914,1782.72614950665,0
"holdout","SHCOMP","ARSV","2024-10",1.00486536524513,1163.77438228457,2032.19768436209,0
"holdout","SHCOMP","ARSV","2024-11",1.00566622427651,987.00534702717,1793.51244232884,0
"holdout","SHCOMP","ARSV","2024-12",1.00300311459854,976.781404220241,1883.11863779801,0
"holdout","SHCOMP","ARSV","2025-01",1.00418652957484,925.575885140537,1507.17514916273,0
"holdout","SHCOMP","ARSV","2025-02",1.00432553069087,864.452257411023,1517.29506572782,0
"holdout","SHCOMP","ARSV","2025-03",1.00435874208727,963.477832009407,1774.03201119919,0
"holdout","SHCOMP","ARSV","2025-04",1.00305278579083,997.275569412434,1595.27580135012,0
"holdout","SHCOMP","ARSV","2025-05",1.00444666962179,1021.20405380618,1678.88469190084,0
"holdout","SHCOMP","ARSV","2025-06",1.00473636897206,1071.00819206245,1556.02548066257,0
"holdout","SHCOMP","ARSV","2025-07",1.00272232568987,1146.24889587402,1677.68109857513,0
"holdout","SHCOMP","ARSV","2025-08",1.00977068655076,646.222071601223,1243.30802514977,0
"holdout","SHCOMP","ARSV","2025-09",1.00441858135241,1000.7517028792,1595.33478039002,0
"holdout","SHCOMP","ARSV","2025-10",1.00649967176058,890.662764096172,2032.68448232538,0
"holdout","SHCOMP","ARSV","2025-11",1.00431044926605,1059.87064967941,1738.45130846992,0
"holdout","SHCOMP","ARSV","2025-12",1.00388045296247,916.428298245205,1649.90321223101,0
"holdout","SHCOMP","GARCH","2024-01",1.00189538759032,1650.8318623334,2201.11071574791,0
"holdout","SHCOMP","GARCH","2024-02",1.00282262031912,1352.96845571351,1792.12776491596,0
"holdout","SHCOMP","GARCH","2024-03",1.00153195457005,1831.20388142414,2315.76343631722,0
"holdout","SHCOMP","GARCH","2024-04",1.00293725532414,1721.51703287417,1465.15195768981,0
"holdout","SHCOMP","GARCH","2024-05",1.00274366940002,1632.71416947606,2093.11579593731,0
"holdout","SHCOMP","GARCH","2024-06",1.00340745113043,1310.78124720646,1492.49836983192,0
"holdout","SHCOMP","GARCH","2024-07",1.00103864975304,1537.01318817041,2196.64581219869,0
"holdout","SHCOMP","GARCH","2024-08",1.00137698992519,1841.09604365566,2128.88337678125,0
"holdout","SHCOMP","GARCH","2024-09",1.00187183824277,1759.34573402449,2233.10955873147,0
"holdout","SHCOMP","GARCH","2024-10",1.0031087253781,1923.01305659453,2038.54331370644,0
"holdout","SHCOMP","GARCH","2024-11",1.00434647223248,1778.54550671798,2228.25479078472,0
"holdout","SHCOMP","GARCH","2024-12",1.00177977029933,1817.01858521785,2410.47500298629,0
"holdout","SHCOMP","GARCH","2025-01",1.00192774702996,1941.14601398521,2122.41330743868,0
"holdout","SHCOMP","GARCH","2025-02",1.00163831914806,1504.62670357575,2297.33251226056,0
"holdout","SHCOMP","GARCH","2025-03",1.00299500655279,1608.53254354606,2189.61174447518,0
"holdout","SHCOMP","GARCH","2025-04",1.00306084182232,1948.19488886868,2384.70292782922,0
"holdout","SHCOMP","GARCH","2025-05",1.0044422234192,1714.74135023835,2022.55553559325,0
"holdout","SHCOMP","GARCH","2025-06",1.00118198746242,1852.10441869836,2515.73606458626,0
"holdout","SHCOMP","GARCH","2025-07",1.00103814824032,1833.73888334126,2205.68967461674,0
"holdout","SHCOMP","GARCH","2025-08",1.00459981515208,1626.88967701185,1936.6561715073,0
"holdout","SHCOMP","GARCH","2025-09",1.00146032935373,1720.17291496157,2224.35254676574,0
"holdout","SHCOMP","GARCH","2025-10",1.0043757632016,1555.89566532927,2258.42699052889,0
"holdout","SHCOMP","GARCH","2025-11",1.00261829301563,1619.13224364673,2171.49885745145,0
"holdout","SHCOMP","GARCH","2025-12",1.00183739278646,1851.03477631092,2429.61124073207,0
"holdout","SHCOMP","GJR_R","2024-01",1.00286634403238,1554.15356750299,2070.33842412278,0
"holdout","SHCOMP","GJR_R","2024-02",1.00212214223795,1755.62760981669,1925.22502216844,0
"holdout","SHCOMP","GJR_R","2024-03",1.00297906891485,1933.10450351607,1900.21946192338,0
"holdout","SHCOMP","GJR_R","2024-04",1.00361481158448,1308.42184893549,1915.85483349754,0
"holdout","SHCOMP","GJR_R","2024-05",1.00229547691503,1922.60495203999,1878.80352160962,0
"holdout","SHCOMP","GJR_R","2024-06",1.00416088352634,1734.76614719118,1835.6573842783,0
"holdout","SHCOMP","GJR_R","2024-07",1.00492337958102,1606.31486207519,1654.84946697363,0
"holdout","SHCOMP","GJR_R","2024-08",1.00195919796451,1599.96598336398,2188.00422557602,0
"holdout","SHCOMP","GJR_R","2024-09",1.00197200517528,1588.53018420658,2130.00997398822,0
"holdout","SHCOMP","GJR_R","2024-10",1.00169660905676,1630.53162252359,2189.79631264849,0
"holdout","SHCOMP","GJR_R","2024-11",1.00143238084703,1453.26916272554,1975.23890534164,0
"holdout","SHCOMP","GJR_R","2024-12",1.00216267147405,1399.04998866878,1097.65548137361,0
"holdout","SHCOMP","GJR_R","2025-01",1.00238650636615,1560.86328149603,1716.26836547001,0
"holdout","SHCOMP","GJR_R","2025-02",1.00326169052472,1774.12585709957,2387.26403661775,0
"holdout","SHCOMP","GJR_R","2025-03",1.00307604157667,1868.21521391376,1957.84962915658,0
"holdout","SHCOMP","GJR_R","2025-04",1.00271055721786,1743.2409161981,2032.13932550034,0
"holdout","SHCOMP","GJR_R","2025-05",1.00363761067701,1425.29232282699,1271.26464307778,0
"holdout","SHCOMP","GJR_R","2025-06",1.00326056969089,1436.23205269441,1309.81883024121,0
"holdout","SHCOMP","GJR_R","2025-07",1.00409616343361,1541.8674077005,1666.68848974298,0
"holdout","SHCOMP","GJR_R","2025-08",1.00628143461791,1388.91074821879,1885.66734967154,0
"holdout","SHCOMP","GJR_R","2025-09",1.00217385385838,1420.29506398898,1663.55372723631,0
"holdout","SHCOMP","GJR_R","2025-10",1.0041033823154,1477.67652585933,1000.37090312166,0
"holdout","SHCOMP","GJR_R","2025-11",1.00217087630313,1642.87645643183,1225.43924538626,0
"holdout","SHCOMP","GJR_R","2025-12",1.00448596231415,1477.21392109186,1322.19153248251,0
"holdout","SHCOMP","GJR_U","2024-01",1.00285827369939,1417.89341838418,2157.52825221214,0
"holdout","SHCOMP","GJR_U","2024-02",1.00518525801844,1628.36120102568,1719.77724110137,0
"holdout","SHCOMP","GJR_U","2024-03",1.00444145821131,1515.18055625593,1227.42404799567,0
"holdout","SHCOMP","GJR_U","2024-04",1.00559721248641,712.869280710461,1417.30749355727,0
"holdout","SHCOMP","GJR_U","2024-05",1.00212866361358,1559.20567254156,2052.47561831044,0
"holdout","SHCOMP","GJR_U","2024-06",1.0030245117807,1638.8317886005,2006.63845882327,0
"holdout","SHCOMP","GJR_U","2024-07",1.00192759364251,1715.47824805215,2452.01358627091,0
"holdout","SHCOMP","GJR_U","2024-08",1.00202527421537,1687.21805224952,1969.7147726002,0
"holdout","SHCOMP","GJR_U","2024-09",1.0012535551998,1911.6909697596,1985.88469538484,0
"holdout","SHCOMP","GJR_U","2024-10",1.00323499959258,1693.97502613296,2293.60375319046,0
"holdout","SHCOMP","GJR_U","2024-11",1.00400361983326,1781.29242571775,2146.51658006541,0
"holdout","SHCOMP","GJR_U","2024-12",1.00381965482532,2022.80427912589,2325.2607939562,0
"holdout","SHCOMP","GJR_U","2025-01",1.00175796135834,1876.87799675313,2481.5063348235,0
"holdout","SHCOMP","GJR_U","2025-02",1.00191524596082,1871.15464677034,2415.08174384462,0
"holdout","SHCOMP","GJR_U","2025-03",1.0022515854931,1654.96130355055,2328.45197054366,0
"holdout","SHCOMP","GJR_U","2025-04",1.00264226866785,1762.77262966981,2291.35985110431,0
"holdout","SHCOMP","GJR_U","2025-05",1.00249321242664,1956.20686516337,2603.84971668215,0
"holdout","SHCOMP","GJR_U","2025-06",1.0022372912143,2001.12252959671,2703.8874722318,0
"holdout","SHCOMP","GJR_U","2025-07",1.00269652168636,1527.83998539098,2193.39560290171,0
"holdout","SHCOMP","GJR_U","2025-08",1.00341843276054,1920.52792630448,2422.50997041336,0
"holdout","SHCOMP","GJR_U","2025-09",1.0018095758243,3288.09923106479,4943.36576417956,0
"holdout","SHCOMP","GJR_U","2025-10",1.00250595153547,1859.42095830767,2426.81314216885,0
"holdout","SHCOMP","GJR_U","2025-11",1.00334243997136,1854.33397911483,2428.31050263537,0
"holdout","SHCOMP","GJR_U","2025-12",1.00201091344264,1800.63626141554,2201.79864612787,0
"holdout","SHCOMP","STAR_SV","2024-02",1.00378059221474,791.49255474717,1266.69160790076,0
"holdout","SHCOMP","STAR_SV","2024-03",1.00508928090303,532.597954004775,558.157508743092,0
"holdout","SHCOMP","STAR_SV","2024-04",1.00420350093449,1185.03334687364,1841.97533979954,0
"holdout","SHCOMP","STAR_SV","2024-05",1.00757918716152,450.609576289752,1470.0912759489,0
"holdout","SHCOMP","STAR_SV","2024-06",1.00746156517932,565.30076035868,1117.82063902323,0
"holdout","SHCOMP","STAR_SV","2024-07",1.00735502668339,819.158337419248,1501.8717219578,0
"holdout","SHCOMP","STAR_SV","2024-08",1.00401155648619,1290.0392966363,1888.57560979195,0
"holdout","SHCOMP","STAR_SV","2024-09",1.00376791961453,920.009268170759,1442.26751027401,0
"holdout","SHCOMP","STAR_SV","2024-10",1.00531749596727,1174.59661679853,1714.90258154696,0
"holdout","SHCOMP","STAR_SV","2024-11",1.00633887572386,1074.73152257154,1845.3356629101,0
"holdout","SHCOMP","STAR_SV","2024-12",1.00385513810062,1154.72607526631,1941.7678630878,0
"holdout","SHCOMP","STAR_SV","2025-01",1.00358025430896,1086.99663697418,1267.07831622273,0
"holdout","SHCOMP","STAR_SV","2025-02",1.00319119149304,916.850197783173,1932.88192299441,0
"holdout","SHCOMP","STAR_SV","2025-03",1.00597688428125,1092.66867138766,1932.03519557142,0
"holdout","SHCOMP","STAR_SV","2025-04",1.00402599624105,1115.8285635143,1591.61871830888,0
"holdout","SHCOMP","STAR_SV","2025-05",1.00539529745039,1325.51301648492,1835.52836073302,0
"holdout","SHCOMP","STAR_SV","2025-06",1.00638378159551,1214.97631895285,1979.77959836114,0
"holdout","SHCOMP","STAR_SV","2025-07",1.00437100331694,900.446393591432,1576.47921961996,0
"holdout","SHCOMP","STAR_SV","2025-08",1.00405288305435,1223.83481629907,1871.90599930425,0
"holdout","SHCOMP","STAR_SV","2025-09",1.0049990067873,1256.56306254053,2026.38550308715,0
"holdout","SHCOMP","STAR_SV","2025-10",1.00457405447993,1182.81093338631,1993.81239470653,0
"holdout","SHCOMP","STAR_SV","2025-11",1.00346996606158,1333.34445799573,2063.32035020921,0
"holdout","SHCOMP","STAR_SV","2025-12",1.00431664354924,949.700639416326,1474.46471812562,0
"holdout","SHCOMP","TSV_RT","2024-01",1.00333381705097,1544.99282055044,3198.21400045486,0
"holdout","SHCOMP","TSV_RT","2024-02",1.00764195073394,948.832295565659,1907.43784416917,0
"holdout","SHCOMP","TSV_RT","2024-03",1.0037369648995,920.506983342375,1463.09411041475,0
"holdout","SHCOMP","TSV_RT","2024-04",1.00468108946952,996.302370439337,1791.5687518051,0
"holdout","SHCOMP","TSV_RT","2024-05",1.00578758373063,1005.49929195481,1936.6423233523,0
"holdout","SHCOMP","TSV_RT","2024-06",1.00354748175033,942.449540784622,1670.95480465725,0
"holdout","SHCOMP","TSV_RT","2024-07",1.00349092788053,881.568291458051,1761.86625270607,0
"holdout","SHCOMP","TSV_RT","2024-08",1.00420360114436,923.836283769962,1643.81861938426,0
"holdout","SHCOMP","TSV_RT","2024-09",1.00338973759881,1884.27242792696,3868.27005770676,0
"holdout","SHCOMP","TSV_RT","2024-10",1.00465320838928,1164.94701895107,1953.09263673125,0
"holdout","SHCOMP","TSV_RT","2024-11",1.00385470035547,764.454702229229,1625.31953701565,0
"holdout","SHCOMP","TSV_RT","2024-12",1.00559175222525,1216.88940950139,1873.30101444194,0
"holdout","SHCOMP","TSV_RT","2025-01",1.00505344103831,1175.92672413074,2069.07638310061,0
"holdout","SHCOMP","TSV_RT","2025-02",1.00403839758537,896.581236124953,1658.73616511133,0
"holdout","SHCOMP","TSV_RT","2025-03",1.00325685777804,982.143203435093,1822.48980632754,0
"holdout","SHCOMP","TSV_RT","2025-04",1.00347371935318,1125.66254522442,1913.32007196864,0
"holdout","SHCOMP","TSV_RT","2025-05",1.00416940550165,932.158596765843,1832.01581953887,0
"holdout","SHCOMP","TSV_RT","2025-06",1.00409166657087,1079.42785836664,1719.65479368859,0
"holdout","SHCOMP","TSV_RT","2025-07",1.00475558446409,1197.53088170157,2045.02786336447,0
"holdout","SHCOMP","TSV_RT","2025-08",1.00581062691187,986.390494509554,1882.65709734014,0
"holdout","SHCOMP","TSV_RT","2025-09",1.00523756605279,1139.59809129201,2016.75802742191,0
"holdout","SHCOMP","TSV_RT","2025-10",1.00934154043216,982.521519468469,1847.39859601175,0
"holdout","SHCOMP","TSV_RT","2025-11",1.0047242608675,1105.50462399267,1804.70627114353,0
"holdout","SHCOMP","TSV_RT","2025-12",1.00343546347763,951.069670774757,1678.74858167501,0
"holdout","SP500","AARSV","2024-01",1.00534963202792,928.479042337478,1898.11745308472,0
"holdout","SP500","AARSV","2024-02",1.00585933932345,842.401590239179,1777.19091798789,0
"holdout","SP500","AARSV","2024-03",1.00337467308428,929.679337990903,1856.11783253778,0
"holdout","SP500","AARSV","2024-04",1.00242219393186,1951.26270139133,3547.97474786728,0
"holdout","SP500","AARSV","2024-05",1.00221961909632,935.109482529048,1822.15576664889,0
"holdout","SP500","AARSV","2024-06",1.00439611290284,858.706753903345,1676.48908390595,0
"holdout","SP500","AARSV","2024-07",1.00282703747782,1192.12185028098,1976.50281590917,0
"holdout","SP500","AARSV","2024-08",1.00515539176402,974.158305358659,1785.94704973028,0
"holdout","SP500","AARSV","2024-09",1.00348335491196,959.823328222624,1867.33160330346,0
"holdout","SP500","AARSV","2024-10",1.00439829866998,922.366502257384,1600.14962405076,0
"holdout","SP500","AARSV","2024-11",1.00445834008587,963.566116486145,1642.77390243042,0
"holdout","SP500","AARSV","2024-12",1.00552885795848,985.059940224138,1859.52947500663,0
"holdout","SP500","AARSV","2025-01",1.00421244790691,1084.9032726025,2129.49061136298,0
"holdout","SP500","AARSV","2025-02",1.00324013741701,1196.49723297322,1782.37668507032,0
"holdout","SP500","AARSV","2025-03",1.00483776167019,1013.03894517884,1486.23419708629,0
"holdout","SP500","AARSV","2025-04",1.00724628801285,1012.76691279956,1902.01517696953,0
"holdout","SP500","AARSV","2025-05",1.00512833576256,972.357666064671,1922.06713561848,0
"holdout","SP500","AARSV","2025-06",1.00327593307377,1049.54373479955,1978.68142661748,0
"holdout","SP500","AARSV","2025-07",1.00444306478577,1117.32067421372,1674.99907395074,0
"holdout","SP500","AARSV","2025-08",1.00341073203179,1061.65760406835,1923.98511408822,0
"holdout","SP500","AARSV","2025-09",1.00263188713824,848.313296225044,1671.0939434903,0
"holdout","SP500","AARSV","2025-10",1.0027783351835,889.059023085846,1892.69249048538,0
"holdout","SP500","AARSV","2025-11",1.00446796397314,1105.70819225276,1957.08657105135,0
"holdout","SP500","AARSV","2025-12",1.00314951689786,1107.6357923652,1992.74868863225,0
"holdout","SP500","APARCH","2024-01",1.00225705778823,1739.09269434958,2169.76732921245,0
"holdout","SP500","APARCH","2024-02",1.00330539385027,1574.99236462553,1477.33869284706,0
"holdout","SP500","APARCH","2024-03",1.00286073881377,1501.01347830388,1836.90731519145,0
"holdout","SP500","APARCH","2024-04",1.00175624110396,1934.26563170925,1904.78677598057,0
"holdout","SP500","APARCH","2024-05",1.00201781824989,1883.44711963271,2007.59838895046,0
"holdout","SP500","APARCH","2024-06",1.00165944724442,1857.74770519323,2007.86074197394,0
"holdout","SP500","APARCH","2024-07",1.00389608267506,1760.27433051704,1753.46105166747,0
"holdout","SP500","APARCH","2024-08",1.00660715792562,1635.64625301771,1449.23878169993,0
"holdout","SP500","APARCH","2024-09",1.00135253916441,1607.39547137885,1689.36409672006,0
"holdout","SP500","APARCH","2024-10",1.00288574861568,1265.87686315387,1196.67914554906,0
"holdout","SP500","APARCH","2024-11",1.00097049602991,1538.65494441463,1829.78764123542,0
"holdout","SP500","APARCH","2024-12",1.0022313788643,1402.98328054339,1525.56204803384,0
"holdout","SP500","APARCH","2025-01",1.00339389806644,3347.73089390455,3580.23460662691,0
"holdout","SP500","APARCH","2025-02",1.00131156265565,1255.27338498997,1361.95616670612,0
"holdout","SP500","APARCH","2025-03",1.00146757626074,1700.92083992828,1845.49324804129,0
"holdout","SP500","APARCH","2025-04",1.00278456402256,1513.28234153088,1600.96606696074,0
"holdout","SP500","APARCH","2025-05",1.00208759005432,1445.51587227545,1198.5568333725,0
"holdout","SP500","APARCH","2025-06",1.00268907977028,1674.3535728341,1517.70778231284,0
"holdout","SP500","APARCH","2025-07",1.00181205646624,1650.17066176512,1484.74754649188,0
"holdout","SP500","APARCH","2025-08",1.0016509086884,1555.74321626429,1478.41810951316,0
"holdout","SP500","APARCH","2025-09",1.00294969392287,1383.76836373422,1355.30828478969,0
"holdout","SP500","APARCH","2025-10",1.00222842591797,1773.48884696849,1787.61772182711,0
"holdout","SP500","APARCH","2025-11",1.0017852691445,1672.47766514275,1528.91187797204,0
"holdout","SP500","APARCH","2025-12",1.00216099409855,1650.82055390852,2014.79945565107,0
"holdout","SP500","ARSV","2024-01",1.00353974771141,949.313922689646,1594.88191300295,0
"holdout","SP500","ARSV","2024-02",1.00842483010938,868.422277779115,1589.22962763065,0
"holdout","SP500","ARSV","2024-03",1.00423596458607,1016.92749114407,1999.76021919638,0
"holdout","SP500","ARSV","2024-04",1.00440876617565,876.191678394526,1442.67271691752,0
"holdout","SP500","ARSV","2024-05",1.00893533280552,720.470363570448,1541.80026079737,0
"holdout","SP500","ARSV","2024-06",1.00665525948171,923.253564110183,1606.6017124045,0
"holdout","SP500","ARSV","2024-07",1.00437828847718,999.768072484183,1708.02259743923,0
"holdout","SP500","ARSV","2024-08",1.00403152384009,1094.35292908549,1836.32366619216,0
"holdout","SP500","ARSV","2024-09",1.00458636501546,896.292642383581,1524.54561904854,0
"holdout","SP500","ARSV","2024-10",1.00410298962082,999.270078548183,1846.82149644282,0
"holdout","SP500","ARSV","2024-11",1.00474354433952,1005.61544468442,1462.62809937243,0
"holdout","SP500","ARSV","2024-12",1.00557149364442,994.144434823603,1470.83129220159,0
"holdout","SP500","ARSV","2025-01",1.00594280258976,908.674235916325,1578.0840103628,0
"holdout","SP500","ARSV","2025-02",1.00601413690832,977.057137217919,1625.76798421175,0
"holdout","SP500","ARSV","2025-03",1.0057989166474,910.499666716828,1608.14556281703,0
"holdout","SP500","ARSV","2025-04",1.00547847416844,1191.11325917472,1938.46028498941,0
"holdout","SP500","ARSV","2025-05",1.0049740670009,1173.27313920575,2028.30308380829,0
"holdout","SP500","ARSV","2025-06",1.00362471357864,979.700470820275,1846.94347692615,0
"holdout","SP500","ARSV","2025-07",1.0050037376657,1045.62690923006,1826.51332411682,0
"holdout","SP500","ARSV","2025-08",1.00459762719815,1150.51472877713,1719.77906088918,0
"holdout","SP500","ARSV","2025-09",1.00476659293708,999.987303121626,1696.38980068292,0
"holdout","SP500","ARSV","2025-10",1.00481123318262,2068.25063985905,3403.9374507398,0
"holdout","SP500","ARSV","2025-11",1.00639173327357,1158.30055033908,1982.71862473497,0
"holdout","SP500","ARSV","2025-12",1.00547273697731,893.43751140748,1671.11505804211,0
"holdout","SP500","GARCH","2024-01",1.00209539916618,1720.73728619494,2256.28531798556,0
"holdout","SP500","GARCH","2024-02",1.00250695586711,1795.71002651964,2346.8776215528,0
"holdout","SP500","GARCH","2024-03",1.00415711171188,1717.99741101482,1815.61553636534,0
"holdout","SP500","GARCH","2024-04",1.00528990128517,1608.08084657791,2199.92012120872,0
"holdout","SP500","GARCH","2024-05",1.00193585156737,1846.4858280202,2087.52876199009,0
"holdout","SP500","GARCH","2024-06",1.00292465994441,1822.90709029188,2294.86203577141,0
"holdout","SP500","GARCH","2024-07",1.00257680636311,1896.72865937036,2325.32025851721,0
"holdout","SP500","GARCH","2024-08",1.00244555305903,1785.59201771732,2258.91521626165,0
"holdout","SP500","GARCH","2024-09",1.00207839696795,1801.85059501974,2121.80541979768,0
"holdout","SP500","GARCH","2024-10",1.00313243500832,1905.45051666596,2271.93911633131,0
"holdout","SP500","GARCH","2024-11",1.00271258565761,1698.3680421847,1949.83035909259,0
"holdout","SP500","GARCH","2024-12",1.00157370855297,1709.06922582504,2137.76104941945,0
"holdout","SP500","GARCH","2025-01",1.00448745653257,1649.29689023316,2113.23506048563,0
"holdout","SP500","GARCH","2025-02",1.00370114861709,1729.04864063229,2154.61202220241,0
"holdout","SP500","GARCH","2025-03",1.00403844281787,1857.15987032781,2244.11906760991,0
"holdout","SP500","GARCH","2025-04",1.00251696534222,1699.91483522668,2278.78568247134,0
"holdout","SP500","GARCH","2025-05",1.00359625981145,1634.77126869176,2075.15042279015,0
"holdout","SP500","GARCH","2025-06",1.00143797772105,1733.25049809877,2426.15212554626,0
"holdout","SP500","GARCH","2025-07",1.00237959773159,1860.70387873094,2348.80824171242,0
"holdout","SP500","GARCH","2025-08",1.00117900592732,1630.26253495571,1660.81688153158,0
"holdout","SP500","GARCH","2025-09",1.00364835152269,1790.08439467833,1972.85880054927,0
"holdout","SP500","GARCH","2025-10",1.00163004749075,1624.43770332621,1906.59385379161,0
"holdout","SP500","GARCH","2025-11",1.00218601498394,1953.52973359374,2522.14160288806,0
"holdout","SP500","GARCH","2025-12",1.00197312163996,1871.02497336194,2165.80149724963,0
"holdout","SP500","GJR_R","2024-01",1.00215154790607,1766.98153410269,1994.48345534483,0
"holdout","SP500","GJR_R","2024-02",1.0012010411006,1976.13052373723,2376.1111143786,0
"holdout","SP500","GJR_R","2024-03",1.00283915174693,1634.8511342966,2157.28497518696,0
"holdout","SP500","GJR_R","2024-04",1.00310701242053,1703.07122117146,2110.0888431954,0
"holdout","SP500","GJR_R","2024-05",1.00248060720688,1693.49372543846,2008.21439292733,0
"holdout","SP500","GJR_R","2024-06",1.00607442891951,1722.62747188782,2028.91298557285,0
"holdout","SP500","GJR_R","2024-07",1.00086915348647,1823.79460369671,2443.38303795257,0
"holdout","SP500","GJR_R","2024-08",1.00274894682752,1847.00710032905,2013.2860370497,0
"holdout","SP500","GJR_R","2024-09",1.00174544455944,1829.828680848,1952.96439057028,0
"holdout","SP500","GJR_R","2024-10",1.00271522272843,1538.40132140743,2290.34559382779,0
"holdout","SP500","GJR_R","2024-11",1.00322133177782,1575.75017995394,2196.25669068669,0
"holdout","SP500","GJR_R","2024-12",1.00382017837529,1850.68102165505,1952.12945149208,0
"holdout","SP500","GJR_R","2025-01",1.00137853685721,1747.2734078793,2269.77065314288,0
"holdout","SP500","GJR_R","2025-02",1.00145034593925,1714.02885267391,2009.49662346827,0
"holdout","SP500","GJR_R","2025-03",1.00235274674205,1824.92619249298,2400.97467711108,0
"holdout","SP500","GJR_R","2025-04",1.00267432781598,1858.51621934004,1686.89186964417,0
"holdout","SP500","GJR_R","2025-05",1.00173475185674,1676.42600090564,1839.75497706022,0
"holdout","SP500","GJR_R","2025-06",1.0041080039737,1734.10290856486,2129.22121837802,0
"holdout","SP500","GJR_R","2025-07",1.00769480119876,1633.76873003822,1513.60710369999,0
"holdout","SP500","GJR_R","2025-08",1.00443917235723,1562.20825862625,1169.51660342976,0
"holdout","SP500","GJR_R","2025-09",1.00173076255755,1581.81310453188,914.128501784278,0
"holdout","SP500","GJR_R","2025-10",1.00439009234908,1524.60296059761,1218.81864997896,0
"holdout","SP500","GJR_R","2025-11",1.00181628504303,1676.83745836986,1732.57126139908,0
"holdout","SP500","GJR_R","2025-12",1.0021842834936,1419.77495515492,1343.48576528687,0
"holdout","SP500","GJR_U","2024-01",1.00303749418901,1703.5902078847,2209.35144596478,0
"holdout","SP500","GJR_U","2024-02",1.00348003620343,1866.22973610227,2152.12326107017,0
"holdout","SP500","GJR_U","2024-03",1.00373009306906,1560.74803726705,1715.89521902712,0
"holdout","SP500","GJR_U","2024-04",1.00173312367178,1558.57760659658,1925.00093176654,0
"holdout","SP500","GJR_U","2024-05",1.00207610254413,1700.21312634762,2057.84601224938,0
"holdout","SP500","GJR_U","2024-06",1.00171811152337,1865.63800128586,2055.55323093517,0
"holdout","SP500","GJR_U","2024-07",1.00230322497176,1576.1461975736,1483.26255884764,0
"holdout","SP500","GJR_U","2024-08",1.00201462241959,1816.08906722213,2009.71937191039,0
"holdout","SP500","GJR_U","2024-09",1.00161246851685,1559.76443365335,1756.51943163021,0
"holdout","SP500","GJR_U","2024-10",1.00322011761751,1712.18094949479,1633.12229572734,0
"holdout","SP500","GJR_U","2024-11",1.00293262560975,1654.71412705246,1586.84319918101,0
"holdout","SP500","GJR_U","2024-12",1.0045611571771,1539.06552354186,1747.30012005626,0
"holdout","SP500","GJR_U","2025-01",1.00400485891762,1594.15982821494,1210.01010004458,0
"holdout","SP500","GJR_U","2025-02",1.00216255036564,1626.88981082718,1117.87660621816,0
"holdout","SP500","GJR_U","2025-03",1.00260443178694,1454.55058272985,900.680266799926,0
"holdout","SP500","GJR_U","2025-04",1.00213597891316,1486.64760347923,1099.38588328909,0
"holdout","SP500","GJR_U","2025-05",1.00250423694821,1661.7007548722,1236.38732791438,0
"holdout","SP500","GJR_U","2025-06",1.00329225538615,1022.7673239015,841.803088815361,0
"holdout","SP500","GJR_U","2025-07",1.00225853931225,1414.21429697727,1430.4093691123,0
"holdout","SP500","GJR_U","2025-08",1.0021657419614,1689.97077450359,1541.95482845425,0
"holdout","SP500","GJR_U","2025-09",1.00326752950159,1557.5234399236,1401.06049170796,0
"holdout","SP500","GJR_U","2025-10",1.00216536334404,1414.66523559433,1442.27377098218,0
"holdout","SP500","GJR_U","2025-11",1.00095048366122,1674.72404122524,1225.10116559566,0
"holdout","SP500","GJR_U","2025-12",1.00181323630176,1753.90114205351,1407.16921421407,0
"holdout","SP500","STAR_SV","2024-01",1.00288781055527,986.50241912308,1656.03985805795,0
"holdout","SP500","STAR_SV","2024-02",1.00411489045071,1189.08973551649,2638.03241098805,0
"holdout","SP500","STAR_SV","2024-03",1.00849571205858,937.181584475158,1659.37182889008,0
"holdout","SP500","STAR_SV","2024-04",1.00744566463995,969.479843383802,1451.02100625802,0
"holdout","SP500","STAR_SV","2024-05",1.00823166026975,964.095344745848,1722.19069288527,0
"holdout","SP500","STAR_SV","2024-06",1.00231258707094,2227.01946432244,3719.33000395247,0
"holdout","SP500","STAR_SV","2024-07",1.00526676901495,908.297300379566,1489.77592890328,0
"holdout","SP500","STAR_SV","2024-08",1.00642786134289,930.636614812917,1808.88208898253,0
"holdout","SP500","STAR_SV","2024-09",1.00355771289128,815.638730948088,1528.20871417842,0
"holdout","SP500","STAR_SV","2024-10",1.00457948443601,1019.54608662559,1546.65637606639,0
"holdout","SP500","STAR_SV","2024-11",1.00553081349907,1092.72554273325,1891.83660230589,0
"holdout","SP500","STAR_SV","2024-12",1.00429332607636,1097.82808188333,1464.11622702478,0
"holdout","SP500","STAR_SV","2025-01",1.00718230632968,1000.58375435798,1609.97398481493,0
"holdout","SP500","STAR_SV","2025-02",1.00498379424398,746.618814468992,1439.63311635802,0
"holdout","SP500","STAR_SV","2025-03",1.00608195868329,844.361490920281,1423.49404194505,0
"holdout","SP500","STAR_SV","2025-04",1.00491888877286,933.96389121212,1743.00880116583,0
"holdout","SP500","STAR_SV","2025-05",1.00421531105539,1111.04224506837,1707.38546128005,0
"holdout","SP500","STAR_SV","2025-06",1.00363469094837,912.9624137448,1442.69291153637,0
"holdout","SP500","STAR_SV","2025-07",1.00651140001979,797.847289965113,733.635195175354,0
"holdout","SP500","STAR_SV","2025-08",1.00650394037467,1064.97169709885,1572.78330658606,0
"holdout","SP500","STAR_SV","2025-09",1.00750720278639,444.248995910839,639.204547417039,0
"holdout","SP500","STAR_SV","2025-10",1.00553456781618,1252.47957219236,1345.12226196654,0
"holdout","SP500","STAR_SV","2025-11",1.00237642275039,1083.80212832873,897.232134388393,0
"holdout","SP500","STAR_SV","2025-12",1.00428449821713,881.158476984571,1214.46447775599,0
"holdout","SP500","TSV_RT","2024-01",1.0048216741869,1211.36701678372,2109.94223298681,0
"holdout","SP500","TSV_RT","2024-02",1.0028955604904,1143.23061674019,1936.56987284954,0
"holdout","SP500","TSV_RT","2024-03",1.00399592529693,945.856085638229,1777.07587139605,0
"holdout","SP500","TSV_RT","2024-04",1.00266071423695,1073.4083400102,1962.89439062757,0
"holdout","SP500","TSV_RT","2024-05",1.00338804425494,1282.24441320299,1979.69398810168,0
"holdout","SP500","TSV_RT","2024-06",1.00380599831875,1028.88964138046,2060.27972875085,0
"holdout","SP500","TSV_RT","2024-07",1.00344580758864,1244.80985487988,1918.73872469736,0
"holdout","SP500","TSV_RT","2024-08",1.00276568852579,997.816433347721,1600.6577527723,0
"holdout","SP500","TSV_RT","2024-09",1.00378993078881,1196.35715903916,2034.79273867236,0
"holdout","SP500","TSV_RT","2024-10",1.00851255381236,1297.77152469043,1941.2875240025,0
"holdout","SP500","TSV_RT","2024-11",1.00378918845146,982.461287315564,1880.90596994422,0
"holdout","SP500","TSV_RT","2024-12",1.00413173553889,1142.30841669959,1865.51495403736,0
"holdout","SP500","TSV_RT","2025-01",1.00349972404959,1186.25542202385,1805.6511338719,0
"holdout","SP500","TSV_RT","2025-02",1.00300497528919,1062.15786978808,1978.97063567113,0
"holdout","SP500","TSV_RT","2025-03",1.00355121659201,1108.42886083609,1990.00735806841,0
"holdout","SP500","TSV_RT","2025-04",1.00394905065228,1306.96997702102,2127.89496372378,0
"holdout","SP500","TSV_RT","2025-05",1.00349645964911,1063.23990233037,1849.23870828274,0
"holdout","SP500","TSV_RT","2025-06",1.00384836618623,1278.37920315247,2151.81045851469,0
"holdout","SP500","TSV_RT","2025-07",1.00221189187151,1306.0273342099,1813.45845671292,0
"holdout","SP500","TSV_RT","2025-08",1.00419122869839,1147.3813143874,1840.0900697434,0
"holdout","SP500","TSV_RT","2025-09",1.00706945440874,1379.93789264707,1956.31868318174,0
"holdout","SP500","TSV_RT","2025-10",1.00389994709236,1218.76239225159,1871.03149177733,0
"holdout","SP500","TSV_RT","2025-11",1.0023994134425,1202.06537995557,1960.1665939463,0
"holdout","SP500","TSV_RT","2025-12",1.00517615345308,1329.16481352752,1640.11077536629,0
