"analysis","market","model","month","row","column","value"
"density","DAX","ARSV","2018-01","mu_y","mu_y",0.000392960195105818
"density","DAX","ARSV","2018-01","phi_y","mu_y",-3.44959424128279e-05
"density","DAX","ARSV","2018-01","mu_h","mu_y",7.61944046048835e-05
"density","DAX","ARSV","2018-01","phi_h","mu_y",-1.06467542704867e-05
"density","DAX","ARSV","2018-01","sigma_eta","mu_y",5.37799940374923e-05
"density","DAX","ARSV","2018-01","nu","mu_y",0.00413080294244986
"density","DAX","ARSV","2018-01","mu_y","phi_y",-3.44959424128279e-05
"density","DAX","ARSV","2018-01","phi_y","phi_y",0.000484591954076751
"density","DAX","ARSV","2018-01","mu_h","phi_y",-2.34347172830093e-05
"density","DAX","ARSV","2018-01","phi_h","phi_y",1.94350449005567e-06
"density","DAX","ARSV","2018-01","sigma_eta","phi_y",-9.98128795171921e-06
"density","DAX","ARSV","2018-01","nu","phi_y",-0.000665883704619665
"density","DAX","ARSV","2018-01","mu_y","mu_h",7.61944046048835e-05
"density","DAX","ARSV","2018-01","phi_y","mu_h",-2.34347172830093e-05
"density","DAX","ARSV","2018-01","mu_h","mu_h",0.0391401443436665
"density","DAX","ARSV","2018-01","phi_h","mu_h",-1.15557995628919e-05
"density","DAX","ARSV","2018-01","sigma_eta","mu_h",-7.15564030917312e-05
"density","DAX","ARSV","2018-01","nu","mu_h",-0.0586096083179018
"density","DAX","ARSV","2018-01","mu_y","phi_h",-1.06467542704867e-05
"density","DAX","ARSV","2018-01","phi_y","phi_h",1.94350449005567e-06
"density","DAX","ARSV","2018-01","mu_h","phi_h",-1.15557995628919e-05
"density","DAX","ARSV","2018-01","phi_h","phi_h",4.78914736248984e-05
"density","DAX","ARSV","2018-01","sigma_eta","phi_h",-0.000139518903205734
"density","DAX","ARSV","2018-01","nu","phi_h",-0.00286233404259216
"density","DAX","ARSV","2018-01","mu_y","sigma_eta",5.37799940374923e-05
"density","DAX","ARSV","2018-01","phi_y","sigma_eta",-9.98128795171921e-06
"density","DAX","ARSV","2018-01","mu_h","sigma_eta",-7.15564030917312e-05
"density","DAX","ARSV","2018-01","phi_h","sigma_eta",-0.000139518903205734
"density","DAX","ARSV","2018-01","sigma_eta","sigma_eta",0.000745816606209014
"density","DAX","ARSV","2018-01","nu","sigma_eta",0.0131161432050622
"density","DAX","ARSV","2018-01","mu_y","nu",0.00413080294244986
"density","DAX","ARSV","2018-01","phi_y","nu",-0.000665883704619665
"density","DAX","ARSV","2018-01","mu_h","nu",-0.0586096083179018
"density","DAX","ARSV","2018-01","phi_h","nu",-0.00286233404259216
"density","DAX","ARSV","2018-01","sigma_eta","nu",0.0131161432050622
"density","DAX","ARSV","2018-01","nu","nu",5.0851030107629
"density","DAX","ARSV","2018-02","mu_y","mu_y",0.000408151959778466
"density","DAX","ARSV","2018-02","phi_y","mu_y",-1.93709075755846e-05
"density","DAX","ARSV","2018-02","mu_h","mu_y",-8.52900912566029e-05
"density","DAX","ARSV","2018-02","phi_h","mu_y",-1.26250848010898e-05
"density","DAX","ARSV","2018-02","sigma_eta","mu_y",6.53092678895558e-05
"density","DAX","ARSV","2018-02","nu","mu_y",0.00316081482033019
"density","DAX","ARSV","2018-02","mu_y","phi_y",-1.93709075755846e-05
"density","DAX","ARSV","2018-02","phi_y","phi_y",0.000485212450262464
"density","DAX","ARSV","2018-02","mu_h","phi_y",-4.76138563610405e-05
"density","DAX","ARSV","2018-02","phi_h","phi_y",1.71758867933339e-06
"density","DAX","ARSV","2018-02","sigma_eta","phi_y",-7.05043237546158e-06
"density","DAX","ARSV","2018-02","nu","phi_y",-0.0027877803291919
"density","DAX","ARSV","2018-02","mu_y","mu_h",-8.52900912566029e-05
"density","DAX","ARSV","2018-02","phi_y","mu_h",-4.76138563610405e-05
"density","DAX","ARSV","2018-02","mu_h","mu_h",0.0391639356566422
"density","DAX","ARSV","2018-02","phi_h","mu_h",-2.00290480759643e-05
"density","DAX","ARSV","2018-02","sigma_eta","mu_h",-0.000225290277364093
"density","DAX","ARSV","2018-02","nu","mu_h",-0.0573004636808798
"density","DAX","ARSV","2018-02","mu_y","phi_h",-1.26250848010898e-05
"density","DAX","ARSV","2018-02","phi_y","phi_h",1.71758867933339e-06
"density","DAX","ARSV","2018-02","mu_h","phi_h",-2.00290480759643e-05
"density","DAX","ARSV","2018-02","phi_h","phi_h",4.78085230970839e-05
"density","DAX","ARSV","2018-02","sigma_eta","phi_h",-0.000131863965913684
"density","DAX","ARSV","2018-02","nu","phi_h",-0.00264758097313802
"density","DAX","ARSV","2018-02","mu_y","sigma_eta",6.53092678895558e-05
"density","DAX","ARSV","2018-02","phi_y","sigma_eta",-7.05043237546158e-06
"density","DAX","ARSV","2018-02","mu_h","sigma_eta",-0.000225290277364093
"density","DAX","ARSV","2018-02","phi_h","sigma_eta",-0.000131863965913684
"density","DAX","ARSV","2018-02","sigma_eta","sigma_eta",0.000697187904750126
"density","DAX","ARSV","2018-02","nu","sigma_eta",0.0130508772304601
"density","DAX","ARSV","2018-02","mu_y","nu",0.00316081482033019
"density","DAX","ARSV","2018-02","phi_y","nu",-0.0027877803291919
"density","DAX","ARSV","2018-02","mu_h","nu",-0.0573004636808798
"density","DAX","ARSV","2018-02","phi_h","nu",-0.00264758097313802
"density","DAX","ARSV","2018-02","sigma_eta","nu",0.0130508772304601
"density","DAX","ARSV","2018-02","nu","nu",5.2965792735124
"density","DAX","ARSV","2018-03","mu_y","mu_y",0.000389660945082631
"density","DAX","ARSV","2018-03","phi_y","mu_y",-3.51468065632768e-05
"density","DAX","ARSV","2018-03","mu_h","mu_y",-6.8093145208615e-05
"density","DAX","ARSV","2018-03","phi_h","mu_y",-1.14127142193644e-05
"density","DAX","ARSV","2018-03","sigma_eta","mu_y",6.33932042854945e-05
"density","DAX","ARSV","2018-03","nu","mu_y",0.0039527610122542
"density","DAX","ARSV","2018-03","mu_y","phi_y",-3.51468065632768e-05
"density","DAX","ARSV","2018-03","phi_y","phi_y",0.000480753224674272
"density","DAX","ARSV","2018-03","mu_h","phi_y",-8.22808698826338e-06
"density","DAX","ARSV","2018-03","phi_h","phi_y",-6.21787907405242e-07
"density","DAX","ARSV","2018-03","sigma_eta","phi_y",-1.85351009191431e-06
"density","DAX","ARSV","2018-03","nu","phi_y",-0.000301349151217595
"density","DAX","ARSV","2018-03","mu_y","mu_h",-6.8093145208615e-05
"density","DAX","ARSV","2018-03","phi_y","mu_h",-8.22808698826338e-06
"density","DAX","ARSV","2018-03","mu_h","mu_h",0.0408753329355469
"density","DAX","ARSV","2018-03","phi_h","mu_h",0.000139877840875611
"density","DAX","ARSV","2018-03","sigma_eta","mu_h",-0.000604604822745817
"density","DAX","ARSV","2018-03","nu","mu_h",-0.0720995470033727
"density","DAX","ARSV","2018-03","mu_y","phi_h",-1.14127142193644e-05
"density","DAX","ARSV","2018-03","phi_y","phi_h",-6.21787907405242e-07
"density","DAX","ARSV","2018-03","mu_h","phi_h",0.000139877840875611
"density","DAX","ARSV","2018-03","phi_h","phi_h",4.88580478941123e-05
"density","DAX","ARSV","2018-03","sigma_eta","phi_h",-0.000144092654155483
"density","DAX","ARSV","2018-03","nu","phi_h",-0.00288060018731988
"density","DAX","ARSV","2018-03","mu_y","sigma_eta",6.33932042854945e-05
"density","DAX","ARSV","2018-03","phi_y","sigma_eta",-1.85351009191431e-06
"density","DAX","ARSV","2018-03","mu_h","sigma_eta",-0.000604604822745817
"density","DAX","ARSV","2018-03","phi_h","sigma_eta",-0.000144092654155483
"density","DAX","ARSV","2018-03","sigma_eta","sigma_eta",0.000764209665312297
"density","DAX","ARSV","2018-03","nu","sigma_eta",0.0122875113587424
"density","DAX","ARSV","2018-03","mu_y","nu",0.0039527610122542
"density","DAX","ARSV","2018-03","phi_y","nu",-0.000301349151217595
"density","DAX","ARSV","2018-03","mu_h","nu",-0.0720995470033727
"density","DAX","ARSV","2018-03","phi_h","nu",-0.00288060018731988
"density","DAX","ARSV","2018-03","sigma_eta","nu",0.0122875113587424
"density","DAX","ARSV","2018-03","nu","nu",5.67609937199267
"density","DAX","ARSV","2018-04","mu_y","mu_y",0.000418741325297843
"density","DAX","ARSV","2018-04","phi_y","mu_y",-1.6388081935809e-05
"density","DAX","ARSV","2018-04","mu_h","mu_y",-4.37357454798605e-05
"density","DAX","ARSV","2018-04","phi_h","mu_y",-1.16580947185809e-05
"density","DAX","ARSV","2018-04","sigma_eta","mu_y",7.63813742094623e-05
"density","DAX","ARSV","2018-04","nu","mu_y",0.00363598272663352
"density","DAX","ARSV","2018-04","mu_y","phi_y",-1.6388081935809e-05
"density","DAX","ARSV","2018-04","phi_y","phi_y",0.000470214319317009
"density","DAX","ARSV","2018-04","mu_h","phi_y",-4.76607494852674e-05
"density","DAX","ARSV","2018-04","phi_h","phi_y",1.96731898402585e-06
"density","DAX","ARSV","2018-04","sigma_eta","phi_y",-1.00253855921599e-05
"density","DAX","ARSV","2018-04","nu","phi_y",-0.000553171854047916
"density","DAX","ARSV","2018-04","mu_y","mu_h",-4.37357454798605e-05
"density","DAX","ARSV","2018-04","phi_y","mu_h",-4.76607494852674e-05
"density","DAX","ARSV","2018-04","mu_h","mu_h",0.0412796177921671
"density","DAX","ARSV","2018-04","phi_h","mu_h",0.000146191608848331
"density","DAX","ARSV","2018-04","sigma_eta","mu_h",-0.000512284951132092
"density","DAX","ARSV","2018-04","nu","mu_h",-0.0674243576356028
"density","DAX","ARSV","2018-04","mu_y","phi_h",-1.16580947185809e-05
"density","DAX","ARSV","2018-04","phi_y","phi_h",1.96731898402585e-06
"density","DAX","ARSV","2018-04","mu_h","phi_h",0.000146191608848331
"density","DAX","ARSV","2018-04","phi_h","phi_h",4.47371604787294e-05
"density","DAX","ARSV","2018-04","sigma_eta","phi_h",-0.000133435993961629
"density","DAX","ARSV","2018-04","nu","phi_h",-0.002678244069072
"density","DAX","ARSV","2018-04","mu_y","sigma_eta",7.63813742094623e-05
"density","DAX","ARSV","2018-04","phi_y","sigma_eta",-1.00253855921599e-05
"density","DAX","ARSV","2018-04","mu_h","sigma_eta",-0.000512284951132092
"density","DAX","ARSV","2018-04","phi_h","sigma_eta",-0.000133435993961629
"density","DAX","ARSV","2018-04","sigma_eta","sigma_eta",0.000724479453023611
"density","DAX","ARSV","2018-04","nu","sigma_eta",0.0117341525506996
"density","DAX","ARSV","2018-04","mu_y","nu",0.00363598272663352
"density","DAX","ARSV","2018-04","phi_y","nu",-0.000553171854047916
"density","DAX","ARSV","2018-04","mu_h","nu",-0.0674243576356028
"density","DAX","ARSV","2018-04","phi_h","nu",-0.002678244069072
"density","DAX","ARSV","2018-04","sigma_eta","nu",0.0117341525506996
"density","DAX","ARSV","2018-04","nu","nu",5.17031950701883
"density","DAX","ARSV","2018-05","mu_y","mu_y",0.000392337559932747
"density","DAX","ARSV","2018-05","phi_y","mu_y",-1.33511673949545e-05
"density","DAX","ARSV","2018-05","mu_h","mu_y",1.04595650340865e-05
"density","DAX","ARSV","2018-05","phi_h","mu_y",-1.36682971892793e-05
"density","DAX","ARSV","2018-05","sigma_eta","mu_y",7.49726185579911e-05
"density","DAX","ARSV","2018-05","nu","mu_y",0.00241031402326825
"density","DAX","ARSV","2018-05","mu_y","phi_y",-1.33511673949545e-05
"density","DAX","ARSV","2018-05","phi_y","phi_y",0.00047961086508983
"density","DAX","ARSV","2018-05","mu_h","phi_y",-5.41508393661314e-05
"density","DAX","ARSV","2018-05","phi_h","phi_y",3.84084839855702e-06
"density","DAX","ARSV","2018-05","sigma_eta","phi_y",-2.64000248639268e-05
"density","DAX","ARSV","2018-05","nu","phi_y",5.91242490463373e-05
"density","DAX","ARSV","2018-05","mu_y","mu_h",1.04595650340865e-05
"density","DAX","ARSV","2018-05","phi_y","mu_h",-5.41508393661314e-05
"density","DAX","ARSV","2018-05","mu_h","mu_h",0.0411868578142626
"density","DAX","ARSV","2018-05","phi_h","mu_h",3.24888049685757e-05
"density","DAX","ARSV","2018-05","sigma_eta","mu_h",-0.000292201510848047
"density","DAX","ARSV","2018-05","nu","mu_h",-0.0468835079612314
"density","DAX","ARSV","2018-05","mu_y","phi_h",-1.36682971892793e-05
"density","DAX","ARSV","2018-05","phi_y","phi_h",3.84084839855702e-06
"density","DAX","ARSV","2018-05","mu_h","phi_h",3.24888049685757e-05
"density","DAX","ARSV","2018-05","phi_h","phi_h",5.00035570720802e-05
"density","DAX","ARSV","2018-05","sigma_eta","phi_h",-0.000147937418254673
"density","DAX","ARSV","2018-05","nu","phi_h",-0.00281074907598368
"density","DAX","ARSV","2018-05","mu_y","sigma_eta",7.49726185579911e-05
"density","DAX","ARSV","2018-05","phi_y","sigma_eta",-2.64000248639268e-05
"density","DAX","ARSV","2018-05","mu_h","sigma_eta",-0.000292201510848047
"density","DAX","ARSV","2018-05","phi_h","sigma_eta",-0.000147937418254673
"density","DAX","ARSV","2018-05","sigma_eta","sigma_eta",0.00078449624120327
"density","DAX","ARSV","2018-05","nu","sigma_eta",0.013303280906358
"density","DAX","ARSV","2018-05","mu_y","nu",0.00241031402326825
"density","DAX","ARSV","2018-05","phi_y","nu",5.91242490463373e-05
"density","DAX","ARSV","2018-05","mu_h","nu",-0.0468835079612314
"density","DAX","ARSV","2018-05","phi_h","nu",-0.00281074907598368
"density","DAX","ARSV","2018-05","sigma_eta","nu",0.013303280906358
"density","DAX","ARSV","2018-05","nu","nu",5.21573441442539
"density","DAX","ARSV","2018-06","mu_y","mu_y",0.000397512900344569
"density","DAX","ARSV","2018-06","phi_y","mu_y",-9.68365998860605e-06
"density","DAX","ARSV","2018-06","mu_h","mu_y",3.34756200093568e-05
"density","DAX","ARSV","2018-06","phi_h","mu_y",-1.63232347321618e-05
"density","DAX","ARSV","2018-06","sigma_eta","mu_y",7.18547926896787e-05
"density","DAX","ARSV","2018-06","nu","mu_y",0.00376087968064208
"density","DAX","ARSV","2018-06","mu_y","phi_y",-9.68365998860605e-06
"density","DAX","ARSV","2018-06","phi_y","phi_y",0.000485533637044095
"density","DAX","ARSV","2018-06","mu_h","phi_y",-0.000106521592073618
"density","DAX","ARSV","2018-06","phi_h","phi_y",1.59949983326524e-06
"density","DAX","ARSV","2018-06","sigma_eta","phi_y",-2.07954409199487e-05
"density","DAX","ARSV","2018-06","nu","phi_y",0.000622372775829526
"density","DAX","ARSV","2018-06","mu_y","mu_h",3.34756200093568e-05
"density","DAX","ARSV","2018-06","phi_y","mu_h",-0.000106521592073618
"density","DAX","ARSV","2018-06","mu_h","mu_h",0.0366547337542272
"density","DAX","ARSV","2018-06","phi_h","mu_h",6.36646301851054e-05
"density","DAX","ARSV","2018-06","sigma_eta","mu_h",-0.000433994958125528
"density","DAX","ARSV","2018-06","nu","mu_h",-0.0476902332000504
"density","DAX","ARSV","2018-06","mu_y","phi_h",-1.63232347321618e-05
"density","DAX","ARSV","2018-06","phi_y","phi_h",1.59949983326524e-06
"density","DAX","ARSV","2018-06","mu_h","phi_h",6.36646301851054e-05
"density","DAX","ARSV","2018-06","phi_h","phi_h",4.87932589105498e-05
"density","DAX","ARSV","2018-06","sigma_eta","phi_h",-0.000144037420517973
"density","DAX","ARSV","2018-06","nu","phi_h",-0.00311959066402236
"density","DAX","ARSV","2018-06","mu_y","sigma_eta",7.18547926896787e-05
"density","DAX","ARSV","2018-06","phi_y","sigma_eta",-2.07954409199487e-05
"density","DAX","ARSV","2018-06","mu_h","sigma_eta",-0.000433994958125528
"density","DAX","ARSV","2018-06","phi_h","sigma_eta",-0.000144037420517973
"density","DAX","ARSV","2018-06","sigma_eta","sigma_eta",0.000748947307531258
"density","DAX","ARSV","2018-06","nu","sigma_eta",0.0136305799630692
"density","DAX","ARSV","2018-06","mu_y","nu",0.00376087968064208
"density","DAX","ARSV","2018-06","phi_y","nu",0.000622372775829526
"density","DAX","ARSV","2018-06","mu_h","nu",-0.0476902332000504
"density","DAX","ARSV","2018-06","phi_h","nu",-0.00311959066402236
"density","DAX","ARSV","2018-06","sigma_eta","nu",0.0136305799630692
"density","DAX","ARSV","2018-06","nu","nu",5.52645776514833
"density","DAX","ARSV","2018-07","mu_y","mu_y",0.000368784358220766
"density","DAX","ARSV","2018-07","phi_y","mu_y",-1.80807161321144e-05
"density","DAX","ARSV","2018-07","mu_h","mu_y",-6.43341160890965e-05
"density","DAX","ARSV","2018-07","phi_h","mu_y",-8.18352363179905e-06
"density","DAX","ARSV","2018-07","sigma_eta","mu_y",5.9447919394561e-05
"density","DAX","ARSV","2018-07","nu","mu_y",0.00350237452901848
"density","DAX","ARSV","2018-07","mu_y","phi_y",-1.80807161321144e-05
"density","DAX","ARSV","2018-07","phi_y","phi_y",0.000482106564132477
"density","DAX","ARSV","2018-07","mu_h","phi_y",0.000116925808785204
"density","DAX","ARSV","2018-07","phi_h","phi_y",4.2125991198621e-07
"density","DAX","ARSV","2018-07","sigma_eta","phi_y",-1.75205843496325e-05
"density","DAX","ARSV","2018-07","nu","phi_y",7.81794152588918e-05
"density","DAX","ARSV","2018-07","mu_y","mu_h",-6.43341160890965e-05
"density","DAX","ARSV","2018-07","phi_y","mu_h",0.000116925808785204
"density","DAX","ARSV","2018-07","mu_h","mu_h",0.0380663586061231
"density","DAX","ARSV","2018-07","phi_h","mu_h",0.000126147271662114
"density","DAX","ARSV","2018-07","sigma_eta","mu_h",-0.000495233474919615
"density","DAX","ARSV","2018-07","nu","mu_h",-0.0491957974993018
"density","DAX","ARSV","2018-07","mu_y","phi_h",-8.18352363179905e-06
"density","DAX","ARSV","2018-07","phi_y","phi_h",4.2125991198621e-07
"density","DAX","ARSV","2018-07","mu_h","phi_h",0.000126147271662114
"density","DAX","ARSV","2018-07","phi_h","phi_h",5.12096162073265e-05
"density","DAX","ARSV","2018-07","sigma_eta","phi_h",-0.000153230351711696
"density","DAX","ARSV","2018-07","nu","phi_h",-0.00411326997972023
"density","DAX","ARSV","2018-07","mu_y","sigma_eta",5.9447919394561e-05
"density","DAX","ARSV","2018-07","phi_y","sigma_eta",-1.75205843496325e-05
"density","DAX","ARSV","2018-07","mu_h","sigma_eta",-0.000495233474919615
"density","DAX","ARSV","2018-07","phi_h","sigma_eta",-0.000153230351711696
"density","DAX","ARSV","2018-07","sigma_eta","sigma_eta",0.000801604239596536
"density","DAX","ARSV","2018-07","nu","sigma_eta",0.0170136411758878
"density","DAX","ARSV","2018-07","mu_y","nu",0.00350237452901848
"density","DAX","ARSV","2018-07","phi_y","nu",7.81794152588918e-05
"density","DAX","ARSV","2018-07","mu_h","nu",-0.0491957974993018
"density","DAX","ARSV","2018-07","phi_h","nu",-0.00411326997972023
"density","DAX","ARSV","2018-07","sigma_eta","nu",0.0170136411758878
"density","DAX","ARSV","2018-07","nu","nu",6.3112875187107
"density","DAX","ARSV","2018-08","mu_y","mu_y",0.000385791884281106
"density","DAX","ARSV","2018-08","phi_y","mu_y",-2.6496227918226e-05
"density","DAX","ARSV","2018-08","mu_h","mu_y",-3.58318319753085e-05
"density","DAX","ARSV","2018-08","phi_h","mu_y",-1.24173031621908e-05
"density","DAX","ARSV","2018-08","sigma_eta","mu_y",6.846749332797e-05
"density","DAX","ARSV","2018-08","nu","mu_y",0.00296821026221342
"density","DAX","ARSV","2018-08","mu_y","phi_y",-2.6496227918226e-05
"density","DAX","ARSV","2018-08","phi_y","phi_y",0.000479993629143159
"density","DAX","ARSV","2018-08","mu_h","phi_y",4.55340666784117e-05
"density","DAX","ARSV","2018-08","phi_h","phi_y",-7.06726217013571e-07
"density","DAX","ARSV","2018-08","sigma_eta","phi_y",-2.60955591596277e-05
"density","DAX","ARSV","2018-08","nu","phi_y",0.000955757181101787
"density","DAX","ARSV","2018-08","mu_y","mu_h",-3.58318319753085e-05
"density","DAX","ARSV","2018-08","phi_y","mu_h",4.55340666784117e-05
"density","DAX","ARSV","2018-08","mu_h","mu_h",0.0388309020380192
"density","DAX","ARSV","2018-08","phi_h","mu_h",-2.50962273474275e-05
"density","DAX","ARSV","2018-08","sigma_eta","mu_h",-0.000123463322635876
"density","DAX","ARSV","2018-08","nu","mu_h",-0.0482050914381447
"density","DAX","ARSV","2018-08","mu_y","phi_h",-1.24173031621908e-05
"density","DAX","ARSV","2018-08","phi_y","phi_h",-7.06726217013571e-07
"density","DAX","ARSV","2018-08","mu_h","phi_h",-2.50962273474275e-05
"density","DAX","ARSV","2018-08","phi_h","phi_h",4.93109125268939e-05
"density","DAX","ARSV","2018-08","sigma_eta","phi_h",-0.000141481430558735
"density","DAX","ARSV","2018-08","nu","phi_h",-0.00295185111553894
"density","DAX","ARSV","2018-08","mu_y","sigma_eta",6.846749332797e-05
"density","DAX","ARSV","2018-08","phi_y","sigma_eta",-2.60955591596277e-05
"density","DAX","ARSV","2018-08","mu_h","sigma_eta",-0.000123463322635876
"density","DAX","ARSV","2018-08","phi_h","sigma_eta",-0.000141481430558735
"density","DAX","ARSV","2018-08","sigma_eta","sigma_eta",0.000739487464245981
"density","DAX","ARSV","2018-08","nu","sigma_eta",0.0142700976911292
"density","DAX","ARSV","2018-08","mu_y","nu",0.00296821026221342
"density","DAX","ARSV","2018-08","phi_y","nu",0.000955757181101787
"density","DAX","ARSV","2018-08","mu_h","nu",-0.0482050914381447
"density","DAX","ARSV","2018-08","phi_h","nu",-0.00295185111553894
"density","DAX","ARSV","2018-08","sigma_eta","nu",0.0142700976911292
"density","DAX","ARSV","2018-08","nu","nu",6.3504386260633
"density","DAX","ARSV","2018-09","mu_y","mu_y",0.000392940472771309
"density","DAX","ARSV","2018-09","phi_y","mu_y",-2.18880332933483e-05
"density","DAX","ARSV","2018-09","mu_h","mu_y",-6.38281147297053e-05
"density","DAX","ARSV","2018-09","phi_h","mu_y",-1.49261774657119e-05
"density","DAX","ARSV","2018-09","sigma_eta","mu_y",6.77138075673363e-05
"density","DAX","ARSV","2018-09","nu","mu_y",0.00384311222880366
"density","DAX","ARSV","2018-09","mu_y","phi_y",-2.18880332933483e-05
"density","DAX","ARSV","2018-09","phi_y","phi_y",0.000496873659528053
"density","DAX","ARSV","2018-09","mu_h","phi_y",-2.58790310618299e-05
"density","DAX","ARSV","2018-09","phi_h","phi_y",4.76379634915237e-06
"density","DAX","ARSV","2018-09","sigma_eta","phi_y",-9.84941295384681e-06
"density","DAX","ARSV","2018-09","nu","phi_y",0.000463898222684238
"density","DAX","ARSV","2018-09","mu_y","mu_h",-6.38281147297053e-05
"density","DAX","ARSV","2018-09","phi_y","mu_h",-2.58790310618299e-05
"density","DAX","ARSV","2018-09","mu_h","mu_h",0.0384847138503548
"density","DAX","ARSV","2018-09","phi_h","mu_h",2.69819202619297e-05
"density","DAX","ARSV","2018-09","sigma_eta","mu_h",-0.000231477309291009
"density","DAX","ARSV","2018-09","nu","mu_h",-0.0463120143061435
"density","DAX","ARSV","2018-09","mu_y","phi_h",-1.49261774657119e-05
"density","DAX","ARSV","2018-09","phi_y","phi_h",4.76379634915237e-06
"density","DAX","ARSV","2018-09","mu_h","phi_h",2.69819202619297e-05
"density","DAX","ARSV","2018-09","phi_h","phi_h",5.09486497247684e-05
"density","DAX","ARSV","2018-09","sigma_eta","phi_h",-0.000149281521405442
"density","DAX","ARSV","2018-09","nu","phi_h",-0.00352863523318016
"density","DAX","ARSV","2018-09","mu_y","sigma_eta",6.77138075673363e-05
"density","DAX","ARSV","2018-09","phi_y","sigma_eta",-9.84941295384681e-06
"density","DAX","ARSV","2018-09","mu_h","sigma_eta",-0.000231477309291009
"density","DAX","ARSV","2018-09","phi_h","sigma_eta",-0.000149281521405442
"density","DAX","ARSV","2018-09","sigma_eta","sigma_eta",0.000790139330077219
"density","DAX","ARSV","2018-09","nu","sigma_eta",0.0160987963804881
"density","DAX","ARSV","2018-09","mu_y","nu",0.00384311222880366
"density","DAX","ARSV","2018-09","phi_y","nu",0.000463898222684238
"density","DAX","ARSV","2018-09","mu_h","nu",-0.0463120143061435
"density","DAX","ARSV","2018-09","phi_h","nu",-0.00352863523318016
"density","DAX","ARSV","2018-09","sigma_eta","nu",0.0160987963804881
"density","DAX","ARSV","2018-09","nu","nu",6.47087673826621
"density","DAX","ARSV","2018-10","mu_y","mu_y",0.000422101138390027
"density","DAX","ARSV","2018-10","phi_y","mu_y",-4.33103623055426e-05
"density","DAX","ARSV","2018-10","mu_h","mu_y",2.24798217492945e-05
"density","DAX","ARSV","2018-10","phi_h","mu_y",-1.18384815561284e-05
"density","DAX","ARSV","2018-10","sigma_eta","mu_y",6.88321579257288e-05
"density","DAX","ARSV","2018-10","nu","mu_y",0.00216372097289905
"density","DAX","ARSV","2018-10","mu_y","phi_y",-4.33103623055426e-05
"density","DAX","ARSV","2018-10","phi_y","phi_y",0.000520918738706851
"density","DAX","ARSV","2018-10","mu_h","phi_y",-8.16203469509805e-05
"density","DAX","ARSV","2018-10","phi_h","phi_y",6.69211870729005e-06
"density","DAX","ARSV","2018-10","sigma_eta","phi_y",-3.40546193953607e-05
"density","DAX","ARSV","2018-10","nu","phi_y",0.000108245668716726
"density","DAX","ARSV","2018-10","mu_y","mu_h",2.24798217492945e-05
"density","DAX","ARSV","2018-10","phi_y","mu_h",-8.16203469509805e-05
"density","DAX","ARSV","2018-10","mu_h","mu_h",0.0406760487270408
"density","DAX","ARSV","2018-10","phi_h","mu_h",7.51916458688438e-05
"density","DAX","ARSV","2018-10","sigma_eta","mu_h",-0.000265610811630011
"density","DAX","ARSV","2018-10","nu","mu_h",-0.0488102404145434
"density","DAX","ARSV","2018-10","mu_y","phi_h",-1.18384815561284e-05
"density","DAX","ARSV","2018-10","phi_y","phi_h",6.69211870729005e-06
"density","DAX","ARSV","2018-10","mu_h","phi_h",7.51916458688438e-05
"density","DAX","ARSV","2018-10","phi_h","phi_h",5.1961074304795e-05
"density","DAX","ARSV","2018-10","sigma_eta","phi_h",-0.000158491516641829
"density","DAX","ARSV","2018-10","nu","phi_h",-0.00339803839627635
"density","DAX","ARSV","2018-10","mu_y","sigma_eta",6.88321579257288e-05
"density","DAX","ARSV","2018-10","phi_y","sigma_eta",-3.40546193953607e-05
"density","DAX","ARSV","2018-10","mu_h","sigma_eta",-0.000265610811630011
"density","DAX","ARSV","2018-10","phi_h","sigma_eta",-0.000158491516641829
"density","DAX","ARSV","2018-10","sigma_eta","sigma_eta",0.000819008017453802
"density","DAX","ARSV","2018-10","nu","sigma_eta",0.0163348384764951
"density","DAX","ARSV","2018-10","mu_y","nu",0.00216372097289905
"density","DAX","ARSV","2018-10","phi_y","nu",0.000108245668716726
"density","DAX","ARSV","2018-10","mu_h","nu",-0.0488102404145434
"density","DAX","ARSV","2018-10","phi_h","nu",-0.00339803839627635
"density","DAX","ARSV","2018-10","sigma_eta","nu",0.0163348384764951
"density","DAX","ARSV","2018-10","nu","nu",6.8613214338651
"density","DAX","ARSV","2018-11","mu_y","mu_y",0.00040139758659088
"density","DAX","ARSV","2018-11","phi_y","mu_y",-2.56531070758924e-05
"density","DAX","ARSV","2018-11","mu_h","mu_y",3.94267107542539e-05
"density","DAX","ARSV","2018-11","phi_h","mu_y",-1.1596383777327e-05
"density","DAX","ARSV","2018-11","sigma_eta","mu_y",7.92706120431187e-05
"density","DAX","ARSV","2018-11","nu","mu_y",0.00207612392276925
"density","DAX","ARSV","2018-11","mu_y","phi_y",-2.56531070758924e-05
"density","DAX","ARSV","2018-11","phi_y","phi_y",0.000482367200677515
"density","DAX","ARSV","2018-11","mu_h","phi_y",0.000107148732403278
"density","DAX","ARSV","2018-11","phi_h","phi_y",2.77569234569429e-06
"density","DAX","ARSV","2018-11","sigma_eta","phi_y",-1.6364012028293e-05
"density","DAX","ARSV","2018-11","nu","phi_y",0.000566769582476888
"density","DAX","ARSV","2018-11","mu_y","mu_h",3.94267107542539e-05
"density","DAX","ARSV","2018-11","phi_y","mu_h",0.000107148732403278
"density","DAX","ARSV","2018-11","mu_h","mu_h",0.0404376910414949
"density","DAX","ARSV","2018-11","phi_h","mu_h",-6.69605733346584e-05
"density","DAX","ARSV","2018-11","sigma_eta","mu_h",0.000115631611437943
"density","DAX","ARSV","2018-11","nu","mu_h",-0.0348654721022555
"density","DAX","ARSV","2018-11","mu_y","phi_h",-1.1596383777327e-05
"density","DAX","ARSV","2018-11","phi_y","phi_h",2.77569234569429e-06
"density","DAX","ARSV","2018-11","mu_h","phi_h",-6.69605733346584e-05
"density","DAX","ARSV","2018-11","phi_h","phi_h",4.76532007411975e-05
"density","DAX","ARSV","2018-11","sigma_eta","phi_h",-0.000140601461294398
"density","DAX","ARSV","2018-11","nu","phi_h",-0.0039272103157169
"density","DAX","ARSV","2018-11","mu_y","sigma_eta",7.92706120431187e-05
"density","DAX","ARSV","2018-11","phi_y","sigma_eta",-1.6364012028293e-05
"density","DAX","ARSV","2018-11","mu_h","sigma_eta",0.000115631611437943
"density","DAX","ARSV","2018-11","phi_h","sigma_eta",-0.000140601461294398
"density","DAX","ARSV","2018-11","sigma_eta","sigma_eta",0.000738897074772028
"density","DAX","ARSV","2018-11","nu","sigma_eta",0.0177813242408554
"density","DAX","ARSV","2018-11","mu_y","nu",0.00207612392276925
"density","DAX","ARSV","2018-11","phi_y","nu",0.000566769582476888
"density","DAX","ARSV","2018-11","mu_h","nu",-0.0348654721022555
"density","DAX","ARSV","2018-11","phi_h","nu",-0.0039272103157169
"density","DAX","ARSV","2018-11","sigma_eta","nu",0.0177813242408554
"density","DAX","ARSV","2018-11","nu","nu",7.45157313341578
"density","DAX","ARSV","2018-12","mu_y","mu_y",0.000415485977899812
"density","DAX","ARSV","2018-12","phi_y","mu_y",-2.6537623765412e-05
"density","DAX","ARSV","2018-12","mu_h","mu_y",-0.000138106831303776
"density","DAX","ARSV","2018-12","phi_h","mu_y",-1.76936879115401e-05
"density","DAX","ARSV","2018-12","sigma_eta","mu_y",8.77043843796287e-05
"density","DAX","ARSV","2018-12","nu","mu_y",0.00310378674590214
"density","DAX","ARSV","2018-12","mu_y","phi_y",-2.6537623765412e-05
"density","DAX","ARSV","2018-12","phi_y","phi_y",0.000490790632646785
"density","DAX","ARSV","2018-12","mu_h","phi_y",0.00016462147920503
"density","DAX","ARSV","2018-12","phi_h","phi_y",6.0762671618747e-06
"density","DAX","ARSV","2018-12","sigma_eta","phi_y",-1.52829531719461e-05
"density","DAX","ARSV","2018-12","nu","phi_y",0.00170732117980888
"density","DAX","ARSV","2018-12","mu_y","mu_h",-0.000138106831303776
"density","DAX","ARSV","2018-12","phi_y","mu_h",0.00016462147920503
"density","DAX","ARSV","2018-12","mu_h","mu_h",0.037349116044427
"density","DAX","ARSV","2018-12","phi_h","mu_h",5.05588523139088e-05
"density","DAX","ARSV","2018-12","sigma_eta","mu_h",-0.000402500314007463
"density","DAX","ARSV","2018-12","nu","mu_h",-0.0570400159189471
"density","DAX","ARSV","2018-12","mu_y","phi_h",-1.76936879115401e-05
"density","DAX","ARSV","2018-12","phi_y","phi_h",6.0762671618747e-06
"density","DAX","ARSV","2018-12","mu_h","phi_h",5.05588523139088e-05
"density","DAX","ARSV","2018-12","phi_h","phi_h",4.57438065853085e-05
"density","DAX","ARSV","2018-12","sigma_eta","phi_h",-0.000138552708291557
"density","DAX","ARSV","2018-12","nu","phi_h",-0.00346135046849104
"density","DAX","ARSV","2018-12","mu_y","sigma_eta",8.77043843796287e-05
"density","DAX","ARSV","2018-12","phi_y","sigma_eta",-1.52829531719461e-05
"density","DAX","ARSV","2018-12","mu_h","sigma_eta",-0.000402500314007463
"density","DAX","ARSV","2018-12","phi_h","sigma_eta",-0.000138552708291557
"density","DAX","ARSV","2018-12","sigma_eta","sigma_eta",0.000761472155434614
"density","DAX","ARSV","2018-12","nu","sigma_eta",0.0176300961087318
"density","DAX","ARSV","2018-12","mu_y","nu",0.00310378674590214
"density","DAX","ARSV","2018-12","phi_y","nu",0.00170732117980888
"density","DAX","ARSV","2018-12","mu_h","nu",-0.0570400159189471
"density","DAX","ARSV","2018-12","phi_h","nu",-0.00346135046849104
"density","DAX","ARSV","2018-12","sigma_eta","nu",0.0176300961087318
"density","DAX","ARSV","2018-12","nu","nu",6.9016557294175
"density","DAX","ARSV","2019-01","mu_y","mu_y",0.000417820457028712
"density","DAX","ARSV","2019-01","phi_y","mu_y",-2.37786300607429e-06
"density","DAX","ARSV","2019-01","mu_h","mu_y",-6.45418320235996e-05
"density","DAX","ARSV","2019-01","phi_h","mu_y",-1.09921181525116e-05
"density","DAX","ARSV","2019-01","sigma_eta","mu_y",7.34754989438639e-05
"density","DAX","ARSV","2019-01","nu","mu_y",0.00217267600583221
"density","DAX","ARSV","2019-01","mu_y","phi_y",-2.37786300607429e-06
"density","DAX","ARSV","2019-01","phi_y","phi_y",0.000489937943170028
"density","DAX","ARSV","2019-01","mu_h","phi_y",0.000152147925940647
"density","DAX","ARSV","2019-01","phi_h","phi_y",-5.78865073617327e-07
"density","DAX","ARSV","2019-01","sigma_eta","phi_y",-1.8085661256819e-05
"density","DAX","ARSV","2019-01","nu","phi_y",-0.000748859214146254
"density","DAX","ARSV","2019-01","mu_y","mu_h",-6.45418320235996e-05
"density","DAX","ARSV","2019-01","phi_y","mu_h",0.000152147925940647
"density","DAX","ARSV","2019-01","mu_h","mu_h",0.0420433609651829
"density","DAX","ARSV","2019-01","phi_h","mu_h",8.83814803984814e-05
"density","DAX","ARSV","2019-01","sigma_eta","mu_h",-0.000519770980495679
"density","DAX","ARSV","2019-01","nu","mu_h",-0.0528440910336284
"density","DAX","ARSV","2019-01","mu_y","phi_h",-1.09921181525116e-05
"density","DAX","ARSV","2019-01","phi_y","phi_h",-5.78865073617327e-07
"density","DAX","ARSV","2019-01","mu_h","phi_h",8.83814803984814e-05
"density","DAX","ARSV","2019-01","phi_h","phi_h",4.64568118097725e-05
"density","DAX","ARSV","2019-01","sigma_eta","phi_h",-0.000137465508835534
"density","DAX","ARSV","2019-01","nu","phi_h",-0.00352426055309222
"density","DAX","ARSV","2019-01","mu_y","sigma_eta",7.34754989438639e-05
"density","DAX","ARSV","2019-01","phi_y","sigma_eta",-1.8085661256819e-05
"density","DAX","ARSV","2019-01","mu_h","sigma_eta",-0.000519770980495679
"density","DAX","ARSV","2019-01","phi_h","sigma_eta",-0.000137465508835534
"density","DAX","ARSV","2019-01","sigma_eta","sigma_eta",0.000752105355019935
"density","DAX","ARSV","2019-01","nu","sigma_eta",0.0157828077138008
"density","DAX","ARSV","2019-01","mu_y","nu",0.00217267600583221
"density","DAX","ARSV","2019-01","phi_y","nu",-0.000748859214146254
"density","DAX","ARSV","2019-01","mu_h","nu",-0.0528440910336284
"density","DAX","ARSV","2019-01","phi_h","nu",-0.00352426055309222
"density","DAX","ARSV","2019-01","sigma_eta","nu",0.0157828077138008
"density","DAX","ARSV","2019-01","nu","nu",7.56207333898898
"density","DAX","ARSV","2019-02","mu_y","mu_y",0.000413289608246653
"density","DAX","ARSV","2019-02","phi_y","mu_y",-2.32232246019495e-05
"density","DAX","ARSV","2019-02","mu_h","mu_y",-8.85609065066167e-05
"density","DAX","ARSV","2019-02","phi_h","mu_y",-1.2565490843293e-05
"density","DAX","ARSV","2019-02","sigma_eta","mu_y",6.67537370781725e-05
"density","DAX","ARSV","2019-02","nu","mu_y",0.00390770736843329
"density","DAX","ARSV","2019-02","mu_y","phi_y",-2.32232246019495e-05
"density","DAX","ARSV","2019-02","phi_y","phi_y",0.000496516198616094
"density","DAX","ARSV","2019-02","mu_h","phi_y",-6.70584437269772e-05
"density","DAX","ARSV","2019-02","phi_h","phi_y",-1.72797764995934e-06
"density","DAX","ARSV","2019-02","sigma_eta","phi_y",4.31237180047641e-06
"density","DAX","ARSV","2019-02","nu","phi_y",-0.0022866012869706
"density","DAX","ARSV","2019-02","mu_y","mu_h",-8.85609065066167e-05
"density","DAX","ARSV","2019-02","phi_y","mu_h",-6.70584437269772e-05
"density","DAX","ARSV","2019-02","mu_h","mu_h",0.0412602949231484
"density","DAX","ARSV","2019-02","phi_h","mu_h",0.000112926882913901
"density","DAX","ARSV","2019-02","sigma_eta","mu_h",-0.000505838072863321
"density","DAX","ARSV","2019-02","nu","mu_h",-0.0491956196479645
"density","DAX","ARSV","2019-02","mu_y","phi_h",-1.2565490843293e-05
"density","DAX","ARSV","2019-02","phi_y","phi_h",-1.72797764995934e-06
"density","DAX","ARSV","2019-02","mu_h","phi_h",0.000112926882913901
"density","DAX","ARSV","2019-02","phi_h","phi_h",4.45342326113078e-05
"density","DAX","ARSV","2019-02","sigma_eta","phi_h",-0.000130639794293663
"density","DAX","ARSV","2019-02","nu","phi_h",-0.00313893078138901
"density","DAX","ARSV","2019-02","mu_y","sigma_eta",6.67537370781725e-05
"density","DAX","ARSV","2019-02","phi_y","sigma_eta",4.31237180047641e-06
"density","DAX","ARSV","2019-02","mu_h","sigma_eta",-0.000505838072863321
"density","DAX","ARSV","2019-02","phi_h","sigma_eta",-0.000130639794293663
"density","DAX","ARSV","2019-02","sigma_eta","sigma_eta",0.000699712752764711
"density","DAX","ARSV","2019-02","nu","sigma_eta",0.0122728190711253
"density","DAX","ARSV","2019-02","mu_y","nu",0.00390770736843329
"density","DAX","ARSV","2019-02","phi_y","nu",-0.0022866012869706
"density","DAX","ARSV","2019-02","mu_h","nu",-0.0491956196479645
"density","DAX","ARSV","2019-02","phi_h","nu",-0.00313893078138901
"density","DAX","ARSV","2019-02","sigma_eta","nu",0.0122728190711253
"density","DAX","ARSV","2019-02","nu","nu",6.00985907050329
"density","DAX","ARSV","2019-03","mu_y","mu_y",0.000387784263405459
"density","DAX","ARSV","2019-03","phi_y","mu_y",-1.00592076990101e-05
"density","DAX","ARSV","2019-03","mu_h","mu_y",6.27104292721348e-05
"density","DAX","ARSV","2019-03","phi_h","mu_y",-9.58035273569396e-06
"density","DAX","ARSV","2019-03","sigma_eta","mu_y",6.79660738846608e-05
"density","DAX","ARSV","2019-03","nu","mu_y",0.0033037188367165
"density","DAX","ARSV","2019-03","mu_y","phi_y",-1.00592076990101e-05
"density","DAX","ARSV","2019-03","phi_y","phi_y",0.000487058583100608
"density","DAX","ARSV","2019-03","mu_h","phi_y",-2.48713298219372e-05
"density","DAX","ARSV","2019-03","phi_h","phi_y",1.3165904330863e-06
"density","DAX","ARSV","2019-03","sigma_eta","phi_y",-1.12442582349808e-05
"density","DAX","ARSV","2019-03","nu","phi_y",-0.000897948409106878
"density","DAX","ARSV","2019-03","mu_y","mu_h",6.27104292721348e-05
"density","DAX","ARSV","2019-03","phi_y","mu_h",-2.48713298219372e-05
"density","DAX","ARSV","2019-03","mu_h","mu_h",0.041770843168028
"density","DAX","ARSV","2019-03","phi_h","mu_h",-3.98497531552227e-06
"density","DAX","ARSV","2019-03","sigma_eta","mu_h",-0.000217922545429083
"density","DAX","ARSV","2019-03","nu","mu_h",-0.0329842974932523
"density","DAX","ARSV","2019-03","mu_y","phi_h",-9.58035273569396e-06
"density","DAX","ARSV","2019-03","phi_y","phi_h",1.3165904330863e-06
"density","DAX","ARSV","2019-03","mu_h","phi_h",-3.98497531552227e-06
"density","DAX","ARSV","2019-03","phi_h","phi_h",4.38437066488619e-05
"density","DAX","ARSV","2019-03","sigma_eta","phi_h",-0.000133775601530059
"density","DAX","ARSV","2019-03","nu","phi_h",-0.00306530556039846
"density","DAX","ARSV","2019-03","mu_y","sigma_eta",6.79660738846608e-05
"density","DAX","ARSV","2019-03","phi_y","sigma_eta",-1.12442582349808e-05
"density","DAX","ARSV","2019-03","mu_h","sigma_eta",-0.000217922545429083
"density","DAX","ARSV","2019-03","phi_h","sigma_eta",-0.000133775601530059
"density","DAX","ARSV","2019-03","sigma_eta","sigma_eta",0.00076043740562915
"density","DAX","ARSV","2019-03","nu","sigma_eta",0.0149451484062982
"density","DAX","ARSV","2019-03","mu_y","nu",0.0033037188367165
"density","DAX","ARSV","2019-03","phi_y","nu",-0.000897948409106878
"density","DAX","ARSV","2019-03","mu_h","nu",-0.0329842974932523
"density","DAX","ARSV","2019-03","phi_h","nu",-0.00306530556039846
"density","DAX","ARSV","2019-03","sigma_eta","nu",0.0149451484062982
"density","DAX","ARSV","2019-03","nu","nu",5.35276802165862
"density","DAX","ARSV","2019-04","mu_y","mu_y",0.000392685910534735
"density","DAX","ARSV","2019-04","phi_y","mu_y",-9.97199983368773e-06
"density","DAX","ARSV","2019-04","mu_h","mu_y",-8.44878054905563e-05
"density","DAX","ARSV","2019-04","phi_h","mu_y",-1.37661918382791e-05
"density","DAX","ARSV","2019-04","sigma_eta","mu_y",8.36918501511196e-05
"density","DAX","ARSV","2019-04","nu","mu_y",0.00118607312851508
"density","DAX","ARSV","2019-04","mu_y","phi_y",-9.97199983368773e-06
"density","DAX","ARSV","2019-04","phi_y","phi_y",0.000489211242464012
"density","DAX","ARSV","2019-04","mu_h","phi_y",3.8709373558958e-06
"density","DAX","ARSV","2019-04","phi_h","phi_y",3.22322509374963e-06
"density","DAX","ARSV","2019-04","sigma_eta","phi_y",-2.67876586903371e-06
"density","DAX","ARSV","2019-04","nu","phi_y",-0.00142450438558434
"density","DAX","ARSV","2019-04","mu_y","mu_h",-8.44878054905563e-05
"density","DAX","ARSV","2019-04","phi_y","mu_h",3.8709373558958e-06
"density","DAX","ARSV","2019-04","mu_h","mu_h",0.0405472967779222
"density","DAX","ARSV","2019-04","phi_h","mu_h",1.51807757546313e-05
"density","DAX","ARSV","2019-04","sigma_eta","mu_h",-0.000191167590871992
"density","DAX","ARSV","2019-04","nu","mu_h",-0.0448894634487637
"density","DAX","ARSV","2019-04","mu_y","phi_h",-1.37661918382791e-05
"density","DAX","ARSV","2019-04","phi_y","phi_h",3.22322509374963e-06
"density","DAX","ARSV","2019-04","mu_h","phi_h",1.51807757546313e-05
"density","DAX","ARSV","2019-04","phi_h","phi_h",4.3169147409157e-05
"density","DAX","ARSV","2019-04","sigma_eta","phi_h",-0.000124866139360621
"density","DAX","ARSV","2019-04","nu","phi_h",-0.00305771626381916
"density","DAX","ARSV","2019-04","mu_y","sigma_eta",8.36918501511196e-05
"density","DAX","ARSV","2019-04","phi_y","sigma_eta",-2.67876586903371e-06
"density","DAX","ARSV","2019-04","mu_h","sigma_eta",-0.000191167590871992
"density","DAX","ARSV","2019-04","phi_h","sigma_eta",-0.000124866139360621
"density","DAX","ARSV","2019-04","sigma_eta","sigma_eta",0.000704935879156164
"density","DAX","ARSV","2019-04","nu","sigma_eta",0.014445342717323
"density","DAX","ARSV","2019-04","mu_y","nu",0.00118607312851508
"density","DAX","ARSV","2019-04","phi_y","nu",-0.00142450438558434
"density","DAX","ARSV","2019-04","mu_h","nu",-0.0448894634487637
"density","DAX","ARSV","2019-04","phi_h","nu",-0.00305771626381916
"density","DAX","ARSV","2019-04","sigma_eta","nu",0.014445342717323
"density","DAX","ARSV","2019-04","nu","nu",5.30593195532334
"density","DAX","ARSV","2019-05","mu_y","mu_y",0.000404939590772996
"density","DAX","ARSV","2019-05","phi_y","mu_y",-1.40085510238497e-06
"density","DAX","ARSV","2019-05","mu_h","mu_y",2.95024662670208e-05
"density","DAX","ARSV","2019-05","phi_h","mu_y",-1.02100217648526e-05
"density","DAX","ARSV","2019-05","sigma_eta","mu_y",7.63249718797623e-05
"density","DAX","ARSV","2019-05","nu","mu_y",0.00308535672586566
"density","DAX","ARSV","2019-05","mu_y","phi_y",-1.40085510238497e-06
"density","DAX","ARSV","2019-05","phi_y","phi_y",0.000484572273570125
"density","DAX","ARSV","2019-05","mu_h","phi_y",4.46085254614216e-05
"density","DAX","ARSV","2019-05","phi_h","phi_y",6.19631950061456e-06
"density","DAX","ARSV","2019-05","sigma_eta","phi_y",-2.18122400274295e-05
"density","DAX","ARSV","2019-05","nu","phi_y",0.00248327923418204
"density","DAX","ARSV","2019-05","mu_y","mu_h",2.95024662670208e-05
"density","DAX","ARSV","2019-05","phi_y","mu_h",4.46085254614216e-05
"density","DAX","ARSV","2019-05","mu_h","mu_h",0.0413843218459779
"density","DAX","ARSV","2019-05","phi_h","mu_h",3.01699461248301e-05
"density","DAX","ARSV","2019-05","sigma_eta","mu_h",-0.000301961568264688
"density","DAX","ARSV","2019-05","nu","mu_h",-0.0446275607487688
"density","DAX","ARSV","2019-05","mu_y","phi_h",-1.02100217648526e-05
"density","DAX","ARSV","2019-05","phi_y","phi_h",6.19631950061456e-06
"density","DAX","ARSV","2019-05","mu_h","phi_h",3.01699461248301e-05
"density","DAX","ARSV","2019-05","phi_h","phi_h",4.69003770333533e-05
"density","DAX","ARSV","2019-05","sigma_eta","phi_h",-0.000141526528342591
"density","DAX","ARSV","2019-05","nu","phi_h",-0.00290989812104795
"density","DAX","ARSV","2019-05","mu_y","sigma_eta",7.63249718797623e-05
"density","DAX","ARSV","2019-05","phi_y","sigma_eta",-2.18122400274295e-05
"density","DAX","ARSV","2019-05","mu_h","sigma_eta",-0.000301961568264688
"density","DAX","ARSV","2019-05","phi_h","sigma_eta",-0.000141526528342591
"density","DAX","ARSV","2019-05","sigma_eta","sigma_eta",0.000777435008435004
"density","DAX","ARSV","2019-05","nu","sigma_eta",0.0139617006909419
"density","DAX","ARSV","2019-05","mu_y","nu",0.00308535672586566
"density","DAX","ARSV","2019-05","phi_y","nu",0.00248327923418204
"density","DAX","ARSV","2019-05","mu_h","nu",-0.0446275607487688
"density","DAX","ARSV","2019-05","phi_h","nu",-0.00290989812104795
"density","DAX","ARSV","2019-05","sigma_eta","nu",0.0139617006909419
"density","DAX","ARSV","2019-05","nu","nu",5.05331510997261
"density","DAX","ARSV","2019-06","mu_y","mu_y",0.000386560319693006
"density","DAX","ARSV","2019-06","phi_y","mu_y",-2.48986794902188e-05
"density","DAX","ARSV","2019-06","mu_h","mu_y",1.87660208852485e-05
"density","DAX","ARSV","2019-06","phi_h","mu_y",-1.12397001548593e-05
"density","DAX","ARSV","2019-06","sigma_eta","mu_y",7.21381843264565e-05
"density","DAX","ARSV","2019-06","nu","mu_y",0.00113723364075379
"density","DAX","ARSV","2019-06","mu_y","phi_y",-2.48986794902188e-05
"density","DAX","ARSV","2019-06","phi_y","phi_y",0.000457327741357826
"density","DAX","ARSV","2019-06","mu_h","phi_y",3.65506624072481e-05
"density","DAX","ARSV","2019-06","phi_h","phi_y",-1.84407671169299e-06
"density","DAX","ARSV","2019-06","sigma_eta","phi_y",-3.86025385734088e-06
"density","DAX","ARSV","2019-06","nu","phi_y",3.02375923297074e-05
"density","DAX","ARSV","2019-06","mu_y","mu_h",1.87660208852485e-05
"density","DAX","ARSV","2019-06","phi_y","mu_h",3.65506624072481e-05
"density","DAX","ARSV","2019-06","mu_h","mu_h",0.0404088589086704
"density","DAX","ARSV","2019-06","phi_h","mu_h",9.79678396595693e-05
"density","DAX","ARSV","2019-06","sigma_eta","mu_h",-0.000437783012745798
"density","DAX","ARSV","2019-06","nu","mu_h",-0.0470670960272362
"density","DAX","ARSV","2019-06","mu_y","phi_h",-1.12397001548593e-05
"density","DAX","ARSV","2019-06","phi_y","phi_h",-1.84407671169299e-06
"density","DAX","ARSV","2019-06","mu_h","phi_h",9.79678396595693e-05
"density","DAX","ARSV","2019-06","phi_h","phi_h",5.06845745686918e-05
"density","DAX","ARSV","2019-06","sigma_eta","phi_h",-0.000150852158824643
"density","DAX","ARSV","2019-06","nu","phi_h",-0.00345351257799047
"density","DAX","ARSV","2019-06","mu_y","sigma_eta",7.21381843264565e-05
"density","DAX","ARSV","2019-06","phi_y","sigma_eta",-3.86025385734088e-06
"density","DAX","ARSV","2019-06","mu_h","sigma_eta",-0.000437783012745798
"density","DAX","ARSV","2019-06","phi_h","sigma_eta",-0.000150852158824643
"density","DAX","ARSV","2019-06","sigma_eta","sigma_eta",0.000804307305388896
"density","DAX","ARSV","2019-06","nu","sigma_eta",0.014148250070274
"density","DAX","ARSV","2019-06","mu_y","nu",0.00113723364075379
"density","DAX","ARSV","2019-06","phi_y","nu",3.02375923297074e-05
"density","DAX","ARSV","2019-06","mu_h","nu",-0.0470670960272362
"density","DAX","ARSV","2019-06","phi_h","nu",-0.00345351257799047
"density","DAX","ARSV","2019-06","sigma_eta","nu",0.014148250070274
"density","DAX","ARSV","2019-06","nu","nu",5.83604390690521
"density","DAX","ARSV","2019-07","mu_y","mu_y",0.000389918044857893
"density","DAX","ARSV","2019-07","phi_y","mu_y",-2.66537877590752e-05
"density","DAX","ARSV","2019-07","mu_h","mu_y",-0.000222913493057964
"density","DAX","ARSV","2019-07","phi_h","mu_y",-1.37084584743365e-05
"density","DAX","ARSV","2019-07","sigma_eta","mu_y",7.68519467159875e-05
"density","DAX","ARSV","2019-07","nu","mu_y",0.00138343903884098
"density","DAX","ARSV","2019-07","mu_y","phi_y",-2.66537877590752e-05
"density","DAX","ARSV","2019-07","phi_y","phi_y",0.000486311079013121
"density","DAX","ARSV","2019-07","mu_h","phi_y",-0.000131993931849374
"density","DAX","ARSV","2019-07","phi_h","phi_y",-1.98127034750272e-07
"density","DAX","ARSV","2019-07","sigma_eta","phi_y",-1.093498321162e-05
"density","DAX","ARSV","2019-07","nu","phi_y",0.000949544326641584
"density","DAX","ARSV","2019-07","mu_y","mu_h",-0.000222913493057964
"density","DAX","ARSV","2019-07","phi_y","mu_h",-0.000131993931849374
"density","DAX","ARSV","2019-07","mu_h","mu_h",0.0544196543531877
"density","DAX","ARSV","2019-07","phi_h","mu_h",0.000245112409665398
"density","DAX","ARSV","2019-07","sigma_eta","mu_h",-0.000867531133117597
"density","DAX","ARSV","2019-07","nu","mu_h",-0.0676940960901097
"density","DAX","ARSV","2019-07","mu_y","phi_h",-1.37084584743365e-05
"density","DAX","ARSV","2019-07","phi_y","phi_h",-1.98127034750272e-07
"density","DAX","ARSV","2019-07","mu_h","phi_h",0.000245112409665398
"density","DAX","ARSV","2019-07","phi_h","phi_h",4.58463945990994e-05
"density","DAX","ARSV","2019-07","sigma_eta","phi_h",-0.000153397446067422
"density","DAX","ARSV","2019-07","nu","phi_h",-0.00296442640790902
"density","DAX","ARSV","2019-07","mu_y","sigma_eta",7.68519467159875e-05
"density","DAX","ARSV","2019-07","phi_y","sigma_eta",-1.093498321162e-05
"density","DAX","ARSV","2019-07","mu_h","sigma_eta",-0.000867531133117597
"density","DAX","ARSV","2019-07","phi_h","sigma_eta",-0.000153397446067422
"density","DAX","ARSV","2019-07","sigma_eta","sigma_eta",0.000842944733127202
"density","DAX","ARSV","2019-07","nu","sigma_eta",0.0132360159358708
"density","DAX","ARSV","2019-07","mu_y","nu",0.00138343903884098
"density","DAX","ARSV","2019-07","phi_y","nu",0.000949544326641584
"density","DAX","ARSV","2019-07","mu_h","nu",-0.0676940960901097
"density","DAX","ARSV","2019-07","phi_h","nu",-0.00296442640790902
"density","DAX","ARSV","2019-07","sigma_eta","nu",0.0132360159358708
"density","DAX","ARSV","2019-07","nu","nu",4.88351249373045
"density","DAX","ARSV","2019-08","mu_y","mu_y",0.000349944487863711
"density","DAX","ARSV","2019-08","phi_y","mu_y",-7.84213667671724e-06
"density","DAX","ARSV","2019-08","mu_h","mu_y",-8.23744450716405e-05
"density","DAX","ARSV","2019-08","phi_h","mu_y",-1.55032715302125e-05
"density","DAX","ARSV","2019-08","sigma_eta","mu_y",9.07201548838485e-05
"density","DAX","ARSV","2019-08","nu","mu_y",0.00146414000279244
"density","DAX","ARSV","2019-08","mu_y","phi_y",-7.84213667671724e-06
"density","DAX","ARSV","2019-08","phi_y","phi_y",0.000496957290936073
"density","DAX","ARSV","2019-08","mu_h","phi_y",-0.000202152736750806
"density","DAX","ARSV","2019-08","phi_h","phi_y",-4.0217750811635e-06
"density","DAX","ARSV","2019-08","sigma_eta","phi_y",4.52780509696748e-06
"density","DAX","ARSV","2019-08","nu","phi_y",0.00143844658585511
"density","DAX","ARSV","2019-08","mu_y","mu_h",-8.23744450716405e-05
"density","DAX","ARSV","2019-08","phi_y","mu_h",-0.000202152736750806
"density","DAX","ARSV","2019-08","mu_h","mu_h",0.046542428881547
"density","DAX","ARSV","2019-08","phi_h","mu_h",0.000228235180643963
"density","DAX","ARSV","2019-08","sigma_eta","mu_h",-0.000832052272929528
"density","DAX","ARSV","2019-08","nu","mu_h",-0.05286982320639
"density","DAX","ARSV","2019-08","mu_y","phi_h",-1.55032715302125e-05
"density","DAX","ARSV","2019-08","phi_y","phi_h",-4.0217750811635e-06
"density","DAX","ARSV","2019-08","mu_h","phi_h",0.000228235180643963
"density","DAX","ARSV","2019-08","phi_h","phi_h",5.64393005803401e-05
"density","DAX","ARSV","2019-08","sigma_eta","phi_h",-0.000175829651325904
"density","DAX","ARSV","2019-08","nu","phi_h",-0.0037011557640364
"density","DAX","ARSV","2019-08","mu_y","sigma_eta",9.07201548838485e-05
"density","DAX","ARSV","2019-08","phi_y","sigma_eta",4.52780509696748e-06
"density","DAX","ARSV","2019-08","mu_h","sigma_eta",-0.000832052272929528
"density","DAX","ARSV","2019-08","phi_h","sigma_eta",-0.000175829651325904
"density","DAX","ARSV","2019-08","sigma_eta","sigma_eta",0.000880855405385495
"density","DAX","ARSV","2019-08","nu","sigma_eta",0.0157338989157704
"density","DAX","ARSV","2019-08","mu_y","nu",0.00146414000279244
"density","DAX","ARSV","2019-08","phi_y","nu",0.00143844658585511
"density","DAX","ARSV","2019-08","mu_h","nu",-0.05286982320639
"density","DAX","ARSV","2019-08","phi_h","nu",-0.0037011557640364
"density","DAX","ARSV","2019-08","sigma_eta","nu",0.0157338989157704
"density","DAX","ARSV","2019-08","nu","nu",4.93736031276062
"density","DAX","ARSV","2019-09","mu_y","mu_y",0.000378305596372633
"density","DAX","ARSV","2019-09","phi_y","mu_y",-1.134602549818e-05
"density","DAX","ARSV","2019-09","mu_h","mu_y",-9.24962725775707e-05
"density","DAX","ARSV","2019-09","phi_h","mu_y",-2.18250465236149e-05
"density","DAX","ARSV","2019-09","sigma_eta","mu_y",9.7223606508562e-05
"density","DAX","ARSV","2019-09","nu","mu_y",0.000341175390323717
"density","DAX","ARSV","2019-09","mu_y","phi_y",-1.134602549818e-05
"density","DAX","ARSV","2019-09","phi_y","phi_y",0.000498280730092427
"density","DAX","ARSV","2019-09","mu_h","phi_y",2.95763819159563e-05
"density","DAX","ARSV","2019-09","phi_h","phi_y",1.42094884076139e-06
"density","DAX","ARSV","2019-09","sigma_eta","phi_y",3.87435742523398e-06
"density","DAX","ARSV","2019-09","nu","phi_y",0.000373956268300144
"density","DAX","ARSV","2019-09","mu_y","mu_h",-9.24962725775707e-05
"density","DAX","ARSV","2019-09","phi_y","mu_h",2.95763819159563e-05
"density","DAX","ARSV","2019-09","mu_h","mu_h",0.0319424484881707
"density","DAX","ARSV","2019-09","phi_h","mu_h",0.000228571817287785
"density","DAX","ARSV","2019-09","sigma_eta","mu_h",-0.000715903971804677
"density","DAX","ARSV","2019-09","nu","mu_h",-0.0690868047703831
"density","DAX","ARSV","2019-09","mu_y","phi_h",-2.18250465236149e-05
"density","DAX","ARSV","2019-09","phi_y","phi_h",1.42094884076139e-06
"density","DAX","ARSV","2019-09","mu_h","phi_h",0.000228571817287785
"density","DAX","ARSV","2019-09","phi_h","phi_h",7.95957455477069e-05
"density","DAX","ARSV","2019-09","sigma_eta","phi_h",-0.000234967777942366
"density","DAX","ARSV","2019-09","nu","phi_h",-0.00520384509775314
"density","DAX","ARSV","2019-09","mu_y","sigma_eta",9.7223606508562e-05
"density","DAX","ARSV","2019-09","phi_y","sigma_eta",3.87435742523398e-06
"density","DAX","ARSV","2019-09","mu_h","sigma_eta",-0.000715903971804677
"density","DAX","ARSV","2019-09","phi_h","sigma_eta",-0.000234967777942366
"density","DAX","ARSV","2019-09","sigma_eta","sigma_eta",0.0010581963512516
"density","DAX","ARSV","2019-09","nu","sigma_eta",0.0209449415532
"density","DAX","ARSV","2019-09","mu_y","nu",0.000341175390323717
"density","DAX","ARSV","2019-09","phi_y","nu",0.000373956268300144
"density","DAX","ARSV","2019-09","mu_h","nu",-0.0690868047703831
"density","DAX","ARSV","2019-09","phi_h","nu",-0.00520384509775314
"density","DAX","ARSV","2019-09","sigma_eta","nu",0.0209449415532
"density","DAX","ARSV","2019-09","nu","nu",5.40373780835965
"density","DAX","ARSV","2019-10","mu_y","mu_y",0.000363004401658238
"density","DAX","ARSV","2019-10","phi_y","mu_y",5.55062619251075e-06
"density","DAX","ARSV","2019-10","mu_h","mu_y",-2.34867929644583e-05
"density","DAX","ARSV","2019-10","phi_h","mu_y",-1.6872817890899e-05
"density","DAX","ARSV","2019-10","sigma_eta","mu_y",7.1169259315783e-05
"density","DAX","ARSV","2019-10","nu","mu_y",0.00346582558975725
"density","DAX","ARSV","2019-10","mu_y","phi_y",5.55062619251075e-06
"density","DAX","ARSV","2019-10","phi_y","phi_y",0.000492433618301529
"density","DAX","ARSV","2019-10","mu_h","phi_y",-3.57478931618331e-05
"density","DAX","ARSV","2019-10","phi_h","phi_y",3.197037967326e-06
"density","DAX","ARSV","2019-10","sigma_eta","phi_y",-6.38654034639879e-06
"density","DAX","ARSV","2019-10","nu","phi_y",0.00156054637948566
"density","DAX","ARSV","2019-10","mu_y","mu_h",-2.34867929644583e-05
"density","DAX","ARSV","2019-10","phi_y","mu_h",-3.57478931618331e-05
"density","DAX","ARSV","2019-10","mu_h","mu_h",0.025299470607069
"density","DAX","ARSV","2019-10","phi_h","mu_h",0.000139054210011948
"density","DAX","ARSV","2019-10","sigma_eta","mu_h",-0.000607499117409868
"density","DAX","ARSV","2019-10","nu","mu_h",-0.0669936787820829
"density","DAX","ARSV","2019-10","mu_y","phi_h",-1.6872817890899e-05
"density","DAX","ARSV","2019-10","phi_y","phi_h",3.197037967326e-06
"density","DAX","ARSV","2019-10","mu_h","phi_h",0.000139054210011948
"density","DAX","ARSV","2019-10","phi_h","phi_h",0.000100066516393708
"density","DAX","ARSV","2019-10","sigma_eta","phi_h",-0.000274691575716869
"density","DAX","ARSV","2019-10","nu","phi_h",-0.00662998523799027
"density","DAX","ARSV","2019-10","mu_y","sigma_eta",7.1169259315783e-05
"density","DAX","ARSV","2019-10","phi_y","sigma_eta",-6.38654034639879e-06
"density","DAX","ARSV","2019-10","mu_h","sigma_eta",-0.000607499117409868
"density","DAX","ARSV","2019-10","phi_h","sigma_eta",-0.000274691575716869
"density","DAX","ARSV","2019-10","sigma_eta","sigma_eta",0.00111993477020707
"density","DAX","ARSV","2019-10","nu","sigma_eta",0.0231743039417659
"density","DAX","ARSV","2019-10","mu_y","nu",0.00346582558975725
"density","DAX","ARSV","2019-10","phi_y","nu",0.00156054637948566
"density","DAX","ARSV","2019-10","mu_h","nu",-0.0669936787820829
"density","DAX","ARSV","2019-10","phi_h","nu",-0.00662998523799027
"density","DAX","ARSV","2019-10","sigma_eta","nu",0.0231743039417659
"density","DAX","ARSV","2019-10","nu","nu",6.29550424071433
"density","DAX","ARSV","2019-11","mu_y","mu_y",0.000356234534915524
"density","DAX","ARSV","2019-11","phi_y","mu_y",-1.98100890017087e-05
"density","DAX","ARSV","2019-11","mu_h","mu_y",-0.000115739443439547
"density","DAX","ARSV","2019-11","phi_h","mu_y",-2.59814095638964e-05
"density","DAX","ARSV","2019-11","sigma_eta","mu_y",0.000114061920595331
"density","DAX","ARSV","2019-11","nu","mu_y",0.00196346876655199
"density","DAX","ARSV","2019-11","mu_y","phi_y",-1.98100890017087e-05
"density","DAX","ARSV","2019-11","phi_y","phi_y",0.000496364464820239
"density","DAX","ARSV","2019-11","mu_h","phi_y",-1.860095741263e-05
"density","DAX","ARSV","2019-11","phi_h","phi_y",1.8461457024822e-06
"density","DAX","ARSV","2019-11","sigma_eta","phi_y",-1.3184625210462e-06
"density","DAX","ARSV","2019-11","nu","phi_y",0.00027391902967442
"density","DAX","ARSV","2019-11","mu_y","mu_h",-0.000115739443439547
"density","DAX","ARSV","2019-11","phi_y","mu_h",-1.860095741263e-05
"density","DAX","ARSV","2019-11","mu_h","mu_h",0.0197155958822279
"density","DAX","ARSV","2019-11","phi_h","mu_h",0.000148407310628722
"density","DAX","ARSV","2019-11","sigma_eta","mu_h",-0.000627614098145561
"density","DAX","ARSV","2019-11","nu","mu_h",-0.0512211901017383
"density","DAX","ARSV","2019-11","mu_y","phi_h",-2.59814095638964e-05
"density","DAX","ARSV","2019-11","phi_y","phi_h",1.8461457024822e-06
"density","DAX","ARSV","2019-11","mu_h","phi_h",0.000148407310628722
"density","DAX","ARSV","2019-11","phi_h","phi_h",0.000130400247069208
"density","DAX","ARSV","2019-11","sigma_eta","phi_h",-0.000353559983432681
"density","DAX","ARSV","2019-11","nu","phi_h",-0.00788091654790318
"density","DAX","ARSV","2019-11","mu_y","sigma_eta",0.000114061920595331
"density","DAX","ARSV","2019-11","phi_y","sigma_eta",-1.3184625210462e-06
"density","DAX","ARSV","2019-11","mu_h","sigma_eta",-0.000627614098145561
"density","DAX","ARSV","2019-11","phi_h","sigma_eta",-0.000353559983432681
"density","DAX","ARSV","2019-11","sigma_eta","sigma_eta",0.00140222861015656
"density","DAX","ARSV","2019-11","nu","sigma_eta",0.0297010373450497
"density","DAX","ARSV","2019-11","mu_y","nu",0.00196346876655199
"density","DAX","ARSV","2019-11","phi_y","nu",0.00027391902967442
"density","DAX","ARSV","2019-11","mu_h","nu",-0.0512211901017383
"density","DAX","ARSV","2019-11","phi_h","nu",-0.00788091654790318
"density","DAX","ARSV","2019-11","sigma_eta","nu",0.0297010373450497
"density","DAX","ARSV","2019-11","nu","nu",5.44658122341257
"density","DAX","ARSV","2019-12","mu_y","mu_y",0.000341783243587677
"density","DAX","ARSV","2019-12","phi_y","mu_y",-1.04941910423737e-05
"density","DAX","ARSV","2019-12","mu_h","mu_y",-2.27063997224142e-05
"density","DAX","ARSV","2019-12","phi_h","mu_y",-2.2047080592108e-05
"density","DAX","ARSV","2019-12","sigma_eta","mu_y",9.20241889945386e-05
"density","DAX","ARSV","2019-12","nu","mu_y",0.00423075278980005
"density","DAX","ARSV","2019-12","mu_y","phi_y",-1.04941910423737e-05
"density","DAX","ARSV","2019-12","phi_y","phi_y",0.000503058930120999
"density","DAX","ARSV","2019-12","mu_h","phi_y",6.24444996634764e-05
"density","DAX","ARSV","2019-12","phi_h","phi_y",3.26925792675647e-06
"density","DAX","ARSV","2019-12","sigma_eta","phi_y",-2.6917920557395e-06
"density","DAX","ARSV","2019-12","nu","phi_y",-0.00108121238908611
"density","DAX","ARSV","2019-12","mu_y","mu_h",-2.27063997224142e-05
"density","DAX","ARSV","2019-12","phi_y","mu_h",6.24444996634764e-05
"density","DAX","ARSV","2019-12","mu_h","mu_h",0.021970601958432
"density","DAX","ARSV","2019-12","phi_h","mu_h",8.46398957951482e-05
"density","DAX","ARSV","2019-12","sigma_eta","mu_h",-0.000435517210248241
"density","DAX","ARSV","2019-12","nu","mu_h",-0.0613799326302112
"density","DAX","ARSV","2019-12","mu_y","phi_h",-2.2047080592108e-05
"density","DAX","ARSV","2019-12","phi_y","phi_h",3.26925792675647e-06
"density","DAX","ARSV","2019-12","mu_h","phi_h",8.46398957951482e-05
"density","DAX","ARSV","2019-12","phi_h","phi_h",0.000112333369697613
"density","DAX","ARSV","2019-12","sigma_eta","phi_h",-0.000306219487227618
"density","DAX","ARSV","2019-12","nu","phi_h",-0.00646845239538142
"density","DAX","ARSV","2019-12","mu_y","sigma_eta",9.20241889945386e-05
"density","DAX","ARSV","2019-12","phi_y","sigma_eta",-2.6917920557395e-06
"density","DAX","ARSV","2019-12","mu_h","sigma_eta",-0.000435517210248241
"density","DAX","ARSV","2019-12","phi_h","sigma_eta",-0.000306219487227618
"density","DAX","ARSV","2019-12","sigma_eta","sigma_eta",0.00125918428392167
"density","DAX","ARSV","2019-12","nu","sigma_eta",0.0258489847046036
"density","DAX","ARSV","2019-12","mu_y","nu",0.00423075278980005
"density","DAX","ARSV","2019-12","phi_y","nu",-0.00108121238908611
"density","DAX","ARSV","2019-12","mu_h","nu",-0.0613799326302112
"density","DAX","ARSV","2019-12","phi_h","nu",-0.00646845239538142
"density","DAX","ARSV","2019-12","sigma_eta","nu",0.0258489847046036
"density","DAX","ARSV","2019-12","nu","nu",5.6894994836814
"density","DAX","ARSV","2020-01","mu_y","mu_y",0.000349424873831063
"density","DAX","ARSV","2020-01","phi_y","mu_y",-1.94100750004755e-05
"density","DAX","ARSV","2020-01","mu_h","mu_y",7.20030109244036e-06
"density","DAX","ARSV","2020-01","phi_h","mu_y",-2.36669893644891e-05
"density","DAX","ARSV","2020-01","sigma_eta","mu_y",9.86871740194309e-05
"density","DAX","ARSV","2020-01","nu","mu_y",0.00168297217918664
"density","DAX","ARSV","2020-01","mu_y","phi_y",-1.94100750004755e-05
"density","DAX","ARSV","2020-01","phi_y","phi_y",0.00051049630648174
"density","DAX","ARSV","2020-01","mu_h","phi_y",-9.21347542964987e-06
"density","DAX","ARSV","2020-01","phi_h","phi_y",-1.96103171558024e-06
"density","DAX","ARSV","2020-01","sigma_eta","phi_y",5.97320896695181e-06
"density","DAX","ARSV","2020-01","nu","phi_y",0.00109637999583994
"density","DAX","ARSV","2020-01","mu_y","mu_h",7.20030109244036e-06
"density","DAX","ARSV","2020-01","phi_y","mu_h",-9.21347542964987e-06
"density","DAX","ARSV","2020-01","mu_h","mu_h",0.0221942401251805
"density","DAX","ARSV","2020-01","phi_h","mu_h",8.03004624829219e-05
"density","DAX","ARSV","2020-01","sigma_eta","mu_h",-0.000370647762598505
"density","DAX","ARSV","2020-01","nu","mu_h",-0.0529140074398964
"density","DAX","ARSV","2020-01","mu_y","phi_h",-2.36669893644891e-05
"density","DAX","ARSV","2020-01","phi_y","phi_h",-1.96103171558024e-06
"density","DAX","ARSV","2020-01","mu_h","phi_h",8.03004624829219e-05
"density","DAX","ARSV","2020-01","phi_h","phi_h",0.000132393125840285
"density","DAX","ARSV","2020-01","sigma_eta","phi_h",-0.000363498049752342
"density","DAX","ARSV","2020-01","nu","phi_h",-0.00864339521681955
"density","DAX","ARSV","2020-01","mu_y","sigma_eta",9.86871740194309e-05
"density","DAX","ARSV","2020-01","phi_y","sigma_eta",5.97320896695181e-06
"density","DAX","ARSV","2020-01","mu_h","sigma_eta",-0.000370647762598505
"density","DAX","ARSV","2020-01","phi_h","sigma_eta",-0.000363498049752342
"density","DAX","ARSV","2020-01","sigma_eta","sigma_eta",0.00142807686904588
"density","DAX","ARSV","2020-01","nu","sigma_eta",0.0300441142733263
"density","DAX","ARSV","2020-01","mu_y","nu",0.00168297217918664
"density","DAX","ARSV","2020-01","phi_y","nu",0.00109637999583994
"density","DAX","ARSV","2020-01","mu_h","nu",-0.0529140074398964
"density","DAX","ARSV","2020-01","phi_h","nu",-0.00864339521681955
"density","DAX","ARSV","2020-01","sigma_eta","nu",0.0300441142733263
"density","DAX","ARSV","2020-01","nu","nu",5.25320380676142
"density","DAX","ARSV","2020-02","mu_y","mu_y",0.000369926292386067
"density","DAX","ARSV","2020-02","phi_y","mu_y",4.01660749253545e-06
"density","DAX","ARSV","2020-02","mu_h","mu_y",-0.000124981259612445
"density","DAX","ARSV","2020-02","phi_h","mu_y",-2.18196426030052e-05
"density","DAX","ARSV","2020-02","sigma_eta","mu_y",0.000100486677571585
"density","DAX","ARSV","2020-02","nu","mu_y",0.00254283811371825
"density","DAX","ARSV","2020-02","mu_y","phi_y",4.01660749253545e-06
"density","DAX","ARSV","2020-02","phi_y","phi_y",0.000471855881175336
"density","DAX","ARSV","2020-02","mu_h","phi_y",0.000130845089646988
"density","DAX","ARSV","2020-02","phi_h","phi_y",2.24695610883027e-06
"density","DAX","ARSV","2020-02","sigma_eta","phi_y",-9.84000017339795e-06
"density","DAX","ARSV","2020-02","nu","phi_y",0.0012845943110277
"density","DAX","ARSV","2020-02","mu_y","mu_h",-0.000124981259612445
"density","DAX","ARSV","2020-02","phi_y","mu_h",0.000130845089646988
"density","DAX","ARSV","2020-02","mu_h","mu_h",0.0204340886160771
"density","DAX","ARSV","2020-02","phi_h","mu_h",0.000238069874485229
"density","DAX","ARSV","2020-02","sigma_eta","mu_h",-0.000737428791011812
"density","DAX","ARSV","2020-02","nu","mu_h",-0.0591280087551111
"density","DAX","ARSV","2020-02","mu_y","phi_h",-2.18196426030052e-05
"density","DAX","ARSV","2020-02","phi_y","phi_h",2.24695610883027e-06
"density","DAX","ARSV","2020-02","mu_h","phi_h",0.000238069874485229
"density","DAX","ARSV","2020-02","phi_h","phi_h",0.000126830117661813
"density","DAX","ARSV","2020-02","sigma_eta","phi_h",-0.000347546399710262
"density","DAX","ARSV","2020-02","nu","phi_h",-0.00780118917505535
"density","DAX","ARSV","2020-02","mu_y","sigma_eta",0.000100486677571585
"density","DAX","ARSV","2020-02","phi_y","sigma_eta",-9.84000017339795e-06
"density","DAX","ARSV","2020-02","mu_h","sigma_eta",-0.000737428791011812
"density","DAX","ARSV","2020-02","phi_h","sigma_eta",-0.000347546399710262
"density","DAX","ARSV","2020-02","sigma_eta","sigma_eta",0.00138219605534315
"density","DAX","ARSV","2020-02","nu","sigma_eta",0.0290642904149502
"density","DAX","ARSV","2020-02","mu_y","nu",0.00254283811371825
"density","DAX","ARSV","2020-02","phi_y","nu",0.0012845943110277
"density","DAX","ARSV","2020-02","mu_h","nu",-0.0591280087551111
"density","DAX","ARSV","2020-02","phi_h","nu",-0.00780118917505535
"density","DAX","ARSV","2020-02","sigma_eta","nu",0.0290642904149502
"density","DAX","ARSV","2020-02","nu","nu",5.36205404399685
"density","DAX","ARSV","2020-03","mu_y","mu_y",0.000357550739513763
"density","DAX","ARSV","2020-03","phi_y","mu_y",-1.51667694517429e-05
"density","DAX","ARSV","2020-03","mu_h","mu_y",-8.22851582182129e-05
"density","DAX","ARSV","2020-03","phi_h","mu_y",-2.69041895956005e-05
"density","DAX","ARSV","2020-03","sigma_eta","mu_y",0.000106607135676408
"density","DAX","ARSV","2020-03","nu","mu_y",0.00249886948153814
"density","DAX","ARSV","2020-03","mu_y","phi_y",-1.51667694517429e-05
"density","DAX","ARSV","2020-03","phi_y","phi_y",0.000506372179714709
"density","DAX","ARSV","2020-03","mu_h","phi_y",-3.33980801156368e-05
"density","DAX","ARSV","2020-03","phi_h","phi_y",-2.36470087707354e-06
"density","DAX","ARSV","2020-03","sigma_eta","phi_y",-9.7060398148722e-06
"density","DAX","ARSV","2020-03","nu","phi_y",0.000264697204259184
"density","DAX","ARSV","2020-03","mu_y","mu_h",-8.22851582182129e-05
"density","DAX","ARSV","2020-03","phi_y","mu_h",-3.33980801156368e-05
"density","DAX","ARSV","2020-03","mu_h","mu_h",0.0201744755098327
"density","DAX","ARSV","2020-03","phi_h","mu_h",0.000300691202489456
"density","DAX","ARSV","2020-03","sigma_eta","mu_h",-0.00108034813162495
"density","DAX","ARSV","2020-03","nu","mu_h",-0.0711406387004998
"density","DAX","ARSV","2020-03","mu_y","phi_h",-2.69041895956005e-05
"density","DAX","ARSV","2020-03","phi_y","phi_h",-2.36470087707354e-06
"density","DAX","ARSV","2020-03","mu_h","phi_h",0.000300691202489456
"density","DAX","ARSV","2020-03","phi_h","phi_h",0.000144329143191267
"density","DAX","ARSV","2020-03","sigma_eta","phi_h",-0.000384740287331051
"density","DAX","ARSV","2020-03","nu","phi_h",-0.00994328440896442
"density","DAX","ARSV","2020-03","mu_y","sigma_eta",0.000106607135676408
"density","DAX","ARSV","2020-03","phi_y","sigma_eta",-9.7060398148722e-06
"density","DAX","ARSV","2020-03","mu_h","sigma_eta",-0.00108034813162495
"density","DAX","ARSV","2020-03","phi_h","sigma_eta",-0.000384740287331051
"density","DAX","ARSV","2020-03","sigma_eta","sigma_eta",0.0014922376869247
"density","DAX","ARSV","2020-03","nu","sigma_eta",0.0376100771815026
"density","DAX","ARSV","2020-03","mu_y","nu",0.00249886948153814
"density","DAX","ARSV","2020-03","phi_y","nu",0.000264697204259184
"density","DAX","ARSV","2020-03","mu_h","nu",-0.0711406387004998
"density","DAX","ARSV","2020-03","phi_h","nu",-0.00994328440896442
"density","DAX","ARSV","2020-03","sigma_eta","nu",0.0376100771815026
"density","DAX","ARSV","2020-03","nu","nu",6.69880202092688
"density","DAX","ARSV","2020-04","mu_y","mu_y",0.000349599025799423
"density","DAX","ARSV","2020-04","phi_y","mu_y",-1.02155866396345e-05
"density","DAX","ARSV","2020-04","mu_h","mu_y",-0.000104020648474199
"density","DAX","ARSV","2020-04","phi_h","mu_y",-2.15171679544941e-05
"density","DAX","ARSV","2020-04","sigma_eta","mu_y",8.7114666088033e-05
"density","DAX","ARSV","2020-04","nu","mu_y",-3.7245883580681e-05
"density","DAX","ARSV","2020-04","mu_y","phi_y",-1.02155866396345e-05
"density","DAX","ARSV","2020-04","phi_y","phi_y",0.000481486140542953
"density","DAX","ARSV","2020-04","mu_h","phi_y",-7.90954974481401e-06
"density","DAX","ARSV","2020-04","phi_h","phi_y",1.55161043140257e-06
"density","DAX","ARSV","2020-04","sigma_eta","phi_y",-1.38572859312041e-05
"density","DAX","ARSV","2020-04","nu","phi_y",0.000458404212604334
"density","DAX","ARSV","2020-04","mu_y","mu_h",-0.000104020648474199
"density","DAX","ARSV","2020-04","phi_y","mu_h",-7.90954974481401e-06
"density","DAX","ARSV","2020-04","mu_h","mu_h",0.0237705559029679
"density","DAX","ARSV","2020-04","phi_h","mu_h",0.000321706453526523
"density","DAX","ARSV","2020-04","sigma_eta","mu_h",-0.00107180036644878
"density","DAX","ARSV","2020-04","nu","mu_h",-0.0611531232904527
"density","DAX","ARSV","2020-04","mu_y","phi_h",-2.15171679544941e-05
"density","DAX","ARSV","2020-04","phi_y","phi_h",1.55161043140257e-06
"density","DAX","ARSV","2020-04","mu_h","phi_h",0.000321706453526523
"density","DAX","ARSV","2020-04","phi_h","phi_h",0.000134664352276141
"density","DAX","ARSV","2020-04","sigma_eta","phi_h",-0.000360371503774666
"density","DAX","ARSV","2020-04","nu","phi_h",-0.00731454795565439
"density","DAX","ARSV","2020-04","mu_y","sigma_eta",8.7114666088033e-05
"density","DAX","ARSV","2020-04","phi_y","sigma_eta",-1.38572859312041e-05
"density","DAX","ARSV","2020-04","mu_h","sigma_eta",-0.00107180036644878
"density","DAX","ARSV","2020-04","phi_h","sigma_eta",-0.000360371503774666
"density","DAX","ARSV","2020-04","sigma_eta","sigma_eta",0.00144079135235741
"density","DAX","ARSV","2020-04","nu","sigma_eta",0.0292236600947789
"density","DAX","ARSV","2020-04","mu_y","nu",-3.7245883580681e-05
"density","DAX","ARSV","2020-04","phi_y","nu",0.000458404212604334
"density","DAX","ARSV","2020-04","mu_h","nu",-0.0611531232904527
"density","DAX","ARSV","2020-04","phi_h","nu",-0.00731454795565439
"density","DAX","ARSV","2020-04","sigma_eta","nu",0.0292236600947789
"density","DAX","ARSV","2020-04","nu","nu",5.4046299780014
"density","DAX","ARSV","2020-05","mu_y","mu_y",0.000351565560948696
"density","DAX","ARSV","2020-05","phi_y","mu_y",-2.30879253206162e-05
"density","DAX","ARSV","2020-05","mu_h","mu_y",-0.000126826414988047
"density","DAX","ARSV","2020-05","phi_h","mu_y",-1.762702917383e-05
"density","DAX","ARSV","2020-05","sigma_eta","mu_y",7.37192075569411e-05
"density","DAX","ARSV","2020-05","nu","mu_y",0.00154010257064499
"density","DAX","ARSV","2020-05","mu_y","phi_y",-2.30879253206162e-05
"density","DAX","ARSV","2020-05","phi_y","phi_y",0.000511990413794625
"density","DAX","ARSV","2020-05","mu_h","phi_y",-2.26388363299492e-05
"density","DAX","ARSV","2020-05","phi_h","phi_y",4.66630687829027e-06
"density","DAX","ARSV","2020-05","sigma_eta","phi_y",-3.04103611963156e-05
"density","DAX","ARSV","2020-05","nu","phi_y",0.00210922716650132
"density","DAX","ARSV","2020-05","mu_y","mu_h",-0.000126826414988047
"density","DAX","ARSV","2020-05","phi_y","mu_h",-2.26388363299492e-05
"density","DAX","ARSV","2020-05","mu_h","mu_h",0.0287322040810755
"density","DAX","ARSV","2020-05","phi_h","mu_h",0.000305652177670816
"density","DAX","ARSV","2020-05","sigma_eta","mu_h",-0.000985481815159
"density","DAX","ARSV","2020-05","nu","mu_h",-0.0667592919136498
"density","DAX","ARSV","2020-05","mu_y","phi_h",-1.762702917383e-05
"density","DAX","ARSV","2020-05","phi_y","phi_h",4.66630687829027e-06
"density","DAX","ARSV","2020-05","mu_h","phi_h",0.000305652177670816
"density","DAX","ARSV","2020-05","phi_h","phi_h",0.000106952731256851
"density","DAX","ARSV","2020-05","sigma_eta","phi_h",-0.000288755746643586
"density","DAX","ARSV","2020-05","nu","phi_h",-0.00614411774569722
"density","DAX","ARSV","2020-05","mu_y","sigma_eta",7.37192075569411e-05
"density","DAX","ARSV","2020-05","phi_y","sigma_eta",-3.04103611963156e-05
"density","DAX","ARSV","2020-05","mu_h","sigma_eta",-0.000985481815159
"density","DAX","ARSV","2020-05","phi_h","sigma_eta",-0.000288755746643586
"density","DAX","ARSV","2020-05","sigma_eta","sigma_eta",0.00126620635533248
"density","DAX","ARSV","2020-05","nu","sigma_eta",0.0268929833461774
"density","DAX","ARSV","2020-05","mu_y","nu",0.00154010257064499
"density","DAX","ARSV","2020-05","phi_y","nu",0.00210922716650132
"density","DAX","ARSV","2020-05","mu_h","nu",-0.0667592919136498
"density","DAX","ARSV","2020-05","phi_h","nu",-0.00614411774569722
"density","DAX","ARSV","2020-05","sigma_eta","nu",0.0268929833461774
"density","DAX","ARSV","2020-05","nu","nu",5.03348727384935
"density","DAX","ARSV","2020-06","mu_y","mu_y",0.000352659838245799
"density","DAX","ARSV","2020-06","phi_y","mu_y",-9.65901770719098e-06
"density","DAX","ARSV","2020-06","mu_h","mu_y",-8.72962463635873e-05
"density","DAX","ARSV","2020-06","phi_h","mu_y",-1.68605134789598e-05
"density","DAX","ARSV","2020-06","sigma_eta","mu_y",8.47440022745131e-05
"density","DAX","ARSV","2020-06","nu","mu_y",0.00145790742595065
"density","DAX","ARSV","2020-06","mu_y","phi_y",-9.65901770719098e-06
"density","DAX","ARSV","2020-06","phi_y","phi_y",0.000464103266052822
"density","DAX","ARSV","2020-06","mu_h","phi_y",-2.4801061060477e-05
"density","DAX","ARSV","2020-06","phi_h","phi_y",-8.66620479423294e-07
"density","DAX","ARSV","2020-06","sigma_eta","phi_y",6.50357438910551e-06
"density","DAX","ARSV","2020-06","nu","phi_y",0.000265411704851525
"density","DAX","ARSV","2020-06","mu_y","mu_h",-8.72962463635873e-05
"density","DAX","ARSV","2020-06","phi_y","mu_h",-2.4801061060477e-05
"density","DAX","ARSV","2020-06","mu_h","mu_h",0.0289505460669722
"density","DAX","ARSV","2020-06","phi_h","mu_h",0.000223563720677367
"density","DAX","ARSV","2020-06","sigma_eta","mu_h",-0.000761178971569176
"density","DAX","ARSV","2020-06","nu","mu_h",-0.0567332232983849
"density","DAX","ARSV","2020-06","mu_y","phi_h",-1.68605134789598e-05
"density","DAX","ARSV","2020-06","phi_y","phi_h",-8.66620479423294e-07
"density","DAX","ARSV","2020-06","mu_h","phi_h",0.000223563720677367
"density","DAX","ARSV","2020-06","phi_h","phi_h",8.85875633119502e-05
"density","DAX","ARSV","2020-06","sigma_eta","phi_h",-0.000256712638893488
"density","DAX","ARSV","2020-06","nu","phi_h",-0.00603921751167853
"density","DAX","ARSV","2020-06","mu_y","sigma_eta",8.47440022745131e-05
"density","DAX","ARSV","2020-06","phi_y","sigma_eta",6.50357438910551e-06
"density","DAX","ARSV","2020-06","mu_h","sigma_eta",-0.000761178971569176
"density","DAX","ARSV","2020-06","phi_h","sigma_eta",-0.000256712638893488
"density","DAX","ARSV","2020-06","sigma_eta","sigma_eta",0.00118224082836251
"density","DAX","ARSV","2020-06","nu","sigma_eta",0.0257456064918931
"density","DAX","ARSV","2020-06","mu_y","nu",0.00145790742595065
"density","DAX","ARSV","2020-06","phi_y","nu",0.000265411704851525
"density","DAX","ARSV","2020-06","mu_h","nu",-0.0567332232983849
"density","DAX","ARSV","2020-06","phi_h","nu",-0.00603921751167853
"density","DAX","ARSV","2020-06","sigma_eta","nu",0.0257456064918931
"density","DAX","ARSV","2020-06","nu","nu",5.00741289424619
"density","DAX","ARSV","2020-07","mu_y","mu_y",0.000332831359595759
"density","DAX","ARSV","2020-07","phi_y","mu_y",-1.67321110092818e-05
"density","DAX","ARSV","2020-07","mu_h","mu_y",-1.52540851518502e-06
"density","DAX","ARSV","2020-07","phi_h","mu_y",-1.43362509768175e-05
"density","DAX","ARSV","2020-07","sigma_eta","mu_y",6.94857543033787e-05
"density","DAX","ARSV","2020-07","nu","mu_y",0.000913019539152783
"density","DAX","ARSV","2020-07","mu_y","phi_y",-1.67321110092818e-05
"density","DAX","ARSV","2020-07","phi_y","phi_y",0.000498541022843302
"density","DAX","ARSV","2020-07","mu_h","phi_y",-4.5442691855863e-05
"density","DAX","ARSV","2020-07","phi_h","phi_y",4.84409772071999e-06
"density","DAX","ARSV","2020-07","sigma_eta","phi_y",-1.9453977510949e-05
"density","DAX","ARSV","2020-07","nu","phi_y",0.00177205142437973
"density","DAX","ARSV","2020-07","mu_y","mu_h",-1.52540851518502e-06
"density","DAX","ARSV","2020-07","phi_y","mu_h",-4.5442691855863e-05
"density","DAX","ARSV","2020-07","mu_h","mu_h",0.0309659109752792
"density","DAX","ARSV","2020-07","phi_h","mu_h",0.000199008291434473
"density","DAX","ARSV","2020-07","sigma_eta","mu_h",-0.000814604656933482
"density","DAX","ARSV","2020-07","nu","mu_h",-0.0636500351507548
"density","DAX","ARSV","2020-07","mu_y","phi_h",-1.43362509768175e-05
"density","DAX","ARSV","2020-07","phi_y","phi_h",4.84409772071999e-06
"density","DAX","ARSV","2020-07","mu_h","phi_h",0.000199008291434473
"density","DAX","ARSV","2020-07","phi_h","phi_h",8.40429392688486e-05
"density","DAX","ARSV","2020-07","sigma_eta","phi_h",-0.000243263487418741
"density","DAX","ARSV","2020-07","nu","phi_h",-0.00522283791765266
"density","DAX","ARSV","2020-07","mu_y","sigma_eta",6.94857543033787e-05
"density","DAX","ARSV","2020-07","phi_y","sigma_eta",-1.9453977510949e-05
"density","DAX","ARSV","2020-07","mu_h","sigma_eta",-0.000814604656933482
"density","DAX","ARSV","2020-07","phi_h","sigma_eta",-0.000243263487418741
"density","DAX","ARSV","2020-07","sigma_eta","sigma_eta",0.00112695895928463
"density","DAX","ARSV","2020-07","nu","sigma_eta",0.0233445877697959
"density","DAX","ARSV","2020-07","mu_y","nu",0.000913019539152783
"density","DAX","ARSV","2020-07","phi_y","nu",0.00177205142437973
"density","DAX","ARSV","2020-07","mu_h","nu",-0.0636500351507548
"density","DAX","ARSV","2020-07","phi_h","nu",-0.00522283791765266
"density","DAX","ARSV","2020-07","sigma_eta","nu",0.0233445877697959
"density","DAX","ARSV","2020-07","nu","nu",4.664958432215
"density","DAX","ARSV","2020-08","mu_y","mu_y",0.000358830440733978
"density","DAX","ARSV","2020-08","phi_y","mu_y",-1.60458067509785e-05
"density","DAX","ARSV","2020-08","mu_h","mu_y",-8.40504845968202e-05
"density","DAX","ARSV","2020-08","phi_h","mu_y",-1.12257664899429e-05
"density","DAX","ARSV","2020-08","sigma_eta","mu_y",5.11744587959374e-05
"density","DAX","ARSV","2020-08","nu","mu_y",0.00166051057282231
"density","DAX","ARSV","2020-08","mu_y","phi_y",-1.60458067509785e-05
"density","DAX","ARSV","2020-08","phi_y","phi_y",0.000492136987097622
"density","DAX","ARSV","2020-08","mu_h","phi_y",-0.00020453185187554
"density","DAX","ARSV","2020-08","phi_h","phi_y",4.27652375366804e-06
"density","DAX","ARSV","2020-08","sigma_eta","phi_y",-1.96560748125211e-05
"density","DAX","ARSV","2020-08","nu","phi_y",-0.000182859990603081
"density","DAX","ARSV","2020-08","mu_y","mu_h",-8.40504845968202e-05
"density","DAX","ARSV","2020-08","phi_y","mu_h",-0.00020453185187554
"density","DAX","ARSV","2020-08","mu_h","mu_h",0.0312371925937455
"density","DAX","ARSV","2020-08","phi_h","mu_h",0.000138764337938496
"density","DAX","ARSV","2020-08","sigma_eta","mu_h",-0.000584168513330936
"density","DAX","ARSV","2020-08","nu","mu_h",-0.0590618462863368
"density","DAX","ARSV","2020-08","mu_y","phi_h",-1.12257664899429e-05
"density","DAX","ARSV","2020-08","phi_y","phi_h",4.27652375366804e-06
"density","DAX","ARSV","2020-08","mu_h","phi_h",0.000138764337938496
"density","DAX","ARSV","2020-08","phi_h","phi_h",7.61807640942733e-05
"density","DAX","ARSV","2020-08","sigma_eta","phi_h",-0.00021292986319565
"density","DAX","ARSV","2020-08","nu","phi_h",-0.00482342501528551
"density","DAX","ARSV","2020-08","mu_y","sigma_eta",5.11744587959374e-05
"density","DAX","ARSV","2020-08","phi_y","sigma_eta",-1.96560748125211e-05
"density","DAX","ARSV","2020-08","mu_h","sigma_eta",-0.000584168513330936
"density","DAX","ARSV","2020-08","phi_h","sigma_eta",-0.00021292986319565
"density","DAX","ARSV","2020-08","sigma_eta","sigma_eta",0.00100350709830927
"density","DAX","ARSV","2020-08","nu","sigma_eta",0.0198914522336632
"density","DAX","ARSV","2020-08","mu_y","nu",0.00166051057282231
"density","DAX","ARSV","2020-08","phi_y","nu",-0.000182859990603081
"density","DAX","ARSV","2020-08","mu_h","nu",-0.0590618462863368
"density","DAX","ARSV","2020-08","phi_h","nu",-0.00482342501528551
"density","DAX","ARSV","2020-08","sigma_eta","nu",0.0198914522336632
"density","DAX","ARSV","2020-08","nu","nu",4.40717989693116
"density","DAX","ARSV","2020-09","mu_y","mu_y",0.000346079198859224
"density","DAX","ARSV","2020-09","phi_y","mu_y",-1.75077558359654e-05
"density","DAX","ARSV","2020-09","mu_h","mu_y",-0.000103303094928323
"density","DAX","ARSV","2020-09","phi_h","mu_y",-1.85432008888225e-05
"density","DAX","ARSV","2020-09","sigma_eta","mu_y",8.24618259961623e-05
"density","DAX","ARSV","2020-09","nu","mu_y",0.0011690417390561
"density","DAX","ARSV","2020-09","mu_y","phi_y",-1.75077558359654e-05
"density","DAX","ARSV","2020-09","phi_y","phi_y",0.000519736775395116
"density","DAX","ARSV","2020-09","mu_h","phi_y",6.34405167919463e-05
"density","DAX","ARSV","2020-09","phi_h","phi_y",5.91589386743068e-07
"density","DAX","ARSV","2020-09","sigma_eta","phi_y",-9.9991695784182e-06
"density","DAX","ARSV","2020-09","nu","phi_y",0.00160559523261498
"density","DAX","ARSV","2020-09","mu_y","mu_h",-0.000103303094928323
"density","DAX","ARSV","2020-09","phi_y","mu_h",6.34405167919463e-05
"density","DAX","ARSV","2020-09","mu_h","mu_h",0.0299687637288054
"density","DAX","ARSV","2020-09","phi_h","mu_h",8.17222762430756e-05
"density","DAX","ARSV","2020-09","sigma_eta","mu_h",-0.000487338019649114
"density","DAX","ARSV","2020-09","nu","mu_h",-0.0590281252358016
"density","DAX","ARSV","2020-09","mu_y","phi_h",-1.85432008888225e-05
"density","DAX","ARSV","2020-09","phi_y","phi_h",5.91589386743068e-07
"density","DAX","ARSV","2020-09","mu_h","phi_h",8.17222762430756e-05
"density","DAX","ARSV","2020-09","phi_h","phi_h",7.17865354406648e-05
"density","DAX","ARSV","2020-09","sigma_eta","phi_h",-0.000199183550993128
"density","DAX","ARSV","2020-09","nu","phi_h",-0.0040084044554039
"density","DAX","ARSV","2020-09","mu_y","sigma_eta",8.24618259961623e-05
"density","DAX","ARSV","2020-09","phi_y","sigma_eta",-9.9991695784182e-06
"density","DAX","ARSV","2020-09","mu_h","sigma_eta",-0.000487338019649114
"density","DAX","ARSV","2020-09","phi_h","sigma_eta",-0.000199183550993128
"density","DAX","ARSV","2020-09","sigma_eta","sigma_eta",0.000971949296443386
"density","DAX","ARSV","2020-09","nu","sigma_eta",0.0189701809835454
"density","DAX","ARSV","2020-09","mu_y","nu",0.0011690417390561
"density","DAX","ARSV","2020-09","phi_y","nu",0.00160559523261498
"density","DAX","ARSV","2020-09","mu_h","nu",-0.0590281252358016
"density","DAX","ARSV","2020-09","phi_h","nu",-0.0040084044554039
"density","DAX","ARSV","2020-09","sigma_eta","nu",0.0189701809835454
"density","DAX","ARSV","2020-09","nu","nu",4.07580039130934
"density","DAX","ARSV","2020-10","mu_y","mu_y",0.000341764466165311
"density","DAX","ARSV","2020-10","phi_y","mu_y",-1.31098142386078e-05
"density","DAX","ARSV","2020-10","mu_h","mu_y",3.31490836891257e-07
"density","DAX","ARSV","2020-10","phi_h","mu_y",-1.73387111570242e-05
"density","DAX","ARSV","2020-10","sigma_eta","mu_y",8.49173205423246e-05
"density","DAX","ARSV","2020-10","nu","mu_y",0.00209715303535225
"density","DAX","ARSV","2020-10","mu_y","phi_y",-1.31098142386078e-05
"density","DAX","ARSV","2020-10","phi_y","phi_y",0.000471856893026356
"density","DAX","ARSV","2020-10","mu_h","phi_y",5.91695660719743e-05
"density","DAX","ARSV","2020-10","phi_h","phi_y",-1.27479492857759e-06
"density","DAX","ARSV","2020-10","sigma_eta","phi_y",1.56646078521342e-06
"density","DAX","ARSV","2020-10","nu","phi_y",0.00046079988214377
"density","DAX","ARSV","2020-10","mu_y","mu_h",3.31490836891257e-07
"density","DAX","ARSV","2020-10","phi_y","mu_h",5.91695660719743e-05
"density","DAX","ARSV","2020-10","mu_h","mu_h",0.0301601176968699
"density","DAX","ARSV","2020-10","phi_h","mu_h",0.000134577178748729
"density","DAX","ARSV","2020-10","sigma_eta","mu_h",-0.000560991446529424
"density","DAX","ARSV","2020-10","nu","mu_h",-0.0429630522083952
"density","DAX","ARSV","2020-10","mu_y","phi_h",-1.73387111570242e-05
"density","DAX","ARSV","2020-10","phi_y","phi_h",-1.27479492857759e-06
"density","DAX","ARSV","2020-10","mu_h","phi_h",0.000134577178748729
"density","DAX","ARSV","2020-10","phi_h","phi_h",7.53152358828429e-05
"density","DAX","ARSV","2020-10","sigma_eta","phi_h",-0.000210570988144341
"density","DAX","ARSV","2020-10","nu","phi_h",-0.0035304313574023
"density","DAX","ARSV","2020-10","mu_y","sigma_eta",8.49173205423246e-05
"density","DAX","ARSV","2020-10","phi_y","sigma_eta",1.56646078521342e-06
"density","DAX","ARSV","2020-10","mu_h","sigma_eta",-0.000560991446529424
"density","DAX","ARSV","2020-10","phi_h","sigma_eta",-0.000210570988144341
"density","DAX","ARSV","2020-10","sigma_eta","sigma_eta",0.00103577357938933
"density","DAX","ARSV","2020-10","nu","sigma_eta",0.0177848857356101
"density","DAX","ARSV","2020-10","mu_y","nu",0.00209715303535225
"density","DAX","ARSV","2020-10","phi_y","nu",0.00046079988214377
"density","DAX","ARSV","2020-10","mu_h","nu",-0.0429630522083952
"density","DAX","ARSV","2020-10","phi_h","nu",-0.0035304313574023
"density","DAX","ARSV","2020-10","sigma_eta","nu",0.0177848857356101
"density","DAX","ARSV","2020-10","nu","nu",3.31085701700573
"density","DAX","ARSV","2020-11","mu_y","mu_y",0.00035191837763841
"density","DAX","ARSV","2020-11","phi_y","mu_y",-1.07888470204709e-05
"density","DAX","ARSV","2020-11","mu_h","mu_y",-0.000103567045781632
"density","DAX","ARSV","2020-11","phi_h","mu_y",-1.34132147585896e-05
"density","DAX","ARSV","2020-11","sigma_eta","mu_y",6.96507907557139e-05
"density","DAX","ARSV","2020-11","nu","mu_y",0.00214624012663366
"density","DAX","ARSV","2020-11","mu_y","phi_y",-1.07888470204709e-05
"density","DAX","ARSV","2020-11","phi_y","phi_y",0.000485832261351124
"density","DAX","ARSV","2020-11","mu_h","phi_y",-0.000131449581995889
"density","DAX","ARSV","2020-11","phi_h","phi_y",2.4723724928862e-06
"density","DAX","ARSV","2020-11","sigma_eta","phi_y",-3.81497946091398e-06
"density","DAX","ARSV","2020-11","nu","phi_y",0.00108205465298454
"density","DAX","ARSV","2020-11","mu_y","mu_h",-0.000103567045781632
"density","DAX","ARSV","2020-11","phi_y","mu_h",-0.000131449581995889
"density","DAX","ARSV","2020-11","mu_h","mu_h",0.034873772600223
"density","DAX","ARSV","2020-11","phi_h","mu_h",1.66991681042969e-05
"density","DAX","ARSV","2020-11","sigma_eta","mu_h",-0.000177984601336934
"density","DAX","ARSV","2020-11","nu","mu_h",-0.0325275867587871
"density","DAX","ARSV","2020-11","mu_y","phi_h",-1.34132147585896e-05
"density","DAX","ARSV","2020-11","phi_y","phi_h",2.4723724928862e-06
"density","DAX","ARSV","2020-11","mu_h","phi_h",1.66991681042969e-05
"density","DAX","ARSV","2020-11","phi_h","phi_h",7.40212069989485e-05
"density","DAX","ARSV","2020-11","sigma_eta","phi_h",-0.0002064581848927
"density","DAX","ARSV","2020-11","nu","phi_h",-0.00293315815388087
"density","DAX","ARSV","2020-11","mu_y","sigma_eta",6.96507907557139e-05
"density","DAX","ARSV","2020-11","phi_y","sigma_eta",-3.81497946091398e-06
"density","DAX","ARSV","2020-11","mu_h","sigma_eta",-0.000177984601336934
"density","DAX","ARSV","2020-11","phi_h","sigma_eta",-0.0002064581848927
"density","DAX","ARSV","2020-11","sigma_eta","sigma_eta",0.000985769978404723
"density","DAX","ARSV","2020-11","nu","sigma_eta",0.0137014415337031
"density","DAX","ARSV","2020-11","mu_y","nu",0.00214624012663366
"density","DAX","ARSV","2020-11","phi_y","nu",0.00108205465298454
"density","DAX","ARSV","2020-11","mu_h","nu",-0.0325275867587871
"density","DAX","ARSV","2020-11","phi_h","nu",-0.00293315815388087
"density","DAX","ARSV","2020-11","sigma_eta","nu",0.0137014415337031
"density","DAX","ARSV","2020-11","nu","nu",2.6752295267346
"density","DAX","ARSV","2020-12","mu_y","mu_y",0.000341413607089595
"density","DAX","ARSV","2020-12","phi_y","mu_y",-2.07195195348782e-05
"density","DAX","ARSV","2020-12","mu_h","mu_y",-3.26060402602354e-05
"density","DAX","ARSV","2020-12","phi_h","mu_y",-1.32586870365957e-05
"density","DAX","ARSV","2020-12","sigma_eta","mu_y",6.43250991575272e-05
"density","DAX","ARSV","2020-12","nu","mu_y",0.00130538670864681
"density","DAX","ARSV","2020-12","mu_y","phi_y",-2.07195195348782e-05
"density","DAX","ARSV","2020-12","phi_y","phi_y",0.000502616391699365
"density","DAX","ARSV","2020-12","mu_h","phi_y",6.56924982901074e-05
"density","DAX","ARSV","2020-12","phi_h","phi_y",5.52968689199806e-06
"density","DAX","ARSV","2020-12","sigma_eta","phi_y",-4.53592782065383e-06
"density","DAX","ARSV","2020-12","nu","phi_y",0.000883843978687574
"density","DAX","ARSV","2020-12","mu_y","mu_h",-3.26060402602354e-05
"density","DAX","ARSV","2020-12","phi_y","mu_h",6.56924982901074e-05
"density","DAX","ARSV","2020-12","mu_h","mu_h",0.0278011445791841
"density","DAX","ARSV","2020-12","phi_h","mu_h",7.57270256157167e-05
"density","DAX","ARSV","2020-12","sigma_eta","mu_h",-0.000467470845093409
"density","DAX","ARSV","2020-12","nu","mu_h",-0.0478003546872332
"density","DAX","ARSV","2020-12","mu_y","phi_h",-1.32586870365957e-05
"density","DAX","ARSV","2020-12","phi_y","phi_h",5.52968689199806e-06
"density","DAX","ARSV","2020-12","mu_h","phi_h",7.57270256157167e-05
"density","DAX","ARSV","2020-12","phi_h","phi_h",8.49395459828454e-05
"density","DAX","ARSV","2020-12","sigma_eta","phi_h",-0.000238724557221264
"density","DAX","ARSV","2020-12","nu","phi_h",-0.00413699108970927
"density","DAX","ARSV","2020-12","mu_y","sigma_eta",6.43250991575272e-05
"density","DAX","ARSV","2020-12","phi_y","sigma_eta",-4.53592782065383e-06
"density","DAX","ARSV","2020-12","mu_h","sigma_eta",-0.000467470845093409
"density","DAX","ARSV","2020-12","phi_h","sigma_eta",-0.000238724557221264
"density","DAX","ARSV","2020-12","sigma_eta","sigma_eta",0.00110337245450695
"density","DAX","ARSV","2020-12","nu","sigma_eta",0.0160208117595992
"density","DAX","ARSV","2020-12","mu_y","nu",0.00130538670864681
"density","DAX","ARSV","2020-12","phi_y","nu",0.000883843978687574
"density","DAX","ARSV","2020-12","mu_h","nu",-0.0478003546872332
"density","DAX","ARSV","2020-12","phi_h","nu",-0.00413699108970927
"density","DAX","ARSV","2020-12","sigma_eta","nu",0.0160208117595992
"density","DAX","ARSV","2020-12","nu","nu",3.41300882634041
"density","DAX","ARSV","2021-01","mu_y","mu_y",0.000367098562237362
"density","DAX","ARSV","2021-01","phi_y","mu_y",-1.02348018090374e-05
"density","DAX","ARSV","2021-01","mu_h","mu_y",-5.45901812368854e-05
"density","DAX","ARSV","2021-01","phi_h","mu_y",-1.62956045536912e-05
"density","DAX","ARSV","2021-01","sigma_eta","mu_y",8.68344392162828e-05
"density","DAX","ARSV","2021-01","nu","mu_y",0.00125231764491186
"density","DAX","ARSV","2021-01","mu_y","phi_y",-1.02348018090374e-05
"density","DAX","ARSV","2021-01","phi_y","phi_y",0.000483590092352842
"density","DAX","ARSV","2021-01","mu_h","phi_y",1.20427154234854e-05
"density","DAX","ARSV","2021-01","phi_h","phi_y",5.42759671958466e-06
"density","DAX","ARSV","2021-01","sigma_eta","phi_y",-2.56055908369194e-05
"density","DAX","ARSV","2021-01","nu","phi_y",0.00227762770310782
"density","DAX","ARSV","2021-01","mu_y","mu_h",-5.45901812368854e-05
"density","DAX","ARSV","2021-01","phi_y","mu_h",1.20427154234854e-05
"density","DAX","ARSV","2021-01","mu_h","mu_h",0.0281278929764604
"density","DAX","ARSV","2021-01","phi_h","mu_h",0.0001409989083317
"density","DAX","ARSV","2021-01","sigma_eta","mu_h",-0.000642325468627478
"density","DAX","ARSV","2021-01","nu","mu_h",-0.0601740270787405
"density","DAX","ARSV","2021-01","mu_y","phi_h",-1.62956045536912e-05
"density","DAX","ARSV","2021-01","phi_y","phi_h",5.42759671958466e-06
"density","DAX","ARSV","2021-01","mu_h","phi_h",0.0001409989083317
"density","DAX","ARSV","2021-01","phi_h","phi_h",9.37127699739029e-05
"density","DAX","ARSV","2021-01","sigma_eta","phi_h",-0.000262045091510426
"density","DAX","ARSV","2021-01","nu","phi_h",-0.00437045332237842
"density","DAX","ARSV","2021-01","mu_y","sigma_eta",8.68344392162828e-05
"density","DAX","ARSV","2021-01","phi_y","sigma_eta",-2.56055908369194e-05
"density","DAX","ARSV","2021-01","mu_h","sigma_eta",-0.000642325468627478
"density","DAX","ARSV","2021-01","phi_h","sigma_eta",-0.000262045091510426
"density","DAX","ARSV","2021-01","sigma_eta","sigma_eta",0.00122291260279742
"density","DAX","ARSV","2021-01","nu","sigma_eta",0.0212556538851268
"density","DAX","ARSV","2021-01","mu_y","nu",0.00125231764491186
"density","DAX","ARSV","2021-01","phi_y","nu",0.00227762770310782
"density","DAX","ARSV","2021-01","mu_h","nu",-0.0601740270787405
"density","DAX","ARSV","2021-01","phi_h","nu",-0.00437045332237842
"density","DAX","ARSV","2021-01","sigma_eta","nu",0.0212556538851268
"density","DAX","ARSV","2021-01","nu","nu",3.92186151483655
"density","DAX","ARSV","2021-02","mu_y","mu_y",0.000359287904809642
"density","DAX","ARSV","2021-02","phi_y","mu_y",-6.77727490636792e-06
"density","DAX","ARSV","2021-02","mu_h","mu_y",-7.1100443842186e-05
"density","DAX","ARSV","2021-02","phi_h","mu_y",-1.66509447186341e-05
"density","DAX","ARSV","2021-02","sigma_eta","mu_y",6.85960420396499e-05
"density","DAX","ARSV","2021-02","nu","mu_y",0.00162873690874779
"density","DAX","ARSV","2021-02","mu_y","phi_y",-6.77727490636792e-06
"density","DAX","ARSV","2021-02","phi_y","phi_y",0.000479088865343188
"density","DAX","ARSV","2021-02","mu_h","phi_y",-5.860024784547e-05
"density","DAX","ARSV","2021-02","phi_h","phi_y",3.10124166198938e-06
"density","DAX","ARSV","2021-02","sigma_eta","phi_y",-1.33092653583048e-06
"density","DAX","ARSV","2021-02","nu","phi_y",0.00141707757067664
"density","DAX","ARSV","2021-02","mu_y","mu_h",-7.1100443842186e-05
"density","DAX","ARSV","2021-02","phi_y","mu_h",-5.860024784547e-05
"density","DAX","ARSV","2021-02","mu_h","mu_h",0.0285192086669606
"density","DAX","ARSV","2021-02","phi_h","mu_h",0.000129462920411209
"density","DAX","ARSV","2021-02","sigma_eta","mu_h",-0.000630406414988361
"density","DAX","ARSV","2021-02","nu","mu_h",-0.0569991465934957
"density","DAX","ARSV","2021-02","mu_y","phi_h",-1.66509447186341e-05
"density","DAX","ARSV","2021-02","phi_y","phi_h",3.10124166198938e-06
"density","DAX","ARSV","2021-02","mu_h","phi_h",0.000129462920411209
"density","DAX","ARSV","2021-02","phi_h","phi_h",8.89846960312339e-05
"density","DAX","ARSV","2021-02","sigma_eta","phi_h",-0.000251553971094513
"density","DAX","ARSV","2021-02","nu","phi_h",-0.00456495997941448
"density","DAX","ARSV","2021-02","mu_y","sigma_eta",6.85960420396499e-05
"density","DAX","ARSV","2021-02","phi_y","sigma_eta",-1.33092653583048e-06
"density","DAX","ARSV","2021-02","mu_h","sigma_eta",-0.000630406414988361
"density","DAX","ARSV","2021-02","phi_h","sigma_eta",-0.000251553971094513
"density","DAX","ARSV","2021-02","sigma_eta","sigma_eta",0.00117365453604963
"density","DAX","ARSV","2021-02","nu","sigma_eta",0.0215818029238956
"density","DAX","ARSV","2021-02","mu_y","nu",0.00162873690874779
"density","DAX","ARSV","2021-02","phi_y","nu",0.00141707757067664
"density","DAX","ARSV","2021-02","mu_h","nu",-0.0569991465934957
"density","DAX","ARSV","2021-02","phi_h","nu",-0.00456495997941448
"density","DAX","ARSV","2021-02","sigma_eta","nu",0.0215818029238956
"density","DAX","ARSV","2021-02","nu","nu",3.79403236904356
"density","DAX","ARSV","2021-03","mu_y","mu_y",0.000351133476398936
"density","DAX","ARSV","2021-03","phi_y","mu_y",-3.1649463450153e-05
"density","DAX","ARSV","2021-03","mu_h","mu_y",4.89502188354517e-05
"density","DAX","ARSV","2021-03","phi_h","mu_y",-1.16386248899509e-05
"density","DAX","ARSV","2021-03","sigma_eta","mu_y",7.57401383956829e-05
"density","DAX","ARSV","2021-03","nu","mu_y",0.0016045952444948
"density","DAX","ARSV","2021-03","mu_y","phi_y",-3.1649463450153e-05
"density","DAX","ARSV","2021-03","phi_y","phi_y",0.000475183713853091
"density","DAX","ARSV","2021-03","mu_h","phi_y",-0.000106805375408618
"density","DAX","ARSV","2021-03","phi_h","phi_y",7.47361734134061e-06
"density","DAX","ARSV","2021-03","sigma_eta","phi_y",-2.7090453756954e-05
"density","DAX","ARSV","2021-03","nu","phi_y",-0.000815961122007245
"density","DAX","ARSV","2021-03","mu_y","mu_h",4.89502188354517e-05
"density","DAX","ARSV","2021-03","phi_y","mu_h",-0.000106805375408618
"density","DAX","ARSV","2021-03","mu_h","mu_h",0.0298399954527027
"density","DAX","ARSV","2021-03","phi_h","mu_h",0.000121294504409299
"density","DAX","ARSV","2021-03","sigma_eta","mu_h",-0.000595907189985087
"density","DAX","ARSV","2021-03","nu","mu_h",-0.0595798265897222
"density","DAX","ARSV","2021-03","mu_y","phi_h",-1.16386248899509e-05
"density","DAX","ARSV","2021-03","phi_y","phi_h",7.47361734134061e-06
"density","DAX","ARSV","2021-03","mu_h","phi_h",0.000121294504409299
"density","DAX","ARSV","2021-03","phi_h","phi_h",9.3218797253488e-05
"density","DAX","ARSV","2021-03","sigma_eta","phi_h",-0.000260046332193431
"density","DAX","ARSV","2021-03","nu","phi_h",-0.00490109712932784
"density","DAX","ARSV","2021-03","mu_y","sigma_eta",7.57401383956829e-05
"density","DAX","ARSV","2021-03","phi_y","sigma_eta",-2.7090453756954e-05
"density","DAX","ARSV","2021-03","mu_h","sigma_eta",-0.000595907189985087
"density","DAX","ARSV","2021-03","phi_h","sigma_eta",-0.000260046332193431
"density","DAX","ARSV","2021-03","sigma_eta","sigma_eta",0.0011919007555179
"density","DAX","ARSV","2021-03","nu","sigma_eta",0.0221688366658878
"density","DAX","ARSV","2021-03","mu_y","nu",0.0016045952444948
"density","DAX","ARSV","2021-03","phi_y","nu",-0.000815961122007245
"density","DAX","ARSV","2021-03","mu_h","nu",-0.0595798265897222
"density","DAX","ARSV","2021-03","phi_h","nu",-0.00490109712932784
"density","DAX","ARSV","2021-03","sigma_eta","nu",0.0221688366658878
"density","DAX","ARSV","2021-03","nu","nu",4.28966916020801
"density","DAX","ARSV","2021-04","mu_y","mu_y",0.000349926887185666
"density","DAX","ARSV","2021-04","phi_y","mu_y",-2.37071119961089e-05
"density","DAX","ARSV","2021-04","mu_h","mu_y",-5.5543605235014e-05
"density","DAX","ARSV","2021-04","phi_h","mu_y",-1.4631523184872e-05
"density","DAX","ARSV","2021-04","sigma_eta","mu_y",6.70073201365983e-05
"density","DAX","ARSV","2021-04","nu","mu_y",0.00210209465616486
"density","DAX","ARSV","2021-04","mu_y","phi_y",-2.37071119961089e-05
"density","DAX","ARSV","2021-04","phi_y","phi_y",0.000483457860308857
"density","DAX","ARSV","2021-04","mu_h","phi_y",4.69621919658473e-05
"density","DAX","ARSV","2021-04","phi_h","phi_y",6.95518518356166e-06
"density","DAX","ARSV","2021-04","sigma_eta","phi_y",-1.20180101523137e-05
"density","DAX","ARSV","2021-04","nu","phi_y",0.00192829763008495
"density","DAX","ARSV","2021-04","mu_y","mu_h",-5.5543605235014e-05
"density","DAX","ARSV","2021-04","phi_y","mu_h",4.69621919658473e-05
"density","DAX","ARSV","2021-04","mu_h","mu_h",0.0285996503612881
"density","DAX","ARSV","2021-04","phi_h","mu_h",8.2904152672854e-05
"density","DAX","ARSV","2021-04","sigma_eta","mu_h",-0.000452471958300801
"density","DAX","ARSV","2021-04","nu","mu_h",-0.0433054096636211
"density","DAX","ARSV","2021-04","mu_y","phi_h",-1.4631523184872e-05
"density","DAX","ARSV","2021-04","phi_y","phi_h",6.95518518356166e-06
"density","DAX","ARSV","2021-04","mu_h","phi_h",8.2904152672854e-05
"density","DAX","ARSV","2021-04","phi_h","phi_h",9.3080717161934e-05
"density","DAX","ARSV","2021-04","sigma_eta","phi_h",-0.000262266029008365
"density","DAX","ARSV","2021-04","nu","phi_h",-0.00453499289411077
"density","DAX","ARSV","2021-04","mu_y","sigma_eta",6.70073201365983e-05
"density","DAX","ARSV","2021-04","phi_y","sigma_eta",-1.20180101523137e-05
"density","DAX","ARSV","2021-04","mu_h","sigma_eta",-0.000452471958300801
"density","DAX","ARSV","2021-04","phi_h","sigma_eta",-0.000262266029008365
"density","DAX","ARSV","2021-04","sigma_eta","sigma_eta",0.00119448257083123
"density","DAX","ARSV","2021-04","nu","sigma_eta",0.0200517624471937
"density","DAX","ARSV","2021-04","mu_y","nu",0.00210209465616486
"density","DAX","ARSV","2021-04","phi_y","nu",0.00192829763008495
"density","DAX","ARSV","2021-04","mu_h","nu",-0.0433054096636211
"density","DAX","ARSV","2021-04","phi_h","nu",-0.00453499289411077
"density","DAX","ARSV","2021-04","sigma_eta","nu",0.0200517624471937
"density","DAX","ARSV","2021-04","nu","nu",3.44912040282823
"density","DAX","ARSV","2021-05","mu_y","mu_y",0.000341477477853296
"density","DAX","ARSV","2021-05","phi_y","mu_y",-1.29563654495746e-05
"density","DAX","ARSV","2021-05","mu_h","mu_y",-6.40331222756036e-05
"density","DAX","ARSV","2021-05","phi_h","mu_y",-1.05418509653379e-05
"density","DAX","ARSV","2021-05","sigma_eta","mu_y",6.63302018024859e-05
"density","DAX","ARSV","2021-05","nu","mu_y",-2.47557047174298e-05
"density","DAX","ARSV","2021-05","mu_y","phi_y",-1.29563654495746e-05
"density","DAX","ARSV","2021-05","phi_y","phi_y",0.000501054396507898
"density","DAX","ARSV","2021-05","mu_h","phi_y",-0.000162058877039429
"density","DAX","ARSV","2021-05","phi_h","phi_y",3.05220344461968e-06
"density","DAX","ARSV","2021-05","sigma_eta","phi_y",2.50687386235323e-06
"density","DAX","ARSV","2021-05","nu","phi_y",0.000901355202211444
"density","DAX","ARSV","2021-05","mu_y","mu_h",-6.40331222756036e-05
"density","DAX","ARSV","2021-05","phi_y","mu_h",-0.000162058877039429
"density","DAX","ARSV","2021-05","mu_h","mu_h",0.0305801668238691
"density","DAX","ARSV","2021-05","phi_h","mu_h",0.000145819488875803
"density","DAX","ARSV","2021-05","sigma_eta","mu_h",-0.00071542329799929
"density","DAX","ARSV","2021-05","nu","mu_h",-0.0416913031193643
"density","DAX","ARSV","2021-05","mu_y","phi_h",-1.05418509653379e-05
"density","DAX","ARSV","2021-05","phi_y","phi_h",3.05220344461968e-06
"density","DAX","ARSV","2021-05","mu_h","phi_h",0.000145819488875803
"density","DAX","ARSV","2021-05","phi_h","phi_h",8.74765932063563e-05
"density","DAX","ARSV","2021-05","sigma_eta","phi_h",-0.000250041281147373
"density","DAX","ARSV","2021-05","nu","phi_h",-0.00462662836474118
"density","DAX","ARSV","2021-05","mu_y","sigma_eta",6.63302018024859e-05
"density","DAX","ARSV","2021-05","phi_y","sigma_eta",2.50687386235323e-06
"density","DAX","ARSV","2021-05","mu_h","sigma_eta",-0.00071542329799929
"density","DAX","ARSV","2021-05","phi_h","sigma_eta",-0.000250041281147373
"density","DAX","ARSV","2021-05","sigma_eta","sigma_eta",0.00117876896858464
"density","DAX","ARSV","2021-05","nu","sigma_eta",0.0207228920180045
"density","DAX","ARSV","2021-05","mu_y","nu",-2.47557047174298e-05
"density","DAX","ARSV","2021-05","phi_y","nu",0.000901355202211444
"density","DAX","ARSV","2021-05","mu_h","nu",-0.0416913031193643
"density","DAX","ARSV","2021-05","phi_h","nu",-0.00462662836474118
"density","DAX","ARSV","2021-05","sigma_eta","nu",0.0207228920180045
"density","DAX","ARSV","2021-05","nu","nu",3.22824496850838
"density","DAX","ARSV","2021-06","mu_y","mu_y",0.000333274598582705
"density","DAX","ARSV","2021-06","phi_y","mu_y",-1.23569314535212e-05
"density","DAX","ARSV","2021-06","mu_h","mu_y",-3.54887261992122e-05
"density","DAX","ARSV","2021-06","phi_h","mu_y",-1.08467195688579e-05
"density","DAX","ARSV","2021-06","sigma_eta","mu_y",5.41921608743965e-05
"density","DAX","ARSV","2021-06","nu","mu_y",0.00206008404554973
"density","DAX","ARSV","2021-06","mu_y","phi_y",-1.23569314535212e-05
"density","DAX","ARSV","2021-06","phi_y","phi_y",0.000484378057397896
"density","DAX","ARSV","2021-06","mu_h","phi_y",-3.11700503513096e-05
"density","DAX","ARSV","2021-06","phi_h","phi_y",2.73860685142115e-06
"density","DAX","ARSV","2021-06","sigma_eta","phi_y",-7.30049279317064e-06
"density","DAX","ARSV","2021-06","nu","phi_y",0.0018309576766172
"density","DAX","ARSV","2021-06","mu_y","mu_h",-3.54887261992122e-05
"density","DAX","ARSV","2021-06","phi_y","mu_h",-3.11700503513096e-05
"density","DAX","ARSV","2021-06","mu_h","mu_h",0.0279986839462177
"density","DAX","ARSV","2021-06","phi_h","mu_h",0.000143016259271189
"density","DAX","ARSV","2021-06","sigma_eta","mu_h",-0.000681713523591991
"density","DAX","ARSV","2021-06","nu","mu_h",-0.0550321640889044
"density","DAX","ARSV","2021-06","mu_y","phi_h",-1.08467195688579e-05
"density","DAX","ARSV","2021-06","phi_y","phi_h",2.73860685142115e-06
"density","DAX","ARSV","2021-06","mu_h","phi_h",0.000143016259271189
"density","DAX","ARSV","2021-06","phi_h","phi_h",9.24552580132888e-05
"density","DAX","ARSV","2021-06","sigma_eta","phi_h",-0.000265468744404995
"density","DAX","ARSV","2021-06","nu","phi_h",-0.00444882905632948
"density","DAX","ARSV","2021-06","mu_y","sigma_eta",5.41921608743965e-05
"density","DAX","ARSV","2021-06","phi_y","sigma_eta",-7.30049279317064e-06
"density","DAX","ARSV","2021-06","mu_h","sigma_eta",-0.000681713523591991
"density","DAX","ARSV","2021-06","phi_h","sigma_eta",-0.000265468744404995
"density","DAX","ARSV","2021-06","sigma_eta","sigma_eta",0.00122623003241167
"density","DAX","ARSV","2021-06","nu","sigma_eta",0.0200004045229357
"density","DAX","ARSV","2021-06","mu_y","nu",0.00206008404554973
"density","DAX","ARSV","2021-06","phi_y","nu",0.0018309576766172
"density","DAX","ARSV","2021-06","mu_h","nu",-0.0550321640889044
"density","DAX","ARSV","2021-06","phi_h","nu",-0.00444882905632948
"density","DAX","ARSV","2021-06","sigma_eta","nu",0.0200004045229357
"density","DAX","ARSV","2021-06","nu","nu",3.09818842412544
"density","DAX","ARSV","2021-07","mu_y","mu_y",0.000326343580668547
"density","DAX","ARSV","2021-07","phi_y","mu_y",-2.03791567332611e-05
"density","DAX","ARSV","2021-07","mu_h","mu_y",-7.53152815778931e-05
"density","DAX","ARSV","2021-07","phi_h","mu_y",-1.05385833744523e-05
"density","DAX","ARSV","2021-07","sigma_eta","mu_y",5.73284119506243e-05
"density","DAX","ARSV","2021-07","nu","mu_y",0.00281787431944727
"density","DAX","ARSV","2021-07","mu_y","phi_y",-2.03791567332611e-05
"density","DAX","ARSV","2021-07","phi_y","phi_y",0.000485782579227104
"density","DAX","ARSV","2021-07","mu_h","phi_y",6.37315079697287e-05
"density","DAX","ARSV","2021-07","phi_h","phi_y",-2.1662948758872e-07
"density","DAX","ARSV","2021-07","sigma_eta","phi_y",-9.04076865967066e-06
"density","DAX","ARSV","2021-07","nu","phi_y",0.000635297493695638
"density","DAX","ARSV","2021-07","mu_y","mu_h",-7.53152815778931e-05
"density","DAX","ARSV","2021-07","phi_y","mu_h",6.37315079697287e-05
"density","DAX","ARSV","2021-07","mu_h","mu_h",0.0308708584328645
"density","DAX","ARSV","2021-07","phi_h","mu_h",8.65255107928554e-05
"density","DAX","ARSV","2021-07","sigma_eta","mu_h",-0.000597989152592844
"density","DAX","ARSV","2021-07","nu","mu_h",-0.0446092054547981
"density","DAX","ARSV","2021-07","mu_y","phi_h",-1.05385833744523e-05
"density","DAX","ARSV","2021-07","phi_y","phi_h",-2.1662948758872e-07
"density","DAX","ARSV","2021-07","mu_h","phi_h",8.65255107928554e-05
"density","DAX","ARSV","2021-07","phi_h","phi_h",9.35196428819202e-05
"density","DAX","ARSV","2021-07","sigma_eta","phi_h",-0.000281738254133437
"density","DAX","ARSV","2021-07","nu","phi_h",-0.0043679729756022
"density","DAX","ARSV","2021-07","mu_y","sigma_eta",5.73284119506243e-05
"density","DAX","ARSV","2021-07","phi_y","sigma_eta",-9.04076865967066e-06
"density","DAX","ARSV","2021-07","mu_h","sigma_eta",-0.000597989152592844
"density","DAX","ARSV","2021-07","phi_h","sigma_eta",-0.000281738254133437
"density","DAX","ARSV","2021-07","sigma_eta","sigma_eta",0.00132648581551863
"density","DAX","ARSV","2021-07","nu","sigma_eta",0.0206829744067489
"density","DAX","ARSV","2021-07","mu_y","nu",0.00281787431944727
"density","DAX","ARSV","2021-07","phi_y","nu",0.000635297493695638
"density","DAX","ARSV","2021-07","mu_h","nu",-0.0446092054547981
"density","DAX","ARSV","2021-07","phi_h","nu",-0.0043679729756022
"density","DAX","ARSV","2021-07","sigma_eta","nu",0.0206829744067489
"density","DAX","ARSV","2021-07","nu","nu",2.6706708925498
"density","DAX","ARSV","2021-08","mu_y","mu_y",0.00033805862263883
"density","DAX","ARSV","2021-08","phi_y","mu_y",-2.73974686571716e-05
"density","DAX","ARSV","2021-08","mu_h","mu_y",-0.00011038777066717
"density","DAX","ARSV","2021-08","phi_h","mu_y",-1.35316939672107e-05
"density","DAX","ARSV","2021-08","sigma_eta","mu_y",6.99167899981926e-05
"density","DAX","ARSV","2021-08","nu","mu_y",0.00184428197275596
"density","DAX","ARSV","2021-08","mu_y","phi_y",-2.73974686571716e-05
"density","DAX","ARSV","2021-08","phi_y","phi_y",0.000470816982200427
"density","DAX","ARSV","2021-08","mu_h","phi_y",-0.000205474173653972
"density","DAX","ARSV","2021-08","phi_h","phi_y",8.77756852662819e-06
"density","DAX","ARSV","2021-08","sigma_eta","phi_y",-2.43857038837813e-05
"density","DAX","ARSV","2021-08","nu","phi_y",0.000820443717586472
"density","DAX","ARSV","2021-08","mu_y","mu_h",-0.00011038777066717
"density","DAX","ARSV","2021-08","phi_y","mu_h",-0.000205474173653972
"density","DAX","ARSV","2021-08","mu_h","mu_h",0.0292231667231992
"density","DAX","ARSV","2021-08","phi_h","mu_h",0.000141804034642742
"density","DAX","ARSV","2021-08","sigma_eta","mu_h",-0.000682738051392005
"density","DAX","ARSV","2021-08","nu","mu_h",-0.0533605012946019
"density","DAX","ARSV","2021-08","mu_y","phi_h",-1.35316939672107e-05
"density","DAX","ARSV","2021-08","phi_y","phi_h",8.77756852662819e-06
"density","DAX","ARSV","2021-08","mu_h","phi_h",0.000141804034642742
"density","DAX","ARSV","2021-08","phi_h","phi_h",9.169405572488e-05
"density","DAX","ARSV","2021-08","sigma_eta","phi_h",-0.000264600207464242
"density","DAX","ARSV","2021-08","nu","phi_h",-0.00477685294033472
"density","DAX","ARSV","2021-08","mu_y","sigma_eta",6.99167899981926e-05
"density","DAX","ARSV","2021-08","phi_y","sigma_eta",-2.43857038837813e-05
"density","DAX","ARSV","2021-08","mu_h","sigma_eta",-0.000682738051392005
"density","DAX","ARSV","2021-08","phi_h","sigma_eta",-0.000264600207464242
"density","DAX","ARSV","2021-08","sigma_eta","sigma_eta",0.00122785880615092
"density","DAX","ARSV","2021-08","nu","sigma_eta",0.0215167103001605
"density","DAX","ARSV","2021-08","mu_y","nu",0.00184428197275596
"density","DAX","ARSV","2021-08","phi_y","nu",0.000820443717586472
"density","DAX","ARSV","2021-08","mu_h","nu",-0.0533605012946019
"density","DAX","ARSV","2021-08","phi_h","nu",-0.00477685294033472
"density","DAX","ARSV","2021-08","sigma_eta","nu",0.0215167103001605
"density","DAX","ARSV","2021-08","nu","nu",3.09369940611808
"density","DAX","ARSV","2021-09","mu_y","mu_y",0.00034492483299835
"density","DAX","ARSV","2021-09","phi_y","mu_y",-1.60000757316245e-05
"density","DAX","ARSV","2021-09","mu_h","mu_y",9.83096880319676e-06
"density","DAX","ARSV","2021-09","phi_h","mu_y",-9.17694493773337e-06
"density","DAX","ARSV","2021-09","sigma_eta","mu_y",5.69418672732804e-05
"density","DAX","ARSV","2021-09","nu","mu_y",0.000599946250738348
"density","DAX","ARSV","2021-09","mu_y","phi_y",-1.60000757316245e-05
"density","DAX","ARSV","2021-09","phi_y","phi_y",0.000512470310644042
"density","DAX","ARSV","2021-09","mu_h","phi_y",8.19852770273475e-05
"density","DAX","ARSV","2021-09","phi_h","phi_y",3.23410459253638e-06
"density","DAX","ARSV","2021-09","sigma_eta","phi_y",-1.27598786474919e-05
"density","DAX","ARSV","2021-09","nu","phi_y",0.00189503677908461
"density","DAX","ARSV","2021-09","mu_y","mu_h",9.83096880319676e-06
"density","DAX","ARSV","2021-09","phi_y","mu_h",8.19852770273475e-05
"density","DAX","ARSV","2021-09","mu_h","mu_h",0.0291089790848569
"density","DAX","ARSV","2021-09","phi_h","mu_h",2.55117170430071e-05
"density","DAX","ARSV","2021-09","sigma_eta","mu_h",-0.000367847434057371
"density","DAX","ARSV","2021-09","nu","mu_h",-0.0474013733293232
"density","DAX","ARSV","2021-09","mu_y","phi_h",-9.17694493773337e-06
"density","DAX","ARSV","2021-09","phi_y","phi_h",3.23410459253638e-06
"density","DAX","ARSV","2021-09","mu_h","phi_h",2.55117170430071e-05
"density","DAX","ARSV","2021-09","phi_h","phi_h",9.24148172340457e-05
"density","DAX","ARSV","2021-09","sigma_eta","phi_h",-0.00026834271942676
"density","DAX","ARSV","2021-09","nu","phi_h",-0.00401292023439064
"density","DAX","ARSV","2021-09","mu_y","sigma_eta",5.69418672732804e-05
"density","DAX","ARSV","2021-09","phi_y","sigma_eta",-1.27598786474919e-05
"density","DAX","ARSV","2021-09","mu_h","sigma_eta",-0.000367847434057371
"density","DAX","ARSV","2021-09","phi_h","sigma_eta",-0.00026834271942676
"density","DAX","ARSV","2021-09","sigma_eta","sigma_eta",0.00127430512440114
"density","DAX","ARSV","2021-09","nu","sigma_eta",0.0191318044641053
"density","DAX","ARSV","2021-09","mu_y","nu",0.000599946250738348
"density","DAX","ARSV","2021-09","phi_y","nu",0.00189503677908461
"density","DAX","ARSV","2021-09","mu_h","nu",-0.0474013733293232
"density","DAX","ARSV","2021-09","phi_h","nu",-0.00401292023439064
"density","DAX","ARSV","2021-09","sigma_eta","nu",0.0191318044641053
"density","DAX","ARSV","2021-09","nu","nu",3.13193114106743
"density","DAX","ARSV","2021-10","mu_y","mu_y",0.000326269205916631
"density","DAX","ARSV","2021-10","phi_y","mu_y",3.85791657622315e-06
"density","DAX","ARSV","2021-10","mu_h","mu_y",-2.51249886983391e-05
"density","DAX","ARSV","2021-10","phi_h","mu_y",-8.50833332714682e-06
"density","DAX","ARSV","2021-10","sigma_eta","mu_y",5.23595423389414e-05
"density","DAX","ARSV","2021-10","nu","mu_y",8.64695178628184e-05
"density","DAX","ARSV","2021-10","mu_y","phi_y",3.85791657622315e-06
"density","DAX","ARSV","2021-10","phi_y","phi_y",0.000479705467005404
"density","DAX","ARSV","2021-10","mu_h","phi_y",4.99985920377068e-05
"density","DAX","ARSV","2021-10","phi_h","phi_y",9.04894999882284e-06
"density","DAX","ARSV","2021-10","sigma_eta","phi_y",-1.66534123680363e-05
"density","DAX","ARSV","2021-10","nu","phi_y",0.0013676296794503
"density","DAX","ARSV","2021-10","mu_y","mu_h",-2.51249886983391e-05
"density","DAX","ARSV","2021-10","phi_y","mu_h",4.99985920377068e-05
"density","DAX","ARSV","2021-10","mu_h","mu_h",0.0297520644610128
"density","DAX","ARSV","2021-10","phi_h","mu_h",3.79692625075741e-05
"density","DAX","ARSV","2021-10","sigma_eta","mu_h",-0.000331045856097076
"density","DAX","ARSV","2021-10","nu","mu_h",-0.0480451358951842
"density","DAX","ARSV","2021-10","mu_y","phi_h",-8.50833332714682e-06
"density","DAX","ARSV","2021-10","phi_y","phi_h",9.04894999882284e-06
"density","DAX","ARSV","2021-10","mu_h","phi_h",3.79692625075741e-05
"density","DAX","ARSV","2021-10","phi_h","phi_h",9.81826023614625e-05
"density","DAX","ARSV","2021-10","sigma_eta","phi_h",-0.000278393192780771
"density","DAX","ARSV","2021-10","nu","phi_h",-0.00468438301339435
"density","DAX","ARSV","2021-10","mu_y","sigma_eta",5.23595423389414e-05
"density","DAX","ARSV","2021-10","phi_y","sigma_eta",-1.66534123680363e-05
"density","DAX","ARSV","2021-10","mu_h","sigma_eta",-0.000331045856097076
"density","DAX","ARSV","2021-10","phi_h","sigma_eta",-0.000278393192780771
"density","DAX","ARSV","2021-10","sigma_eta","sigma_eta",0.00131942604206809
"density","DAX","ARSV","2021-10","nu","sigma_eta",0.0212184524441054
"density","DAX","ARSV","2021-10","mu_y","nu",8.64695178628184e-05
"density","DAX","ARSV","2021-10","phi_y","nu",0.0013676296794503
"density","DAX","ARSV","2021-10","mu_h","nu",-0.0480451358951842
"density","DAX","ARSV","2021-10","phi_h","nu",-0.00468438301339435
"density","DAX","ARSV","2021-10","sigma_eta","nu",0.0212184524441054
"density","DAX","ARSV","2021-10","nu","nu",3.04210955245593
"density","DAX","ARSV","2021-11","mu_y","mu_y",0.000329498360465054
"density","DAX","ARSV","2021-11","phi_y","mu_y",-1.38226145182969e-05
"density","DAX","ARSV","2021-11","mu_h","mu_y",-6.36212580178648e-06
"density","DAX","ARSV","2021-11","phi_h","mu_y",-1.0894418182e-05
"density","DAX","ARSV","2021-11","sigma_eta","mu_y",4.45655714873719e-05
"density","DAX","ARSV","2021-11","nu","mu_y",-0.00127314662815345
"density","DAX","ARSV","2021-11","mu_y","phi_y",-1.38226145182969e-05
"density","DAX","ARSV","2021-11","phi_y","phi_y",0.000493480834730462
"density","DAX","ARSV","2021-11","mu_h","phi_y",-1.65194967504786e-05
"density","DAX","ARSV","2021-11","phi_h","phi_y",-6.83452816173297e-06
"density","DAX","ARSV","2021-11","sigma_eta","phi_y",1.95703786181899e-05
"density","DAX","ARSV","2021-11","nu","phi_y",0.00249044781292311
"density","DAX","ARSV","2021-11","mu_y","mu_h",-6.36212580178648e-06
"density","DAX","ARSV","2021-11","phi_y","mu_h",-1.65194967504786e-05
"density","DAX","ARSV","2021-11","mu_h","mu_h",0.0257473810111808
"density","DAX","ARSV","2021-11","phi_h","mu_h",3.52633658833498e-05
"density","DAX","ARSV","2021-11","sigma_eta","mu_h",-0.000409499625974538
"density","DAX","ARSV","2021-11","nu","mu_h",-0.0473814521003041
"density","DAX","ARSV","2021-11","mu_y","phi_h",-1.0894418182e-05
"density","DAX","ARSV","2021-11","phi_y","phi_h",-6.83452816173297e-06
"density","DAX","ARSV","2021-11","mu_h","phi_h",3.52633658833498e-05
"density","DAX","ARSV","2021-11","phi_h","phi_h",0.000101738893293003
"density","DAX","ARSV","2021-11","sigma_eta","phi_h",-0.000284783908735139
"density","DAX","ARSV","2021-11","nu","phi_h",-0.00433234370757841
"density","DAX","ARSV","2021-11","mu_y","sigma_eta",4.45655714873719e-05
"density","DAX","ARSV","2021-11","phi_y","sigma_eta",1.95703786181899e-05
"density","DAX","ARSV","2021-11","mu_h","sigma_eta",-0.000409499625974538
"density","DAX","ARSV","2021-11","phi_h","sigma_eta",-0.000284783908735139
"density","DAX","ARSV","2021-11","sigma_eta","sigma_eta",0.00127832244884096
"density","DAX","ARSV","2021-11","nu","sigma_eta",0.0180690020487889
"density","DAX","ARSV","2021-11","mu_y","nu",-0.00127314662815345
"density","DAX","ARSV","2021-11","phi_y","nu",0.00249044781292311
"density","DAX","ARSV","2021-11","mu_h","nu",-0.0473814521003041
"density","DAX","ARSV","2021-11","phi_h","nu",-0.00433234370757841
"density","DAX","ARSV","2021-11","sigma_eta","nu",0.0180690020487889
"density","DAX","ARSV","2021-11","nu","nu",3.28515382952138
"density","DAX","ARSV","2021-12","mu_y","mu_y",0.000307942974634304
"density","DAX","ARSV","2021-12","phi_y","mu_y",-3.1254087310117e-05
"density","DAX","ARSV","2021-12","mu_h","mu_y",-1.07838509561467e-05
"density","DAX","ARSV","2021-12","phi_h","mu_y",-1.85845719521965e-05
"density","DAX","ARSV","2021-12","sigma_eta","mu_y",7.61334308631151e-05
"density","DAX","ARSV","2021-12","nu","mu_y",0.000498663513607271
"density","DAX","ARSV","2021-12","mu_y","phi_y",-3.1254087310117e-05
"density","DAX","ARSV","2021-12","phi_y","phi_y",0.000470449974896416
"density","DAX","ARSV","2021-12","mu_h","phi_y",6.54029503795548e-05
"density","DAX","ARSV","2021-12","phi_h","phi_y",9.05888783407209e-07
"density","DAX","ARSV","2021-12","sigma_eta","phi_y",3.14058627344012e-06
"density","DAX","ARSV","2021-12","nu","phi_y",0.000913829797038664
"density","DAX","ARSV","2021-12","mu_y","mu_h",-1.07838509561467e-05
"density","DAX","ARSV","2021-12","phi_y","mu_h",6.54029503795548e-05
"density","DAX","ARSV","2021-12","mu_h","mu_h",0.0271275602831858
"density","DAX","ARSV","2021-12","phi_h","mu_h",0.000117764756126427
"density","DAX","ARSV","2021-12","sigma_eta","mu_h",-0.000742373547182183
"density","DAX","ARSV","2021-12","nu","mu_h",-0.0588127836601775
"density","DAX","ARSV","2021-12","mu_y","phi_h",-1.85845719521965e-05
"density","DAX","ARSV","2021-12","phi_y","phi_h",9.05888783407209e-07
"density","DAX","ARSV","2021-12","mu_h","phi_h",0.000117764756126427
"density","DAX","ARSV","2021-12","phi_h","phi_h",0.000121120110075574
"density","DAX","ARSV","2021-12","sigma_eta","phi_h",-0.000345145545359054
"density","DAX","ARSV","2021-12","nu","phi_h",-0.00483869001537576
"density","DAX","ARSV","2021-12","mu_y","sigma_eta",7.61334308631151e-05
"density","DAX","ARSV","2021-12","phi_y","sigma_eta",3.14058627344012e-06
"density","DAX","ARSV","2021-12","mu_h","sigma_eta",-0.000742373547182183
"density","DAX","ARSV","2021-12","phi_h","sigma_eta",-0.000345145545359054
"density","DAX","ARSV","2021-12","sigma_eta","sigma_eta",0.00151594963184517
"density","DAX","ARSV","2021-12","nu","sigma_eta",0.0213039517689338
"density","DAX","ARSV","2021-12","mu_y","nu",0.000498663513607271
"density","DAX","ARSV","2021-12","phi_y","nu",0.000913829797038664
"density","DAX","ARSV","2021-12","mu_h","nu",-0.0588127836601775
"density","DAX","ARSV","2021-12","phi_h","nu",-0.00483869001537576
"density","DAX","ARSV","2021-12","sigma_eta","nu",0.0213039517689338
"density","DAX","ARSV","2021-12","nu","nu",2.40441847103094
"density","DAX","ARSV","2022-01","mu_y","mu_y",0.00030950283820506
"density","DAX","ARSV","2022-01","phi_y","mu_y",-1.28158740901841e-05
"density","DAX","ARSV","2022-01","mu_h","mu_y",1.46275774916254e-05
"density","DAX","ARSV","2022-01","phi_h","mu_y",-1.33122695999306e-05
"density","DAX","ARSV","2022-01","sigma_eta","mu_y",5.99315789162792e-05
"density","DAX","ARSV","2022-01","nu","mu_y",0.000512183972198775
"density","DAX","ARSV","2022-01","mu_y","phi_y",-1.28158740901841e-05
"density","DAX","ARSV","2022-01","phi_y","phi_y",0.000469153993366171
"density","DAX","ARSV","2022-01","mu_h","phi_y",-6.75910187395489e-05
"density","DAX","ARSV","2022-01","phi_h","phi_y",-4.15719099964562e-06
"density","DAX","ARSV","2022-01","sigma_eta","phi_y",1.55912924476577e-05
"density","DAX","ARSV","2022-01","nu","phi_y",0.00234109323892118
"density","DAX","ARSV","2022-01","mu_y","mu_h",1.46275774916254e-05
"density","DAX","ARSV","2022-01","phi_y","mu_h",-6.75910187395489e-05
"density","DAX","ARSV","2022-01","mu_h","mu_h",0.0257866914230745
"density","DAX","ARSV","2022-01","phi_h","mu_h",0.000175207172087326
"density","DAX","ARSV","2022-01","sigma_eta","mu_h",-0.00078777188419131
"density","DAX","ARSV","2022-01","nu","mu_h",-0.0587245411366991
"density","DAX","ARSV","2022-01","mu_y","phi_h",-1.33122695999306e-05
"density","DAX","ARSV","2022-01","phi_y","phi_h",-4.15719099964562e-06
"density","DAX","ARSV","2022-01","mu_h","phi_h",0.000175207172087326
"density","DAX","ARSV","2022-01","phi_h","phi_h",0.000127534032054568
"density","DAX","ARSV","2022-01","sigma_eta","phi_h",-0.000345381356919543
"density","DAX","ARSV","2022-01","nu","phi_h",-0.00635023848760598
"density","DAX","ARSV","2022-01","mu_y","sigma_eta",5.99315789162792e-05
"density","DAX","ARSV","2022-01","phi_y","sigma_eta",1.55912924476577e-05
"density","DAX","ARSV","2022-01","mu_h","sigma_eta",-0.00078777188419131
"density","DAX","ARSV","2022-01","phi_h","sigma_eta",-0.000345381356919543
"density","DAX","ARSV","2022-01","sigma_eta","sigma_eta",0.00152146240185296
"density","DAX","ARSV","2022-01","nu","sigma_eta",0.0266346480351963
"density","DAX","ARSV","2022-01","mu_y","nu",0.000512183972198775
"density","DAX","ARSV","2022-01","phi_y","nu",0.00234109323892118
"density","DAX","ARSV","2022-01","mu_h","nu",-0.0587245411366991
"density","DAX","ARSV","2022-01","phi_h","nu",-0.00635023848760598
"density","DAX","ARSV","2022-01","sigma_eta","nu",0.0266346480351963
"density","DAX","ARSV","2022-01","nu","nu",3.62958053974267
"density","DAX","ARSV","2022-02","mu_y","mu_y",0.000333913627079367
"density","DAX","ARSV","2022-02","phi_y","mu_y",-1.71561157275125e-05
"density","DAX","ARSV","2022-02","mu_h","mu_y",1.73722314469358e-05
"density","DAX","ARSV","2022-02","phi_h","mu_y",-1.10614537685651e-05
"density","DAX","ARSV","2022-02","sigma_eta","mu_y",6.66702626970847e-05
"density","DAX","ARSV","2022-02","nu","mu_y",0.000199746831263922
"density","DAX","ARSV","2022-02","mu_y","phi_y",-1.71561157275125e-05
"density","DAX","ARSV","2022-02","phi_y","phi_y",0.000500181474079712
"density","DAX","ARSV","2022-02","mu_h","phi_y",-6.36574753207885e-05
"density","DAX","ARSV","2022-02","phi_h","phi_y",-8.45860729397892e-07
"density","DAX","ARSV","2022-02","sigma_eta","phi_y",6.98692599208303e-06
"density","DAX","ARSV","2022-02","nu","phi_y",0.00409971596588377
"density","DAX","ARSV","2022-02","mu_y","mu_h",1.73722314469358e-05
"density","DAX","ARSV","2022-02","phi_y","mu_h",-6.36574753207885e-05
"density","DAX","ARSV","2022-02","mu_h","mu_h",0.0259222342305598
"density","DAX","ARSV","2022-02","phi_h","mu_h",0.000230508124019077
"density","DAX","ARSV","2022-02","sigma_eta","mu_h",-0.000918880929233866
"density","DAX","ARSV","2022-02","nu","mu_h",-0.06329478093598
"density","DAX","ARSV","2022-02","mu_y","phi_h",-1.10614537685651e-05
"density","DAX","ARSV","2022-02","phi_y","phi_h",-8.45860729397892e-07
"density","DAX","ARSV","2022-02","mu_h","phi_h",0.000230508124019077
"density","DAX","ARSV","2022-02","phi_h","phi_h",0.000122098727915952
"density","DAX","ARSV","2022-02","sigma_eta","phi_h",-0.000339981873277583
"density","DAX","ARSV","2022-02","nu","phi_h",-0.0069353736395674
"density","DAX","ARSV","2022-02","mu_y","sigma_eta",6.66702626970847e-05
"density","DAX","ARSV","2022-02","phi_y","sigma_eta",6.98692599208303e-06
"density","DAX","ARSV","2022-02","mu_h","sigma_eta",-0.000918880929233866
"density","DAX","ARSV","2022-02","phi_h","sigma_eta",-0.000339981873277583
"density","DAX","ARSV","2022-02","sigma_eta","sigma_eta",0.00146502141810758
"density","DAX","ARSV","2022-02","nu","sigma_eta",0.0280809100871842
"density","DAX","ARSV","2022-02","mu_y","nu",0.000199746831263922
"density","DAX","ARSV","2022-02","phi_y","nu",0.00409971596588377
"density","DAX","ARSV","2022-02","mu_h","nu",-0.06329478093598
"density","DAX","ARSV","2022-02","phi_h","nu",-0.0069353736395674
"density","DAX","ARSV","2022-02","sigma_eta","nu",0.0280809100871842
"density","DAX","ARSV","2022-02","nu","nu",3.79650094133655
"density","DAX","ARSV","2022-03","mu_y","mu_y",0.000314407182938304
"density","DAX","ARSV","2022-03","phi_y","mu_y",-1.05271634615205e-05
"density","DAX","ARSV","2022-03","mu_h","mu_y",-5.29202415487322e-05
"density","DAX","ARSV","2022-03","phi_h","mu_y",-1.34175304801874e-05
"density","DAX","ARSV","2022-03","sigma_eta","mu_y",5.79317201164724e-05
"density","DAX","ARSV","2022-03","nu","mu_y",0.00147587381918501
"density","DAX","ARSV","2022-03","mu_y","phi_y",-1.05271634615205e-05
"density","DAX","ARSV","2022-03","phi_y","phi_y",0.000491729002390224
"density","DAX","ARSV","2022-03","mu_h","phi_y",3.75937141489766e-05
"density","DAX","ARSV","2022-03","phi_h","phi_y",-3.26279608515845e-07
"density","DAX","ARSV","2022-03","sigma_eta","phi_y",2.13443800262381e-06
"density","DAX","ARSV","2022-03","nu","phi_y",0.00217577669756146
"density","DAX","ARSV","2022-03","mu_y","mu_h",-5.29202415487322e-05
"density","DAX","ARSV","2022-03","phi_y","mu_h",3.75937141489766e-05
"density","DAX","ARSV","2022-03","mu_h","mu_h",0.0260706906785617
"density","DAX","ARSV","2022-03","phi_h","mu_h",0.000186309446589571
"density","DAX","ARSV","2022-03","sigma_eta","mu_h",-0.00075968794471519
"density","DAX","ARSV","2022-03","nu","mu_h",-0.0579818451900157
"density","DAX","ARSV","2022-03","mu_y","phi_h",-1.34175304801874e-05
"density","DAX","ARSV","2022-03","phi_y","phi_h",-3.26279608515845e-07
"density","DAX","ARSV","2022-03","mu_h","phi_h",0.000186309446589571
"density","DAX","ARSV","2022-03","phi_h","phi_h",0.000115766650996633
"density","DAX","ARSV","2022-03","sigma_eta","phi_h",-0.000325862444155723
"density","DAX","ARSV","2022-03","nu","phi_h",-0.00644907161898875
"density","DAX","ARSV","2022-03","mu_y","sigma_eta",5.79317201164724e-05
"density","DAX","ARSV","2022-03","phi_y","sigma_eta",2.13443800262381e-06
"density","DAX","ARSV","2022-03","mu_h","sigma_eta",-0.00075968794471519
"density","DAX","ARSV","2022-03","phi_h","sigma_eta",-0.000325862444155723
"density","DAX","ARSV","2022-03","sigma_eta","sigma_eta",0.00146919895403936
"density","DAX","ARSV","2022-03","nu","sigma_eta",0.0278048106718847
"density","DAX","ARSV","2022-03","mu_y","nu",0.00147587381918501
"density","DAX","ARSV","2022-03","phi_y","nu",0.00217577669756146
"density","DAX","ARSV","2022-03","mu_h","nu",-0.0579818451900157
"density","DAX","ARSV","2022-03","phi_h","nu",-0.00644907161898875
"density","DAX","ARSV","2022-03","sigma_eta","nu",0.0278048106718847
"density","DAX","ARSV","2022-03","nu","nu",3.74656561919887
"density","DAX","ARSV","2022-04","mu_y","mu_y",0.000326170034570657
"density","DAX","ARSV","2022-04","phi_y","mu_y",-1.39266820128983e-05
"density","DAX","ARSV","2022-04","mu_h","mu_y",6.78744136858021e-05
"density","DAX","ARSV","2022-04","phi_h","mu_y",-8.75886216217756e-06
"density","DAX","ARSV","2022-04","sigma_eta","mu_y",5.01761573782667e-05
"density","DAX","ARSV","2022-04","nu","mu_y",0.000556176825378871
"density","DAX","ARSV","2022-04","mu_y","phi_y",-1.39266820128983e-05
"density","DAX","ARSV","2022-04","phi_y","phi_y",0.000501846116476458
"density","DAX","ARSV","2022-04","mu_h","phi_y",0.000126374566221522
"density","DAX","ARSV","2022-04","phi_h","phi_y",2.23613249979578e-07
"density","DAX","ARSV","2022-04","sigma_eta","phi_y",9.22101878258911e-06
"density","DAX","ARSV","2022-04","nu","phi_y",0.00287610501923275
"density","DAX","ARSV","2022-04","mu_y","mu_h",6.78744136858021e-05
"density","DAX","ARSV","2022-04","phi_y","mu_h",0.000126374566221522
"density","DAX","ARSV","2022-04","mu_h","mu_h",0.0284706420184248
"density","DAX","ARSV","2022-04","phi_h","mu_h",0.000238649927195035
"density","DAX","ARSV","2022-04","sigma_eta","mu_h",-0.000873745853401638
"density","DAX","ARSV","2022-04","nu","mu_h",-0.0556796257629529
"density","DAX","ARSV","2022-04","mu_y","phi_h",-8.75886216217756e-06
"density","DAX","ARSV","2022-04","phi_y","phi_h",2.23613249979578e-07
"density","DAX","ARSV","2022-04","mu_h","phi_h",0.000238649927195035
"density","DAX","ARSV","2022-04","phi_h","phi_h",0.000111371697805131
"density","DAX","ARSV","2022-04","sigma_eta","phi_h",-0.000305852999685502
"density","DAX","ARSV","2022-04","nu","phi_h",-0.00538019658392714
"density","DAX","ARSV","2022-04","mu_y","sigma_eta",5.01761573782667e-05
"density","DAX","ARSV","2022-04","phi_y","sigma_eta",9.22101878258911e-06
"density","DAX","ARSV","2022-04","mu_h","sigma_eta",-0.000873745853401638
"density","DAX","ARSV","2022-04","phi_h","sigma_eta",-0.000305852999685502
"density","DAX","ARSV","2022-04","sigma_eta","sigma_eta",0.00139629241762938
"density","DAX","ARSV","2022-04","nu","sigma_eta",0.0237214151503147
"density","DAX","ARSV","2022-04","mu_y","nu",0.000556176825378871
"density","DAX","ARSV","2022-04","phi_y","nu",0.00287610501923275
"density","DAX","ARSV","2022-04","mu_h","nu",-0.0556796257629529
"density","DAX","ARSV","2022-04","phi_h","nu",-0.00538019658392714
"density","DAX","ARSV","2022-04","sigma_eta","nu",0.0237214151503147
"density","DAX","ARSV","2022-04","nu","nu",3.53672452640039
"density","DAX","ARSV","2022-05","mu_y","mu_y",0.000336142526093758
"density","DAX","ARSV","2022-05","phi_y","mu_y",-1.59340894302975e-05
"density","DAX","ARSV","2022-05","mu_h","mu_y",1.93090354444802e-05
"density","DAX","ARSV","2022-05","phi_h","mu_y",-8.87525120538253e-06
"density","DAX","ARSV","2022-05","sigma_eta","mu_y",5.96485103002399e-05
"density","DAX","ARSV","2022-05","nu","mu_y",0.000292906398593576
"density","DAX","ARSV","2022-05","mu_y","phi_y",-1.59340894302975e-05
"density","DAX","ARSV","2022-05","phi_y","phi_y",0.00049656390960155
"density","DAX","ARSV","2022-05","mu_h","phi_y",-9.53596945191108e-05
"density","DAX","ARSV","2022-05","phi_h","phi_y",-1.30518511788921e-06
"density","DAX","ARSV","2022-05","sigma_eta","phi_y",8.49035181944076e-06
"density","DAX","ARSV","2022-05","nu","phi_y",0.00233519722011529
"density","DAX","ARSV","2022-05","mu_y","mu_h",1.93090354444802e-05
"density","DAX","ARSV","2022-05","phi_y","mu_h",-9.53596945191108e-05
"density","DAX","ARSV","2022-05","mu_h","mu_h",0.0270405586505225
"density","DAX","ARSV","2022-05","phi_h","mu_h",0.000138476524024852
"density","DAX","ARSV","2022-05","sigma_eta","mu_h",-0.00075328747454441
"density","DAX","ARSV","2022-05","nu","mu_h",-0.0589142286353891
"density","DAX","ARSV","2022-05","mu_y","phi_h",-8.87525120538253e-06
"density","DAX","ARSV","2022-05","phi_y","phi_h",-1.30518511788921e-06
"density","DAX","ARSV","2022-05","mu_h","phi_h",0.000138476524024852
"density","DAX","ARSV","2022-05","phi_h","phi_h",0.000116181910555968
"density","DAX","ARSV","2022-05","sigma_eta","phi_h",-0.000326804281595515
"density","DAX","ARSV","2022-05","nu","phi_h",-0.00657535212952504
"density","DAX","ARSV","2022-05","mu_y","sigma_eta",5.96485103002399e-05
"density","DAX","ARSV","2022-05","phi_y","sigma_eta",8.49035181944076e-06
"density","DAX","ARSV","2022-05","mu_h","sigma_eta",-0.00075328747454441
"density","DAX","ARSV","2022-05","phi_h","sigma_eta",-0.000326804281595515
"density","DAX","ARSV","2022-05","sigma_eta","sigma_eta",0.00148061343290244
"density","DAX","ARSV","2022-05","nu","sigma_eta",0.0281905377236404
"density","DAX","ARSV","2022-05","mu_y","nu",0.000292906398593576
"density","DAX","ARSV","2022-05","phi_y","nu",0.00233519722011529
"density","DAX","ARSV","2022-05","mu_h","nu",-0.0589142286353891
"density","DAX","ARSV","2022-05","phi_h","nu",-0.00657535212952504
"density","DAX","ARSV","2022-05","sigma_eta","nu",0.0281905377236404
"density","DAX","ARSV","2022-05","nu","nu",3.54864231652522
"density","DAX","ARSV","2022-06","mu_y","mu_y",0.000337923124442789
"density","DAX","ARSV","2022-06","phi_y","mu_y",-1.62311635702017e-05
"density","DAX","ARSV","2022-06","mu_h","mu_y",-6.090511590122e-05
"density","DAX","ARSV","2022-06","phi_h","mu_y",-1.55979582491454e-05
"density","DAX","ARSV","2022-06","sigma_eta","mu_y",7.55695827352621e-05
"density","DAX","ARSV","2022-06","nu","mu_y",0.0022225422426705
"density","DAX","ARSV","2022-06","mu_y","phi_y",-1.62311635702017e-05
"density","DAX","ARSV","2022-06","phi_y","phi_y",0.000483050687091263
"density","DAX","ARSV","2022-06","mu_h","phi_y",-0.000101670535065147
"density","DAX","ARSV","2022-06","phi_h","phi_y",1.83105189392061e-06
"density","DAX","ARSV","2022-06","sigma_eta","phi_y",7.69763578408212e-06
"density","DAX","ARSV","2022-06","nu","phi_y",0.00182157997454358
"density","DAX","ARSV","2022-06","mu_y","mu_h",-6.090511590122e-05
"density","DAX","ARSV","2022-06","phi_y","mu_h",-0.000101670535065147
"density","DAX","ARSV","2022-06","mu_h","mu_h",0.0284201488298866
"density","DAX","ARSV","2022-06","phi_h","mu_h",0.000226662596894569
"density","DAX","ARSV","2022-06","sigma_eta","mu_h",-0.000973792771610974
"density","DAX","ARSV","2022-06","nu","mu_h",-0.0712077807613478
"density","DAX","ARSV","2022-06","mu_y","phi_h",-1.55979582491454e-05
"density","DAX","ARSV","2022-06","phi_y","phi_h",1.83105189392061e-06
"density","DAX","ARSV","2022-06","mu_h","phi_h",0.000226662596894569
"density","DAX","ARSV","2022-06","phi_h","phi_h",0.000109406032057414
"density","DAX","ARSV","2022-06","sigma_eta","phi_h",-0.000312833724293491
"density","DAX","ARSV","2022-06","nu","phi_h",-0.00592114371385392
"density","DAX","ARSV","2022-06","mu_y","sigma_eta",7.55695827352621e-05
"density","DAX","ARSV","2022-06","phi_y","sigma_eta",7.69763578408212e-06
"density","DAX","ARSV","2022-06","mu_h","sigma_eta",-0.000973792771610974
"density","DAX","ARSV","2022-06","phi_h","sigma_eta",-0.000312833724293491
"density","DAX","ARSV","2022-06","sigma_eta","sigma_eta",0.00142042007582701
"density","DAX","ARSV","2022-06","nu","sigma_eta",0.0258566753382604
"density","DAX","ARSV","2022-06","mu_y","nu",0.0022225422426705
"density","DAX","ARSV","2022-06","phi_y","nu",0.00182157997454358
"density","DAX","ARSV","2022-06","mu_h","nu",-0.0712077807613478
"density","DAX","ARSV","2022-06","phi_h","nu",-0.00592114371385392
"density","DAX","ARSV","2022-06","sigma_eta","nu",0.0258566753382604
"density","DAX","ARSV","2022-06","nu","nu",3.65268675479262
"density","DAX","ARSV","2022-07","mu_y","mu_y",0.000335286627875713
"density","DAX","ARSV","2022-07","phi_y","mu_y",-1.4885615290433e-05
"density","DAX","ARSV","2022-07","mu_h","mu_y",8.36036124496515e-05
"density","DAX","ARSV","2022-07","phi_h","mu_y",-1.23057870690955e-05
"density","DAX","ARSV","2022-07","sigma_eta","mu_y",6.24283942504938e-05
"density","DAX","ARSV","2022-07","nu","mu_y",0.00136465813041583
"density","DAX","ARSV","2022-07","mu_y","phi_y",-1.4885615290433e-05
"density","DAX","ARSV","2022-07","phi_y","phi_y",0.00050570923135146
"density","DAX","ARSV","2022-07","mu_h","phi_y",-7.16622266590491e-05
"density","DAX","ARSV","2022-07","phi_h","phi_y",-5.30978259183636e-06
"density","DAX","ARSV","2022-07","sigma_eta","phi_y",1.41754839691863e-05
"density","DAX","ARSV","2022-07","nu","phi_y",0.00439570564413367
"density","DAX","ARSV","2022-07","mu_y","mu_h",8.36036124496515e-05
"density","DAX","ARSV","2022-07","phi_y","mu_h",-7.16622266590491e-05
"density","DAX","ARSV","2022-07","mu_h","mu_h",0.0297842018969503
"density","DAX","ARSV","2022-07","phi_h","mu_h",0.000217214300163177
"density","DAX","ARSV","2022-07","sigma_eta","mu_h",-0.000943270137111283
"density","DAX","ARSV","2022-07","nu","mu_h",-0.0627349495470679
"density","DAX","ARSV","2022-07","mu_y","phi_h",-1.23057870690955e-05
"density","DAX","ARSV","2022-07","phi_y","phi_h",-5.30978259183636e-06
"density","DAX","ARSV","2022-07","mu_h","phi_h",0.000217214300163177
"density","DAX","ARSV","2022-07","phi_h","phi_h",0.000115091045217493
"density","DAX","ARSV","2022-07","sigma_eta","phi_h",-0.000334892521262267
"density","DAX","ARSV","2022-07","nu","phi_h",-0.00692493378260062
"density","DAX","ARSV","2022-07","mu_y","sigma_eta",6.24283942504938e-05
"density","DAX","ARSV","2022-07","phi_y","sigma_eta",1.41754839691863e-05
"density","DAX","ARSV","2022-07","mu_h","sigma_eta",-0.000943270137111283
"density","DAX","ARSV","2022-07","phi_h","sigma_eta",-0.000334892521262267
"density","DAX","ARSV","2022-07","sigma_eta","sigma_eta",0.00149856548238812
"density","DAX","ARSV","2022-07","nu","sigma_eta",0.029323219087905
"density","DAX","ARSV","2022-07","mu_y","nu",0.00136465813041583
"density","DAX","ARSV","2022-07","phi_y","nu",0.00439570564413367
"density","DAX","ARSV","2022-07","mu_h","nu",-0.0627349495470679
"density","DAX","ARSV","2022-07","phi_h","nu",-0.00692493378260062
"density","DAX","ARSV","2022-07","sigma_eta","nu",0.029323219087905
"density","DAX","ARSV","2022-07","nu","nu",3.51662417116841
"density","DAX","ARSV","2022-08","mu_y","mu_y",0.00033193505628258
"density","DAX","ARSV","2022-08","phi_y","mu_y",3.11784841292885e-06
"density","DAX","ARSV","2022-08","mu_h","mu_y",-5.62937522510507e-05
"density","DAX","ARSV","2022-08","phi_h","mu_y",-9.74923658648966e-06
"density","DAX","ARSV","2022-08","sigma_eta","mu_y",6.50103727390286e-05
"density","DAX","ARSV","2022-08","nu","mu_y",0.00103952188318743
"density","DAX","ARSV","2022-08","mu_y","phi_y",3.11784841292885e-06
"density","DAX","ARSV","2022-08","phi_y","phi_y",0.000511245298697441
"density","DAX","ARSV","2022-08","mu_h","phi_y",9.84150716820573e-05
"density","DAX","ARSV","2022-08","phi_h","phi_y",-8.593489952567e-07
"density","DAX","ARSV","2022-08","sigma_eta","phi_y",-9.11378191033677e-06
"density","DAX","ARSV","2022-08","nu","phi_y",0.00356827055857376
"density","DAX","ARSV","2022-08","mu_y","mu_h",-5.62937522510507e-05
"density","DAX","ARSV","2022-08","phi_y","mu_h",9.84150716820573e-05
"density","DAX","ARSV","2022-08","mu_h","mu_h",0.0299160934765581
"density","DAX","ARSV","2022-08","phi_h","mu_h",0.000192236494566999
"density","DAX","ARSV","2022-08","sigma_eta","mu_h",-0.000858000609411058
"density","DAX","ARSV","2022-08","nu","mu_h",-0.0584319049854313
"density","DAX","ARSV","2022-08","mu_y","phi_h",-9.74923658648966e-06
"density","DAX","ARSV","2022-08","phi_y","phi_h",-8.593489952567e-07
"density","DAX","ARSV","2022-08","mu_h","phi_h",0.000192236494566999
"density","DAX","ARSV","2022-08","phi_h","phi_h",0.000107777852602325
"density","DAX","ARSV","2022-08","sigma_eta","phi_h",-0.000327815440743987
"density","DAX","ARSV","2022-08","nu","phi_h",-0.00625995624003996
"density","DAX","ARSV","2022-08","mu_y","sigma_eta",6.50103727390286e-05
"density","DAX","ARSV","2022-08","phi_y","sigma_eta",-9.11378191033677e-06
"density","DAX","ARSV","2022-08","mu_h","sigma_eta",-0.000858000609411058
"density","DAX","ARSV","2022-08","phi_h","sigma_eta",-0.000327815440743987
"density","DAX","ARSV","2022-08","sigma_eta","sigma_eta",0.0015366046272029
"density","DAX","ARSV","2022-08","nu","sigma_eta",0.0282945039079531
"density","DAX","ARSV","2022-08","mu_y","nu",0.00103952188318743
"density","DAX","ARSV","2022-08","phi_y","nu",0.00356827055857376
"density","DAX","ARSV","2022-08","mu_h","nu",-0.0584319049854313
"density","DAX","ARSV","2022-08","phi_h","nu",-0.00625995624003996
"density","DAX","ARSV","2022-08","sigma_eta","nu",0.0282945039079531
"density","DAX","ARSV","2022-08","nu","nu",3.38455194032734
"density","DAX","ARSV","2022-09","mu_y","mu_y",0.000334867018530591
"density","DAX","ARSV","2022-09","phi_y","mu_y",-2.48268600988722e-05
"density","DAX","ARSV","2022-09","mu_h","mu_y",-1.96611681803249e-05
"density","DAX","ARSV","2022-09","phi_h","mu_y",-1.37113720407152e-05
"density","DAX","ARSV","2022-09","sigma_eta","mu_y",7.10436118143105e-05
"density","DAX","ARSV","2022-09","nu","mu_y",0.00126783227481425
"density","DAX","ARSV","2022-09","mu_y","phi_y",-2.48268600988722e-05
"density","DAX","ARSV","2022-09","phi_y","phi_y",0.000476269317320169
"density","DAX","ARSV","2022-09","mu_h","phi_y",3.51031521915878e-05
"density","DAX","ARSV","2022-09","phi_h","phi_y",1.62664235660232e-06
"density","DAX","ARSV","2022-09","sigma_eta","phi_y",-2.72410593097682e-06
"density","DAX","ARSV","2022-09","nu","phi_y",0.00267543206089281
"density","DAX","ARSV","2022-09","mu_y","mu_h",-1.96611681803249e-05
"density","DAX","ARSV","2022-09","phi_y","mu_h",3.51031521915878e-05
"density","DAX","ARSV","2022-09","mu_h","mu_h",0.0313128447185026
"density","DAX","ARSV","2022-09","phi_h","mu_h",0.000315931662690806
"density","DAX","ARSV","2022-09","sigma_eta","mu_h",-0.0011285593267128
"density","DAX","ARSV","2022-09","nu","mu_h",-0.0638626286507925
"density","DAX","ARSV","2022-09","mu_y","phi_h",-1.37113720407152e-05
"density","DAX","ARSV","2022-09","phi_y","phi_h",1.62664235660232e-06
"density","DAX","ARSV","2022-09","mu_h","phi_h",0.000315931662690806
"density","DAX","ARSV","2022-09","phi_h","phi_h",0.000111101198047992
"density","DAX","ARSV","2022-09","sigma_eta","phi_h",-0.000334999674033119
"density","DAX","ARSV","2022-09","nu","phi_h",-0.00675326691516459
"density","DAX","ARSV","2022-09","mu_y","sigma_eta",7.10436118143105e-05
"density","DAX","ARSV","2022-09","phi_y","sigma_eta",-2.72410593097682e-06
"density","DAX","ARSV","2022-09","mu_h","sigma_eta",-0.0011285593267128
"density","DAX","ARSV","2022-09","phi_h","sigma_eta",-0.000334999674033119
"density","DAX","ARSV","2022-09","sigma_eta","sigma_eta",0.00152413420629106
"density","DAX","ARSV","2022-09","nu","sigma_eta",0.0282288031708833
"density","DAX","ARSV","2022-09","mu_y","nu",0.00126783227481425
"density","DAX","ARSV","2022-09","phi_y","nu",0.00267543206089281
"density","DAX","ARSV","2022-09","mu_h","nu",-0.0638626286507925
"density","DAX","ARSV","2022-09","phi_h","nu",-0.00675326691516459
"density","DAX","ARSV","2022-09","sigma_eta","nu",0.0282288031708833
"density","DAX","ARSV","2022-09","nu","nu",3.21202729618436
"density","DAX","ARSV","2022-10","mu_y","mu_y",0.000333939174397662
"density","DAX","ARSV","2022-10","phi_y","mu_y",-1.85670674003289e-05
"density","DAX","ARSV","2022-10","mu_h","mu_y",-3.70459587147481e-05
"density","DAX","ARSV","2022-10","phi_h","mu_y",-1.503255510525e-05
"density","DAX","ARSV","2022-10","sigma_eta","mu_y",7.65863995541944e-05
"density","DAX","ARSV","2022-10","nu","mu_y",0.000521805817407461
"density","DAX","ARSV","2022-10","mu_y","phi_y",-1.85670674003289e-05
"density","DAX","ARSV","2022-10","phi_y","phi_y",0.000467517835395177
"density","DAX","ARSV","2022-10","mu_h","phi_y",-2.05171800831262e-06
"density","DAX","ARSV","2022-10","phi_h","phi_y",-3.6059362821841e-06
"density","DAX","ARSV","2022-10","sigma_eta","phi_y",-9.12453348676459e-06
"density","DAX","ARSV","2022-10","nu","phi_y",0.00214743127658784
"density","DAX","ARSV","2022-10","mu_y","mu_h",-3.70459587147481e-05
"density","DAX","ARSV","2022-10","phi_y","mu_h",-2.05171800831262e-06
"density","DAX","ARSV","2022-10","mu_h","mu_h",0.0291892441066668
"density","DAX","ARSV","2022-10","phi_h","mu_h",0.000229129535159053
"density","DAX","ARSV","2022-10","sigma_eta","mu_h",-0.000875711147965113
"density","DAX","ARSV","2022-10","nu","mu_h",-0.0582602307368547
"density","DAX","ARSV","2022-10","mu_y","phi_h",-1.503255510525e-05
"density","DAX","ARSV","2022-10","phi_y","phi_h",-3.6059362821841e-06
"density","DAX","ARSV","2022-10","mu_h","phi_h",0.000229129535159053
"density","DAX","ARSV","2022-10","phi_h","phi_h",0.000112409383941307
"density","DAX","ARSV","2022-10","sigma_eta","phi_h",-0.000340045359742628
"density","DAX","ARSV","2022-10","nu","phi_h",-0.0067894568794703
"density","DAX","ARSV","2022-10","mu_y","sigma_eta",7.65863995541944e-05
"density","DAX","ARSV","2022-10","phi_y","sigma_eta",-9.12453348676459e-06
"density","DAX","ARSV","2022-10","mu_h","sigma_eta",-0.000875711147965113
"density","DAX","ARSV","2022-10","phi_h","sigma_eta",-0.000340045359742628
"density","DAX","ARSV","2022-10","sigma_eta","sigma_eta",0.00159610793198943
"density","DAX","ARSV","2022-10","nu","sigma_eta",0.0297405087049372
"density","DAX","ARSV","2022-10","mu_y","nu",0.000521805817407461
"density","DAX","ARSV","2022-10","phi_y","nu",0.00214743127658784
"density","DAX","ARSV","2022-10","mu_h","nu",-0.0582602307368547
"density","DAX","ARSV","2022-10","phi_h","nu",-0.0067894568794703
"density","DAX","ARSV","2022-10","sigma_eta","nu",0.0297405087049372
"density","DAX","ARSV","2022-10","nu","nu",3.25319131454358
"density","DAX","ARSV","2022-11","mu_y","mu_y",0.000341865940029792
"density","DAX","ARSV","2022-11","phi_y","mu_y",-5.98299385956845e-06
"density","DAX","ARSV","2022-11","mu_h","mu_y",-4.19603654059185e-05
"density","DAX","ARSV","2022-11","phi_h","mu_y",-1.3260573462859e-05
"density","DAX","ARSV","2022-11","sigma_eta","mu_y",7.45244170521036e-05
"density","DAX","ARSV","2022-11","nu","mu_y",0.00191661353751212
"density","DAX","ARSV","2022-11","mu_y","phi_y",-5.98299385956845e-06
"density","DAX","ARSV","2022-11","phi_y","phi_y",0.000485690678700234
"density","DAX","ARSV","2022-11","mu_h","phi_y",4.80970309099484e-05
"density","DAX","ARSV","2022-11","phi_h","phi_y",3.21918310323417e-07
"density","DAX","ARSV","2022-11","sigma_eta","phi_y",1.37300638233109e-06
"density","DAX","ARSV","2022-11","nu","phi_y",0.00236191252002935
"density","DAX","ARSV","2022-11","mu_y","mu_h",-4.19603654059185e-05
"density","DAX","ARSV","2022-11","phi_y","mu_h",4.80970309099484e-05
"density","DAX","ARSV","2022-11","mu_h","mu_h",0.0300610367206377
"density","DAX","ARSV","2022-11","phi_h","mu_h",0.000169853750039915
"density","DAX","ARSV","2022-11","sigma_eta","mu_h",-0.000841482354685777
"density","DAX","ARSV","2022-11","nu","mu_h",-0.0509058697841191
"density","DAX","ARSV","2022-11","mu_y","phi_h",-1.3260573462859e-05
"density","DAX","ARSV","2022-11","phi_y","phi_h",3.21918310323417e-07
"density","DAX","ARSV","2022-11","mu_h","phi_h",0.000169853750039915
"density","DAX","ARSV","2022-11","phi_h","phi_h",0.000104528792892557
"density","DAX","ARSV","2022-11","sigma_eta","phi_h",-0.000312121967757567
"density","DAX","ARSV","2022-11","nu","phi_h",-0.00624439538871942
"density","DAX","ARSV","2022-11","mu_y","sigma_eta",7.45244170521036e-05
"density","DAX","ARSV","2022-11","phi_y","sigma_eta",1.37300638233109e-06
"density","DAX","ARSV","2022-11","mu_h","sigma_eta",-0.000841482354685777
"density","DAX","ARSV","2022-11","phi_h","sigma_eta",-0.000312121967757567
"density","DAX","ARSV","2022-11","sigma_eta","sigma_eta",0.00144119094743366
"density","DAX","ARSV","2022-11","nu","sigma_eta",0.0280353196263567
"density","DAX","ARSV","2022-11","mu_y","nu",0.00191661353751212
"density","DAX","ARSV","2022-11","phi_y","nu",0.00236191252002935
"density","DAX","ARSV","2022-11","mu_h","nu",-0.0509058697841191
"density","DAX","ARSV","2022-11","phi_h","nu",-0.00624439538871942
"density","DAX","ARSV","2022-11","sigma_eta","nu",0.0280353196263567
"density","DAX","ARSV","2022-11","nu","nu",3.53361849411348
"density","DAX","ARSV","2022-12","mu_y","mu_y",0.000342607888400188
"density","DAX","ARSV","2022-12","phi_y","mu_y",-1.45246905309333e-05
"density","DAX","ARSV","2022-12","mu_h","mu_y",-8.57960452878539e-05
"density","DAX","ARSV","2022-12","phi_h","mu_y",-1.48460268675981e-05
"density","DAX","ARSV","2022-12","sigma_eta","mu_y",7.35796435851704e-05
"density","DAX","ARSV","2022-12","nu","mu_y",-0.000144333662932898
"density","DAX","ARSV","2022-12","mu_y","phi_y",-1.45246905309333e-05
"density","DAX","ARSV","2022-12","phi_y","phi_y",0.000496431577624949
"density","DAX","ARSV","2022-12","mu_h","phi_y",-7.7515245853203e-05
"density","DAX","ARSV","2022-12","phi_h","phi_y",-1.27348666984028e-07
"density","DAX","ARSV","2022-12","sigma_eta","phi_y",5.91825832014819e-06
"density","DAX","ARSV","2022-12","nu","phi_y",0.00306196304781119
"density","DAX","ARSV","2022-12","mu_y","mu_h",-8.57960452878539e-05
"density","DAX","ARSV","2022-12","phi_y","mu_h",-7.7515245853203e-05
"density","DAX","ARSV","2022-12","mu_h","mu_h",0.0288311032742325
"density","DAX","ARSV","2022-12","phi_h","mu_h",0.000152892262965535
"density","DAX","ARSV","2022-12","sigma_eta","mu_h",-0.000670385280035751
"density","DAX","ARSV","2022-12","nu","mu_h",-0.0539058251099928
"density","DAX","ARSV","2022-12","mu_y","phi_h",-1.48460268675981e-05
"density","DAX","ARSV","2022-12","phi_y","phi_h",-1.27348666984028e-07
"density","DAX","ARSV","2022-12","mu_h","phi_h",0.000152892262965535
"density","DAX","ARSV","2022-12","phi_h","phi_h",0.000105541414314098
"density","DAX","ARSV","2022-12","sigma_eta","phi_h",-0.000316456493976996
"density","DAX","ARSV","2022-12","nu","phi_h",-0.00621249654203432
"density","DAX","ARSV","2022-12","mu_y","sigma_eta",7.35796435851704e-05
"density","DAX","ARSV","2022-12","phi_y","sigma_eta",5.91825832014819e-06
"density","DAX","ARSV","2022-12","mu_h","sigma_eta",-0.000670385280035751
"density","DAX","ARSV","2022-12","phi_h","sigma_eta",-0.000316456493976996
"density","DAX","ARSV","2022-12","sigma_eta","sigma_eta",0.00145214361607031
"density","DAX","ARSV","2022-12","nu","sigma_eta",0.0261608802896074
"density","DAX","ARSV","2022-12","mu_y","nu",-0.000144333662932898
"density","DAX","ARSV","2022-12","phi_y","nu",0.00306196304781119
"density","DAX","ARSV","2022-12","mu_h","nu",-0.0539058251099928
"density","DAX","ARSV","2022-12","phi_h","nu",-0.00621249654203432
"density","DAX","ARSV","2022-12","sigma_eta","nu",0.0261608802896074
"density","DAX","ARSV","2022-12","nu","nu",3.06379417529506
"density","DAX","ARSV","2023-01","mu_y","mu_y",0.000353943033685981
"density","DAX","ARSV","2023-01","phi_y","mu_y",2.20721281302354e-06
"density","DAX","ARSV","2023-01","mu_h","mu_y",-7.23875820863768e-05
"density","DAX","ARSV","2023-01","phi_h","mu_y",-1.49192478311659e-05
"density","DAX","ARSV","2023-01","sigma_eta","mu_y",8.14292816960783e-05
"density","DAX","ARSV","2023-01","nu","mu_y",0.00158180961171872
"density","DAX","ARSV","2023-01","mu_y","phi_y",2.20721281302354e-06
"density","DAX","ARSV","2023-01","phi_y","phi_y",0.000470000861431905
"density","DAX","ARSV","2023-01","mu_h","phi_y",0.000176592701283062
"density","DAX","ARSV","2023-01","phi_h","phi_y",5.13739884618921e-06
"density","DAX","ARSV","2023-01","sigma_eta","phi_y",-1.24492638587815e-05
"density","DAX","ARSV","2023-01","nu","phi_y",0.00137477552576753
"density","DAX","ARSV","2023-01","mu_y","mu_h",-7.23875820863768e-05
"density","DAX","ARSV","2023-01","phi_y","mu_h",0.000176592701283062
"density","DAX","ARSV","2023-01","mu_h","mu_h",0.0315614334025945
"density","DAX","ARSV","2023-01","phi_h","mu_h",0.000111186044839188
"density","DAX","ARSV","2023-01","sigma_eta","mu_h",-0.000636732850437461
"density","DAX","ARSV","2023-01","nu","mu_h",-0.046012134674909
"density","DAX","ARSV","2023-01","mu_y","phi_h",-1.49192478311659e-05
"density","DAX","ARSV","2023-01","phi_y","phi_h",5.13739884618921e-06
"density","DAX","ARSV","2023-01","mu_h","phi_h",0.000111186044839188
"density","DAX","ARSV","2023-01","phi_h","phi_h",0.000101041811285156
"density","DAX","ARSV","2023-01","sigma_eta","phi_h",-0.000297875502170645
"density","DAX","ARSV","2023-01","nu","phi_h",-0.00475218815980066
"density","DAX","ARSV","2023-01","mu_y","sigma_eta",8.14292816960783e-05
"density","DAX","ARSV","2023-01","phi_y","sigma_eta",-1.24492638587815e-05
"density","DAX","ARSV","2023-01","mu_h","sigma_eta",-0.000636732850437461
"density","DAX","ARSV","2023-01","phi_h","sigma_eta",-0.000297875502170645
"density","DAX","ARSV","2023-01","sigma_eta","sigma_eta",0.00139412277630654
"density","DAX","ARSV","2023-01","nu","sigma_eta",0.022466247860827
"density","DAX","ARSV","2023-01","mu_y","nu",0.00158180961171872
"density","DAX","ARSV","2023-01","phi_y","nu",0.00137477552576753
"density","DAX","ARSV","2023-01","mu_h","nu",-0.046012134674909
"density","DAX","ARSV","2023-01","phi_h","nu",-0.00475218815980066
"density","DAX","ARSV","2023-01","sigma_eta","nu",0.022466247860827
"density","DAX","ARSV","2023-01","nu","nu",2.31431751722116
"density","DAX","ARSV","2023-02","mu_y","mu_y",0.000342581318338176
"density","DAX","ARSV","2023-02","phi_y","mu_y",2.41749802677988e-06
"density","DAX","ARSV","2023-02","mu_h","mu_y",-1.58003046081617e-05
"density","DAX","ARSV","2023-02","phi_h","mu_y",-1.74332294727994e-05
"density","DAX","ARSV","2023-02","sigma_eta","mu_y",6.4993688877846e-05
"density","DAX","ARSV","2023-02","nu","mu_y",0.000471975444610232
"density","DAX","ARSV","2023-02","mu_y","phi_y",2.41749802677988e-06
"density","DAX","ARSV","2023-02","phi_y","phi_y",0.000486706452458784
"density","DAX","ARSV","2023-02","mu_h","phi_y",-9.30397544728224e-06
"density","DAX","ARSV","2023-02","phi_h","phi_y",4.33126510315636e-06
"density","DAX","ARSV","2023-02","sigma_eta","phi_y",-1.04899367610914e-05
"density","DAX","ARSV","2023-02","nu","phi_y",0.00184906096470898
"density","DAX","ARSV","2023-02","mu_y","mu_h",-1.58003046081617e-05
"density","DAX","ARSV","2023-02","phi_y","mu_h",-9.30397544728224e-06
"density","DAX","ARSV","2023-02","mu_h","mu_h",0.0303465918364181
"density","DAX","ARSV","2023-02","phi_h","mu_h",0.000152408439387013
"density","DAX","ARSV","2023-02","sigma_eta","mu_h",-0.000858530171795309
"density","DAX","ARSV","2023-02","nu","mu_h",-0.0527606368245198
"density","DAX","ARSV","2023-02","mu_y","phi_h",-1.74332294727994e-05
"density","DAX","ARSV","2023-02","phi_y","phi_h",4.33126510315636e-06
"density","DAX","ARSV","2023-02","mu_h","phi_h",0.000152408439387013
"density","DAX","ARSV","2023-02","phi_h","phi_h",0.000102992439249307
"density","DAX","ARSV","2023-02","sigma_eta","phi_h",-0.000322824392454577
"density","DAX","ARSV","2023-02","nu","phi_h",-0.005562448894439
"density","DAX","ARSV","2023-02","mu_y","sigma_eta",6.4993688877846e-05
"density","DAX","ARSV","2023-02","phi_y","sigma_eta",-1.04899367610914e-05
"density","DAX","ARSV","2023-02","mu_h","sigma_eta",-0.000858530171795309
"density","DAX","ARSV","2023-02","phi_h","sigma_eta",-0.000322824392454577
"density","DAX","ARSV","2023-02","sigma_eta","sigma_eta",0.0015476989991796
"density","DAX","ARSV","2023-02","nu","sigma_eta",0.0254274279555736
"density","DAX","ARSV","2023-02","mu_y","nu",0.000471975444610232
"density","DAX","ARSV","2023-02","phi_y","nu",0.00184906096470898
"density","DAX","ARSV","2023-02","mu_h","nu",-0.0527606368245198
"density","DAX","ARSV","2023-02","phi_h","nu",-0.005562448894439
"density","DAX","ARSV","2023-02","sigma_eta","nu",0.0254274279555736
"density","DAX","ARSV","2023-02","nu","nu",2.530842171562
"density","DAX","ARSV","2023-03","mu_y","mu_y",0.000327257597038734
"density","DAX","ARSV","2023-03","phi_y","mu_y",-2.00434757224992e-05
"density","DAX","ARSV","2023-03","mu_h","mu_y",-7.07444082119675e-05
"density","DAX","ARSV","2023-03","phi_h","mu_y",-1.17065639539112e-05
"density","DAX","ARSV","2023-03","sigma_eta","mu_y",6.06065512852804e-05
"density","DAX","ARSV","2023-03","nu","mu_y",0.000674213398466338
"density","DAX","ARSV","2023-03","mu_y","phi_y",-2.00434757224992e-05
"density","DAX","ARSV","2023-03","phi_y","phi_y",0.000505928429272803
"density","DAX","ARSV","2023-03","mu_h","phi_y",8.115516214361e-05
"density","DAX","ARSV","2023-03","phi_h","phi_y",4.88247561425319e-06
"density","DAX","ARSV","2023-03","sigma_eta","phi_y",-3.74653548463031e-05
"density","DAX","ARSV","2023-03","nu","phi_y",0.0018814147197371
"density","DAX","ARSV","2023-03","mu_y","mu_h",-7.07444082119675e-05
"density","DAX","ARSV","2023-03","phi_y","mu_h",8.115516214361e-05
"density","DAX","ARSV","2023-03","mu_h","mu_h",0.0300902824901136
"density","DAX","ARSV","2023-03","phi_h","mu_h",0.000149466148968004
"density","DAX","ARSV","2023-03","sigma_eta","mu_h",-0.000758226795790341
"density","DAX","ARSV","2023-03","nu","mu_h",-0.0425529463228896
"density","DAX","ARSV","2023-03","mu_y","phi_h",-1.17065639539112e-05
"density","DAX","ARSV","2023-03","phi_y","phi_h",4.88247561425319e-06
"density","DAX","ARSV","2023-03","mu_h","phi_h",0.000149466148968004
"density","DAX","ARSV","2023-03","phi_h","phi_h",0.000106616655875708
"density","DAX","ARSV","2023-03","sigma_eta","phi_h",-0.000335401231271488
"density","DAX","ARSV","2023-03","nu","phi_h",-0.00481261225575129
"density","DAX","ARSV","2023-03","mu_y","sigma_eta",6.06065512852804e-05
"density","DAX","ARSV","2023-03","phi_y","sigma_eta",-3.74653548463031e-05
"density","DAX","ARSV","2023-03","mu_h","sigma_eta",-0.000758226795790341
"density","DAX","ARSV","2023-03","phi_h","sigma_eta",-0.000335401231271488
"density","DAX","ARSV","2023-03","sigma_eta","sigma_eta",0.00158116118243835
"density","DAX","ARSV","2023-03","nu","sigma_eta",0.0218082228164723
"density","DAX","ARSV","2023-03","mu_y","nu",0.000674213398466338
"density","DAX","ARSV","2023-03","phi_y","nu",0.0018814147197371
"density","DAX","ARSV","2023-03","mu_h","nu",-0.0425529463228896
"density","DAX","ARSV","2023-03","phi_h","nu",-0.00481261225575129
"density","DAX","ARSV","2023-03","sigma_eta","nu",0.0218082228164723
"density","DAX","ARSV","2023-03","nu","nu",1.85979717142849
"density","DAX","ARSV","2023-04","mu_y","mu_y",0.000345851407981954
"density","DAX","ARSV","2023-04","phi_y","mu_y",-1.15426302929251e-05
"density","DAX","ARSV","2023-04","mu_h","mu_y",1.60295445210322e-05
"density","DAX","ARSV","2023-04","phi_h","mu_y",-1.3451936411694e-05
"density","DAX","ARSV","2023-04","sigma_eta","mu_y",6.93751110187293e-05
"density","DAX","ARSV","2023-04","nu","mu_y",-5.20820796230794e-05
"density","DAX","ARSV","2023-04","mu_y","phi_y",-1.15426302929251e-05
"density","DAX","ARSV","2023-04","phi_y","phi_y",0.000471111585243486
"density","DAX","ARSV","2023-04","mu_h","phi_y",-1.75973090823899e-05
"density","DAX","ARSV","2023-04","phi_h","phi_y",3.98688908721619e-06
"density","DAX","ARSV","2023-04","sigma_eta","phi_y",-1.1213861709607e-05
"density","DAX","ARSV","2023-04","nu","phi_y",0.00148795705547292
"density","DAX","ARSV","2023-04","mu_y","mu_h",1.60295445210322e-05
"density","DAX","ARSV","2023-04","phi_y","mu_h",-1.75973090823899e-05
"density","DAX","ARSV","2023-04","mu_h","mu_h",0.0300150387940385
"density","DAX","ARSV","2023-04","phi_h","mu_h",0.000298641757334489
"density","DAX","ARSV","2023-04","sigma_eta","mu_h",-0.00115944053910868
"density","DAX","ARSV","2023-04","nu","mu_h",-0.0545713258043821
"density","DAX","ARSV","2023-04","mu_y","phi_h",-1.3451936411694e-05
"density","DAX","ARSV","2023-04","phi_y","phi_h",3.98688908721619e-06
"density","DAX","ARSV","2023-04","mu_h","phi_h",0.000298641757334489
"density","DAX","ARSV","2023-04","phi_h","phi_h",0.000118454240221152
"density","DAX","ARSV","2023-04","sigma_eta","phi_h",-0.00035315793647114
"density","DAX","ARSV","2023-04","nu","phi_h",-0.00540306570575829
"density","DAX","ARSV","2023-04","mu_y","sigma_eta",6.93751110187293e-05
"density","DAX","ARSV","2023-04","phi_y","sigma_eta",-1.1213861709607e-05
"density","DAX","ARSV","2023-04","mu_h","sigma_eta",-0.00115944053910868
"density","DAX","ARSV","2023-04","phi_h","sigma_eta",-0.00035315793647114
"density","DAX","ARSV","2023-04","sigma_eta","sigma_eta",0.00160001026561328
"density","DAX","ARSV","2023-04","nu","sigma_eta",0.022999271926066
"density","DAX","ARSV","2023-04","mu_y","nu",-5.20820796230794e-05
"density","DAX","ARSV","2023-04","phi_y","nu",0.00148795705547292
"density","DAX","ARSV","2023-04","mu_h","nu",-0.0545713258043821
"density","DAX","ARSV","2023-04","phi_h","nu",-0.00540306570575829
"density","DAX","ARSV","2023-04","sigma_eta","nu",0.022999271926066
"density","DAX","ARSV","2023-04","nu","nu",2.2240705846573
"density","DAX","ARSV","2023-05","mu_y","mu_y",0.00032955593102142
"density","DAX","ARSV","2023-05","phi_y","mu_y",-6.61502562562297e-06
"density","DAX","ARSV","2023-05","mu_h","mu_y",-4.93123297070332e-05
"density","DAX","ARSV","2023-05","phi_h","mu_y",-1.63296352935284e-05
"density","DAX","ARSV","2023-05","sigma_eta","mu_y",7.31401032119831e-05
"density","DAX","ARSV","2023-05","nu","mu_y",0.000195221980527386
"density","DAX","ARSV","2023-05","mu_y","phi_y",-6.61502562562297e-06
"density","DAX","ARSV","2023-05","phi_y","phi_y",0.000477163213229895
"density","DAX","ARSV","2023-05","mu_h","phi_y",-8.24719254852187e-05
"density","DAX","ARSV","2023-05","phi_h","phi_y",3.66694989255713e-06
"density","DAX","ARSV","2023-05","sigma_eta","phi_y",1.18004633296934e-05
"density","DAX","ARSV","2023-05","nu","phi_y",0.00203226574791866
"density","DAX","ARSV","2023-05","mu_y","mu_h",-4.93123297070332e-05
"density","DAX","ARSV","2023-05","phi_y","mu_h",-8.24719254852187e-05
"density","DAX","ARSV","2023-05","mu_h","mu_h",0.0261621958037683
"density","DAX","ARSV","2023-05","phi_h","mu_h",0.000157561769666659
"density","DAX","ARSV","2023-05","sigma_eta","mu_h",-0.000785921784734294
"density","DAX","ARSV","2023-05","nu","mu_h",-0.0527272327995108
"density","DAX","ARSV","2023-05","mu_y","phi_h",-1.63296352935284e-05
"density","DAX","ARSV","2023-05","phi_y","phi_h",3.66694989255713e-06
"density","DAX","ARSV","2023-05","mu_h","phi_h",0.000157561769666659
"density","DAX","ARSV","2023-05","phi_h","phi_h",0.000131179511154789
"density","DAX","ARSV","2023-05","sigma_eta","phi_h",-0.000377038094965741
"density","DAX","ARSV","2023-05","nu","phi_h",-0.00576437693550838
"density","DAX","ARSV","2023-05","mu_y","sigma_eta",7.31401032119831e-05
"density","DAX","ARSV","2023-05","phi_y","sigma_eta",1.18004633296934e-05
"density","DAX","ARSV","2023-05","mu_h","sigma_eta",-0.000785921784734294
"density","DAX","ARSV","2023-05","phi_h","sigma_eta",-0.000377038094965741
"density","DAX","ARSV","2023-05","sigma_eta","sigma_eta",0.001653156663998
"density","DAX","ARSV","2023-05","nu","sigma_eta",0.024163331507904
"density","DAX","ARSV","2023-05","mu_y","nu",0.000195221980527386
"density","DAX","ARSV","2023-05","phi_y","nu",0.00203226574791866
"density","DAX","ARSV","2023-05","mu_h","nu",-0.0527272327995108
"density","DAX","ARSV","2023-05","phi_h","nu",-0.00576437693550838
"density","DAX","ARSV","2023-05","sigma_eta","nu",0.024163331507904
"density","DAX","ARSV","2023-05","nu","nu",2.35478227715587
"density","DAX","ARSV","2023-06","mu_y","mu_y",0.000317229414370569
"density","DAX","ARSV","2023-06","phi_y","mu_y",-5.15015213071403e-06
"density","DAX","ARSV","2023-06","mu_h","mu_y",-7.43121927295231e-05
"density","DAX","ARSV","2023-06","phi_h","mu_y",-1.16418404768705e-05
"density","DAX","ARSV","2023-06","sigma_eta","mu_y",6.37288506101652e-05
"density","DAX","ARSV","2023-06","nu","mu_y",0.00105399194871773
"density","DAX","ARSV","2023-06","mu_y","phi_y",-5.15015213071403e-06
"density","DAX","ARSV","2023-06","phi_y","phi_y",0.000469132166986713
"density","DAX","ARSV","2023-06","mu_h","phi_y",-0.000105326216603369
"density","DAX","ARSV","2023-06","phi_h","phi_y",-2.2996853776578e-06
"density","DAX","ARSV","2023-06","sigma_eta","phi_y",-7.63996621187148e-06
"density","DAX","ARSV","2023-06","nu","phi_y",0.00243065680505065
"density","DAX","ARSV","2023-06","mu_y","mu_h",-7.43121927295231e-05
"density","DAX","ARSV","2023-06","phi_y","mu_h",-0.000105326216603369
"density","DAX","ARSV","2023-06","mu_h","mu_h",0.0247609721443287
"density","DAX","ARSV","2023-06","phi_h","mu_h",0.000221831888768404
"density","DAX","ARSV","2023-06","sigma_eta","mu_h",-0.000952197518802487
"density","DAX","ARSV","2023-06","nu","mu_h",-0.0562540499160381
"density","DAX","ARSV","2023-06","mu_y","phi_h",-1.16418404768705e-05
"density","DAX","ARSV","2023-06","phi_y","phi_h",-2.2996853776578e-06
"density","DAX","ARSV","2023-06","mu_h","phi_h",0.000221831888768404
"density","DAX","ARSV","2023-06","phi_h","phi_h",0.000131944799793873
"density","DAX","ARSV","2023-06","sigma_eta","phi_h",-0.000382245412290975
"density","DAX","ARSV","2023-06","nu","phi_h",-0.00623571533624217
"density","DAX","ARSV","2023-06","mu_y","sigma_eta",6.37288506101652e-05
"density","DAX","ARSV","2023-06","phi_y","sigma_eta",-7.63996621187148e-06
"density","DAX","ARSV","2023-06","mu_h","sigma_eta",-0.000952197518802487
"density","DAX","ARSV","2023-06","phi_h","sigma_eta",-0.000382245412290975
"density","DAX","ARSV","2023-06","sigma_eta","sigma_eta",0.00170263949511952
"density","DAX","ARSV","2023-06","nu","sigma_eta",0.0269105038220258
"density","DAX","ARSV","2023-06","mu_y","nu",0.00105399194871773
"density","DAX","ARSV","2023-06","phi_y","nu",0.00243065680505065
"density","DAX","ARSV","2023-06","mu_h","nu",-0.0562540499160381
"density","DAX","ARSV","2023-06","phi_h","nu",-0.00623571533624217
"density","DAX","ARSV","2023-06","sigma_eta","nu",0.0269105038220258
"density","DAX","ARSV","2023-06","nu","nu",2.43412246050592
"density","DAX","ARSV","2023-07","mu_y","mu_y",0.000309702254282391
"density","DAX","ARSV","2023-07","phi_y","mu_y",-2.20691520283044e-05
"density","DAX","ARSV","2023-07","mu_h","mu_y",-3.03401089627485e-05
"density","DAX","ARSV","2023-07","phi_h","mu_y",-9.50118810157851e-06
"density","DAX","ARSV","2023-07","sigma_eta","mu_y",5.7064126558449e-05
"density","DAX","ARSV","2023-07","nu","mu_y",0.000136738093922347
"density","DAX","ARSV","2023-07","mu_y","phi_y",-2.20691520283044e-05
"density","DAX","ARSV","2023-07","phi_y","phi_y",0.000473059852863169
"density","DAX","ARSV","2023-07","mu_h","phi_y",-0.000105491933056868
"density","DAX","ARSV","2023-07","phi_h","phi_y",4.60609919372385e-06
"density","DAX","ARSV","2023-07","sigma_eta","phi_y",-3.77159190212622e-05
"density","DAX","ARSV","2023-07","nu","phi_y",0.00193132696326588
"density","DAX","ARSV","2023-07","mu_y","mu_h",-3.03401089627485e-05
"density","DAX","ARSV","2023-07","phi_y","mu_h",-0.000105491933056868
"density","DAX","ARSV","2023-07","mu_h","mu_h",0.0256418956044718
"density","DAX","ARSV","2023-07","phi_h","mu_h",0.000293350175578086
"density","DAX","ARSV","2023-07","sigma_eta","mu_h",-0.00128109262040824
"density","DAX","ARSV","2023-07","nu","mu_h",-0.0604646594349962
"density","DAX","ARSV","2023-07","mu_y","phi_h",-9.50118810157851e-06
"density","DAX","ARSV","2023-07","phi_y","phi_h",4.60609919372385e-06
"density","DAX","ARSV","2023-07","mu_h","phi_h",0.000293350175578086
"density","DAX","ARSV","2023-07","phi_h","phi_h",0.000143960215266471
"density","DAX","ARSV","2023-07","sigma_eta","phi_h",-0.000427369530546671
"density","DAX","ARSV","2023-07","nu","phi_h",-0.00714963950857595
"density","DAX","ARSV","2023-07","mu_y","sigma_eta",5.7064126558449e-05
"density","DAX","ARSV","2023-07","phi_y","sigma_eta",-3.77159190212622e-05
"density","DAX","ARSV","2023-07","mu_h","sigma_eta",-0.00128109262040824
"density","DAX","ARSV","2023-07","phi_h","sigma_eta",-0.000427369530546671
"density","DAX","ARSV","2023-07","sigma_eta","sigma_eta",0.00184875567886661
"density","DAX","ARSV","2023-07","nu","sigma_eta",0.0306246114577399
"density","DAX","ARSV","2023-07","mu_y","nu",0.000136738093922347
"density","DAX","ARSV","2023-07","phi_y","nu",0.00193132696326588
"density","DAX","ARSV","2023-07","mu_h","nu",-0.0604646594349962
"density","DAX","ARSV","2023-07","phi_h","nu",-0.00714963950857595
"density","DAX","ARSV","2023-07","sigma_eta","nu",0.0306246114577399
"density","DAX","ARSV","2023-07","nu","nu",2.69007561769195
"density","DAX","ARSV","2023-08","mu_y","mu_y",0.000307510978965482
"density","DAX","ARSV","2023-08","phi_y","mu_y",-1.2340043067216e-05
"density","DAX","ARSV","2023-08","mu_h","mu_y",-7.48344584475994e-05
"density","DAX","ARSV","2023-08","phi_h","mu_y",-1.02723462319178e-05
"density","DAX","ARSV","2023-08","sigma_eta","mu_y",5.52324900799806e-05
"density","DAX","ARSV","2023-08","nu","mu_y",0.000893468712014752
"density","DAX","ARSV","2023-08","mu_y","phi_y",-1.2340043067216e-05
"density","DAX","ARSV","2023-08","phi_y","phi_y",0.000473530414030393
"density","DAX","ARSV","2023-08","mu_h","phi_y",9.09992693484123e-06
"density","DAX","ARSV","2023-08","phi_h","phi_y",3.91959259772094e-06
"density","DAX","ARSV","2023-08","sigma_eta","phi_y",-2.55516065203771e-06
"density","DAX","ARSV","2023-08","nu","phi_y",0.00209926956768889
"density","DAX","ARSV","2023-08","mu_y","mu_h",-7.48344584475994e-05
"density","DAX","ARSV","2023-08","phi_y","mu_h",9.09992693484123e-06
"density","DAX","ARSV","2023-08","mu_h","mu_h",0.0249690920963189
"density","DAX","ARSV","2023-08","phi_h","mu_h",0.000222143729775452
"density","DAX","ARSV","2023-08","sigma_eta","mu_h",-0.00100846096754959
"density","DAX","ARSV","2023-08","nu","mu_h",-0.0519301108105676
"density","DAX","ARSV","2023-08","mu_y","phi_h",-1.02723462319178e-05
"density","DAX","ARSV","2023-08","phi_y","phi_h",3.91959259772094e-06
"density","DAX","ARSV","2023-08","mu_h","phi_h",0.000222143729775452
"density","DAX","ARSV","2023-08","phi_h","phi_h",0.000139865656048604
"density","DAX","ARSV","2023-08","sigma_eta","phi_h",-0.000414934725243662
"density","DAX","ARSV","2023-08","nu","phi_h",-0.00646659548818371
"density","DAX","ARSV","2023-08","mu_y","sigma_eta",5.52324900799806e-05
"density","DAX","ARSV","2023-08","phi_y","sigma_eta",-2.55516065203771e-06
"density","DAX","ARSV","2023-08","mu_h","sigma_eta",-0.00100846096754959
"density","DAX","ARSV","2023-08","phi_h","sigma_eta",-0.000414934725243662
"density","DAX","ARSV","2023-08","sigma_eta","sigma_eta",0.00181118045744077
"density","DAX","ARSV","2023-08","nu","sigma_eta",0.026918426484359
"density","DAX","ARSV","2023-08","mu_y","nu",0.000893468712014752
"density","DAX","ARSV","2023-08","phi_y","nu",0.00209926956768889
"density","DAX","ARSV","2023-08","mu_h","nu",-0.0519301108105676
"density","DAX","ARSV","2023-08","phi_h","nu",-0.00646659548818371
"density","DAX","ARSV","2023-08","sigma_eta","nu",0.026918426484359
"density","DAX","ARSV","2023-08","nu","nu",2.18599668778491
"density","DAX","ARSV","2023-09","mu_y","mu_y",0.000301280641179855
"density","DAX","ARSV","2023-09","phi_y","mu_y",-1.60778643913398e-05
"density","DAX","ARSV","2023-09","mu_h","mu_y",-1.76896364758417e-05
"density","DAX","ARSV","2023-09","phi_h","mu_y",-9.61640845535393e-06
"density","DAX","ARSV","2023-09","sigma_eta","mu_y",5.01253960744749e-05
"density","DAX","ARSV","2023-09","nu","mu_y",0.000626418552690495
"density","DAX","ARSV","2023-09","mu_y","phi_y",-1.60778643913398e-05
"density","DAX","ARSV","2023-09","phi_y","phi_y",0.000487316273143607
"density","DAX","ARSV","2023-09","mu_h","phi_y",-0.000133264385909627
"density","DAX","ARSV","2023-09","phi_h","phi_y",-1.08202314276621e-06
"density","DAX","ARSV","2023-09","sigma_eta","phi_y",-5.22529114304165e-06
"density","DAX","ARSV","2023-09","nu","phi_y",0.0022260344024577
"density","DAX","ARSV","2023-09","mu_y","mu_h",-1.76896364758417e-05
"density","DAX","ARSV","2023-09","phi_y","mu_h",-0.000133264385909627
"density","DAX","ARSV","2023-09","mu_h","mu_h",0.0239762341177769
"density","DAX","ARSV","2023-09","phi_h","mu_h",0.000201072783577672
"density","DAX","ARSV","2023-09","sigma_eta","mu_h",-0.000866585741910016
"density","DAX","ARSV","2023-09","nu","mu_h",-0.0505203102881733
"density","DAX","ARSV","2023-09","mu_y","phi_h",-9.61640845535393e-06
"density","DAX","ARSV","2023-09","phi_y","phi_h",-1.08202314276621e-06
"density","DAX","ARSV","2023-09","mu_h","phi_h",0.000201072783577672
"density","DAX","ARSV","2023-09","phi_h","phi_h",0.00012982579373087
"density","DAX","ARSV","2023-09","sigma_eta","phi_h",-0.000371938596165701
"density","DAX","ARSV","2023-09","nu","phi_h",-0.00578780611478726
"density","DAX","ARSV","2023-09","mu_y","sigma_eta",5.01253960744749e-05
"density","DAX","ARSV","2023-09","phi_y","sigma_eta",-5.22529114304165e-06
"density","DAX","ARSV","2023-09","mu_h","sigma_eta",-0.000866585741910016
"density","DAX","ARSV","2023-09","phi_h","sigma_eta",-0.000371938596165701
"density","DAX","ARSV","2023-09","sigma_eta","sigma_eta",0.00161992145396006
"density","DAX","ARSV","2023-09","nu","sigma_eta",0.0240199860826574
"density","DAX","ARSV","2023-09","mu_y","nu",0.000626418552690495
"density","DAX","ARSV","2023-09","phi_y","nu",0.0022260344024577
"density","DAX","ARSV","2023-09","mu_h","nu",-0.0505203102881733
"density","DAX","ARSV","2023-09","phi_h","nu",-0.00578780611478726
"density","DAX","ARSV","2023-09","sigma_eta","nu",0.0240199860826574
"density","DAX","ARSV","2023-09","nu","nu",2.16638694999182
"density","DAX","ARSV","2023-10","mu_y","mu_y",0.000293811916058163
"density","DAX","ARSV","2023-10","phi_y","mu_y",-1.52221694241398e-05
"density","DAX","ARSV","2023-10","mu_h","mu_y",-1.75892145743607e-06
"density","DAX","ARSV","2023-10","phi_h","mu_y",-1.3421597732944e-05
"density","DAX","ARSV","2023-10","sigma_eta","mu_y",6.14356530587585e-05
"density","DAX","ARSV","2023-10","nu","mu_y",0.000689937737936867
"density","DAX","ARSV","2023-10","mu_y","phi_y",-1.52221694241398e-05
"density","DAX","ARSV","2023-10","phi_y","phi_y",0.000489337305957453
"density","DAX","ARSV","2023-10","mu_h","phi_y",-8.30706419490621e-05
"density","DAX","ARSV","2023-10","phi_h","phi_y",3.89359859567329e-06
"density","DAX","ARSV","2023-10","sigma_eta","phi_y",-1.6881438814271e-05
"density","DAX","ARSV","2023-10","nu","phi_y",0.00215645941908926
"density","DAX","ARSV","2023-10","mu_y","mu_h",-1.75892145743607e-06
"density","DAX","ARSV","2023-10","phi_y","mu_h",-8.30706419490621e-05
"density","DAX","ARSV","2023-10","mu_h","mu_h",0.0260820842370067
"density","DAX","ARSV","2023-10","phi_h","mu_h",0.000207848201308417
"density","DAX","ARSV","2023-10","sigma_eta","mu_h",-0.000917009976735875
"density","DAX","ARSV","2023-10","nu","mu_h",-0.0570842981565683
"density","DAX","ARSV","2023-10","mu_y","phi_h",-1.3421597732944e-05
"density","DAX","ARSV","2023-10","phi_y","phi_h",3.89359859567329e-06
"density","DAX","ARSV","2023-10","mu_h","phi_h",0.000207848201308417
"density","DAX","ARSV","2023-10","phi_h","phi_h",0.0001277155843485
"density","DAX","ARSV","2023-10","sigma_eta","phi_h",-0.000367521645093365
"density","DAX","ARSV","2023-10","nu","phi_h",-0.00581194183176577
"density","DAX","ARSV","2023-10","mu_y","sigma_eta",6.14356530587585e-05
"density","DAX","ARSV","2023-10","phi_y","sigma_eta",-1.6881438814271e-05
"density","DAX","ARSV","2023-10","mu_h","sigma_eta",-0.000917009976735875
"density","DAX","ARSV","2023-10","phi_h","sigma_eta",-0.000367521645093365
"density","DAX","ARSV","2023-10","sigma_eta","sigma_eta",0.00159800495129181
"density","DAX","ARSV","2023-10","nu","sigma_eta",0.0234027129779637
"density","DAX","ARSV","2023-10","mu_y","nu",0.000689937737936867
"density","DAX","ARSV","2023-10","phi_y","nu",0.00215645941908926
"density","DAX","ARSV","2023-10","mu_h","nu",-0.0570842981565683
"density","DAX","ARSV","2023-10","phi_h","nu",-0.00581194183176577
"density","DAX","ARSV","2023-10","sigma_eta","nu",0.0234027129779637
"density","DAX","ARSV","2023-10","nu","nu",2.44769092624115
"density","DAX","ARSV","2023-11","mu_y","mu_y",0.000310747279886017
"density","DAX","ARSV","2023-11","phi_y","mu_y",-1.59150879979176e-05
"density","DAX","ARSV","2023-11","mu_h","mu_y",8.37109234796607e-06
"density","DAX","ARSV","2023-11","phi_h","mu_y",-1.14387151735303e-05
"density","DAX","ARSV","2023-11","sigma_eta","mu_y",4.82479510406744e-05
"density","DAX","ARSV","2023-11","nu","mu_y",-7.41295822802649e-05
"density","DAX","ARSV","2023-11","mu_y","phi_y",-1.59150879979176e-05
"density","DAX","ARSV","2023-11","phi_y","phi_y",0.000475999059737411
"density","DAX","ARSV","2023-11","mu_h","phi_y",5.20283351123771e-05
"density","DAX","ARSV","2023-11","phi_h","phi_y",-4.76094423769623e-07
"density","DAX","ARSV","2023-11","sigma_eta","phi_y",-1.34430332487321e-07
"density","DAX","ARSV","2023-11","nu","phi_y",0.0010212660357747
"density","DAX","ARSV","2023-11","mu_y","mu_h",8.37109234796607e-06
"density","DAX","ARSV","2023-11","phi_y","mu_h",5.20283351123771e-05
"density","DAX","ARSV","2023-11","mu_h","mu_h",0.0261020448240153
"density","DAX","ARSV","2023-11","phi_h","mu_h",0.000285855508359082
"density","DAX","ARSV","2023-11","sigma_eta","mu_h",-0.00114200824356162
"density","DAX","ARSV","2023-11","nu","mu_h",-0.0521365873046422
"density","DAX","ARSV","2023-11","mu_y","phi_h",-1.14387151735303e-05
"density","DAX","ARSV","2023-11","phi_y","phi_h",-4.76094423769623e-07
"density","DAX","ARSV","2023-11","mu_h","phi_h",0.000285855508359082
"density","DAX","ARSV","2023-11","phi_h","phi_h",0.000135579526076481
"density","DAX","ARSV","2023-11","sigma_eta","phi_h",-0.00038406558335763
"density","DAX","ARSV","2023-11","nu","phi_h",-0.00623611477749263
"density","DAX","ARSV","2023-11","mu_y","sigma_eta",4.82479510406744e-05
"density","DAX","ARSV","2023-11","phi_y","sigma_eta",-1.34430332487321e-07
"density","DAX","ARSV","2023-11","mu_h","sigma_eta",-0.00114200824356162
"density","DAX","ARSV","2023-11","phi_h","sigma_eta",-0.00038406558335763
"density","DAX","ARSV","2023-11","sigma_eta","sigma_eta",0.001627275004209
"density","DAX","ARSV","2023-11","nu","sigma_eta",0.0240678535876245
"density","DAX","ARSV","2023-11","mu_y","nu",-7.41295822802649e-05
"density","DAX","ARSV","2023-11","phi_y","nu",0.0010212660357747
"density","DAX","ARSV","2023-11","mu_h","nu",-0.0521365873046422
"density","DAX","ARSV","2023-11","phi_h","nu",-0.00623611477749263
"density","DAX","ARSV","2023-11","sigma_eta","nu",0.0240678535876245
"density","DAX","ARSV","2023-11","nu","nu",2.28731403519263
"density","DAX","ARSV","2023-12","mu_y","mu_y",0.000300191623048071
"density","DAX","ARSV","2023-12","phi_y","mu_y",-1.07534534115406e-05
"density","DAX","ARSV","2023-12","mu_h","mu_y",-3.9267227941928e-06
"density","DAX","ARSV","2023-12","phi_h","mu_y",-7.92091572608935e-06
"density","DAX","ARSV","2023-12","sigma_eta","mu_y",5.26976775354745e-05
"density","DAX","ARSV","2023-12","nu","mu_y",-5.01523663997829e-06
"density","DAX","ARSV","2023-12","mu_y","phi_y",-1.07534534115406e-05
"density","DAX","ARSV","2023-12","phi_y","phi_y",0.000484822201174479
"density","DAX","ARSV","2023-12","mu_h","phi_y",-8.39056725558665e-05
"density","DAX","ARSV","2023-12","phi_h","phi_y",5.40534469458838e-06
"density","DAX","ARSV","2023-12","sigma_eta","phi_y",-1.23615041573119e-05
"density","DAX","ARSV","2023-12","nu","phi_y",0.00198306884656809
"density","DAX","ARSV","2023-12","mu_y","mu_h",-3.9267227941928e-06
"density","DAX","ARSV","2023-12","phi_y","mu_h",-8.39056725558665e-05
"density","DAX","ARSV","2023-12","mu_h","mu_h",0.0242149325235382
"density","DAX","ARSV","2023-12","phi_h","mu_h",0.000287519077364531
"density","DAX","ARSV","2023-12","sigma_eta","mu_h",-0.00116612867626488
"density","DAX","ARSV","2023-12","nu","mu_h",-0.0584405662498203
"density","DAX","ARSV","2023-12","mu_y","phi_h",-7.92091572608935e-06
"density","DAX","ARSV","2023-12","phi_y","phi_h",5.40534469458838e-06
"density","DAX","ARSV","2023-12","mu_h","phi_h",0.000287519077364531
"density","DAX","ARSV","2023-12","phi_h","phi_h",0.000152923830435078
"density","DAX","ARSV","2023-12","sigma_eta","phi_h",-0.000437312159265195
"density","DAX","ARSV","2023-12","nu","phi_h",-0.0072961912328777
"density","DAX","ARSV","2023-12","mu_y","sigma_eta",5.26976775354745e-05
"density","DAX","ARSV","2023-12","phi_y","sigma_eta",-1.23615041573119e-05
"density","DAX","ARSV","2023-12","mu_h","sigma_eta",-0.00116612867626488
"density","DAX","ARSV","2023-12","phi_h","sigma_eta",-0.000437312159265195
"density","DAX","ARSV","2023-12","sigma_eta","sigma_eta",0.00184165526177404
"density","DAX","ARSV","2023-12","nu","sigma_eta",0.0295141801182668
"density","DAX","ARSV","2023-12","mu_y","nu",-5.01523663997829e-06
"density","DAX","ARSV","2023-12","phi_y","nu",0.00198306884656809
"density","DAX","ARSV","2023-12","mu_h","nu",-0.0584405662498203
"density","DAX","ARSV","2023-12","phi_h","nu",-0.0072961912328777
"density","DAX","ARSV","2023-12","sigma_eta","nu",0.0295141801182668
"density","DAX","ARSV","2023-12","nu","nu",2.51398367850775
"density","DAX","STAR_SV","2018-01","mu_y","mu_y",0.000442548547242695
"density","DAX","STAR_SV","2018-01","phi_y","mu_y",-6.60228327249986e-05
"density","DAX","STAR_SV","2018-01","mu_h","mu_y",-0.000717786143763821
"density","DAX","STAR_SV","2018-01","phi_h","mu_y",1.60413002398428e-05
"density","DAX","STAR_SV","2018-01","sigma_eta","mu_y",0.000133276821468335
"density","DAX","STAR_SV","2018-01","nu","mu_y",-0.000315907494061141
"density","DAX","STAR_SV","2018-01","gamma_severe","mu_y",0.000154149018562184
"density","DAX","STAR_SV","2018-01","gamma_mild","mu_y",0.000167875367059376
"density","DAX","STAR_SV","2018-01","mu_y","phi_y",-6.60228327249986e-05
"density","DAX","STAR_SV","2018-01","phi_y","phi_y",0.000479800308271912
"density","DAX","STAR_SV","2018-01","mu_h","phi_y",-0.000203305072608226
"density","DAX","STAR_SV","2018-01","phi_h","phi_y",-1.13456901270121e-06
"density","DAX","STAR_SV","2018-01","sigma_eta","phi_y",-3.60330401023831e-05
"density","DAX","STAR_SV","2018-01","nu","phi_y",-6.51811044086988e-05
"density","DAX","STAR_SV","2018-01","gamma_severe","phi_y",-5.59852658066536e-05
"density","DAX","STAR_SV","2018-01","gamma_mild","phi_y",-0.000110531910273089
"density","DAX","STAR_SV","2018-01","mu_y","mu_h",-0.000717786143763821
"density","DAX","STAR_SV","2018-01","phi_y","mu_h",-0.000203305072608226
"density","DAX","STAR_SV","2018-01","mu_h","mu_h",0.078419937041019
"density","DAX","STAR_SV","2018-01","phi_h","mu_h",-0.00113178288872093
"density","DAX","STAR_SV","2018-01","sigma_eta","mu_h",0.00315844440261049
"density","DAX","STAR_SV","2018-01","nu","mu_h",0.0827545591212011
"density","DAX","STAR_SV","2018-01","gamma_severe","mu_h",0.00355075957790715
"density","DAX","STAR_SV","2018-01","gamma_mild","mu_h",0.000721934039453845
"density","DAX","STAR_SV","2018-01","mu_y","phi_h",1.60413002398428e-05
"density","DAX","STAR_SV","2018-01","phi_y","phi_h",-1.13456901270121e-06
"density","DAX","STAR_SV","2018-01","mu_h","phi_h",-0.00113178288872093
"density","DAX","STAR_SV","2018-01","phi_h","phi_h",7.20113759781221e-05
"density","DAX","STAR_SV","2018-01","sigma_eta","phi_h",-2.23402544965237e-05
"density","DAX","STAR_SV","2018-01","nu","phi_h",0.000558776993614359
"density","DAX","STAR_SV","2018-01","gamma_severe","phi_h",0.000264994164605677
"density","DAX","STAR_SV","2018-01","gamma_mild","phi_h",0.000306798734377902
"density","DAX","STAR_SV","2018-01","mu_y","sigma_eta",0.000133276821468335
"density","DAX","STAR_SV","2018-01","phi_y","sigma_eta",-3.60330401023831e-05
"density","DAX","STAR_SV","2018-01","mu_h","sigma_eta",0.00315844440261049
"density","DAX","STAR_SV","2018-01","phi_h","sigma_eta",-2.23402544965237e-05
"density","DAX","STAR_SV","2018-01","sigma_eta","sigma_eta",0.0011374895284905
"density","DAX","STAR_SV","2018-01","nu","sigma_eta",0.0158549964889088
"density","DAX","STAR_SV","2018-01","gamma_severe","sigma_eta",0.000438504623175946
"density","DAX","STAR_SV","2018-01","gamma_mild","sigma_eta",0.000136681697351131
"density","DAX","STAR_SV","2018-01","mu_y","nu",-0.000315907494061141
"density","DAX","STAR_SV","2018-01","phi_y","nu",-6.51811044086988e-05
"density","DAX","STAR_SV","2018-01","mu_h","nu",0.0827545591212011
"density","DAX","STAR_SV","2018-01","phi_h","nu",0.000558776993614359
"density","DAX","STAR_SV","2018-01","sigma_eta","nu",0.0158549964889088
"density","DAX","STAR_SV","2018-01","nu","nu",1.97830537518613
"density","DAX","STAR_SV","2018-01","gamma_severe","nu",0.02437366297092
"density","DAX","STAR_SV","2018-01","gamma_mild","nu",0.015532872250568
"density","DAX","STAR_SV","2018-01","mu_y","gamma_severe",0.000154149018562184
"density","DAX","STAR_SV","2018-01","phi_y","gamma_severe",-5.59852658066536e-05
"density","DAX","STAR_SV","2018-01","mu_h","gamma_severe",0.00355075957790715
"density","DAX","STAR_SV","2018-01","phi_h","gamma_severe",0.000264994164605677
"density","DAX","STAR_SV","2018-01","sigma_eta","gamma_severe",0.000438504623175946
"density","DAX","STAR_SV","2018-01","nu","gamma_severe",0.02437366297092
"density","DAX","STAR_SV","2018-01","gamma_severe","gamma_severe",0.00226448220989804
"density","DAX","STAR_SV","2018-01","gamma_mild","gamma_severe",0.00154341907393365
"density","DAX","STAR_SV","2018-01","mu_y","gamma_mild",0.000167875367059376
"density","DAX","STAR_SV","2018-01","phi_y","gamma_mild",-0.000110531910273089
"density","DAX","STAR_SV","2018-01","mu_h","gamma_mild",0.000721934039453845
"density","DAX","STAR_SV","2018-01","phi_h","gamma_mild",0.000306798734377902
"density","DAX","STAR_SV","2018-01","sigma_eta","gamma_mild",0.000136681697351131
"density","DAX","STAR_SV","2018-01","nu","gamma_mild",0.015532872250568
"density","DAX","STAR_SV","2018-01","gamma_severe","gamma_mild",0.00154341907393365
"density","DAX","STAR_SV","2018-01","gamma_mild","gamma_mild",0.0164332498281121
"density","DAX","STAR_SV","2018-02","mu_y","mu_y",0.000406859972088877
"density","DAX","STAR_SV","2018-02","phi_y","mu_y",-5.89632854866514e-05
"density","DAX","STAR_SV","2018-02","mu_h","mu_y",-0.000288463541693282
"density","DAX","STAR_SV","2018-02","phi_h","mu_y",1.65501091717924e-05
"density","DAX","STAR_SV","2018-02","sigma_eta","mu_y",0.000149031289338052
"density","DAX","STAR_SV","2018-02","nu","mu_y",0.000689397035447843
"density","DAX","STAR_SV","2018-02","gamma_severe","mu_y",0.000200747758484543
"density","DAX","STAR_SV","2018-02","gamma_mild","mu_y",0.000225833771441995
"density","DAX","STAR_SV","2018-02","mu_y","phi_y",-5.89632854866514e-05
"density","DAX","STAR_SV","2018-02","phi_y","phi_y",0.000485161438779704
"density","DAX","STAR_SV","2018-02","mu_h","phi_y",-0.000444622721720905
"density","DAX","STAR_SV","2018-02","phi_h","phi_y",-2.2562921126663e-06
"density","DAX","STAR_SV","2018-02","sigma_eta","phi_y",-3.28830129916156e-05
"density","DAX","STAR_SV","2018-02","nu","phi_y",2.08386598657245e-05
"density","DAX","STAR_SV","2018-02","gamma_severe","phi_y",-7.39865146651373e-05
"density","DAX","STAR_SV","2018-02","gamma_mild","phi_y",-0.000267877059331558
"density","DAX","STAR_SV","2018-02","mu_y","mu_h",-0.000288463541693282
"density","DAX","STAR_SV","2018-02","phi_y","mu_h",-0.000444622721720905
"density","DAX","STAR_SV","2018-02","mu_h","mu_h",0.08145918360427
"density","DAX","STAR_SV","2018-02","phi_h","mu_h",-0.000974794728154142
"density","DAX","STAR_SV","2018-02","sigma_eta","mu_h",0.00391988904525995
"density","DAX","STAR_SV","2018-02","nu","mu_h",0.0837768810013649
"density","DAX","STAR_SV","2018-02","gamma_severe","mu_h",0.00450817115939339
"density","DAX","STAR_SV","2018-02","gamma_mild","mu_h",0.000470908930947637
"density","DAX","STAR_SV","2018-02","mu_y","phi_h",1.65501091717924e-05
"density","DAX","STAR_SV","2018-02","phi_y","phi_h",-2.2562921126663e-06
"density","DAX","STAR_SV","2018-02","mu_h","phi_h",-0.000974794728154142
"density","DAX","STAR_SV","2018-02","phi_h","phi_h",6.18929464370214e-05
"density","DAX","STAR_SV","2018-02","sigma_eta","phi_h",-5.86754609980775e-06
"density","DAX","STAR_SV","2018-02","nu","phi_h",0.000663614822165675
"density","DAX","STAR_SV","2018-02","gamma_severe","phi_h",0.00024648238017128
"density","DAX","STAR_SV","2018-02","gamma_mild","phi_h",0.00032249316675514
"density","DAX","STAR_SV","2018-02","mu_y","sigma_eta",0.000149031289338052
"density","DAX","STAR_SV","2018-02","phi_y","sigma_eta",-3.28830129916156e-05
"density","DAX","STAR_SV","2018-02","mu_h","sigma_eta",0.00391988904525995
"density","DAX","STAR_SV","2018-02","phi_h","sigma_eta",-5.86754609980775e-06
"density","DAX","STAR_SV","2018-02","sigma_eta","sigma_eta",0.00126724425453129
"density","DAX","STAR_SV","2018-02","nu","sigma_eta",0.0165076765310575
"density","DAX","STAR_SV","2018-02","gamma_severe","sigma_eta",0.000608872276233413
"density","DAX","STAR_SV","2018-02","gamma_mild","sigma_eta",0.000325609327279971
"density","DAX","STAR_SV","2018-02","mu_y","nu",0.000689397035447843
"density","DAX","STAR_SV","2018-02","phi_y","nu",2.08386598657245e-05
"density","DAX","STAR_SV","2018-02","mu_h","nu",0.0837768810013649
"density","DAX","STAR_SV","2018-02","phi_h","nu",0.000663614822165675
"density","DAX","STAR_SV","2018-02","sigma_eta","nu",0.0165076765310575
"density","DAX","STAR_SV","2018-02","nu","nu",1.80909789571666
"density","DAX","STAR_SV","2018-02","gamma_severe","nu",0.0243024521943432
"density","DAX","STAR_SV","2018-02","gamma_mild","nu",0.0201898751415829
"density","DAX","STAR_SV","2018-02","mu_y","gamma_severe",0.000200747758484543
"density","DAX","STAR_SV","2018-02","phi_y","gamma_severe",-7.39865146651373e-05
"density","DAX","STAR_SV","2018-02","mu_h","gamma_severe",0.00450817115939339
"density","DAX","STAR_SV","2018-02","phi_h","gamma_severe",0.00024648238017128
"density","DAX","STAR_SV","2018-02","sigma_eta","gamma_severe",0.000608872276233413
"density","DAX","STAR_SV","2018-02","nu","gamma_severe",0.0243024521943432
"density","DAX","STAR_SV","2018-02","gamma_severe","gamma_severe",0.00233364675301705
"density","DAX","STAR_SV","2018-02","gamma_mild","gamma_severe",0.00163466675031072
"density","DAX","STAR_SV","2018-02","mu_y","gamma_mild",0.000225833771441995
"density","DAX","STAR_SV","2018-02","phi_y","gamma_mild",-0.000267877059331558
"density","DAX","STAR_SV","2018-02","mu_h","gamma_mild",0.000470908930947637
"density","DAX","STAR_SV","2018-02","phi_h","gamma_mild",0.00032249316675514
"density","DAX","STAR_SV","2018-02","sigma_eta","gamma_mild",0.000325609327279971
"density","DAX","STAR_SV","2018-02","nu","gamma_mild",0.0201898751415829
"density","DAX","STAR_SV","2018-02","gamma_severe","gamma_mild",0.00163466675031072
"density","DAX","STAR_SV","2018-02","gamma_mild","gamma_mild",0.0169465889253459
"density","DAX","STAR_SV","2018-03","mu_y","mu_y",0.000420596103740621
"density","DAX","STAR_SV","2018-03","phi_y","mu_y",-5.58141133819583e-05
"density","DAX","STAR_SV","2018-03","mu_h","mu_y",-0.00247844420636279
"density","DAX","STAR_SV","2018-03","phi_h","mu_y",2.07924852634104e-05
"density","DAX","STAR_SV","2018-03","sigma_eta","mu_y",9.80745068392802e-05
"density","DAX","STAR_SV","2018-03","nu","mu_y",-0.00218281473651047
"density","DAX","STAR_SV","2018-03","gamma_severe","mu_y",5.07903946788271e-05
"density","DAX","STAR_SV","2018-03","gamma_mild","mu_y",0.000163041298867695
"density","DAX","STAR_SV","2018-03","mu_y","phi_y",-5.58141133819583e-05
"density","DAX","STAR_SV","2018-03","phi_y","phi_y",0.000483207452853274
"density","DAX","STAR_SV","2018-03","mu_h","phi_y",-0.000719077467960703
"density","DAX","STAR_SV","2018-03","phi_h","phi_y",1.70605123192989e-06
"density","DAX","STAR_SV","2018-03","sigma_eta","phi_y",-6.61460377199709e-05
"density","DAX","STAR_SV","2018-03","nu","phi_y",0.000550864348924975
"density","DAX","STAR_SV","2018-03","gamma_severe","phi_y",-6.6702375759832e-05
"density","DAX","STAR_SV","2018-03","gamma_mild","phi_y",-5.59421536002515e-05
"density","DAX","STAR_SV","2018-03","mu_y","mu_h",-0.00247844420636279
"density","DAX","STAR_SV","2018-03","phi_y","mu_h",-0.000719077467960703
"density","DAX","STAR_SV","2018-03","mu_h","mu_h",0.371980767389143
"density","DAX","STAR_SV","2018-03","phi_h","mu_h",-0.00469628207198992
"density","DAX","STAR_SV","2018-03","sigma_eta","mu_h",0.01779168571601
"density","DAX","STAR_SV","2018-03","nu","mu_h",0.209191596912486
"density","DAX","STAR_SV","2018-03","gamma_severe","mu_h",0.00302216747145898
"density","DAX","STAR_SV","2018-03","gamma_mild","mu_h",-0.0073558401488928
"density","DAX","STAR_SV","2018-03","mu_y","phi_h",2.07924852634104e-05
"density","DAX","STAR_SV","2018-03","phi_y","phi_h",1.70605123192989e-06
"density","DAX","STAR_SV","2018-03","mu_h","phi_h",-0.00469628207198992
"density","DAX","STAR_SV","2018-03","phi_h","phi_h",8.22738706906349e-05
"density","DAX","STAR_SV","2018-03","sigma_eta","phi_h",-0.000167568333460994
"density","DAX","STAR_SV","2018-03","nu","phi_h",-0.00206746158657841
"density","DAX","STAR_SV","2018-03","gamma_severe","phi_h",0.000133008835947321
"density","DAX","STAR_SV","2018-03","gamma_mild","phi_h",0.000273133761730764
"density","DAX","STAR_SV","2018-03","mu_y","sigma_eta",9.80745068392802e-05
"density","DAX","STAR_SV","2018-03","phi_y","sigma_eta",-6.61460377199709e-05
"density","DAX","STAR_SV","2018-03","mu_h","sigma_eta",0.01779168571601
"density","DAX","STAR_SV","2018-03","phi_h","sigma_eta",-0.000167568333460994
"density","DAX","STAR_SV","2018-03","sigma_eta","sigma_eta",0.0039458293302287
"density","DAX","STAR_SV","2018-03","nu","sigma_eta",0.0244445385608195
"density","DAX","STAR_SV","2018-03","gamma_severe","sigma_eta",0.0008922204347506
"density","DAX","STAR_SV","2018-03","gamma_mild","sigma_eta",0.000206640065674675
"density","DAX","STAR_SV","2018-03","mu_y","nu",-0.00218281473651047
"density","DAX","STAR_SV","2018-03","phi_y","nu",0.000550864348924975
"density","DAX","STAR_SV","2018-03","mu_h","nu",0.209191596912486
"density","DAX","STAR_SV","2018-03","phi_h","nu",-0.00206746158657841
"density","DAX","STAR_SV","2018-03","sigma_eta","nu",0.0244445385608195
"density","DAX","STAR_SV","2018-03","nu","nu",0.893612255408787
"density","DAX","STAR_SV","2018-03","gamma_severe","nu",0.0144487834460821
"density","DAX","STAR_SV","2018-03","gamma_mild","nu",0.00370737035914752
"density","DAX","STAR_SV","2018-03","mu_y","gamma_severe",5.07903946788271e-05
"density","DAX","STAR_SV","2018-03","phi_y","gamma_severe",-6.6702375759832e-05
"density","DAX","STAR_SV","2018-03","mu_h","gamma_severe",0.00302216747145898
"density","DAX","STAR_SV","2018-03","phi_h","gamma_severe",0.000133008835947321
"density","DAX","STAR_SV","2018-03","sigma_eta","gamma_severe",0.0008922204347506
"density","DAX","STAR_SV","2018-03","nu","gamma_severe",0.0144487834460821
"density","DAX","STAR_SV","2018-03","gamma_severe","gamma_severe",0.00167161365453147
"density","DAX","STAR_SV","2018-03","gamma_mild","gamma_severe",0.00103996649894738
"density","DAX","STAR_SV","2018-03","mu_y","gamma_mild",0.000163041298867695
"density","DAX","STAR_SV","2018-03","phi_y","gamma_mild",-5.59421536002515e-05
"density","DAX","STAR_SV","2018-03","mu_h","gamma_mild",-0.0073558401488928
"density","DAX","STAR_SV","2018-03","phi_h","gamma_mild",0.000273133761730764
"density","DAX","STAR_SV","2018-03","sigma_eta","gamma_mild",0.000206640065674675
"density","DAX","STAR_SV","2018-03","nu","gamma_mild",0.00370737035914752
"density","DAX","STAR_SV","2018-03","gamma_severe","gamma_mild",0.00103996649894738
"density","DAX","STAR_SV","2018-03","gamma_mild","gamma_mild",0.0155959615714178
"density","DAX","STAR_SV","2018-04","mu_y","mu_y",0.000429448640298921
"density","DAX","STAR_SV","2018-04","phi_y","mu_y",-7.09669269450302e-05
"density","DAX","STAR_SV","2018-04","mu_h","mu_y",-0.00123045272950007
"density","DAX","STAR_SV","2018-04","phi_h","mu_y",9.43860269182438e-06
"density","DAX","STAR_SV","2018-04","sigma_eta","mu_y",0.00018018744848176
"density","DAX","STAR_SV","2018-04","nu","mu_y",-0.00194473821694862
"density","DAX","STAR_SV","2018-04","gamma_severe","mu_y",7.75287248635184e-05
"density","DAX","STAR_SV","2018-04","gamma_mild","mu_y",0.000105139948525637
"density","DAX","STAR_SV","2018-04","mu_y","phi_y",-7.09669269450302e-05
"density","DAX","STAR_SV","2018-04","phi_y","phi_y",0.000462979925896727
"density","DAX","STAR_SV","2018-04","mu_h","phi_y",8.48904952971983e-05
"density","DAX","STAR_SV","2018-04","phi_h","phi_y",-2.49949079026774e-06
"density","DAX","STAR_SV","2018-04","sigma_eta","phi_y",-4.20185564598472e-05
"density","DAX","STAR_SV","2018-04","nu","phi_y",0.000578320788141337
"density","DAX","STAR_SV","2018-04","gamma_severe","phi_y",-2.10979094385326e-05
"density","DAX","STAR_SV","2018-04","gamma_mild","phi_y",-6.93221252093211e-05
"density","DAX","STAR_SV","2018-04","mu_y","mu_h",-0.00123045272950007
"density","DAX","STAR_SV","2018-04","phi_y","mu_h",8.48904952971983e-05
"density","DAX","STAR_SV","2018-04","mu_h","mu_h",0.158132700648611
"density","DAX","STAR_SV","2018-04","phi_h","mu_h",-0.00254452462088153
"density","DAX","STAR_SV","2018-04","sigma_eta","mu_h",0.00517753268413405
"density","DAX","STAR_SV","2018-04","nu","mu_h",0.0540960745388579
"density","DAX","STAR_SV","2018-04","gamma_severe","mu_h",-0.00326778349821357
"density","DAX","STAR_SV","2018-04","gamma_mild","mu_h",-0.00572123389282153
"density","DAX","STAR_SV","2018-04","mu_y","phi_h",9.43860269182438e-06
"density","DAX","STAR_SV","2018-04","phi_y","phi_h",-2.49949079026774e-06
"density","DAX","STAR_SV","2018-04","mu_h","phi_h",-0.00254452462088153
"density","DAX","STAR_SV","2018-04","phi_h","phi_h",6.5067410421074e-05
"density","DAX","STAR_SV","2018-04","sigma_eta","phi_h",-2.42983350769687e-05
"density","DAX","STAR_SV","2018-04","nu","phi_h",-0.000349359448289479
"density","DAX","STAR_SV","2018-04","gamma_severe","phi_h",0.000226942878648299
"density","DAX","STAR_SV","2018-04","gamma_mild","phi_h",0.000278638871019045
"density","DAX","STAR_SV","2018-04","mu_y","sigma_eta",0.00018018744848176
"density","DAX","STAR_SV","2018-04","phi_y","sigma_eta",-4.20185564598472e-05
"density","DAX","STAR_SV","2018-04","mu_h","sigma_eta",0.00517753268413405
"density","DAX","STAR_SV","2018-04","phi_h","sigma_eta",-2.42983350769687e-05
"density","DAX","STAR_SV","2018-04","sigma_eta","sigma_eta",0.00268473131647437
"density","DAX","STAR_SV","2018-04","nu","sigma_eta",0.0121763170008146
"density","DAX","STAR_SV","2018-04","gamma_severe","sigma_eta",0.000523409466137398
"density","DAX","STAR_SV","2018-04","gamma_mild","sigma_eta",0.000388167584401449
"density","DAX","STAR_SV","2018-04","mu_y","nu",-0.00194473821694862
"density","DAX","STAR_SV","2018-04","phi_y","nu",0.000578320788141337
"density","DAX","STAR_SV","2018-04","mu_h","nu",0.0540960745388579
"density","DAX","STAR_SV","2018-04","phi_h","nu",-0.000349359448289479
"density","DAX","STAR_SV","2018-04","sigma_eta","nu",0.0121763170008146
"density","DAX","STAR_SV","2018-04","nu","nu",0.677255808233991
"density","DAX","STAR_SV","2018-04","gamma_severe","nu",0.00887980846965545
"density","DAX","STAR_SV","2018-04","gamma_mild","nu",0.00288982215368667
"density","DAX","STAR_SV","2018-04","mu_y","gamma_severe",7.75287248635184e-05
"density","DAX","STAR_SV","2018-04","phi_y","gamma_severe",-2.10979094385326e-05
"density","DAX","STAR_SV","2018-04","mu_h","gamma_severe",-0.00326778349821357
"density","DAX","STAR_SV","2018-04","phi_h","gamma_severe",0.000226942878648299
"density","DAX","STAR_SV","2018-04","sigma_eta","gamma_severe",0.000523409466137398
"density","DAX","STAR_SV","2018-04","nu","gamma_severe",0.00887980846965545
"density","DAX","STAR_SV","2018-04","gamma_severe","gamma_severe",0.00159292885659131
"density","DAX","STAR_SV","2018-04","gamma_mild","gamma_severe",0.00124528775645789
"density","DAX","STAR_SV","2018-04","mu_y","gamma_mild",0.000105139948525637
"density","DAX","STAR_SV","2018-04","phi_y","gamma_mild",-6.93221252093211e-05
"density","DAX","STAR_SV","2018-04","mu_h","gamma_mild",-0.00572123389282153
"density","DAX","STAR_SV","2018-04","phi_h","gamma_mild",0.000278638871019045
"density","DAX","STAR_SV","2018-04","sigma_eta","gamma_mild",0.000388167584401449
"density","DAX","STAR_SV","2018-04","nu","gamma_mild",0.00288982215368667
"density","DAX","STAR_SV","2018-04","gamma_severe","gamma_mild",0.00124528775645789
"density","DAX","STAR_SV","2018-04","gamma_mild","gamma_mild",0.013081682705559
"density","DAX","STAR_SV","2018-05","mu_y","mu_y",0.000433267261451911
"density","DAX","STAR_SV","2018-05","phi_y","mu_y",-8.02779530452587e-05
"density","DAX","STAR_SV","2018-05","mu_h","mu_y",-0.000717503960285723
"density","DAX","STAR_SV","2018-05","phi_h","mu_y",1.3349757239376e-05
"density","DAX","STAR_SV","2018-05","sigma_eta","mu_y",0.00015223947796009
"density","DAX","STAR_SV","2018-05","nu","mu_y",-0.000576934838466503
"density","DAX","STAR_SV","2018-05","gamma_severe","mu_y",0.000136758807713516
"density","DAX","STAR_SV","2018-05","gamma_mild","mu_y",0.000173343228601834
"density","DAX","STAR_SV","2018-05","mu_y","phi_y",-8.02779530452587e-05
"density","DAX","STAR_SV","2018-05","phi_y","phi_y",0.000483575941049681
"density","DAX","STAR_SV","2018-05","mu_h","phi_y",-0.000155267251873843
"density","DAX","STAR_SV","2018-05","phi_h","phi_y",-9.46971689325141e-06
"density","DAX","STAR_SV","2018-05","sigma_eta","phi_y",-2.87834016023245e-05
"density","DAX","STAR_SV","2018-05","nu","phi_y",0.000321283570093265
"density","DAX","STAR_SV","2018-05","gamma_severe","phi_y",-9.74215117449703e-05
"density","DAX","STAR_SV","2018-05","gamma_mild","phi_y",-0.000100806793839533
"density","DAX","STAR_SV","2018-05","mu_y","mu_h",-0.000717503960285723
"density","DAX","STAR_SV","2018-05","phi_y","mu_h",-0.000155267251873843
"density","DAX","STAR_SV","2018-05","mu_h","mu_h",0.0890900837548727
"density","DAX","STAR_SV","2018-05","phi_h","mu_h",-0.00130455022638498
"density","DAX","STAR_SV","2018-05","sigma_eta","mu_h",0.00397023887846391
"density","DAX","STAR_SV","2018-05","nu","mu_h",0.0739984011384619
"density","DAX","STAR_SV","2018-05","gamma_severe","mu_h",0.00395239759935967
"density","DAX","STAR_SV","2018-05","gamma_mild","mu_h",0.0018078476262473
"density","DAX","STAR_SV","2018-05","mu_y","phi_h",1.3349757239376e-05
"density","DAX","STAR_SV","2018-05","phi_y","phi_h",-9.46971689325141e-06
"density","DAX","STAR_SV","2018-05","mu_h","phi_h",-0.00130455022638498
"density","DAX","STAR_SV","2018-05","phi_h","phi_h",7.38466334613423e-05
"density","DAX","STAR_SV","2018-05","sigma_eta","phi_h",-2.51482969489865e-05
"density","DAX","STAR_SV","2018-05","nu","phi_h",0.000433950212133266
"density","DAX","STAR_SV","2018-05","gamma_severe","phi_h",0.000257167350122648
"density","DAX","STAR_SV","2018-05","gamma_mild","phi_h",0.000301306068880961
"density","DAX","STAR_SV","2018-05","mu_y","sigma_eta",0.00015223947796009
"density","DAX","STAR_SV","2018-05","phi_y","sigma_eta",-2.87834016023245e-05
"density","DAX","STAR_SV","2018-05","mu_h","sigma_eta",0.00397023887846391
"density","DAX","STAR_SV","2018-05","phi_h","sigma_eta",-2.51482969489865e-05
"density","DAX","STAR_SV","2018-05","sigma_eta","sigma_eta",0.0013702967692591
"density","DAX","STAR_SV","2018-05","nu","sigma_eta",0.0178589949114287
"density","DAX","STAR_SV","2018-05","gamma_severe","sigma_eta",0.000548913924500826
"density","DAX","STAR_SV","2018-05","gamma_mild","sigma_eta",0.000445994647310296
"density","DAX","STAR_SV","2018-05","mu_y","nu",-0.000576934838466503
"density","DAX","STAR_SV","2018-05","phi_y","nu",0.000321283570093265
"density","DAX","STAR_SV","2018-05","mu_h","nu",0.0739984011384619
"density","DAX","STAR_SV","2018-05","phi_h","nu",0.000433950212133266
"density","DAX","STAR_SV","2018-05","sigma_eta","nu",0.0178589949114287
"density","DAX","STAR_SV","2018-05","nu","nu",1.85367418787695
"density","DAX","STAR_SV","2018-05","gamma_severe","nu",0.0228378294643809
"density","DAX","STAR_SV","2018-05","gamma_mild","nu",0.0166454301346597
"density","DAX","STAR_SV","2018-05","mu_y","gamma_severe",0.000136758807713516
"density","DAX","STAR_SV","2018-05","phi_y","gamma_severe",-9.74215117449703e-05
"density","DAX","STAR_SV","2018-05","mu_h","gamma_severe",0.00395239759935967
"density","DAX","STAR_SV","2018-05","phi_h","gamma_severe",0.000257167350122648
"density","DAX","STAR_SV","2018-05","sigma_eta","gamma_severe",0.000548913924500826
"density","DAX","STAR_SV","2018-05","nu","gamma_severe",0.0228378294643809
"density","DAX","STAR_SV","2018-05","gamma_severe","gamma_severe",0.00230375921605992
"density","DAX","STAR_SV","2018-05","gamma_mild","gamma_severe",0.00188031426003964
"density","DAX","STAR_SV","2018-05","mu_y","gamma_mild",0.000173343228601834
"density","DAX","STAR_SV","2018-05","phi_y","gamma_mild",-0.000100806793839533
"density","DAX","STAR_SV","2018-05","mu_h","gamma_mild",0.0018078476262473
"density","DAX","STAR_SV","2018-05","phi_h","gamma_mild",0.000301306068880961
"density","DAX","STAR_SV","2018-05","sigma_eta","gamma_mild",0.000445994647310296
"density","DAX","STAR_SV","2018-05","nu","gamma_mild",0.0166454301346597
"density","DAX","STAR_SV","2018-05","gamma_severe","gamma_mild",0.00188031426003964
"density","DAX","STAR_SV","2018-05","gamma_mild","gamma_mild",0.0115657070595124
"density","DAX","STAR_SV","2018-06","mu_y","mu_y",0.000420899526765484
"density","DAX","STAR_SV","2018-06","phi_y","mu_y",-7.78587483921843e-05
"density","DAX","STAR_SV","2018-06","mu_h","mu_y",-0.000601737897253343
"density","DAX","STAR_SV","2018-06","phi_h","mu_y",7.0783422918656e-06
"density","DAX","STAR_SV","2018-06","sigma_eta","mu_y",0.00018995467743467
"density","DAX","STAR_SV","2018-06","nu","mu_y",-8.50094316522614e-05
"density","DAX","STAR_SV","2018-06","gamma_severe","mu_y",0.000119008771358519
"density","DAX","STAR_SV","2018-06","gamma_mild","mu_y",0.000106624465191342
"density","DAX","STAR_SV","2018-06","mu_y","phi_y",-7.78587483921843e-05
"density","DAX","STAR_SV","2018-06","phi_y","phi_y",0.000462565408788948
"density","DAX","STAR_SV","2018-06","mu_h","phi_y",-0.000635950295304621
"density","DAX","STAR_SV","2018-06","phi_h","phi_y",2.29897017502309e-06
"density","DAX","STAR_SV","2018-06","sigma_eta","phi_y",-7.09776009111168e-05
"density","DAX","STAR_SV","2018-06","nu","phi_y",0.000173283905292166
"density","DAX","STAR_SV","2018-06","gamma_severe","phi_y",-8.53636701687992e-05
"density","DAX","STAR_SV","2018-06","gamma_mild","phi_y",-2.97019875453565e-05
"density","DAX","STAR_SV","2018-06","mu_y","mu_h",-0.000601737897253343
"density","DAX","STAR_SV","2018-06","phi_y","mu_h",-0.000635950295304621
"density","DAX","STAR_SV","2018-06","mu_h","mu_h",0.117463610896474
"density","DAX","STAR_SV","2018-06","phi_h","mu_h",-0.00171709087276054
"density","DAX","STAR_SV","2018-06","sigma_eta","mu_h",0.00756861179422348
"density","DAX","STAR_SV","2018-06","nu","mu_h",0.126509381325891
"density","DAX","STAR_SV","2018-06","gamma_severe","mu_h",0.00463939295368666
"density","DAX","STAR_SV","2018-06","gamma_mild","mu_h",0.0033404479997973
"density","DAX","STAR_SV","2018-06","mu_y","phi_h",7.0783422918656e-06
"density","DAX","STAR_SV","2018-06","phi_y","phi_h",2.29897017502309e-06
"density","DAX","STAR_SV","2018-06","mu_h","phi_h",-0.00171709087276054
"density","DAX","STAR_SV","2018-06","phi_h","phi_h",7.05989548416654e-05
"density","DAX","STAR_SV","2018-06","sigma_eta","phi_h",-5.25017520111728e-05
"density","DAX","STAR_SV","2018-06","nu","phi_h",-0.000764006575200321
"density","DAX","STAR_SV","2018-06","gamma_severe","phi_h",0.000211894076982462
"density","DAX","STAR_SV","2018-06","gamma_mild","phi_h",0.000220766052924814
"density","DAX","STAR_SV","2018-06","mu_y","sigma_eta",0.00018995467743467
"density","DAX","STAR_SV","2018-06","phi_y","sigma_eta",-7.09776009111168e-05
"density","DAX","STAR_SV","2018-06","mu_h","sigma_eta",0.00756861179422348
"density","DAX","STAR_SV","2018-06","phi_h","sigma_eta",-5.25017520111728e-05
"density","DAX","STAR_SV","2018-06","sigma_eta","sigma_eta",0.00223202102161943
"density","DAX","STAR_SV","2018-06","nu","sigma_eta",0.023160287398977
"density","DAX","STAR_SV","2018-06","gamma_severe","sigma_eta",0.000893528381879689
"density","DAX","STAR_SV","2018-06","gamma_mild","sigma_eta",0.000724920268599007
"density","DAX","STAR_SV","2018-06","mu_y","nu",-8.50094316522614e-05
"density","DAX","STAR_SV","2018-06","phi_y","nu",0.000173283905292166
"density","DAX","STAR_SV","2018-06","mu_h","nu",0.126509381325891
"density","DAX","STAR_SV","2018-06","phi_h","nu",-0.000764006575200321
"density","DAX","STAR_SV","2018-06","sigma_eta","nu",0.023160287398977
"density","DAX","STAR_SV","2018-06","nu","nu",1.28941881700886
"density","DAX","STAR_SV","2018-06","gamma_severe","nu",0.0217829926078702
"density","DAX","STAR_SV","2018-06","gamma_mild","nu",0.0167872884809339
"density","DAX","STAR_SV","2018-06","mu_y","gamma_severe",0.000119008771358519
"density","DAX","STAR_SV","2018-06","phi_y","gamma_severe",-8.53636701687992e-05
"density","DAX","STAR_SV","2018-06","mu_h","gamma_severe",0.00463939295368666
"density","DAX","STAR_SV","2018-06","phi_h","gamma_severe",0.000211894076982462
"density","DAX","STAR_SV","2018-06","sigma_eta","gamma_severe",0.000893528381879689
"density","DAX","STAR_SV","2018-06","nu","gamma_severe",0.0217829926078702
"density","DAX","STAR_SV","2018-06","gamma_severe","gamma_severe",0.00222657633383412
"density","DAX","STAR_SV","2018-06","gamma_mild","gamma_severe",0.00172169619577747
"density","DAX","STAR_SV","2018-06","mu_y","gamma_mild",0.000106624465191342
"density","DAX","STAR_SV","2018-06","phi_y","gamma_mild",-2.97019875453565e-05
"density","DAX","STAR_SV","2018-06","mu_h","gamma_mild",0.0033404479997973
"density","DAX","STAR_SV","2018-06","phi_h","gamma_mild",0.000220766052924814
"density","DAX","STAR_SV","2018-06","sigma_eta","gamma_mild",0.000724920268599007
"density","DAX","STAR_SV","2018-06","nu","gamma_mild",0.0167872884809339
"density","DAX","STAR_SV","2018-06","gamma_severe","gamma_mild",0.00172169619577747
"density","DAX","STAR_SV","2018-06","gamma_mild","gamma_mild",0.00966332209249021
"density","DAX","STAR_SV","2018-07","mu_y","mu_y",0.000399231591592885
"density","DAX","STAR_SV","2018-07","phi_y","mu_y",-5.18982376149094e-05
"density","DAX","STAR_SV","2018-07","mu_h","mu_y",-0.00104694268217208
"density","DAX","STAR_SV","2018-07","phi_h","mu_y",6.53296442192936e-06
"density","DAX","STAR_SV","2018-07","sigma_eta","mu_y",0.000180319218524968
"density","DAX","STAR_SV","2018-07","nu","mu_y",-0.00184451392971404
"density","DAX","STAR_SV","2018-07","gamma_severe","mu_y",6.77385105710749e-05
"density","DAX","STAR_SV","2018-07","gamma_mild","mu_y",5.08507056923015e-05
"density","DAX","STAR_SV","2018-07","mu_y","phi_y",-5.18982376149094e-05
"density","DAX","STAR_SV","2018-07","phi_y","phi_y",0.000489245928978277
"density","DAX","STAR_SV","2018-07","mu_h","phi_y",-0.000571673306746912
"density","DAX","STAR_SV","2018-07","phi_h","phi_y",-2.96910296704496e-06
"density","DAX","STAR_SV","2018-07","sigma_eta","phi_y",-6.1876651536326e-05
"density","DAX","STAR_SV","2018-07","nu","phi_y",0.000384695465356118
"density","DAX","STAR_SV","2018-07","gamma_severe","phi_y",-8.61627080247734e-05
"density","DAX","STAR_SV","2018-07","gamma_mild","phi_y",-0.000146236144763422
"density","DAX","STAR_SV","2018-07","mu_y","mu_h",-0.00104694268217208
"density","DAX","STAR_SV","2018-07","phi_y","mu_h",-0.000571673306746912
"density","DAX","STAR_SV","2018-07","mu_h","mu_h",0.209879691318327
"density","DAX","STAR_SV","2018-07","phi_h","mu_h",-0.00267228106412206
"density","DAX","STAR_SV","2018-07","sigma_eta","mu_h",0.0110056129335684
"density","DAX","STAR_SV","2018-07","nu","mu_h",0.152146354207191
"density","DAX","STAR_SV","2018-07","gamma_severe","mu_h",0.00417264827941597
"density","DAX","STAR_SV","2018-07","gamma_mild","mu_h",0.000746639019625286
"density","DAX","STAR_SV","2018-07","mu_y","phi_h",6.53296442192936e-06
"density","DAX","STAR_SV","2018-07","phi_y","phi_h",-2.96910296704496e-06
"density","DAX","STAR_SV","2018-07","mu_h","phi_h",-0.00267228106412206
"density","DAX","STAR_SV","2018-07","phi_h","phi_h",6.65941648424444e-05
"density","DAX","STAR_SV","2018-07","sigma_eta","phi_h",-7.48296676261475e-05
"density","DAX","STAR_SV","2018-07","nu","phi_h",-0.0009955480675751
"density","DAX","STAR_SV","2018-07","gamma_severe","phi_h",0.000175906395836313
"density","DAX","STAR_SV","2018-07","gamma_mild","phi_h",0.000207294924999091
"density","DAX","STAR_SV","2018-07","mu_y","sigma_eta",0.000180319218524968
"density","DAX","STAR_SV","2018-07","phi_y","sigma_eta",-6.1876651536326e-05
"density","DAX","STAR_SV","2018-07","mu_h","sigma_eta",0.0110056129335684
"density","DAX","STAR_SV","2018-07","phi_h","sigma_eta",-7.48296676261475e-05
"density","DAX","STAR_SV","2018-07","sigma_eta","sigma_eta",0.00309431899610452
"density","DAX","STAR_SV","2018-07","nu","sigma_eta",0.0232846963770696
"density","DAX","STAR_SV","2018-07","gamma_severe","sigma_eta",0.000922064051886304
"density","DAX","STAR_SV","2018-07","gamma_mild","sigma_eta",0.000569696240291208
"density","DAX","STAR_SV","2018-07","mu_y","nu",-0.00184451392971404
"density","DAX","STAR_SV","2018-07","phi_y","nu",0.000384695465356118
"density","DAX","STAR_SV","2018-07","mu_h","nu",0.152146354207191
"density","DAX","STAR_SV","2018-07","phi_h","nu",-0.0009955480675751
"density","DAX","STAR_SV","2018-07","sigma_eta","nu",0.0232846963770696
"density","DAX","STAR_SV","2018-07","nu","nu",1.22087086489175
"density","DAX","STAR_SV","2018-07","gamma_severe","nu",0.0179703662001212
"density","DAX","STAR_SV","2018-07","gamma_mild","nu",0.0109833889863225
"density","DAX","STAR_SV","2018-07","mu_y","gamma_severe",6.77385105710749e-05
"density","DAX","STAR_SV","2018-07","phi_y","gamma_severe",-8.61627080247734e-05
"density","DAX","STAR_SV","2018-07","mu_h","gamma_severe",0.00417264827941597
"density","DAX","STAR_SV","2018-07","phi_h","gamma_severe",0.000175906395836313
"density","DAX","STAR_SV","2018-07","sigma_eta","gamma_severe",0.000922064051886304
"density","DAX","STAR_SV","2018-07","nu","gamma_severe",0.0179703662001212
"density","DAX","STAR_SV","2018-07","gamma_severe","gamma_severe",0.00198281673841441
"density","DAX","STAR_SV","2018-07","gamma_mild","gamma_severe",0.00139351843384521
"density","DAX","STAR_SV","2018-07","mu_y","gamma_mild",5.08507056923015e-05
"density","DAX","STAR_SV","2018-07","phi_y","gamma_mild",-0.000146236144763422
"density","DAX","STAR_SV","2018-07","mu_h","gamma_mild",0.000746639019625286
"density","DAX","STAR_SV","2018-07","phi_h","gamma_mild",0.000207294924999091
"density","DAX","STAR_SV","2018-07","sigma_eta","gamma_mild",0.000569696240291208
"density","DAX","STAR_SV","2018-07","nu","gamma_mild",0.0109833889863225
"density","DAX","STAR_SV","2018-07","gamma_severe","gamma_mild",0.00139351843384521
"density","DAX","STAR_SV","2018-07","gamma_mild","gamma_mild",0.0113062154527242
"density","DAX","STAR_SV","2018-08","mu_y","mu_y",0.000410983672985241
"density","DAX","STAR_SV","2018-08","phi_y","mu_y",-5.33865642187626e-05
"density","DAX","STAR_SV","2018-08","mu_h","mu_y",-0.000660919507224333
"density","DAX","STAR_SV","2018-08","phi_h","mu_y",5.1240208667318e-06
"density","DAX","STAR_SV","2018-08","sigma_eta","mu_y",0.000170387644177542
"density","DAX","STAR_SV","2018-08","nu","mu_y",-0.000396152509162454
"density","DAX","STAR_SV","2018-08","gamma_severe","mu_y",0.000105967028645109
"density","DAX","STAR_SV","2018-08","gamma_mild","mu_y",4.48363220988686e-05
"density","DAX","STAR_SV","2018-08","mu_y","phi_y",-5.33865642187626e-05
"density","DAX","STAR_SV","2018-08","phi_y","phi_y",0.000486290796560972
"density","DAX","STAR_SV","2018-08","mu_h","phi_y",-0.000301847951071957
"density","DAX","STAR_SV","2018-08","phi_h","phi_y",-6.46140329703666e-06
"density","DAX","STAR_SV","2018-08","sigma_eta","phi_y",-3.81531105498173e-05
"density","DAX","STAR_SV","2018-08","nu","phi_y",0.000759971973967051
"density","DAX","STAR_SV","2018-08","gamma_severe","phi_y",-6.94634458244262e-05
"density","DAX","STAR_SV","2018-08","gamma_mild","phi_y",-2.15888334424538e-05
"density","DAX","STAR_SV","2018-08","mu_y","mu_h",-0.000660919507224333
"density","DAX","STAR_SV","2018-08","phi_y","mu_h",-0.000301847951071957
"density","DAX","STAR_SV","2018-08","mu_h","mu_h",0.106912199678349
"density","DAX","STAR_SV","2018-08","phi_h","mu_h",-0.00138617810206245
"density","DAX","STAR_SV","2018-08","sigma_eta","mu_h",0.00522541967080702
"density","DAX","STAR_SV","2018-08","nu","mu_h",0.0906561806635807
"density","DAX","STAR_SV","2018-08","gamma_severe","mu_h",0.00370560648059535
"density","DAX","STAR_SV","2018-08","gamma_mild","mu_h",0.00232969645596489
"density","DAX","STAR_SV","2018-08","mu_y","phi_h",5.1240208667318e-06
"density","DAX","STAR_SV","2018-08","phi_y","phi_h",-6.46140329703666e-06
"density","DAX","STAR_SV","2018-08","mu_h","phi_h",-0.00138617810206245
"density","DAX","STAR_SV","2018-08","phi_h","phi_h",6.09437239797371e-05
"density","DAX","STAR_SV","2018-08","sigma_eta","phi_h",-1.65916217417002e-05
"density","DAX","STAR_SV","2018-08","nu","phi_h",0.00057630321685762
"density","DAX","STAR_SV","2018-08","gamma_severe","phi_h",0.000224099242824794
"density","DAX","STAR_SV","2018-08","gamma_mild","phi_h",0.000240183456329438
"density","DAX","STAR_SV","2018-08","mu_y","sigma_eta",0.000170387644177542
"density","DAX","STAR_SV","2018-08","phi_y","sigma_eta",-3.81531105498173e-05
"density","DAX","STAR_SV","2018-08","mu_h","sigma_eta",0.00522541967080702
"density","DAX","STAR_SV","2018-08","phi_h","sigma_eta",-1.65916217417002e-05
"density","DAX","STAR_SV","2018-08","sigma_eta","sigma_eta",0.00170208606769376
"density","DAX","STAR_SV","2018-08","nu","sigma_eta",0.0204478567861403
"density","DAX","STAR_SV","2018-08","gamma_severe","sigma_eta",0.000700213103763031
"density","DAX","STAR_SV","2018-08","gamma_mild","sigma_eta",0.000580027349748024
"density","DAX","STAR_SV","2018-08","mu_y","nu",-0.000396152509162454
"density","DAX","STAR_SV","2018-08","phi_y","nu",0.000759971973967051
"density","DAX","STAR_SV","2018-08","mu_h","nu",0.0906561806635807
"density","DAX","STAR_SV","2018-08","phi_h","nu",0.00057630321685762
"density","DAX","STAR_SV","2018-08","sigma_eta","nu",0.0204478567861403
"density","DAX","STAR_SV","2018-08","nu","nu",1.82506001012979
"density","DAX","STAR_SV","2018-08","gamma_severe","nu",0.0238130114088536
"density","DAX","STAR_SV","2018-08","gamma_mild","nu",0.0220753001146269
"density","DAX","STAR_SV","2018-08","mu_y","gamma_severe",0.000105967028645109
"density","DAX","STAR_SV","2018-08","phi_y","gamma_severe",-6.94634458244262e-05
"density","DAX","STAR_SV","2018-08","mu_h","gamma_severe",0.00370560648059535
"density","DAX","STAR_SV","2018-08","phi_h","gamma_severe",0.000224099242824794
"density","DAX","STAR_SV","2018-08","sigma_eta","gamma_severe",0.000700213103763031
"density","DAX","STAR_SV","2018-08","nu","gamma_severe",0.0238130114088536
"density","DAX","STAR_SV","2018-08","gamma_severe","gamma_severe",0.00212507880928544
"density","DAX","STAR_SV","2018-08","gamma_mild","gamma_severe",0.00170604274537577
"density","DAX","STAR_SV","2018-08","mu_y","gamma_mild",4.48363220988686e-05
"density","DAX","STAR_SV","2018-08","phi_y","gamma_mild",-2.15888334424538e-05
"density","DAX","STAR_SV","2018-08","mu_h","gamma_mild",0.00232969645596489
"density","DAX","STAR_SV","2018-08","phi_h","gamma_mild",0.000240183456329438
"density","DAX","STAR_SV","2018-08","sigma_eta","gamma_mild",0.000580027349748024
"density","DAX","STAR_SV","2018-08","nu","gamma_mild",0.0220753001146269
"density","DAX","STAR_SV","2018-08","gamma_severe","gamma_mild",0.00170604274537577
"density","DAX","STAR_SV","2018-08","gamma_mild","gamma_mild",0.0100620463444786
"density","DAX","STAR_SV","2018-09","mu_y","mu_y",0.000412389695226244
"density","DAX","STAR_SV","2018-09","phi_y","mu_y",-7.31864877458741e-05
"density","DAX","STAR_SV","2018-09","mu_h","mu_y",-0.000748968730760111
"density","DAX","STAR_SV","2018-09","phi_h","mu_y",1.63101172547504e-05
"density","DAX","STAR_SV","2018-09","sigma_eta","mu_y",0.000139419017736727
"density","DAX","STAR_SV","2018-09","nu","mu_y",-2.35018741057477e-05
"density","DAX","STAR_SV","2018-09","gamma_severe","mu_y",0.000147629513985726
"density","DAX","STAR_SV","2018-09","gamma_mild","mu_y",0.000100325392291644
"density","DAX","STAR_SV","2018-09","mu_y","phi_y",-7.31864877458741e-05
"density","DAX","STAR_SV","2018-09","phi_y","phi_y",0.000475222037480601
"density","DAX","STAR_SV","2018-09","mu_h","phi_y",-0.000348362949682969
"density","DAX","STAR_SV","2018-09","phi_h","phi_y",-5.58707889568579e-06
"density","DAX","STAR_SV","2018-09","sigma_eta","phi_y",-3.88681819896784e-05
"density","DAX","STAR_SV","2018-09","nu","phi_y",1.62318452042367e-06
"density","DAX","STAR_SV","2018-09","gamma_severe","phi_y",-9.34488384997279e-05
"density","DAX","STAR_SV","2018-09","gamma_mild","phi_y",-9.19069817040219e-05
"density","DAX","STAR_SV","2018-09","mu_y","mu_h",-0.000748968730760111
"density","DAX","STAR_SV","2018-09","phi_y","mu_h",-0.000348362949682969
"density","DAX","STAR_SV","2018-09","mu_h","mu_h",0.0866534800127277
"density","DAX","STAR_SV","2018-09","phi_h","mu_h",-0.00112921140901948
"density","DAX","STAR_SV","2018-09","sigma_eta","mu_h",0.00354809504505386
"density","DAX","STAR_SV","2018-09","nu","mu_h",0.0733119597471174
"density","DAX","STAR_SV","2018-09","gamma_severe","mu_h",0.00369909349741534
"density","DAX","STAR_SV","2018-09","gamma_mild","mu_h",0.00239586940674264
"density","DAX","STAR_SV","2018-09","mu_y","phi_h",1.63101172547504e-05
"density","DAX","STAR_SV","2018-09","phi_y","phi_h",-5.58707889568579e-06
"density","DAX","STAR_SV","2018-09","mu_h","phi_h",-0.00112921140901948
"density","DAX","STAR_SV","2018-09","phi_h","phi_h",6.60677714904987e-05
"density","DAX","STAR_SV","2018-09","sigma_eta","phi_h",-1.18179176417041e-05
"density","DAX","STAR_SV","2018-09","nu","phi_h",0.000690576772877787
"density","DAX","STAR_SV","2018-09","gamma_severe","phi_h",0.000255240032300326
"density","DAX","STAR_SV","2018-09","gamma_mild","phi_h",0.000257900262109066
"density","DAX","STAR_SV","2018-09","mu_y","sigma_eta",0.000139419017736727
"density","DAX","STAR_SV","2018-09","phi_y","sigma_eta",-3.88681819896784e-05
"density","DAX","STAR_SV","2018-09","mu_h","sigma_eta",0.00354809504505386
"density","DAX","STAR_SV","2018-09","phi_h","sigma_eta",-1.18179176417041e-05
"density","DAX","STAR_SV","2018-09","sigma_eta","sigma_eta",0.00122346618053243
"density","DAX","STAR_SV","2018-09","nu","sigma_eta",0.0145182009990041
"density","DAX","STAR_SV","2018-09","gamma_severe","sigma_eta",0.000509028285659941
"density","DAX","STAR_SV","2018-09","gamma_mild","sigma_eta",0.000348953485928256
"density","DAX","STAR_SV","2018-09","mu_y","nu",-2.35018741057477e-05
"density","DAX","STAR_SV","2018-09","phi_y","nu",1.62318452042367e-06
"density","DAX","STAR_SV","2018-09","mu_h","nu",0.0733119597471174
"density","DAX","STAR_SV","2018-09","phi_h","nu",0.000690576772877787
"density","DAX","STAR_SV","2018-09","sigma_eta","nu",0.0145182009990041
"density","DAX","STAR_SV","2018-09","nu","nu",1.57546993199885
"density","DAX","STAR_SV","2018-09","gamma_severe","nu",0.0226681060740519
"density","DAX","STAR_SV","2018-09","gamma_mild","nu",0.0164682662712719
"density","DAX","STAR_SV","2018-09","mu_y","gamma_severe",0.000147629513985726
"density","DAX","STAR_SV","2018-09","phi_y","gamma_severe",-9.34488384997279e-05
"density","DAX","STAR_SV","2018-09","mu_h","gamma_severe",0.00369909349741534
"density","DAX","STAR_SV","2018-09","phi_h","gamma_severe",0.000255240032300326
"density","DAX","STAR_SV","2018-09","sigma_eta","gamma_severe",0.000509028285659941
"density","DAX","STAR_SV","2018-09","nu","gamma_severe",0.0226681060740519
"density","DAX","STAR_SV","2018-09","gamma_severe","gamma_severe",0.00222863350327
"density","DAX","STAR_SV","2018-09","gamma_mild","gamma_severe",0.00174173103969568
"density","DAX","STAR_SV","2018-09","mu_y","gamma_mild",0.000100325392291644
"density","DAX","STAR_SV","2018-09","phi_y","gamma_mild",-9.19069817040219e-05
"density","DAX","STAR_SV","2018-09","mu_h","gamma_mild",0.00239586940674264
"density","DAX","STAR_SV","2018-09","phi_h","gamma_mild",0.000257900262109066
"density","DAX","STAR_SV","2018-09","sigma_eta","gamma_mild",0.000348953485928256
"density","DAX","STAR_SV","2018-09","nu","gamma_mild",0.0164682662712719
"density","DAX","STAR_SV","2018-09","gamma_severe","gamma_mild",0.00174173103969568
"density","DAX","STAR_SV","2018-09","gamma_mild","gamma_mild",0.00893627125994475
"density","DAX","STAR_SV","2018-10","mu_y","mu_y",0.000420454592707328
"density","DAX","STAR_SV","2018-10","phi_y","mu_y",-6.33986478477708e-05
"density","DAX","STAR_SV","2018-10","mu_h","mu_y",-0.000492308017570008
"density","DAX","STAR_SV","2018-10","phi_h","mu_y",9.09667807529387e-06
"density","DAX","STAR_SV","2018-10","sigma_eta","mu_y",0.000153564339474849
"density","DAX","STAR_SV","2018-10","nu","mu_y",-0.000628043255741779
"density","DAX","STAR_SV","2018-10","gamma_severe","mu_y",0.000143550320575398
"density","DAX","STAR_SV","2018-10","gamma_mild","mu_y",0.000192943555949423
"density","DAX","STAR_SV","2018-10","mu_y","phi_y",-6.33986478477708e-05
"density","DAX","STAR_SV","2018-10","phi_y","phi_y",0.000528013150765427
"density","DAX","STAR_SV","2018-10","mu_h","phi_y",-0.000274636410297066
"density","DAX","STAR_SV","2018-10","phi_h","phi_y",-8.17497710813098e-06
"density","DAX","STAR_SV","2018-10","sigma_eta","phi_y",-5.58284556834387e-05
"density","DAX","STAR_SV","2018-10","nu","phi_y",0.000605298802871933
"density","DAX","STAR_SV","2018-10","gamma_severe","phi_y",-9.29512034242782e-05
"density","DAX","STAR_SV","2018-10","gamma_mild","phi_y",-2.66025599856798e-05
"density","DAX","STAR_SV","2018-10","mu_y","mu_h",-0.000492308017570008
"density","DAX","STAR_SV","2018-10","phi_y","mu_h",-0.000274636410297066
"density","DAX","STAR_SV","2018-10","mu_h","mu_h",0.143132006405915
"density","DAX","STAR_SV","2018-10","phi_h","mu_h",-0.00190336879595227
"density","DAX","STAR_SV","2018-10","sigma_eta","mu_h",0.00768405328146837
"density","DAX","STAR_SV","2018-10","nu","mu_h",0.154800664851804
"density","DAX","STAR_SV","2018-10","gamma_severe","mu_h",0.00483876234774587
"density","DAX","STAR_SV","2018-10","gamma_mild","mu_h",0.00103516650448488
"density","DAX","STAR_SV","2018-10","mu_y","phi_h",9.09667807529387e-06
"density","DAX","STAR_SV","2018-10","phi_y","phi_h",-8.17497710813098e-06
"density","DAX","STAR_SV","2018-10","mu_h","phi_h",-0.00190336879595227
"density","DAX","STAR_SV","2018-10","phi_h","phi_h",6.77568019018728e-05
"density","DAX","STAR_SV","2018-10","sigma_eta","phi_h",-5.83097725619766e-05
"density","DAX","STAR_SV","2018-10","nu","phi_h",-0.000517040828115759
"density","DAX","STAR_SV","2018-10","gamma_severe","phi_h",0.000201405106783914
"density","DAX","STAR_SV","2018-10","gamma_mild","phi_h",0.000258348393120452
"density","DAX","STAR_SV","2018-10","mu_y","sigma_eta",0.000153564339474849
"density","DAX","STAR_SV","2018-10","phi_y","sigma_eta",-5.58284556834387e-05
"density","DAX","STAR_SV","2018-10","mu_h","sigma_eta",0.00768405328146837
"density","DAX","STAR_SV","2018-10","phi_h","sigma_eta",-5.83097725619766e-05
"density","DAX","STAR_SV","2018-10","sigma_eta","sigma_eta",0.00171745143919931
"density","DAX","STAR_SV","2018-10","nu","sigma_eta",0.0221998110397624
"density","DAX","STAR_SV","2018-10","gamma_severe","sigma_eta",0.000711612762865382
"density","DAX","STAR_SV","2018-10","gamma_mild","sigma_eta",0.000399109083889854
"density","DAX","STAR_SV","2018-10","mu_y","nu",-0.000628043255741779
"density","DAX","STAR_SV","2018-10","phi_y","nu",0.000605298802871933
"density","DAX","STAR_SV","2018-10","mu_h","nu",0.154800664851804
"density","DAX","STAR_SV","2018-10","phi_h","nu",-0.000517040828115759
"density","DAX","STAR_SV","2018-10","sigma_eta","nu",0.0221998110397624
"density","DAX","STAR_SV","2018-10","nu","nu",1.70311890700006
"density","DAX","STAR_SV","2018-10","gamma_severe","nu",0.0237864980737966
"density","DAX","STAR_SV","2018-10","gamma_mild","nu",0.020940121210524
"density","DAX","STAR_SV","2018-10","mu_y","gamma_severe",0.000143550320575398
"density","DAX","STAR_SV","2018-10","phi_y","gamma_severe",-9.29512034242782e-05
"density","DAX","STAR_SV","2018-10","mu_h","gamma_severe",0.00483876234774587
"density","DAX","STAR_SV","2018-10","phi_h","gamma_severe",0.000201405106783914
"density","DAX","STAR_SV","2018-10","sigma_eta","gamma_severe",0.000711612762865382
"density","DAX","STAR_SV","2018-10","nu","gamma_severe",0.0237864980737966
"density","DAX","STAR_SV","2018-10","gamma_severe","gamma_severe",0.002109299397848
"density","DAX","STAR_SV","2018-10","gamma_mild","gamma_severe",0.00150734410046372
"density","DAX","STAR_SV","2018-10","mu_y","gamma_mild",0.000192943555949423
"density","DAX","STAR_SV","2018-10","phi_y","gamma_mild",-2.66025599856798e-05
"density","DAX","STAR_SV","2018-10","mu_h","gamma_mild",0.00103516650448488
"density","DAX","STAR_SV","2018-10","phi_h","gamma_mild",0.000258348393120452
"density","DAX","STAR_SV","2018-10","sigma_eta","gamma_mild",0.000399109083889854
"density","DAX","STAR_SV","2018-10","nu","gamma_mild",0.020940121210524
"density","DAX","STAR_SV","2018-10","gamma_severe","gamma_mild",0.00150734410046372
"density","DAX","STAR_SV","2018-10","gamma_mild","gamma_mild",0.0143293428232888
"density","DAX","STAR_SV","2018-11","mu_y","mu_y",0.000408433142785742
"density","DAX","STAR_SV","2018-11","phi_y","mu_y",-6.2070539221363e-05
"density","DAX","STAR_SV","2018-11","mu_h","mu_y",-0.000951086403290204
"density","DAX","STAR_SV","2018-11","phi_h","mu_y",7.99094229239141e-06
"density","DAX","STAR_SV","2018-11","sigma_eta","mu_y",0.000132105829098275
"density","DAX","STAR_SV","2018-11","nu","mu_y",-0.00119677526510457
"density","DAX","STAR_SV","2018-11","gamma_severe","mu_y",9.53735752742574e-05
"density","DAX","STAR_SV","2018-11","gamma_mild","mu_y",0.000187685736797324
"density","DAX","STAR_SV","2018-11","mu_y","phi_y",-6.2070539221363e-05
"density","DAX","STAR_SV","2018-11","phi_y","phi_y",0.000484812160056261
"density","DAX","STAR_SV","2018-11","mu_h","phi_y",-0.000398989455600642
"density","DAX","STAR_SV","2018-11","phi_h","phi_y",-5.25765060923081e-06
"density","DAX","STAR_SV","2018-11","sigma_eta","phi_y",-4.00330241832453e-05
"density","DAX","STAR_SV","2018-11","nu","phi_y",0.000979124295717233
"density","DAX","STAR_SV","2018-11","gamma_severe","phi_y",-8.45746442114576e-05
"density","DAX","STAR_SV","2018-11","gamma_mild","phi_y",-7.73954762462325e-05
"density","DAX","STAR_SV","2018-11","mu_y","mu_h",-0.000951086403290204
"density","DAX","STAR_SV","2018-11","phi_y","mu_h",-0.000398989455600642
"density","DAX","STAR_SV","2018-11","mu_h","mu_h",0.141131028714368
"density","DAX","STAR_SV","2018-11","phi_h","mu_h",-0.00140555769974314
"density","DAX","STAR_SV","2018-11","sigma_eta","mu_h",0.0053174198628154
"density","DAX","STAR_SV","2018-11","nu","mu_h",0.0927131420371275
"density","DAX","STAR_SV","2018-11","gamma_severe","mu_h",0.00358418939490979
"density","DAX","STAR_SV","2018-11","gamma_mild","mu_h",-0.000781609348766143
"density","DAX","STAR_SV","2018-11","mu_y","phi_h",7.99094229239141e-06
"density","DAX","STAR_SV","2018-11","phi_y","phi_h",-5.25765060923081e-06
"density","DAX","STAR_SV","2018-11","mu_h","phi_h",-0.00140555769974314
"density","DAX","STAR_SV","2018-11","phi_h","phi_h",4.20015817861282e-05
"density","DAX","STAR_SV","2018-11","sigma_eta","phi_h",5.22808238810265e-07
"density","DAX","STAR_SV","2018-11","nu","phi_h",0.000678862058680153
"density","DAX","STAR_SV","2018-11","gamma_severe","phi_h",0.000167170060632819
"density","DAX","STAR_SV","2018-11","gamma_mild","phi_h",0.000200727456337652
"density","DAX","STAR_SV","2018-11","mu_y","sigma_eta",0.000132105829098275
"density","DAX","STAR_SV","2018-11","phi_y","sigma_eta",-4.00330241832453e-05
"density","DAX","STAR_SV","2018-11","mu_h","sigma_eta",0.0053174198628154
"density","DAX","STAR_SV","2018-11","phi_h","sigma_eta",5.22808238810265e-07
"density","DAX","STAR_SV","2018-11","sigma_eta","sigma_eta",0.00173388431708164
"density","DAX","STAR_SV","2018-11","nu","sigma_eta",0.0190847175314485
"density","DAX","STAR_SV","2018-11","gamma_severe","sigma_eta",0.0006742961586919
"density","DAX","STAR_SV","2018-11","gamma_mild","sigma_eta",0.00037319718688721
"density","DAX","STAR_SV","2018-11","mu_y","nu",-0.00119677526510457
"density","DAX","STAR_SV","2018-11","phi_y","nu",0.000979124295717233
"density","DAX","STAR_SV","2018-11","mu_h","nu",0.0927131420371275
"density","DAX","STAR_SV","2018-11","phi_h","nu",0.000678862058680153
"density","DAX","STAR_SV","2018-11","sigma_eta","nu",0.0190847175314485
"density","DAX","STAR_SV","2018-11","nu","nu",1.84799666903094
"density","DAX","STAR_SV","2018-11","gamma_severe","nu",0.0222834733305644
"density","DAX","STAR_SV","2018-11","gamma_mild","nu",0.0097197832938397
"density","DAX","STAR_SV","2018-11","mu_y","gamma_severe",9.53735752742574e-05
"density","DAX","STAR_SV","2018-11","phi_y","gamma_severe",-8.45746442114576e-05
"density","DAX","STAR_SV","2018-11","mu_h","gamma_severe",0.00358418939490979
"density","DAX","STAR_SV","2018-11","phi_h","gamma_severe",0.000167170060632819
"density","DAX","STAR_SV","2018-11","sigma_eta","gamma_severe",0.0006742961586919
"density","DAX","STAR_SV","2018-11","nu","gamma_severe",0.0222834733305644
"density","DAX","STAR_SV","2018-11","gamma_severe","gamma_severe",0.001782314445676
"density","DAX","STAR_SV","2018-11","gamma_mild","gamma_severe",0.00106176471125692
"density","DAX","STAR_SV","2018-11","mu_y","gamma_mild",0.000187685736797324
"density","DAX","STAR_SV","2018-11","phi_y","gamma_mild",-7.73954762462325e-05
"density","DAX","STAR_SV","2018-11","mu_h","gamma_mild",-0.000781609348766143
"density","DAX","STAR_SV","2018-11","phi_h","gamma_mild",0.000200727456337652
"density","DAX","STAR_SV","2018-11","sigma_eta","gamma_mild",0.00037319718688721
"density","DAX","STAR_SV","2018-11","nu","gamma_mild",0.0097197832938397
"density","DAX","STAR_SV","2018-11","gamma_severe","gamma_mild",0.00106176471125692
"density","DAX","STAR_SV","2018-11","gamma_mild","gamma_mild",0.0149990525756148
"density","DAX","STAR_SV","2018-12","mu_y","mu_y",0.000432336618418763
"density","DAX","STAR_SV","2018-12","phi_y","mu_y",-5.9525008656348e-05
"density","DAX","STAR_SV","2018-12","mu_h","mu_y",-0.00056108154363006
"density","DAX","STAR_SV","2018-12","phi_h","mu_y",1.02825574671192e-05
"density","DAX","STAR_SV","2018-12","sigma_eta","mu_y",0.000171672378018808
"density","DAX","STAR_SV","2018-12","nu","mu_y",-0.000507826672702519
"density","DAX","STAR_SV","2018-12","gamma_severe","mu_y",0.000133594435065812
"density","DAX","STAR_SV","2018-12","gamma_mild","mu_y",0.000181174668632948
"density","DAX","STAR_SV","2018-12","mu_y","phi_y",-5.9525008656348e-05
"density","DAX","STAR_SV","2018-12","phi_y","phi_y",0.000451752368868866
"density","DAX","STAR_SV","2018-12","mu_h","phi_y",-0.000219110623062598
"density","DAX","STAR_SV","2018-12","phi_h","phi_y",-7.92925769252239e-06
"density","DAX","STAR_SV","2018-12","sigma_eta","phi_y",-4.017189766739e-05
"density","DAX","STAR_SV","2018-12","nu","phi_y",-0.000860836803849829
"density","DAX","STAR_SV","2018-12","gamma_severe","phi_y",-8.55744212519388e-05
"density","DAX","STAR_SV","2018-12","gamma_mild","phi_y",-4.11743181765296e-05
"density","DAX","STAR_SV","2018-12","mu_y","mu_h",-0.00056108154363006
"density","DAX","STAR_SV","2018-12","phi_y","mu_h",-0.000219110623062598
"density","DAX","STAR_SV","2018-12","mu_h","mu_h",0.106904215563566
"density","DAX","STAR_SV","2018-12","phi_h","mu_h",-0.00130276682581809
"density","DAX","STAR_SV","2018-12","sigma_eta","mu_h",0.00550418681589197
"density","DAX","STAR_SV","2018-12","nu","mu_h",0.1346609583353
"density","DAX","STAR_SV","2018-12","gamma_severe","mu_h",0.0044404810401683
"density","DAX","STAR_SV","2018-12","gamma_mild","mu_h",0.00238262636068281
"density","DAX","STAR_SV","2018-12","mu_y","phi_h",1.02825574671192e-05
"density","DAX","STAR_SV","2018-12","phi_y","phi_h",-7.92925769252239e-06
"density","DAX","STAR_SV","2018-12","mu_h","phi_h",-0.00130276682581809
"density","DAX","STAR_SV","2018-12","phi_h","phi_h",6.30161296536355e-05
"density","DAX","STAR_SV","2018-12","sigma_eta","phi_h",-2.90395940745362e-05
"density","DAX","STAR_SV","2018-12","nu","phi_h",0.000319564617052547
"density","DAX","STAR_SV","2018-12","gamma_severe","phi_h",0.000229459483661709
"density","DAX","STAR_SV","2018-12","gamma_mild","phi_h",0.000239601902094093
"density","DAX","STAR_SV","2018-12","mu_y","sigma_eta",0.000171672378018808
"density","DAX","STAR_SV","2018-12","phi_y","sigma_eta",-4.017189766739e-05
"density","DAX","STAR_SV","2018-12","mu_h","sigma_eta",0.00550418681589197
"density","DAX","STAR_SV","2018-12","phi_h","sigma_eta",-2.90395940745362e-05
"density","DAX","STAR_SV","2018-12","sigma_eta","sigma_eta",0.00135666300253391
"density","DAX","STAR_SV","2018-12","nu","sigma_eta",0.018797371451847
"density","DAX","STAR_SV","2018-12","gamma_severe","sigma_eta",0.0006081075427843
"density","DAX","STAR_SV","2018-12","gamma_mild","sigma_eta",0.000384211510979032
"density","DAX","STAR_SV","2018-12","mu_y","nu",-0.000507826672702519
"density","DAX","STAR_SV","2018-12","phi_y","nu",-0.000860836803849829
"density","DAX","STAR_SV","2018-12","mu_h","nu",0.1346609583353
"density","DAX","STAR_SV","2018-12","phi_h","nu",0.000319564617052547
"density","DAX","STAR_SV","2018-12","sigma_eta","nu",0.018797371451847
"density","DAX","STAR_SV","2018-12","nu","nu",1.77438974484579
"density","DAX","STAR_SV","2018-12","gamma_severe","nu",0.0255179104444929
"density","DAX","STAR_SV","2018-12","gamma_mild","nu",0.018893293983923
"density","DAX","STAR_SV","2018-12","mu_y","gamma_severe",0.000133594435065812
"density","DAX","STAR_SV","2018-12","phi_y","gamma_severe",-8.55744212519388e-05
"density","DAX","STAR_SV","2018-12","mu_h","gamma_severe",0.0044404810401683
"density","DAX","STAR_SV","2018-12","phi_h","gamma_severe",0.000229459483661709
"density","DAX","STAR_SV","2018-12","sigma_eta","gamma_severe",0.0006081075427843
"density","DAX","STAR_SV","2018-12","nu","gamma_severe",0.0255179104444929
"density","DAX","STAR_SV","2018-12","gamma_severe","gamma_severe",0.00212857848134772
"density","DAX","STAR_SV","2018-12","gamma_mild","gamma_severe",0.00154032135246112
"density","DAX","STAR_SV","2018-12","mu_y","gamma_mild",0.000181174668632948
"density","DAX","STAR_SV","2018-12","phi_y","gamma_mild",-4.11743181765296e-05
"density","DAX","STAR_SV","2018-12","mu_h","gamma_mild",0.00238262636068281
"density","DAX","STAR_SV","2018-12","phi_h","gamma_mild",0.000239601902094093
"density","DAX","STAR_SV","2018-12","sigma_eta","gamma_mild",0.000384211510979032
"density","DAX","STAR_SV","2018-12","nu","gamma_mild",0.018893293983923
"density","DAX","STAR_SV","2018-12","gamma_severe","gamma_mild",0.00154032135246112
"density","DAX","STAR_SV","2018-12","gamma_mild","gamma_mild",0.0117072435311745
"density","DAX","STAR_SV","2019-01","mu_y","mu_y",0.00045169323564607
"density","DAX","STAR_SV","2019-01","phi_y","mu_y",-5.62808538115494e-05
"density","DAX","STAR_SV","2019-01","mu_h","mu_y",-0.00132337081400313
"density","DAX","STAR_SV","2019-01","phi_h","mu_y",1.18618616747462e-05
"density","DAX","STAR_SV","2019-01","sigma_eta","mu_y",0.000117733092810637
"density","DAX","STAR_SV","2019-01","nu","mu_y",-0.00190744604493734
"density","DAX","STAR_SV","2019-01","gamma_severe","mu_y",7.45766054031025e-05
"density","DAX","STAR_SV","2019-01","gamma_mild","mu_y",8.0782406375077e-05
"density","DAX","STAR_SV","2019-01","mu_y","phi_y",-5.62808538115494e-05
"density","DAX","STAR_SV","2019-01","phi_y","phi_y",0.000505487081210146
"density","DAX","STAR_SV","2019-01","mu_h","phi_y",-0.000449506075974194
"density","DAX","STAR_SV","2019-01","phi_h","phi_y",-4.03866969291232e-06
"density","DAX","STAR_SV","2019-01","sigma_eta","phi_y",-2.78382598245474e-05
"density","DAX","STAR_SV","2019-01","nu","phi_y",0.00139863355569268
"density","DAX","STAR_SV","2019-01","gamma_severe","phi_y",-7.27920676178573e-05
"density","DAX","STAR_SV","2019-01","gamma_mild","phi_y",-0.000122081196093885
"density","DAX","STAR_SV","2019-01","mu_y","mu_h",-0.00132337081400313
"density","DAX","STAR_SV","2019-01","phi_y","mu_h",-0.000449506075974194
"density","DAX","STAR_SV","2019-01","mu_h","mu_h",0.106935371546609
"density","DAX","STAR_SV","2019-01","phi_h","mu_h",-0.00128248361344568
"density","DAX","STAR_SV","2019-01","sigma_eta","mu_h",0.00450552914572612
"density","DAX","STAR_SV","2019-01","nu","mu_h",0.102076510212848
"density","DAX","STAR_SV","2019-01","gamma_severe","mu_h",0.00290137296838132
"density","DAX","STAR_SV","2019-01","gamma_mild","mu_h",0.00180905604053997
"density","DAX","STAR_SV","2019-01","mu_y","phi_h",1.18618616747462e-05
"density","DAX","STAR_SV","2019-01","phi_y","phi_h",-4.03866969291232e-06
"density","DAX","STAR_SV","2019-01","mu_h","phi_h",-0.00128248361344568
"density","DAX","STAR_SV","2019-01","phi_h","phi_h",5.51749401071255e-05
"density","DAX","STAR_SV","2019-01","sigma_eta","phi_h",-9.82734200331754e-06
"density","DAX","STAR_SV","2019-01","nu","phi_h",0.000518232792157325
"density","DAX","STAR_SV","2019-01","gamma_severe","phi_h",0.000217605668557836
"density","DAX","STAR_SV","2019-01","gamma_mild","phi_h",0.000220889980291225
"density","DAX","STAR_SV","2019-01","mu_y","sigma_eta",0.000117733092810637
"density","DAX","STAR_SV","2019-01","phi_y","sigma_eta",-2.78382598245474e-05
"density","DAX","STAR_SV","2019-01","mu_h","sigma_eta",0.00450552914572612
"density","DAX","STAR_SV","2019-01","phi_h","sigma_eta",-9.82734200331754e-06
"density","DAX","STAR_SV","2019-01","sigma_eta","sigma_eta",0.00152256654527012
"density","DAX","STAR_SV","2019-01","nu","sigma_eta",0.0186324391027695
"density","DAX","STAR_SV","2019-01","gamma_severe","sigma_eta",0.000569413905276628
"density","DAX","STAR_SV","2019-01","gamma_mild","sigma_eta",0.000395034284466959
"density","DAX","STAR_SV","2019-01","mu_y","nu",-0.00190744604493734
"density","DAX","STAR_SV","2019-01","phi_y","nu",0.00139863355569268
"density","DAX","STAR_SV","2019-01","mu_h","nu",0.102076510212848
"density","DAX","STAR_SV","2019-01","phi_h","nu",0.000518232792157325
"density","DAX","STAR_SV","2019-01","sigma_eta","nu",0.0186324391027695
"density","DAX","STAR_SV","2019-01","nu","nu",1.91728895574427
"density","DAX","STAR_SV","2019-01","gamma_severe","nu",0.0229366444874539
"density","DAX","STAR_SV","2019-01","gamma_mild","nu",0.0141899139049567
"density","DAX","STAR_SV","2019-01","mu_y","gamma_severe",7.45766054031025e-05
"density","DAX","STAR_SV","2019-01","phi_y","gamma_severe",-7.27920676178573e-05
"density","DAX","STAR_SV","2019-01","mu_h","gamma_severe",0.00290137296838132
"density","DAX","STAR_SV","2019-01","phi_h","gamma_severe",0.000217605668557836
"density","DAX","STAR_SV","2019-01","sigma_eta","gamma_severe",0.000569413905276628
"density","DAX","STAR_SV","2019-01","nu","gamma_severe",0.0229366444874539
"density","DAX","STAR_SV","2019-01","gamma_severe","gamma_severe",0.00192512560442636
"density","DAX","STAR_SV","2019-01","gamma_mild","gamma_severe",0.00127912292829729
"density","DAX","STAR_SV","2019-01","mu_y","gamma_mild",8.0782406375077e-05
"density","DAX","STAR_SV","2019-01","phi_y","gamma_mild",-0.000122081196093885
"density","DAX","STAR_SV","2019-01","mu_h","gamma_mild",0.00180905604053997
"density","DAX","STAR_SV","2019-01","phi_h","gamma_mild",0.000220889980291225
"density","DAX","STAR_SV","2019-01","sigma_eta","gamma_mild",0.000395034284466959
"density","DAX","STAR_SV","2019-01","nu","gamma_mild",0.0141899139049567
"density","DAX","STAR_SV","2019-01","gamma_severe","gamma_mild",0.00127912292829729
"density","DAX","STAR_SV","2019-01","gamma_mild","gamma_mild",0.0134470735453268
"density","DAX","STAR_SV","2019-02","mu_y","mu_y",0.00041538657477265
"density","DAX","STAR_SV","2019-02","phi_y","mu_y",-6.00996452990417e-05
"density","DAX","STAR_SV","2019-02","mu_h","mu_y",-0.000775116481667883
"density","DAX","STAR_SV","2019-02","phi_h","mu_y",4.30524973804702e-06
"density","DAX","STAR_SV","2019-02","sigma_eta","mu_y",0.000171860564623351
"density","DAX","STAR_SV","2019-02","nu","mu_y",-0.000684271824375693
"density","DAX","STAR_SV","2019-02","gamma_severe","mu_y",8.34049631549706e-05
"density","DAX","STAR_SV","2019-02","gamma_mild","mu_y",0.000155643083331656
"density","DAX","STAR_SV","2019-02","mu_y","phi_y",-6.00996452990417e-05
"density","DAX","STAR_SV","2019-02","phi_y","phi_y",0.000474425398177214
"density","DAX","STAR_SV","2019-02","mu_h","phi_y",-0.000511432758591958
"density","DAX","STAR_SV","2019-02","phi_h","phi_y",-3.40918590112977e-06
"density","DAX","STAR_SV","2019-02","sigma_eta","phi_y",-7.80759897861557e-05
"density","DAX","STAR_SV","2019-02","nu","phi_y",0.0015655672158092
"density","DAX","STAR_SV","2019-02","gamma_severe","phi_y",-8.00641185265755e-05
"density","DAX","STAR_SV","2019-02","gamma_mild","phi_y",-5.21321160380548e-05
"density","DAX","STAR_SV","2019-02","mu_y","mu_h",-0.000775116481667883
"density","DAX","STAR_SV","2019-02","phi_y","mu_h",-0.000511432758591958
"density","DAX","STAR_SV","2019-02","mu_h","mu_h",0.171535931706939
"density","DAX","STAR_SV","2019-02","phi_h","mu_h",-0.00224663506340803
"density","DAX","STAR_SV","2019-02","sigma_eta","mu_h",0.00865928215773279
"density","DAX","STAR_SV","2019-02","nu","mu_h",0.12205038176237
"density","DAX","STAR_SV","2019-02","gamma_severe","mu_h",0.00358469063402255
"density","DAX","STAR_SV","2019-02","gamma_mild","mu_h",-0.00307967248265269
"density","DAX","STAR_SV","2019-02","mu_y","phi_h",4.30524973804702e-06
"density","DAX","STAR_SV","2019-02","phi_y","phi_h",-3.40918590112977e-06
"density","DAX","STAR_SV","2019-02","mu_h","phi_h",-0.00224663506340803
"density","DAX","STAR_SV","2019-02","phi_h","phi_h",6.09844550248184e-05
"density","DAX","STAR_SV","2019-02","sigma_eta","phi_h",-6.66921969778966e-05
"density","DAX","STAR_SV","2019-02","nu","phi_h",-0.000790993207774283
"density","DAX","STAR_SV","2019-02","gamma_severe","phi_h",0.00016414608550745
"density","DAX","STAR_SV","2019-02","gamma_mild","phi_h",0.000255683550723539
"density","DAX","STAR_SV","2019-02","mu_y","sigma_eta",0.000171860564623351
"density","DAX","STAR_SV","2019-02","phi_y","sigma_eta",-7.80759897861557e-05
"density","DAX","STAR_SV","2019-02","mu_h","sigma_eta",0.00865928215773279
"density","DAX","STAR_SV","2019-02","phi_h","sigma_eta",-6.66921969778966e-05
"density","DAX","STAR_SV","2019-02","sigma_eta","sigma_eta",0.00225944347209044
"density","DAX","STAR_SV","2019-02","nu","sigma_eta",0.0220080204182248
"density","DAX","STAR_SV","2019-02","gamma_severe","sigma_eta",0.0007118432114679
"density","DAX","STAR_SV","2019-02","gamma_mild","sigma_eta",0.000387143328112973
"density","DAX","STAR_SV","2019-02","mu_y","nu",-0.000684271824375693
"density","DAX","STAR_SV","2019-02","phi_y","nu",0.0015655672158092
"density","DAX","STAR_SV","2019-02","mu_h","nu",0.12205038176237
"density","DAX","STAR_SV","2019-02","phi_h","nu",-0.000790993207774283
"density","DAX","STAR_SV","2019-02","sigma_eta","nu",0.0220080204182248
"density","DAX","STAR_SV","2019-02","nu","nu",1.48458816582121
"density","DAX","STAR_SV","2019-02","gamma_severe","nu",0.0168352443039809
"density","DAX","STAR_SV","2019-02","gamma_mild","nu",0.0108150478847829
"density","DAX","STAR_SV","2019-02","mu_y","gamma_severe",8.34049631549706e-05
"density","DAX","STAR_SV","2019-02","phi_y","gamma_severe",-8.00641185265755e-05
"density","DAX","STAR_SV","2019-02","mu_h","gamma_severe",0.00358469063402255
"density","DAX","STAR_SV","2019-02","phi_h","gamma_severe",0.00016414608550745
"density","DAX","STAR_SV","2019-02","sigma_eta","gamma_severe",0.0007118432114679
"density","DAX","STAR_SV","2019-02","nu","gamma_severe",0.0168352443039809
"density","DAX","STAR_SV","2019-02","gamma_severe","gamma_severe",0.00177317554126391
"density","DAX","STAR_SV","2019-02","gamma_mild","gamma_severe",0.00100282543672581
"density","DAX","STAR_SV","2019-02","mu_y","gamma_mild",0.000155643083331656
"density","DAX","STAR_SV","2019-02","phi_y","gamma_mild",-5.21321160380548e-05
"density","DAX","STAR_SV","2019-02","mu_h","gamma_mild",-0.00307967248265269
"density","DAX","STAR_SV","2019-02","phi_h","gamma_mild",0.000255683550723539
"density","DAX","STAR_SV","2019-02","sigma_eta","gamma_mild",0.000387143328112973
"density","DAX","STAR_SV","2019-02","nu","gamma_mild",0.0108150478847829
"density","DAX","STAR_SV","2019-02","gamma_severe","gamma_mild",0.00100282543672581
"density","DAX","STAR_SV","2019-02","gamma_mild","gamma_mild",0.0182840439780016
"density","DAX","STAR_SV","2019-03","mu_y","mu_y",0.000412978393192447
"density","DAX","STAR_SV","2019-03","phi_y","mu_y",-6.31882689517561e-05
"density","DAX","STAR_SV","2019-03","mu_h","mu_y",-0.000857872491743564
"density","DAX","STAR_SV","2019-03","phi_h","mu_y",1.07242929861107e-05
"density","DAX","STAR_SV","2019-03","sigma_eta","mu_y",0.000136148359356021
"density","DAX","STAR_SV","2019-03","nu","mu_y",-0.000349944044984189
"density","DAX","STAR_SV","2019-03","gamma_severe","mu_y",0.00011541872165832
"density","DAX","STAR_SV","2019-03","gamma_mild","mu_y",9.72996248150686e-05
"density","DAX","STAR_SV","2019-03","mu_y","phi_y",-6.31882689517561e-05
"density","DAX","STAR_SV","2019-03","phi_y","phi_y",0.000501384494447386
"density","DAX","STAR_SV","2019-03","mu_h","phi_y",-0.000289048769893054
"density","DAX","STAR_SV","2019-03","phi_h","phi_y",-5.86938930228145e-06
"density","DAX","STAR_SV","2019-03","sigma_eta","phi_y",-3.10545446407148e-05
"density","DAX","STAR_SV","2019-03","nu","phi_y",0.00136407738670298
"density","DAX","STAR_SV","2019-03","gamma_severe","phi_y",-8.33271571774442e-05
"density","DAX","STAR_SV","2019-03","gamma_mild","phi_y",-9.28996191232529e-06
"density","DAX","STAR_SV","2019-03","mu_y","mu_h",-0.000857872491743564
"density","DAX","STAR_SV","2019-03","phi_y","mu_h",-0.000289048769893054
"density","DAX","STAR_SV","2019-03","mu_h","mu_h",0.136789822132903
"density","DAX","STAR_SV","2019-03","phi_h","mu_h",-0.00161120048253097
"density","DAX","STAR_SV","2019-03","sigma_eta","mu_h",0.00588560950379587
"density","DAX","STAR_SV","2019-03","nu","mu_h",0.0966377328728084
"density","DAX","STAR_SV","2019-03","gamma_severe","mu_h",0.00438253457947539
"density","DAX","STAR_SV","2019-03","gamma_mild","mu_h",0.00124913483002969
"density","DAX","STAR_SV","2019-03","mu_y","phi_h",1.07242929861107e-05
"density","DAX","STAR_SV","2019-03","phi_y","phi_h",-5.86938930228145e-06
"density","DAX","STAR_SV","2019-03","mu_h","phi_h",-0.00161120048253097
"density","DAX","STAR_SV","2019-03","phi_h","phi_h",5.67236059897158e-05
"density","DAX","STAR_SV","2019-03","sigma_eta","phi_h",-2.73435427041962e-05
"density","DAX","STAR_SV","2019-03","nu","phi_h",4.98331569188368e-05
"density","DAX","STAR_SV","2019-03","gamma_severe","phi_h",0.00018894179753991
"density","DAX","STAR_SV","2019-03","gamma_mild","phi_h",0.000231313230957255
"density","DAX","STAR_SV","2019-03","mu_y","sigma_eta",0.000136148359356021
"density","DAX","STAR_SV","2019-03","phi_y","sigma_eta",-3.10545446407148e-05
"density","DAX","STAR_SV","2019-03","mu_h","sigma_eta",0.00588560950379587
"density","DAX","STAR_SV","2019-03","phi_h","sigma_eta",-2.73435427041962e-05
"density","DAX","STAR_SV","2019-03","sigma_eta","sigma_eta",0.00151261379094411
"density","DAX","STAR_SV","2019-03","nu","sigma_eta",0.0172087689852046
"density","DAX","STAR_SV","2019-03","gamma_severe","sigma_eta",0.00063491070419211
"density","DAX","STAR_SV","2019-03","gamma_mild","sigma_eta",0.000313511087207099
"density","DAX","STAR_SV","2019-03","mu_y","nu",-0.000349944044984189
"density","DAX","STAR_SV","2019-03","phi_y","nu",0.00136407738670298
"density","DAX","STAR_SV","2019-03","mu_h","nu",0.0966377328728084
"density","DAX","STAR_SV","2019-03","phi_h","nu",4.98331569188368e-05
"density","DAX","STAR_SV","2019-03","sigma_eta","nu",0.0172087689852046
"density","DAX","STAR_SV","2019-03","nu","nu",1.55495428678692
"density","DAX","STAR_SV","2019-03","gamma_severe","nu",0.0196123564205608
"density","DAX","STAR_SV","2019-03","gamma_mild","nu",0.010511248686919
"density","DAX","STAR_SV","2019-03","mu_y","gamma_severe",0.00011541872165832
"density","DAX","STAR_SV","2019-03","phi_y","gamma_severe",-8.33271571774442e-05
"density","DAX","STAR_SV","2019-03","mu_h","gamma_severe",0.00438253457947539
"density","DAX","STAR_SV","2019-03","phi_h","gamma_severe",0.00018894179753991
"density","DAX","STAR_SV","2019-03","sigma_eta","gamma_severe",0.00063491070419211
"density","DAX","STAR_SV","2019-03","nu","gamma_severe",0.0196123564205608
"density","DAX","STAR_SV","2019-03","gamma_severe","gamma_severe",0.00194025712620899
"density","DAX","STAR_SV","2019-03","gamma_mild","gamma_severe",0.00129622801701995
"density","DAX","STAR_SV","2019-03","mu_y","gamma_mild",9.72996248150686e-05
"density","DAX","STAR_SV","2019-03","phi_y","gamma_mild",-9.28996191232529e-06
"density","DAX","STAR_SV","2019-03","mu_h","gamma_mild",0.00124913483002969
"density","DAX","STAR_SV","2019-03","phi_h","gamma_mild",0.000231313230957255
"density","DAX","STAR_SV","2019-03","sigma_eta","gamma_mild",0.000313511087207099
"density","DAX","STAR_SV","2019-03","nu","gamma_mild",0.010511248686919
"density","DAX","STAR_SV","2019-03","gamma_severe","gamma_mild",0.00129622801701995
"density","DAX","STAR_SV","2019-03","gamma_mild","gamma_mild",0.0144542882805231
"density","DAX","STAR_SV","2019-04","mu_y","mu_y",0.000437117165547167
"density","DAX","STAR_SV","2019-04","phi_y","mu_y",-5.86789697026853e-05
"density","DAX","STAR_SV","2019-04","mu_h","mu_y",0.000350343823718409
"density","DAX","STAR_SV","2019-04","phi_h","mu_y",-5.8810239873483e-06
"density","DAX","STAR_SV","2019-04","sigma_eta","mu_y",0.000202057740406025
"density","DAX","STAR_SV","2019-04","nu","mu_y",-8.35494363935471e-05
"density","DAX","STAR_SV","2019-04","gamma_severe","mu_y",0.000138171201310716
"density","DAX","STAR_SV","2019-04","gamma_mild","mu_y",-5.77899776959736e-06
"density","DAX","STAR_SV","2019-04","mu_y","phi_y",-5.86789697026853e-05
"density","DAX","STAR_SV","2019-04","phi_y","phi_y",0.000485996986936398
"density","DAX","STAR_SV","2019-04","mu_h","phi_y",-0.000417745660992047
"density","DAX","STAR_SV","2019-04","phi_h","phi_y",-9.06004393914542e-07
"density","DAX","STAR_SV","2019-04","sigma_eta","phi_y",-4.9106639000138e-05
"density","DAX","STAR_SV","2019-04","nu","phi_y",8.51977008233166e-05
"density","DAX","STAR_SV","2019-04","gamma_severe","phi_y",-5.69687409769753e-05
"density","DAX","STAR_SV","2019-04","gamma_mild","phi_y",-9.56472570166032e-05
"density","DAX","STAR_SV","2019-04","mu_y","mu_h",0.000350343823718409
"density","DAX","STAR_SV","2019-04","phi_y","mu_h",-0.000417745660992047
"density","DAX","STAR_SV","2019-04","mu_h","mu_h",0.113317446621071
"density","DAX","STAR_SV","2019-04","phi_h","mu_h",-0.00131653808647996
"density","DAX","STAR_SV","2019-04","sigma_eta","mu_h",0.00654805420080254
"density","DAX","STAR_SV","2019-04","nu","mu_h",0.146310345551843
"density","DAX","STAR_SV","2019-04","gamma_severe","mu_h",0.0063193754748734
"density","DAX","STAR_SV","2019-04","gamma_mild","mu_h",0.00304359645871966
"density","DAX","STAR_SV","2019-04","mu_y","phi_h",-5.8810239873483e-06
"density","DAX","STAR_SV","2019-04","phi_y","phi_h",-9.06004393914542e-07
"density","DAX","STAR_SV","2019-04","mu_h","phi_h",-0.00131653808647996
"density","DAX","STAR_SV","2019-04","phi_h","phi_h",6.9370845319492e-05
"density","DAX","STAR_SV","2019-04","sigma_eta","phi_h",-6.60291227211719e-05
"density","DAX","STAR_SV","2019-04","nu","phi_h",-0.000141309822081799
"density","DAX","STAR_SV","2019-04","gamma_severe","phi_h",0.000224632610897452
"density","DAX","STAR_SV","2019-04","gamma_mild","phi_h",0.000244937934951479
"density","DAX","STAR_SV","2019-04","mu_y","sigma_eta",0.000202057740406025
"density","DAX","STAR_SV","2019-04","phi_y","sigma_eta",-4.9106639000138e-05
"density","DAX","STAR_SV","2019-04","mu_h","sigma_eta",0.00654805420080254
"density","DAX","STAR_SV","2019-04","phi_h","sigma_eta",-6.60291227211719e-05
"density","DAX","STAR_SV","2019-04","sigma_eta","sigma_eta",0.00128450579045789
"density","DAX","STAR_SV","2019-04","nu","sigma_eta",0.0185512377828788
"density","DAX","STAR_SV","2019-04","gamma_severe","sigma_eta",0.000550139429090734
"density","DAX","STAR_SV","2019-04","gamma_mild","sigma_eta",0.000274123866835586
"density","DAX","STAR_SV","2019-04","mu_y","nu",-8.35494363935471e-05
"density","DAX","STAR_SV","2019-04","phi_y","nu",8.51977008233166e-05
"density","DAX","STAR_SV","2019-04","mu_h","nu",0.146310345551843
"density","DAX","STAR_SV","2019-04","phi_h","nu",-0.000141309822081799
"density","DAX","STAR_SV","2019-04","sigma_eta","nu",0.0185512377828788
"density","DAX","STAR_SV","2019-04","nu","nu",1.88486940049182
"density","DAX","STAR_SV","2019-04","gamma_severe","nu",0.0256863076837058
"density","DAX","STAR_SV","2019-04","gamma_mild","nu",0.0186872233345831
"density","DAX","STAR_SV","2019-04","mu_y","gamma_severe",0.000138171201310716
"density","DAX","STAR_SV","2019-04","phi_y","gamma_severe",-5.69687409769753e-05
"density","DAX","STAR_SV","2019-04","mu_h","gamma_severe",0.0063193754748734
"density","DAX","STAR_SV","2019-04","phi_h","gamma_severe",0.000224632610897452
"density","DAX","STAR_SV","2019-04","sigma_eta","gamma_severe",0.000550139429090734
"density","DAX","STAR_SV","2019-04","nu","gamma_severe",0.0256863076837058
"density","DAX","STAR_SV","2019-04","gamma_severe","gamma_severe",0.00225507456604819
"density","DAX","STAR_SV","2019-04","gamma_mild","gamma_severe",0.00145551810213304
"density","DAX","STAR_SV","2019-04","mu_y","gamma_mild",-5.77899776959736e-06
"density","DAX","STAR_SV","2019-04","phi_y","gamma_mild",-9.56472570166032e-05
"density","DAX","STAR_SV","2019-04","mu_h","gamma_mild",0.00304359645871966
"density","DAX","STAR_SV","2019-04","phi_h","gamma_mild",0.000244937934951479
"density","DAX","STAR_SV","2019-04","sigma_eta","gamma_mild",0.000274123866835586
"density","DAX","STAR_SV","2019-04","nu","gamma_mild",0.0186872233345831
"density","DAX","STAR_SV","2019-04","gamma_severe","gamma_mild",0.00145551810213304
"density","DAX","STAR_SV","2019-04","gamma_mild","gamma_mild",0.0115552826144664
"density","DAX","STAR_SV","2019-05","mu_y","mu_y",0.000421609922096751
"density","DAX","STAR_SV","2019-05","phi_y","mu_y",-6.7062418437183e-05
"density","DAX","STAR_SV","2019-05","mu_h","mu_y",-0.000199447750202543
"density","DAX","STAR_SV","2019-05","phi_h","mu_y",6.06569449066845e-06
"density","DAX","STAR_SV","2019-05","sigma_eta","mu_y",0.000173417801530024
"density","DAX","STAR_SV","2019-05","nu","mu_y",-9.02892481605555e-06
"density","DAX","STAR_SV","2019-05","gamma_severe","mu_y",0.000156249362795407
"density","DAX","STAR_SV","2019-05","gamma_mild","mu_y",5.50801667717767e-05
"density","DAX","STAR_SV","2019-05","mu_y","phi_y",-6.7062418437183e-05
"density","DAX","STAR_SV","2019-05","phi_y","phi_y",0.000478361667777659
"density","DAX","STAR_SV","2019-05","mu_h","phi_y",-0.00043431271366386
"density","DAX","STAR_SV","2019-05","phi_h","phi_y",2.19506636402411e-06
"density","DAX","STAR_SV","2019-05","sigma_eta","phi_y",-4.54580022891673e-05
"density","DAX","STAR_SV","2019-05","nu","phi_y",0.000312919094610914
"density","DAX","STAR_SV","2019-05","gamma_severe","phi_y",-4.98719045101262e-05
"density","DAX","STAR_SV","2019-05","gamma_mild","phi_y",-9.10573538326858e-05
"density","DAX","STAR_SV","2019-05","mu_y","mu_h",-0.000199447750202543
"density","DAX","STAR_SV","2019-05","phi_y","mu_h",-0.00043431271366386
"density","DAX","STAR_SV","2019-05","mu_h","mu_h",0.112789132285314
"density","DAX","STAR_SV","2019-05","phi_h","mu_h",-0.00138806336806292
"density","DAX","STAR_SV","2019-05","sigma_eta","mu_h",0.00532157591572213
"density","DAX","STAR_SV","2019-05","nu","mu_h",0.0758187741860474
"density","DAX","STAR_SV","2019-05","gamma_severe","mu_h",0.00470288714112782
"density","DAX","STAR_SV","2019-05","gamma_mild","mu_h",0.00210478338991858
"density","DAX","STAR_SV","2019-05","mu_y","phi_h",6.06569449066845e-06
"density","DAX","STAR_SV","2019-05","phi_y","phi_h",2.19506636402411e-06
"density","DAX","STAR_SV","2019-05","mu_h","phi_h",-0.00138806336806292
"density","DAX","STAR_SV","2019-05","phi_h","phi_h",6.07538177358312e-05
"density","DAX","STAR_SV","2019-05","sigma_eta","phi_h",-4.57404947509483e-05
"density","DAX","STAR_SV","2019-05","nu","phi_h",0.000765904526641723
"density","DAX","STAR_SV","2019-05","gamma_severe","phi_h",0.000204099730371721
"density","DAX","STAR_SV","2019-05","gamma_mild","phi_h",0.000224725903264545
"density","DAX","STAR_SV","2019-05","mu_y","sigma_eta",0.000173417801530024
"density","DAX","STAR_SV","2019-05","phi_y","sigma_eta",-4.54580022891673e-05
"density","DAX","STAR_SV","2019-05","mu_h","sigma_eta",0.00532157591572213
"density","DAX","STAR_SV","2019-05","phi_h","sigma_eta",-4.57404947509483e-05
"density","DAX","STAR_SV","2019-05","sigma_eta","sigma_eta",0.00130703482308328
"density","DAX","STAR_SV","2019-05","nu","sigma_eta",0.0160182584160092
"density","DAX","STAR_SV","2019-05","gamma_severe","sigma_eta",0.000509054945132552
"density","DAX","STAR_SV","2019-05","gamma_mild","sigma_eta",0.00022328126695772
"density","DAX","STAR_SV","2019-05","mu_y","nu",-9.02892481605555e-06
"density","DAX","STAR_SV","2019-05","phi_y","nu",0.000312919094610914
"density","DAX","STAR_SV","2019-05","mu_h","nu",0.0758187741860474
"density","DAX","STAR_SV","2019-05","phi_h","nu",0.000765904526641723
"density","DAX","STAR_SV","2019-05","sigma_eta","nu",0.0160182584160092
"density","DAX","STAR_SV","2019-05","nu","nu",1.81103297582734
"density","DAX","STAR_SV","2019-05","gamma_severe","nu",0.023032263376651
"density","DAX","STAR_SV","2019-05","gamma_mild","nu",0.0188158554561534
"density","DAX","STAR_SV","2019-05","mu_y","gamma_severe",0.000156249362795407
"density","DAX","STAR_SV","2019-05","phi_y","gamma_severe",-4.98719045101262e-05
"density","DAX","STAR_SV","2019-05","mu_h","gamma_severe",0.00470288714112782
"density","DAX","STAR_SV","2019-05","phi_h","gamma_severe",0.000204099730371721
"density","DAX","STAR_SV","2019-05","sigma_eta","gamma_severe",0.000509054945132552
"density","DAX","STAR_SV","2019-05","nu","gamma_severe",0.023032263376651
"density","DAX","STAR_SV","2019-05","gamma_severe","gamma_severe",0.00204518206878191
"density","DAX","STAR_SV","2019-05","gamma_mild","gamma_severe",0.0013440014990292
"density","DAX","STAR_SV","2019-05","mu_y","gamma_mild",5.50801667717767e-05
"density","DAX","STAR_SV","2019-05","phi_y","gamma_mild",-9.10573538326858e-05
"density","DAX","STAR_SV","2019-05","mu_h","gamma_mild",0.00210478338991858
"density","DAX","STAR_SV","2019-05","phi_h","gamma_mild",0.000224725903264545
"density","DAX","STAR_SV","2019-05","sigma_eta","gamma_mild",0.00022328126695772
"density","DAX","STAR_SV","2019-05","nu","gamma_mild",0.0188158554561534
"density","DAX","STAR_SV","2019-05","gamma_severe","gamma_mild",0.0013440014990292
"density","DAX","STAR_SV","2019-05","gamma_mild","gamma_mild",0.0128968125928611
"density","DAX","STAR_SV","2019-06","mu_y","mu_y",0.0003948467876684
"density","DAX","STAR_SV","2019-06","phi_y","mu_y",-5.4406995131142e-05
"density","DAX","STAR_SV","2019-06","mu_h","mu_y",-0.00080119406205028
"density","DAX","STAR_SV","2019-06","phi_h","mu_y",4.02154305031762e-06
"density","DAX","STAR_SV","2019-06","sigma_eta","mu_y",0.000159766159886786
"density","DAX","STAR_SV","2019-06","nu","mu_y",-0.000193647565068435
"density","DAX","STAR_SV","2019-06","gamma_severe","mu_y",7.45870468019918e-05
"density","DAX","STAR_SV","2019-06","gamma_mild","mu_y",0.000111447342033505
"density","DAX","STAR_SV","2019-06","mu_y","phi_y",-5.4406995131142e-05
"density","DAX","STAR_SV","2019-06","phi_y","phi_y",0.000481978256289253
"density","DAX","STAR_SV","2019-06","mu_h","phi_y",-5.05347029441596e-05
"density","DAX","STAR_SV","2019-06","phi_h","phi_y",-8.67854014386009e-06
"density","DAX","STAR_SV","2019-06","sigma_eta","phi_y",-3.10982796651814e-05
"density","DAX","STAR_SV","2019-06","nu","phi_y",0.000541777433509497
"density","DAX","STAR_SV","2019-06","gamma_severe","phi_y",-6.10947898118056e-05
"density","DAX","STAR_SV","2019-06","gamma_mild","phi_y",-0.000210960126980619
"density","DAX","STAR_SV","2019-06","mu_y","mu_h",-0.00080119406205028
"density","DAX","STAR_SV","2019-06","phi_y","mu_h",-5.05347029441596e-05
"density","DAX","STAR_SV","2019-06","mu_h","mu_h",0.179536882889632
"density","DAX","STAR_SV","2019-06","phi_h","mu_h",-0.0021407078701797
"density","DAX","STAR_SV","2019-06","sigma_eta","mu_h",0.0085299216394172
"density","DAX","STAR_SV","2019-06","nu","mu_h",0.136228572367276
"density","DAX","STAR_SV","2019-06","gamma_severe","mu_h",0.00516192588024703
"density","DAX","STAR_SV","2019-06","gamma_mild","mu_h",-0.000503143984275171
"density","DAX","STAR_SV","2019-06","mu_y","phi_h",4.02154305031762e-06
"density","DAX","STAR_SV","2019-06","phi_y","phi_h",-8.67854014386009e-06
"density","DAX","STAR_SV","2019-06","mu_h","phi_h",-0.0021407078701797
"density","DAX","STAR_SV","2019-06","phi_h","phi_h",5.77694278070718e-05
"density","DAX","STAR_SV","2019-06","sigma_eta","phi_h",-5.78288338788321e-05
"density","DAX","STAR_SV","2019-06","nu","phi_h",-0.000447196983389223
"density","DAX","STAR_SV","2019-06","gamma_severe","phi_h",0.000153709918525036
"density","DAX","STAR_SV","2019-06","gamma_mild","phi_h",0.000225947175835486
"density","DAX","STAR_SV","2019-06","mu_y","sigma_eta",0.000159766159886786
"density","DAX","STAR_SV","2019-06","phi_y","sigma_eta",-3.10982796651814e-05
"density","DAX","STAR_SV","2019-06","mu_h","sigma_eta",0.0085299216394172
"density","DAX","STAR_SV","2019-06","phi_h","sigma_eta",-5.78288338788321e-05
"density","DAX","STAR_SV","2019-06","sigma_eta","sigma_eta",0.00189199981549052
"density","DAX","STAR_SV","2019-06","nu","sigma_eta",0.0199944085129095
"density","DAX","STAR_SV","2019-06","gamma_severe","sigma_eta",0.00072166681201447
"density","DAX","STAR_SV","2019-06","gamma_mild","sigma_eta",0.000374952382784938
"density","DAX","STAR_SV","2019-06","mu_y","nu",-0.000193647565068435
"density","DAX","STAR_SV","2019-06","phi_y","nu",0.000541777433509497
"density","DAX","STAR_SV","2019-06","mu_h","nu",0.136228572367276
"density","DAX","STAR_SV","2019-06","phi_h","nu",-0.000447196983389223
"density","DAX","STAR_SV","2019-06","sigma_eta","nu",0.0199944085129095
"density","DAX","STAR_SV","2019-06","nu","nu",1.33424161448706
"density","DAX","STAR_SV","2019-06","gamma_severe","nu",0.0201879453311407
"density","DAX","STAR_SV","2019-06","gamma_mild","nu",0.00848768726574503
"density","DAX","STAR_SV","2019-06","mu_y","gamma_severe",7.45870468019918e-05
"density","DAX","STAR_SV","2019-06","phi_y","gamma_severe",-6.10947898118056e-05
"density","DAX","STAR_SV","2019-06","mu_h","gamma_severe",0.00516192588024703
"density","DAX","STAR_SV","2019-06","phi_h","gamma_severe",0.000153709918525036
"density","DAX","STAR_SV","2019-06","sigma_eta","gamma_severe",0.00072166681201447
"density","DAX","STAR_SV","2019-06","nu","gamma_severe",0.0201879453311407
"density","DAX","STAR_SV","2019-06","gamma_severe","gamma_severe",0.00185736502392477
"density","DAX","STAR_SV","2019-06","gamma_mild","gamma_severe",0.00111354085916086
"density","DAX","STAR_SV","2019-06","mu_y","gamma_mild",0.000111447342033505
"density","DAX","STAR_SV","2019-06","phi_y","gamma_mild",-0.000210960126980619
"density","DAX","STAR_SV","2019-06","mu_h","gamma_mild",-0.000503143984275171
"density","DAX","STAR_SV","2019-06","phi_h","gamma_mild",0.000225947175835486
"density","DAX","STAR_SV","2019-06","sigma_eta","gamma_mild",0.000374952382784938
"density","DAX","STAR_SV","2019-06","nu","gamma_mild",0.00848768726574503
"density","DAX","STAR_SV","2019-06","gamma_severe","gamma_mild",0.00111354085916086
"density","DAX","STAR_SV","2019-06","gamma_mild","gamma_mild",0.0148615193929809
"density","DAX","STAR_SV","2019-07","mu_y","mu_y",0.000385099953067546
"density","DAX","STAR_SV","2019-07","phi_y","mu_y",-5.43919384325837e-05
"density","DAX","STAR_SV","2019-07","mu_h","mu_y",-0.00254321553711502
"density","DAX","STAR_SV","2019-07","phi_h","mu_y",2.47615240943584e-05
"density","DAX","STAR_SV","2019-07","sigma_eta","mu_y",9.21958319412248e-05
"density","DAX","STAR_SV","2019-07","nu","mu_y",-0.000705680721809079
"density","DAX","STAR_SV","2019-07","gamma_severe","mu_y",0.000118684119815169
"density","DAX","STAR_SV","2019-07","gamma_mild","mu_y",0.000216677721904157
"density","DAX","STAR_SV","2019-07","mu_y","phi_y",-5.43919384325837e-05
"density","DAX","STAR_SV","2019-07","phi_y","phi_y",0.000442402154436748
"density","DAX","STAR_SV","2019-07","mu_h","phi_y",0.000272488791212375
"density","DAX","STAR_SV","2019-07","phi_h","phi_y",-7.0190750880087e-06
"density","DAX","STAR_SV","2019-07","sigma_eta","phi_y",-5.26396111943612e-05
"density","DAX","STAR_SV","2019-07","nu","phi_y",0.000866089949844675
"density","DAX","STAR_SV","2019-07","gamma_severe","phi_y",-2.68791363729678e-05
"density","DAX","STAR_SV","2019-07","gamma_mild","phi_y",-8.02016084206353e-05
"density","DAX","STAR_SV","2019-07","mu_y","mu_h",-0.00254321553711502
"density","DAX","STAR_SV","2019-07","phi_y","mu_h",0.000272488791212375
"density","DAX","STAR_SV","2019-07","mu_h","mu_h",0.361387882993668
"density","DAX","STAR_SV","2019-07","phi_h","mu_h",-0.0048102652543429
"density","DAX","STAR_SV","2019-07","sigma_eta","mu_h",0.00931378598866137
"density","DAX","STAR_SV","2019-07","nu","mu_h",0.0839303943363471
"density","DAX","STAR_SV","2019-07","gamma_severe","mu_h",-0.00881256352062924
"density","DAX","STAR_SV","2019-07","gamma_mild","mu_h",-0.0222215489095154
"density","DAX","STAR_SV","2019-07","mu_y","phi_h",2.47615240943584e-05
"density","DAX","STAR_SV","2019-07","phi_y","phi_h",-7.0190750880087e-06
"density","DAX","STAR_SV","2019-07","mu_h","phi_h",-0.0048102652543429
"density","DAX","STAR_SV","2019-07","phi_h","phi_h",7.80855597463115e-05
"density","DAX","STAR_SV","2019-07","sigma_eta","phi_h",-9.30110556495489e-05
"density","DAX","STAR_SV","2019-07","nu","phi_h",-0.000917603522003999
"density","DAX","STAR_SV","2019-07","gamma_severe","phi_h",0.000229088277921962
"density","DAX","STAR_SV","2019-07","gamma_mild","phi_h",0.000370506423004417
"density","DAX","STAR_SV","2019-07","mu_y","sigma_eta",9.21958319412248e-05
"density","DAX","STAR_SV","2019-07","phi_y","sigma_eta",-5.26396111943612e-05
"density","DAX","STAR_SV","2019-07","mu_h","sigma_eta",0.00931378598866137
"density","DAX","STAR_SV","2019-07","phi_h","sigma_eta",-9.30110556495489e-05
"density","DAX","STAR_SV","2019-07","sigma_eta","sigma_eta",0.0028494525426676
"density","DAX","STAR_SV","2019-07","nu","sigma_eta",0.0111139483486974
"density","DAX","STAR_SV","2019-07","gamma_severe","sigma_eta",0.000262217755598532
"density","DAX","STAR_SV","2019-07","gamma_mild","sigma_eta",-0.000343989085761673
"density","DAX","STAR_SV","2019-07","mu_y","nu",-0.000705680721809079
"density","DAX","STAR_SV","2019-07","phi_y","nu",0.000866089949844675
"density","DAX","STAR_SV","2019-07","mu_h","nu",0.0839303943363471
"density","DAX","STAR_SV","2019-07","phi_h","nu",-0.000917603522003999
"density","DAX","STAR_SV","2019-07","sigma_eta","nu",0.0111139483486974
"density","DAX","STAR_SV","2019-07","nu","nu",0.528700322293401
"density","DAX","STAR_SV","2019-07","gamma_severe","nu",0.0061917104241063
"density","DAX","STAR_SV","2019-07","gamma_mild","nu",-0.00118238424052849
"density","DAX","STAR_SV","2019-07","mu_y","gamma_severe",0.000118684119815169
"density","DAX","STAR_SV","2019-07","phi_y","gamma_severe",-2.68791363729678e-05
"density","DAX","STAR_SV","2019-07","mu_h","gamma_severe",-0.00881256352062924
"density","DAX","STAR_SV","2019-07","phi_h","gamma_severe",0.000229088277921962
"density","DAX","STAR_SV","2019-07","sigma_eta","gamma_severe",0.000262217755598532
"density","DAX","STAR_SV","2019-07","nu","gamma_severe",0.0061917104241063
"density","DAX","STAR_SV","2019-07","gamma_severe","gamma_severe",0.00142240579915743
"density","DAX","STAR_SV","2019-07","gamma_mild","gamma_severe",0.000922837561054635
"density","DAX","STAR_SV","2019-07","mu_y","gamma_mild",0.000216677721904157
"density","DAX","STAR_SV","2019-07","phi_y","gamma_mild",-8.02016084206353e-05
"density","DAX","STAR_SV","2019-07","mu_h","gamma_mild",-0.0222215489095154
"density","DAX","STAR_SV","2019-07","phi_h","gamma_mild",0.000370506423004417
"density","DAX","STAR_SV","2019-07","sigma_eta","gamma_mild",-0.000343989085761673
"density","DAX","STAR_SV","2019-07","nu","gamma_mild",-0.00118238424052849
"density","DAX","STAR_SV","2019-07","gamma_severe","gamma_mild",0.000922837561054635
"density","DAX","STAR_SV","2019-07","gamma_mild","gamma_mild",0.0116077607932068
"density","DAX","STAR_SV","2019-08","mu_y","mu_y",0.000388583237762074
"density","DAX","STAR_SV","2019-08","phi_y","mu_y",-6.9919314184393e-05
"density","DAX","STAR_SV","2019-08","mu_h","mu_y",-0.000980721710281672
"density","DAX","STAR_SV","2019-08","phi_h","mu_y",1.05247400503307e-05
"density","DAX","STAR_SV","2019-08","sigma_eta","mu_y",0.000147747311825807
"density","DAX","STAR_SV","2019-08","nu","mu_y",-0.00121674575431454
"density","DAX","STAR_SV","2019-08","gamma_severe","mu_y",9.16522951291448e-05
"density","DAX","STAR_SV","2019-08","gamma_mild","mu_y",0.000157488033667543
"density","DAX","STAR_SV","2019-08","mu_y","phi_y",-6.9919314184393e-05
"density","DAX","STAR_SV","2019-08","phi_y","phi_y",0.000486655825374136
"density","DAX","STAR_SV","2019-08","mu_h","phi_y",-0.000550127944224625
"density","DAX","STAR_SV","2019-08","phi_h","phi_y",-2.77635403237459e-06
"density","DAX","STAR_SV","2019-08","sigma_eta","phi_y",-7.14613679748704e-05
"density","DAX","STAR_SV","2019-08","nu","phi_y",0.000923061392169116
"density","DAX","STAR_SV","2019-08","gamma_severe","phi_y",-9.31945280721051e-05
"density","DAX","STAR_SV","2019-08","gamma_mild","phi_y",-0.000180013923212048
"density","DAX","STAR_SV","2019-08","mu_y","mu_h",-0.000980721710281672
"density","DAX","STAR_SV","2019-08","phi_y","mu_h",-0.000550127944224625
"density","DAX","STAR_SV","2019-08","mu_h","mu_h",0.20608683920928
"density","DAX","STAR_SV","2019-08","phi_h","mu_h",-0.00327872651010359
"density","DAX","STAR_SV","2019-08","sigma_eta","mu_h",0.0120448606355009
"density","DAX","STAR_SV","2019-08","nu","mu_h",0.11268152077623
"density","DAX","STAR_SV","2019-08","gamma_severe","mu_h",0.00374001167310024
"density","DAX","STAR_SV","2019-08","gamma_mild","mu_h",-0.00296130271358959
"density","DAX","STAR_SV","2019-08","mu_y","phi_h",1.05247400503307e-05
"density","DAX","STAR_SV","2019-08","phi_y","phi_h",-2.77635403237459e-06
"density","DAX","STAR_SV","2019-08","mu_h","phi_h",-0.00327872651010359
"density","DAX","STAR_SV","2019-08","phi_h","phi_h",8.5821334697787e-05
"density","DAX","STAR_SV","2019-08","sigma_eta","phi_h",-0.000132082875626016
"density","DAX","STAR_SV","2019-08","nu","phi_h",-0.00138158016316717
"density","DAX","STAR_SV","2019-08","gamma_severe","phi_h",0.000155275161325651
"density","DAX","STAR_SV","2019-08","gamma_mild","phi_h",0.000271715087736147
"density","DAX","STAR_SV","2019-08","mu_y","sigma_eta",0.000147747311825807
"density","DAX","STAR_SV","2019-08","phi_y","sigma_eta",-7.14613679748704e-05
"density","DAX","STAR_SV","2019-08","mu_h","sigma_eta",0.0120448606355009
"density","DAX","STAR_SV","2019-08","phi_h","sigma_eta",-0.000132082875626016
"density","DAX","STAR_SV","2019-08","sigma_eta","sigma_eta",0.00313234105619691
"density","DAX","STAR_SV","2019-08","nu","sigma_eta",0.0196748825437656
"density","DAX","STAR_SV","2019-08","gamma_severe","sigma_eta",0.000896586991351141
"density","DAX","STAR_SV","2019-08","gamma_mild","sigma_eta",0.000487004996995396
"density","DAX","STAR_SV","2019-08","mu_y","nu",-0.00121674575431454
"density","DAX","STAR_SV","2019-08","phi_y","nu",0.000923061392169116
"density","DAX","STAR_SV","2019-08","mu_h","nu",0.11268152077623
"density","DAX","STAR_SV","2019-08","phi_h","nu",-0.00138158016316717
"density","DAX","STAR_SV","2019-08","sigma_eta","nu",0.0196748825437656
"density","DAX","STAR_SV","2019-08","nu","nu",0.799783606843612
"density","DAX","STAR_SV","2019-08","gamma_severe","nu",0.0133775723830192
"density","DAX","STAR_SV","2019-08","gamma_mild","nu",0.0075167347245988
"density","DAX","STAR_SV","2019-08","mu_y","gamma_severe",9.16522951291448e-05
"density","DAX","STAR_SV","2019-08","phi_y","gamma_severe",-9.31945280721051e-05
"density","DAX","STAR_SV","2019-08","mu_h","gamma_severe",0.00374001167310024
"density","DAX","STAR_SV","2019-08","phi_h","gamma_severe",0.000155275161325651
"density","DAX","STAR_SV","2019-08","sigma_eta","gamma_severe",0.000896586991351141
"density","DAX","STAR_SV","2019-08","nu","gamma_severe",0.0133775723830192
"density","DAX","STAR_SV","2019-08","gamma_severe","gamma_severe",0.00181157020122864
"density","DAX","STAR_SV","2019-08","gamma_mild","gamma_severe",0.00107901735703317
"density","DAX","STAR_SV","2019-08","mu_y","gamma_mild",0.000157488033667543
"density","DAX","STAR_SV","2019-08","phi_y","gamma_mild",-0.000180013923212048
"density","DAX","STAR_SV","2019-08","mu_h","gamma_mild",-0.00296130271358959
"density","DAX","STAR_SV","2019-08","phi_h","gamma_mild",0.000271715087736147
"density","DAX","STAR_SV","2019-08","sigma_eta","gamma_mild",0.000487004996995396
"density","DAX","STAR_SV","2019-08","nu","gamma_mild",0.0075167347245988
"density","DAX","STAR_SV","2019-08","gamma_severe","gamma_mild",0.00107901735703317
"density","DAX","STAR_SV","2019-08","gamma_mild","gamma_mild",0.0167687624497765
"density","DAX","STAR_SV","2019-09","mu_y","mu_y",0.000365843819397173
"density","DAX","STAR_SV","2019-09","phi_y","mu_y",-6.48196066865823e-05
"density","DAX","STAR_SV","2019-09","mu_h","mu_y",-0.000654858669013664
"density","DAX","STAR_SV","2019-09","phi_h","mu_y",8.15393403651812e-06
"density","DAX","STAR_SV","2019-09","sigma_eta","mu_y",0.000157388926478319
"density","DAX","STAR_SV","2019-09","nu","mu_y",-0.000887716607307317
"density","DAX","STAR_SV","2019-09","gamma_severe","mu_y",8.85175567699154e-05
"density","DAX","STAR_SV","2019-09","gamma_mild","mu_y",0.000140463181267516
"density","DAX","STAR_SV","2019-09","mu_y","phi_y",-6.48196066865823e-05
"density","DAX","STAR_SV","2019-09","phi_y","phi_y",0.000425561636124462
"density","DAX","STAR_SV","2019-09","mu_h","phi_y",5.93410134529231e-05
"density","DAX","STAR_SV","2019-09","phi_h","phi_y",-6.49868957199761e-06
"density","DAX","STAR_SV","2019-09","sigma_eta","phi_y",-4.00137154997164e-05
"density","DAX","STAR_SV","2019-09","nu","phi_y",0.00110327637438836
"density","DAX","STAR_SV","2019-09","gamma_severe","phi_y",-3.63089464429103e-05
"density","DAX","STAR_SV","2019-09","gamma_mild","phi_y",-0.000161229216518198
"density","DAX","STAR_SV","2019-09","mu_y","mu_h",-0.000654858669013664
"density","DAX","STAR_SV","2019-09","phi_y","mu_h",5.93410134529231e-05
"density","DAX","STAR_SV","2019-09","mu_h","mu_h",0.114960043286411
"density","DAX","STAR_SV","2019-09","phi_h","mu_h",-0.0027428070450889
"density","DAX","STAR_SV","2019-09","sigma_eta","mu_h",0.00317639431891311
"density","DAX","STAR_SV","2019-09","nu","mu_h",0.0103262262472598
"density","DAX","STAR_SV","2019-09","gamma_severe","mu_h",-0.00566311949235966
"density","DAX","STAR_SV","2019-09","gamma_mild","mu_h",-0.00578995178463614
"density","DAX","STAR_SV","2019-09","mu_y","phi_h",8.15393403651812e-06
"density","DAX","STAR_SV","2019-09","phi_y","phi_h",-6.49868957199761e-06
"density","DAX","STAR_SV","2019-09","mu_h","phi_h",-0.0027428070450889
"density","DAX","STAR_SV","2019-09","phi_h","phi_h",8.80958315826554e-05
"density","DAX","STAR_SV","2019-09","sigma_eta","phi_h",-3.92213057898429e-05
"density","DAX","STAR_SV","2019-09","nu","phi_h",-0.000108256716663655
"density","DAX","STAR_SV","2019-09","gamma_severe","phi_h",0.00026345464105263
"density","DAX","STAR_SV","2019-09","gamma_mild","phi_h",0.000317020870710877
"density","DAX","STAR_SV","2019-09","mu_y","sigma_eta",0.000157388926478319
"density","DAX","STAR_SV","2019-09","phi_y","sigma_eta",-4.00137154997164e-05
"density","DAX","STAR_SV","2019-09","mu_h","sigma_eta",0.00317639431891311
"density","DAX","STAR_SV","2019-09","phi_h","sigma_eta",-3.92213057898429e-05
"density","DAX","STAR_SV","2019-09","sigma_eta","sigma_eta",0.00225266483246508
"density","DAX","STAR_SV","2019-09","nu","sigma_eta",0.00835868612145573
"density","DAX","STAR_SV","2019-09","gamma_severe","sigma_eta",0.000248273019747943
"density","DAX","STAR_SV","2019-09","gamma_mild","sigma_eta",0.000336350363832497
"density","DAX","STAR_SV","2019-09","mu_y","nu",-0.000887716607307317
"density","DAX","STAR_SV","2019-09","phi_y","nu",0.00110327637438836
"density","DAX","STAR_SV","2019-09","mu_h","nu",0.0103262262472598
"density","DAX","STAR_SV","2019-09","phi_h","nu",-0.000108256716663655
"density","DAX","STAR_SV","2019-09","sigma_eta","nu",0.00835868612145573
"density","DAX","STAR_SV","2019-09","nu","nu",0.476855676088166
"density","DAX","STAR_SV","2019-09","gamma_severe","nu",0.0059397311018691
"density","DAX","STAR_SV","2019-09","gamma_mild","nu",0.00340267104567562
"density","DAX","STAR_SV","2019-09","mu_y","gamma_severe",8.85175567699154e-05
"density","DAX","STAR_SV","2019-09","phi_y","gamma_severe",-3.63089464429103e-05
"density","DAX","STAR_SV","2019-09","mu_h","gamma_severe",-0.00566311949235966
"density","DAX","STAR_SV","2019-09","phi_h","gamma_severe",0.00026345464105263
"density","DAX","STAR_SV","2019-09","sigma_eta","gamma_severe",0.000248273019747943
"density","DAX","STAR_SV","2019-09","nu","gamma_severe",0.0059397311018691
"density","DAX","STAR_SV","2019-09","gamma_severe","gamma_severe",0.00125893971445251
"density","DAX","STAR_SV","2019-09","gamma_mild","gamma_severe",0.00106650919578287
"density","DAX","STAR_SV","2019-09","mu_y","gamma_mild",0.000140463181267516
"density","DAX","STAR_SV","2019-09","phi_y","gamma_mild",-0.000161229216518198
"density","DAX","STAR_SV","2019-09","mu_h","gamma_mild",-0.00578995178463614
"density","DAX","STAR_SV","2019-09","phi_h","gamma_mild",0.000317020870710877
"density","DAX","STAR_SV","2019-09","sigma_eta","gamma_mild",0.000336350363832497
"density","DAX","STAR_SV","2019-09","nu","gamma_mild",0.00340267104567562
"density","DAX","STAR_SV","2019-09","gamma_severe","gamma_mild",0.00106650919578287
"density","DAX","STAR_SV","2019-09","gamma_mild","gamma_mild",0.0135621254749972
"density","DAX","STAR_SV","2019-10","mu_y","mu_y",0.000408225383425552
"density","DAX","STAR_SV","2019-10","phi_y","mu_y",-5.94089075473163e-05
"density","DAX","STAR_SV","2019-10","mu_h","mu_y",0.000415653775611453
"density","DAX","STAR_SV","2019-10","phi_h","mu_y",-5.28619224092518e-06
"density","DAX","STAR_SV","2019-10","sigma_eta","mu_y",0.00024551952965917
"density","DAX","STAR_SV","2019-10","nu","mu_y",0.000791725399126705
"density","DAX","STAR_SV","2019-10","gamma_severe","mu_y",0.000196690370851086
"density","DAX","STAR_SV","2019-10","gamma_mild","mu_y",0.000164967449237447
"density","DAX","STAR_SV","2019-10","mu_y","phi_y",-5.94089075473163e-05
"density","DAX","STAR_SV","2019-10","phi_y","phi_y",0.000486768033830374
"density","DAX","STAR_SV","2019-10","mu_h","phi_y",-0.000507346334119266
"density","DAX","STAR_SV","2019-10","phi_h","phi_y",4.8456446475902e-06
"density","DAX","STAR_SV","2019-10","sigma_eta","phi_y",-5.45277113319437e-05
"density","DAX","STAR_SV","2019-10","nu","phi_y",0.000114075773258037
"density","DAX","STAR_SV","2019-10","gamma_severe","phi_y",-7.17736769484759e-05
"density","DAX","STAR_SV","2019-10","gamma_mild","phi_y",-4.94341188064714e-05
"density","DAX","STAR_SV","2019-10","mu_y","mu_h",0.000415653775611453
"density","DAX","STAR_SV","2019-10","phi_y","mu_h",-0.000507346334119266
"density","DAX","STAR_SV","2019-10","mu_h","mu_h",0.0978054002595469
"density","DAX","STAR_SV","2019-10","phi_h","mu_h",-0.00218504415895084
"density","DAX","STAR_SV","2019-10","sigma_eta","mu_h",0.0100861228343196
"density","DAX","STAR_SV","2019-10","nu","mu_h",0.151362533658834
"density","DAX","STAR_SV","2019-10","gamma_severe","mu_h",0.00729255792690638
"density","DAX","STAR_SV","2019-10","gamma_mild","mu_h",0.00564616169386825
"density","DAX","STAR_SV","2019-10","mu_y","phi_h",-5.28619224092518e-06
"density","DAX","STAR_SV","2019-10","phi_y","phi_h",4.8456446475902e-06
"density","DAX","STAR_SV","2019-10","mu_h","phi_h",-0.00218504415895084
"density","DAX","STAR_SV","2019-10","phi_h","phi_h",0.000132506132774943
"density","DAX","STAR_SV","2019-10","sigma_eta","phi_h",-0.000182179647015891
"density","DAX","STAR_SV","2019-10","nu","phi_h",-0.00263462908839805
"density","DAX","STAR_SV","2019-10","gamma_severe","phi_h",0.000195850370973751
"density","DAX","STAR_SV","2019-10","gamma_mild","phi_h",0.000212558425203478
"density","DAX","STAR_SV","2019-10","mu_y","sigma_eta",0.00024551952965917
"density","DAX","STAR_SV","2019-10","phi_y","sigma_eta",-5.45277113319437e-05
"density","DAX","STAR_SV","2019-10","mu_h","sigma_eta",0.0100861228343196
"density","DAX","STAR_SV","2019-10","phi_h","sigma_eta",-0.000182179647015891
"density","DAX","STAR_SV","2019-10","sigma_eta","sigma_eta",0.00255328056299508
"density","DAX","STAR_SV","2019-10","nu","sigma_eta",0.0296796662998391
"density","DAX","STAR_SV","2019-10","gamma_severe","sigma_eta",0.00122943933344108
"density","DAX","STAR_SV","2019-10","gamma_mild","sigma_eta",0.00102202048753472
"density","DAX","STAR_SV","2019-10","mu_y","nu",0.000791725399126705
"density","DAX","STAR_SV","2019-10","phi_y","nu",0.000114075773258037
"density","DAX","STAR_SV","2019-10","mu_h","nu",0.151362533658834
"density","DAX","STAR_SV","2019-10","phi_h","nu",-0.00263462908839805
"density","DAX","STAR_SV","2019-10","sigma_eta","nu",0.0296796662998391
"density","DAX","STAR_SV","2019-10","nu","nu",1.21307333813271
"density","DAX","STAR_SV","2019-10","gamma_severe","nu",0.0262351222484677
"density","DAX","STAR_SV","2019-10","gamma_mild","nu",0.0205577945760747
"density","DAX","STAR_SV","2019-10","mu_y","gamma_severe",0.000196690370851086
"density","DAX","STAR_SV","2019-10","phi_y","gamma_severe",-7.17736769484759e-05
"density","DAX","STAR_SV","2019-10","mu_h","gamma_severe",0.00729255792690638
"density","DAX","STAR_SV","2019-10","phi_h","gamma_severe",0.000195850370973751
"density","DAX","STAR_SV","2019-10","sigma_eta","gamma_severe",0.00122943933344108
"density","DAX","STAR_SV","2019-10","nu","gamma_severe",0.0262351222484677
"density","DAX","STAR_SV","2019-10","gamma_severe","gamma_severe",0.00250056638866955
"density","DAX","STAR_SV","2019-10","gamma_mild","gamma_severe",0.00200163713675489
"density","DAX","STAR_SV","2019-10","mu_y","gamma_mild",0.000164967449237447
"density","DAX","STAR_SV","2019-10","phi_y","gamma_mild",-4.94341188064714e-05
"density","DAX","STAR_SV","2019-10","mu_h","gamma_mild",0.00564616169386825
"density","DAX","STAR_SV","2019-10","phi_h","gamma_mild",0.000212558425203478
"density","DAX","STAR_SV","2019-10","sigma_eta","gamma_mild",0.00102202048753472
"density","DAX","STAR_SV","2019-10","nu","gamma_mild",0.0205577945760747
"density","DAX","STAR_SV","2019-10","gamma_severe","gamma_mild",0.00200163713675489
"density","DAX","STAR_SV","2019-10","gamma_mild","gamma_mild",0.00755170429791636
"density","DAX","STAR_SV","2019-11","mu_y","mu_y",0.000363440105807018
"density","DAX","STAR_SV","2019-11","phi_y","mu_y",-4.50630046242552e-05
"density","DAX","STAR_SV","2019-11","mu_h","mu_y",-0.000390251387394349
"density","DAX","STAR_SV","2019-11","phi_h","mu_y",7.13216892947663e-06
"density","DAX","STAR_SV","2019-11","sigma_eta","mu_y",0.000160245378197291
"density","DAX","STAR_SV","2019-11","nu","mu_y",-0.00116523751742
"density","DAX","STAR_SV","2019-11","gamma_severe","mu_y",0.000107613961771846
"density","DAX","STAR_SV","2019-11","gamma_mild","mu_y",0.000123920189190746
"density","DAX","STAR_SV","2019-11","mu_y","phi_y",-4.50630046242552e-05
"density","DAX","STAR_SV","2019-11","phi_y","phi_y",0.000503917093535315
"density","DAX","STAR_SV","2019-11","mu_h","phi_y",-0.000290311329643138
"density","DAX","STAR_SV","2019-11","phi_h","phi_y",-9.30156643940793e-06
"density","DAX","STAR_SV","2019-11","sigma_eta","phi_y",-3.15931166808004e-05
"density","DAX","STAR_SV","2019-11","nu","phi_y",0.000161284535355765
"density","DAX","STAR_SV","2019-11","gamma_severe","phi_y",-8.77141279603689e-05
"density","DAX","STAR_SV","2019-11","gamma_mild","phi_y",-0.000320056669274378
"density","DAX","STAR_SV","2019-11","mu_y","mu_h",-0.000390251387394349
"density","DAX","STAR_SV","2019-11","phi_y","mu_h",-0.000290311329643138
"density","DAX","STAR_SV","2019-11","mu_h","mu_h",0.0966478732413293
"density","DAX","STAR_SV","2019-11","phi_h","mu_h",-0.00233512228662233
"density","DAX","STAR_SV","2019-11","sigma_eta","mu_h",0.00731648639735898
"density","DAX","STAR_SV","2019-11","nu","mu_h",0.0806482842142343
"density","DAX","STAR_SV","2019-11","gamma_severe","mu_h",0.00370973812760438
"density","DAX","STAR_SV","2019-11","gamma_mild","mu_h",-0.00130031707429459
"density","DAX","STAR_SV","2019-11","mu_y","phi_h",7.13216892947663e-06
"density","DAX","STAR_SV","2019-11","phi_y","phi_h",-9.30156643940793e-06
"density","DAX","STAR_SV","2019-11","mu_h","phi_h",-0.00233512228662233
"density","DAX","STAR_SV","2019-11","phi_h","phi_h",0.000121714260494518
"density","DAX","STAR_SV","2019-11","sigma_eta","phi_h",-0.000124151496475736
"density","DAX","STAR_SV","2019-11","nu","phi_h",-0.00111489042339402
"density","DAX","STAR_SV","2019-11","gamma_severe","phi_h",0.000223069402474658
"density","DAX","STAR_SV","2019-11","gamma_mild","phi_h",0.000350469542072361
"density","DAX","STAR_SV","2019-11","mu_y","sigma_eta",0.000160245378197291
"density","DAX","STAR_SV","2019-11","phi_y","sigma_eta",-3.15931166808004e-05
"density","DAX","STAR_SV","2019-11","mu_h","sigma_eta",0.00731648639735898
"density","DAX","STAR_SV","2019-11","phi_h","sigma_eta",-0.000124151496475736
"density","DAX","STAR_SV","2019-11","sigma_eta","sigma_eta",0.00243954073317254
"density","DAX","STAR_SV","2019-11","nu","sigma_eta",0.0228612122151045
"density","DAX","STAR_SV","2019-11","gamma_severe","sigma_eta",0.000847852633775648
"density","DAX","STAR_SV","2019-11","gamma_mild","sigma_eta",0.000128418337928169
"density","DAX","STAR_SV","2019-11","mu_y","nu",-0.00116523751742
"density","DAX","STAR_SV","2019-11","phi_y","nu",0.000161284535355765
"density","DAX","STAR_SV","2019-11","mu_h","nu",0.0806482842142343
"density","DAX","STAR_SV","2019-11","phi_h","nu",-0.00111489042339402
"density","DAX","STAR_SV","2019-11","sigma_eta","nu",0.0228612122151045
"density","DAX","STAR_SV","2019-11","nu","nu",1.30168454922086
"density","DAX","STAR_SV","2019-11","gamma_severe","nu",0.0179686131822684
"density","DAX","STAR_SV","2019-11","gamma_mild","nu",0.0132469881904134
"density","DAX","STAR_SV","2019-11","mu_y","gamma_severe",0.000107613961771846
"density","DAX","STAR_SV","2019-11","phi_y","gamma_severe",-8.77141279603689e-05
"density","DAX","STAR_SV","2019-11","mu_h","gamma_severe",0.00370973812760438
"density","DAX","STAR_SV","2019-11","phi_h","gamma_severe",0.000223069402474658
"density","DAX","STAR_SV","2019-11","sigma_eta","gamma_severe",0.000847852633775648
"density","DAX","STAR_SV","2019-11","nu","gamma_severe",0.0179686131822684
"density","DAX","STAR_SV","2019-11","gamma_severe","gamma_severe",0.00204180120144179
"density","DAX","STAR_SV","2019-11","gamma_mild","gamma_severe",0.000778563318807365
"density","DAX","STAR_SV","2019-11","mu_y","gamma_mild",0.000123920189190746
"density","DAX","STAR_SV","2019-11","phi_y","gamma_mild",-0.000320056669274378
"density","DAX","STAR_SV","2019-11","mu_h","gamma_mild",-0.00130031707429459
"density","DAX","STAR_SV","2019-11","phi_h","gamma_mild",0.000350469542072361
"density","DAX","STAR_SV","2019-11","sigma_eta","gamma_mild",0.000128418337928169
"density","DAX","STAR_SV","2019-11","nu","gamma_mild",0.0132469881904134
"density","DAX","STAR_SV","2019-11","gamma_severe","gamma_mild",0.000778563318807365
"density","DAX","STAR_SV","2019-11","gamma_mild","gamma_mild",0.0271457267724882
"density","DAX","STAR_SV","2019-12","mu_y","mu_y",0.000377045138983213
"density","DAX","STAR_SV","2019-12","phi_y","mu_y",-5.39472249571213e-05
"density","DAX","STAR_SV","2019-12","mu_h","mu_y",-0.000208891232222298
"density","DAX","STAR_SV","2019-12","phi_h","mu_y",8.86574446269545e-06
"density","DAX","STAR_SV","2019-12","sigma_eta","mu_y",0.000164527703321059
"density","DAX","STAR_SV","2019-12","nu","mu_y",-0.000816456028777844
"density","DAX","STAR_SV","2019-12","gamma_severe","mu_y",0.000142914202463667
"density","DAX","STAR_SV","2019-12","gamma_mild","mu_y",0.000154968038755681
"density","DAX","STAR_SV","2019-12","mu_y","phi_y",-5.39472249571213e-05
"density","DAX","STAR_SV","2019-12","phi_y","phi_y",0.000517711516140533
"density","DAX","STAR_SV","2019-12","mu_h","phi_y",-0.00038579752388981
"density","DAX","STAR_SV","2019-12","phi_h","phi_y",-4.22894077234708e-06
"density","DAX","STAR_SV","2019-12","sigma_eta","phi_y",-3.88345574003617e-05
"density","DAX","STAR_SV","2019-12","nu","phi_y",0.00133069698629376
"density","DAX","STAR_SV","2019-12","gamma_severe","phi_y",-7.23206411971237e-05
"density","DAX","STAR_SV","2019-12","gamma_mild","phi_y",-0.000202117840712358
"density","DAX","STAR_SV","2019-12","mu_y","mu_h",-0.000208891232222298
"density","DAX","STAR_SV","2019-12","phi_y","mu_h",-0.00038579752388981
"density","DAX","STAR_SV","2019-12","mu_h","mu_h",0.0809347098967601
"density","DAX","STAR_SV","2019-12","phi_h","mu_h",-0.00185113540297598
"density","DAX","STAR_SV","2019-12","sigma_eta","mu_h",0.00553131564046955
"density","DAX","STAR_SV","2019-12","nu","mu_h",0.0689166475464046
"density","DAX","STAR_SV","2019-12","gamma_severe","mu_h",0.00384355631933453
"density","DAX","STAR_SV","2019-12","gamma_mild","mu_h",-0.000658645606141003
"density","DAX","STAR_SV","2019-12","mu_y","phi_h",8.86574446269545e-06
"density","DAX","STAR_SV","2019-12","phi_y","phi_h",-4.22894077234708e-06
"density","DAX","STAR_SV","2019-12","mu_h","phi_h",-0.00185113540297598
"density","DAX","STAR_SV","2019-12","phi_h","phi_h",0.000117398875237897
"density","DAX","STAR_SV","2019-12","sigma_eta","phi_h",-6.35600314763586e-05
"density","DAX","STAR_SV","2019-12","nu","phi_h",-0.00040498780277463
"density","DAX","STAR_SV","2019-12","gamma_severe","phi_h",0.000261946567602353
"density","DAX","STAR_SV","2019-12","gamma_mild","phi_h",0.000347765036824414
"density","DAX","STAR_SV","2019-12","mu_y","sigma_eta",0.000164527703321059
"density","DAX","STAR_SV","2019-12","phi_y","sigma_eta",-3.88345574003617e-05
"density","DAX","STAR_SV","2019-12","mu_h","sigma_eta",0.00553131564046955
"density","DAX","STAR_SV","2019-12","phi_h","sigma_eta",-6.35600314763586e-05
"density","DAX","STAR_SV","2019-12","sigma_eta","sigma_eta",0.00204847613370573
"density","DAX","STAR_SV","2019-12","nu","sigma_eta",0.0201613733933426
"density","DAX","STAR_SV","2019-12","gamma_severe","sigma_eta",0.000829051400336705
"density","DAX","STAR_SV","2019-12","gamma_mild","sigma_eta",0.000194599110733975
"density","DAX","STAR_SV","2019-12","mu_y","nu",-0.000816456028777844
"density","DAX","STAR_SV","2019-12","phi_y","nu",0.00133069698629376
"density","DAX","STAR_SV","2019-12","mu_h","nu",0.0689166475464046
"density","DAX","STAR_SV","2019-12","phi_h","nu",-0.00040498780277463
"density","DAX","STAR_SV","2019-12","sigma_eta","nu",0.0201613733933426
"density","DAX","STAR_SV","2019-12","nu","nu",1.29979072348151
"density","DAX","STAR_SV","2019-12","gamma_severe","nu",0.0191789220816366
"density","DAX","STAR_SV","2019-12","gamma_mild","nu",0.0151026375983517
"density","DAX","STAR_SV","2019-12","mu_y","gamma_severe",0.000142914202463667
"density","DAX","STAR_SV","2019-12","phi_y","gamma_severe",-7.23206411971237e-05
"density","DAX","STAR_SV","2019-12","mu_h","gamma_severe",0.00384355631933453
"density","DAX","STAR_SV","2019-12","phi_h","gamma_severe",0.000261946567602353
"density","DAX","STAR_SV","2019-12","sigma_eta","gamma_severe",0.000829051400336705
"density","DAX","STAR_SV","2019-12","nu","gamma_severe",0.0191789220816366
"density","DAX","STAR_SV","2019-12","gamma_severe","gamma_severe",0.00219275840012297
"density","DAX","STAR_SV","2019-12","gamma_mild","gamma_severe",0.000995091818264428
"density","DAX","STAR_SV","2019-12","mu_y","gamma_mild",0.000154968038755681
"density","DAX","STAR_SV","2019-12","phi_y","gamma_mild",-0.000202117840712358
"density","DAX","STAR_SV","2019-12","mu_h","gamma_mild",-0.000658645606141003
"density","DAX","STAR_SV","2019-12","phi_h","gamma_mild",0.000347765036824414
"density","DAX","STAR_SV","2019-12","sigma_eta","gamma_mild",0.000194599110733975
"density","DAX","STAR_SV","2019-12","nu","gamma_mild",0.0151026375983517
"density","DAX","STAR_SV","2019-12","gamma_severe","gamma_mild",0.000995091818264428
"density","DAX","STAR_SV","2019-12","gamma_mild","gamma_mild",0.0237415190387835
"density","DAX","STAR_SV","2020-01","mu_y","mu_y",0.00036542588854773
"density","DAX","STAR_SV","2020-01","phi_y","mu_y",-3.15072804758187e-05
"density","DAX","STAR_SV","2020-01","mu_h","mu_y",-0.000196513735211188
"density","DAX","STAR_SV","2020-01","phi_h","mu_y",3.22314026938859e-06
"density","DAX","STAR_SV","2020-01","sigma_eta","mu_y",0.000178027539389041
"density","DAX","STAR_SV","2020-01","nu","mu_y",0.000791884433139857
"density","DAX","STAR_SV","2020-01","gamma_severe","mu_y",0.000132612974298337
"density","DAX","STAR_SV","2020-01","gamma_mild","mu_y",9.7588759429398e-05
"density","DAX","STAR_SV","2020-01","mu_y","phi_y",-3.15072804758187e-05
"density","DAX","STAR_SV","2020-01","phi_y","phi_y",0.000496017293220989
"density","DAX","STAR_SV","2020-01","mu_h","phi_y",-0.000459618015959928
"density","DAX","STAR_SV","2020-01","phi_h","phi_y",-5.4209681844147e-06
"density","DAX","STAR_SV","2020-01","sigma_eta","phi_y",-4.80360883081669e-05
"density","DAX","STAR_SV","2020-01","nu","phi_y",0.000476561105670817
"density","DAX","STAR_SV","2020-01","gamma_severe","phi_y",-0.000103754464445321
"density","DAX","STAR_SV","2020-01","gamma_mild","phi_y",-0.000123678646686829
"density","DAX","STAR_SV","2020-01","mu_y","mu_h",-0.000196513735211188
"density","DAX","STAR_SV","2020-01","phi_y","mu_h",-0.000459618015959928
"density","DAX","STAR_SV","2020-01","mu_h","mu_h",0.110163705107513
"density","DAX","STAR_SV","2020-01","phi_h","mu_h",-0.0022852895266609
"density","DAX","STAR_SV","2020-01","sigma_eta","mu_h",0.00814065939111031
"density","DAX","STAR_SV","2020-01","nu","mu_h",0.0797292716991903
"density","DAX","STAR_SV","2020-01","gamma_severe","mu_h",0.00436349086579232
"density","DAX","STAR_SV","2020-01","gamma_mild","mu_h",-0.000422710900138619
"density","DAX","STAR_SV","2020-01","mu_y","phi_h",3.22314026938859e-06
"density","DAX","STAR_SV","2020-01","phi_y","phi_h",-5.4209681844147e-06
"density","DAX","STAR_SV","2020-01","mu_h","phi_h",-0.0022852895266609
"density","DAX","STAR_SV","2020-01","phi_h","phi_h",0.000108295945870048
"density","DAX","STAR_SV","2020-01","sigma_eta","phi_h",-7.82111465198439e-05
"density","DAX","STAR_SV","2020-01","nu","phi_h",-0.000522536779905429
"density","DAX","STAR_SV","2020-01","gamma_severe","phi_h",0.000221203124541801
"density","DAX","STAR_SV","2020-01","gamma_mild","phi_h",0.000298676987876974
"density","DAX","STAR_SV","2020-01","mu_y","sigma_eta",0.000178027539389041
"density","DAX","STAR_SV","2020-01","phi_y","sigma_eta",-4.80360883081669e-05
"density","DAX","STAR_SV","2020-01","mu_h","sigma_eta",0.00814065939111031
"density","DAX","STAR_SV","2020-01","phi_h","sigma_eta",-7.82111465198439e-05
"density","DAX","STAR_SV","2020-01","sigma_eta","sigma_eta",0.00312825859530052
"density","DAX","STAR_SV","2020-01","nu","sigma_eta",0.0250979472920269
"density","DAX","STAR_SV","2020-01","gamma_severe","sigma_eta",0.00111306717792174
"density","DAX","STAR_SV","2020-01","gamma_mild","sigma_eta",0.000411562375397521
"density","DAX","STAR_SV","2020-01","mu_y","nu",0.000791884433139857
"density","DAX","STAR_SV","2020-01","phi_y","nu",0.000476561105670817
"density","DAX","STAR_SV","2020-01","mu_h","nu",0.0797292716991903
"density","DAX","STAR_SV","2020-01","phi_h","nu",-0.000522536779905429
"density","DAX","STAR_SV","2020-01","sigma_eta","nu",0.0250979472920269
"density","DAX","STAR_SV","2020-01","nu","nu",1.06934401228392
"density","DAX","STAR_SV","2020-01","gamma_severe","nu",0.0193972126612004
"density","DAX","STAR_SV","2020-01","gamma_mild","nu",0.00866394555219957
"density","DAX","STAR_SV","2020-01","mu_y","gamma_severe",0.000132612974298337
"density","DAX","STAR_SV","2020-01","phi_y","gamma_severe",-0.000103754464445321
"density","DAX","STAR_SV","2020-01","mu_h","gamma_severe",0.00436349086579232
"density","DAX","STAR_SV","2020-01","phi_h","gamma_severe",0.000221203124541801
"density","DAX","STAR_SV","2020-01","sigma_eta","gamma_severe",0.00111306717792174
"density","DAX","STAR_SV","2020-01","nu","gamma_severe",0.0193972126612004
"density","DAX","STAR_SV","2020-01","gamma_severe","gamma_severe",0.0021597673540625
"density","DAX","STAR_SV","2020-01","gamma_mild","gamma_severe",0.000941187535423835
"density","DAX","STAR_SV","2020-01","mu_y","gamma_mild",9.7588759429398e-05
"density","DAX","STAR_SV","2020-01","phi_y","gamma_mild",-0.000123678646686829
"density","DAX","STAR_SV","2020-01","mu_h","gamma_mild",-0.000422710900138619
"density","DAX","STAR_SV","2020-01","phi_h","gamma_mild",0.000298676987876974
"density","DAX","STAR_SV","2020-01","sigma_eta","gamma_mild",0.000411562375397521
"density","DAX","STAR_SV","2020-01","nu","gamma_mild",0.00866394555219957
"density","DAX","STAR_SV","2020-01","gamma_severe","gamma_mild",0.000941187535423835
"density","DAX","STAR_SV","2020-01","gamma_mild","gamma_mild",0.0234405511073791
"density","DAX","STAR_SV","2020-02","mu_y","mu_y",0.000376944249840048
"density","DAX","STAR_SV","2020-02","phi_y","mu_y",-5.66242823415743e-05
"density","DAX","STAR_SV","2020-02","mu_h","mu_y",-0.000287184513269168
"density","DAX","STAR_SV","2020-02","phi_h","mu_y",2.96915383697545e-06
"density","DAX","STAR_SV","2020-02","sigma_eta","mu_y",0.000215770999447006
"density","DAX","STAR_SV","2020-02","nu","mu_y",-0.000582074692275786
"density","DAX","STAR_SV","2020-02","gamma_severe","mu_y",0.000119422972840524
"density","DAX","STAR_SV","2020-02","gamma_mild","mu_y",1.89398937223529e-05
"density","DAX","STAR_SV","2020-02","mu_y","phi_y",-5.66242823415743e-05
"density","DAX","STAR_SV","2020-02","phi_y","phi_y",0.000472877794026632
"density","DAX","STAR_SV","2020-02","mu_h","phi_y",-0.000156561095725013
"density","DAX","STAR_SV","2020-02","phi_h","phi_y",-9.64098222293544e-06
"density","DAX","STAR_SV","2020-02","sigma_eta","phi_y",-3.41920243825867e-05
"density","DAX","STAR_SV","2020-02","nu","phi_y",0.000187177065470972
"density","DAX","STAR_SV","2020-02","gamma_severe","phi_y",-7.55954625292842e-05
"density","DAX","STAR_SV","2020-02","gamma_mild","phi_y",-0.000283907602481946
"density","DAX","STAR_SV","2020-02","mu_y","mu_h",-0.000287184513269168
"density","DAX","STAR_SV","2020-02","phi_y","mu_h",-0.000156561095725013
"density","DAX","STAR_SV","2020-02","mu_h","mu_h",0.0956328568185614
"density","DAX","STAR_SV","2020-02","phi_h","mu_h",-0.00216368129281982
"density","DAX","STAR_SV","2020-02","sigma_eta","mu_h",0.00734855969065069
"density","DAX","STAR_SV","2020-02","nu","mu_h",0.0740312624684092
"density","DAX","STAR_SV","2020-02","gamma_severe","mu_h",0.00369346613582384
"density","DAX","STAR_SV","2020-02","gamma_mild","mu_h",-0.00088177454831961
"density","DAX","STAR_SV","2020-02","mu_y","phi_h",2.96915383697545e-06
"density","DAX","STAR_SV","2020-02","phi_y","phi_h",-9.64098222293544e-06
"density","DAX","STAR_SV","2020-02","mu_h","phi_h",-0.00216368129281982
"density","DAX","STAR_SV","2020-02","phi_h","phi_h",0.000112720104828825
"density","DAX","STAR_SV","2020-02","sigma_eta","phi_h",-9.15021686751465e-05
"density","DAX","STAR_SV","2020-02","nu","phi_h",-0.000745658579980473
"density","DAX","STAR_SV","2020-02","gamma_severe","phi_h",0.000230831027838314
"density","DAX","STAR_SV","2020-02","gamma_mild","phi_h",0.000341479196927364
"density","DAX","STAR_SV","2020-02","mu_y","sigma_eta",0.000215770999447006
"density","DAX","STAR_SV","2020-02","phi_y","sigma_eta",-3.41920243825867e-05
"density","DAX","STAR_SV","2020-02","mu_h","sigma_eta",0.00734855969065069
"density","DAX","STAR_SV","2020-02","phi_h","sigma_eta",-9.15021686751465e-05
"density","DAX","STAR_SV","2020-02","sigma_eta","sigma_eta",0.00313569416679286
"density","DAX","STAR_SV","2020-02","nu","sigma_eta",0.023465309649638
"density","DAX","STAR_SV","2020-02","gamma_severe","sigma_eta",0.000991091932789137
"density","DAX","STAR_SV","2020-02","gamma_mild","sigma_eta",0.000346074914720795
"density","DAX","STAR_SV","2020-02","mu_y","nu",-0.000582074692275786
"density","DAX","STAR_SV","2020-02","phi_y","nu",0.000187177065470972
"density","DAX","STAR_SV","2020-02","mu_h","nu",0.0740312624684092
"density","DAX","STAR_SV","2020-02","phi_h","nu",-0.000745658579980473
"density","DAX","STAR_SV","2020-02","sigma_eta","nu",0.023465309649638
"density","DAX","STAR_SV","2020-02","nu","nu",1.08782048607779
"density","DAX","STAR_SV","2020-02","gamma_severe","nu",0.017575470077746
"density","DAX","STAR_SV","2020-02","gamma_mild","nu",0.010888093383036
"density","DAX","STAR_SV","2020-02","mu_y","gamma_severe",0.000119422972840524
"density","DAX","STAR_SV","2020-02","phi_y","gamma_severe",-7.55954625292842e-05
"density","DAX","STAR_SV","2020-02","mu_h","gamma_severe",0.00369346613582384
"density","DAX","STAR_SV","2020-02","phi_h","gamma_severe",0.000230831027838314
"density","DAX","STAR_SV","2020-02","sigma_eta","gamma_severe",0.000991091932789137
"density","DAX","STAR_SV","2020-02","nu","gamma_severe",0.017575470077746
"density","DAX","STAR_SV","2020-02","gamma_severe","gamma_severe",0.00209541178211375
"density","DAX","STAR_SV","2020-02","gamma_mild","gamma_severe",0.000832335892149393
"density","DAX","STAR_SV","2020-02","mu_y","gamma_mild",1.89398937223529e-05
"density","DAX","STAR_SV","2020-02","phi_y","gamma_mild",-0.000283907602481946
"density","DAX","STAR_SV","2020-02","mu_h","gamma_mild",-0.00088177454831961
"density","DAX","STAR_SV","2020-02","phi_h","gamma_mild",0.000341479196927364
"density","DAX","STAR_SV","2020-02","sigma_eta","gamma_mild",0.000346074914720795
"density","DAX","STAR_SV","2020-02","nu","gamma_mild",0.010888093383036
"density","DAX","STAR_SV","2020-02","gamma_severe","gamma_mild",0.000832335892149393
"density","DAX","STAR_SV","2020-02","gamma_mild","gamma_mild",0.0269400802287009
"density","DAX","STAR_SV","2020-03","mu_y","mu_y",0.000355969581424279
"density","DAX","STAR_SV","2020-03","phi_y","mu_y",-5.60503087224899e-05
"density","DAX","STAR_SV","2020-03","mu_h","mu_y",-0.000574791455890211
"density","DAX","STAR_SV","2020-03","phi_h","mu_y",2.04318103902268e-06
"density","DAX","STAR_SV","2020-03","sigma_eta","mu_y",0.000179009129857938
"density","DAX","STAR_SV","2020-03","nu","mu_y",-0.00108276660400803
"density","DAX","STAR_SV","2020-03","gamma_severe","mu_y",6.20002940309339e-05
"density","DAX","STAR_SV","2020-03","gamma_mild","mu_y",0.000115689110659264
"density","DAX","STAR_SV","2020-03","mu_y","phi_y",-5.60503087224899e-05
"density","DAX","STAR_SV","2020-03","phi_y","phi_y",0.000480994820572834
"density","DAX","STAR_SV","2020-03","mu_h","phi_y",-4.07190295514526e-05
"density","DAX","STAR_SV","2020-03","phi_h","phi_y",-1.02373194068211e-05
"density","DAX","STAR_SV","2020-03","sigma_eta","phi_y",-2.84878998717663e-05
"density","DAX","STAR_SV","2020-03","nu","phi_y",0.000745519802443545
"density","DAX","STAR_SV","2020-03","gamma_severe","phi_y",-5.8205905361219e-05
"density","DAX","STAR_SV","2020-03","gamma_mild","phi_y",-0.000169728116688017
"density","DAX","STAR_SV","2020-03","mu_y","mu_h",-0.000574791455890211
"density","DAX","STAR_SV","2020-03","phi_y","mu_h",-4.07190295514526e-05
"density","DAX","STAR_SV","2020-03","mu_h","mu_h",0.150404252714368
"density","DAX","STAR_SV","2020-03","phi_h","mu_h",-0.00344034696840502
"density","DAX","STAR_SV","2020-03","sigma_eta","mu_h",0.0121117509455221
"density","DAX","STAR_SV","2020-03","nu","mu_h",0.0988604891049982
"density","DAX","STAR_SV","2020-03","gamma_severe","mu_h",0.00341621326705701
"density","DAX","STAR_SV","2020-03","gamma_mild","mu_h",-0.00455589166284647
"density","DAX","STAR_SV","2020-03","mu_y","phi_h",2.04318103902268e-06
"density","DAX","STAR_SV","2020-03","phi_y","phi_h",-1.02373194068211e-05
"density","DAX","STAR_SV","2020-03","mu_h","phi_h",-0.00344034696840502
"density","DAX","STAR_SV","2020-03","phi_h","phi_h",0.000123493599270126
"density","DAX","STAR_SV","2020-03","sigma_eta","phi_h",-0.000197130585195686
"density","DAX","STAR_SV","2020-03","nu","phi_h",-0.00174488779478343
"density","DAX","STAR_SV","2020-03","gamma_severe","phi_h",0.000161580841679655
"density","DAX","STAR_SV","2020-03","gamma_mild","phi_h",0.000372585662088335
"density","DAX","STAR_SV","2020-03","mu_y","sigma_eta",0.000179009129857938
"density","DAX","STAR_SV","2020-03","phi_y","sigma_eta",-2.84878998717663e-05
"density","DAX","STAR_SV","2020-03","mu_h","sigma_eta",0.0121117509455221
"density","DAX","STAR_SV","2020-03","phi_h","sigma_eta",-0.000197130585195686
"density","DAX","STAR_SV","2020-03","sigma_eta","sigma_eta",0.00484401854837577
"density","DAX","STAR_SV","2020-03","nu","sigma_eta",0.0276348139979854
"density","DAX","STAR_SV","2020-03","gamma_severe","sigma_eta",0.00113493227417524
"density","DAX","STAR_SV","2020-03","gamma_mild","sigma_eta",3.20380003239923e-05
"density","DAX","STAR_SV","2020-03","mu_y","nu",-0.00108276660400803
"density","DAX","STAR_SV","2020-03","phi_y","nu",0.000745519802443545
"density","DAX","STAR_SV","2020-03","mu_h","nu",0.0988604891049982
"density","DAX","STAR_SV","2020-03","phi_h","nu",-0.00174488779478343
"density","DAX","STAR_SV","2020-03","sigma_eta","nu",0.0276348139979854
"density","DAX","STAR_SV","2020-03","nu","nu",0.877434975340141
"density","DAX","STAR_SV","2020-03","gamma_severe","nu",0.0152974905022783
"density","DAX","STAR_SV","2020-03","gamma_mild","nu",0.0058348688929049
"density","DAX","STAR_SV","2020-03","mu_y","gamma_severe",6.20002940309339e-05
"density","DAX","STAR_SV","2020-03","phi_y","gamma_severe",-5.8205905361219e-05
"density","DAX","STAR_SV","2020-03","mu_h","gamma_severe",0.00341621326705701
"density","DAX","STAR_SV","2020-03","phi_h","gamma_severe",0.000161580841679655
"density","DAX","STAR_SV","2020-03","sigma_eta","gamma_severe",0.00113493227417524
"density","DAX","STAR_SV","2020-03","nu","gamma_severe",0.0152974905022783
"density","DAX","STAR_SV","2020-03","gamma_severe","gamma_severe",0.00180828344473196
"density","DAX","STAR_SV","2020-03","gamma_mild","gamma_severe",0.00048917521696607
"density","DAX","STAR_SV","2020-03","mu_y","gamma_mild",0.000115689110659264
"density","DAX","STAR_SV","2020-03","phi_y","gamma_mild",-0.000169728116688017
"density","DAX","STAR_SV","2020-03","mu_h","gamma_mild",-0.00455589166284647
"density","DAX","STAR_SV","2020-03","phi_h","gamma_mild",0.000372585662088335
"density","DAX","STAR_SV","2020-03","sigma_eta","gamma_mild",3.20380003239923e-05
"density","DAX","STAR_SV","2020-03","nu","gamma_mild",0.0058348688929049
"density","DAX","STAR_SV","2020-03","gamma_severe","gamma_mild",0.00048917521696607
"density","DAX","STAR_SV","2020-03","gamma_mild","gamma_mild",0.0320678174105408
"density","DAX","STAR_SV","2020-04","mu_y","mu_y",0.000356581887875554
"density","DAX","STAR_SV","2020-04","phi_y","mu_y",-5.50514644649932e-05
"density","DAX","STAR_SV","2020-04","mu_h","mu_y",-0.000466929235372541
"density","DAX","STAR_SV","2020-04","phi_h","mu_y",-3.92820887718265e-06
"density","DAX","STAR_SV","2020-04","sigma_eta","mu_y",0.000187154110248994
"density","DAX","STAR_SV","2020-04","nu","mu_y",-0.00128195989738029
"density","DAX","STAR_SV","2020-04","gamma_severe","mu_y",4.32469790285806e-05
"density","DAX","STAR_SV","2020-04","gamma_mild","mu_y",6.15669598406582e-05
"density","DAX","STAR_SV","2020-04","mu_y","phi_y",-5.50514644649932e-05
"density","DAX","STAR_SV","2020-04","phi_y","phi_y",0.000472412916817944
"density","DAX","STAR_SV","2020-04","mu_h","phi_y",-0.000280429390761813
"density","DAX","STAR_SV","2020-04","phi_h","phi_y",-7.07477589199184e-07
"density","DAX","STAR_SV","2020-04","sigma_eta","phi_y",-6.56206626174951e-05
"density","DAX","STAR_SV","2020-04","nu","phi_y",0.000284342478479112
"density","DAX","STAR_SV","2020-04","gamma_severe","phi_y",-4.88053662753636e-05
"density","DAX","STAR_SV","2020-04","gamma_mild","phi_y",-7.7235017936984e-05
"density","DAX","STAR_SV","2020-04","mu_y","mu_h",-0.000466929235372541
"density","DAX","STAR_SV","2020-04","phi_y","mu_h",-0.000280429390761813
"density","DAX","STAR_SV","2020-04","mu_h","mu_h",0.134516198648816
"density","DAX","STAR_SV","2020-04","phi_h","mu_h",-0.00265097850695086
"density","DAX","STAR_SV","2020-04","sigma_eta","mu_h",0.0081799336770542
"density","DAX","STAR_SV","2020-04","nu","mu_h",0.0507266545220817
"density","DAX","STAR_SV","2020-04","gamma_severe","mu_h",0.00190758968345124
"density","DAX","STAR_SV","2020-04","gamma_mild","mu_h",-0.00183712073002969
"density","DAX","STAR_SV","2020-04","mu_y","phi_h",-3.92820887718265e-06
"density","DAX","STAR_SV","2020-04","phi_y","phi_h",-7.07477589199184e-07
"density","DAX","STAR_SV","2020-04","mu_h","phi_h",-0.00265097850695086
"density","DAX","STAR_SV","2020-04","phi_h","phi_h",8.98245997778778e-05
"density","DAX","STAR_SV","2020-04","sigma_eta","phi_h",-8.11516016012151e-05
"density","DAX","STAR_SV","2020-04","nu","phi_h",-0.000422007912633523
"density","DAX","STAR_SV","2020-04","gamma_severe","phi_h",0.000182345441656855
"density","DAX","STAR_SV","2020-04","gamma_mild","phi_h",0.000273911752804956
"density","DAX","STAR_SV","2020-04","mu_y","sigma_eta",0.000187154110248994
"density","DAX","STAR_SV","2020-04","phi_y","sigma_eta",-6.56206626174951e-05
"density","DAX","STAR_SV","2020-04","mu_h","sigma_eta",0.0081799336770542
"density","DAX","STAR_SV","2020-04","phi_h","sigma_eta",-8.11516016012151e-05
"density","DAX","STAR_SV","2020-04","sigma_eta","sigma_eta",0.00409363727805843
"density","DAX","STAR_SV","2020-04","nu","sigma_eta",0.0184688167704643
"density","DAX","STAR_SV","2020-04","gamma_severe","sigma_eta",0.000933673554210917
"density","DAX","STAR_SV","2020-04","gamma_mild","sigma_eta",0.000451058096541591
"density","DAX","STAR_SV","2020-04","mu_y","nu",-0.00128195989738029
"density","DAX","STAR_SV","2020-04","phi_y","nu",0.000284342478479112
"density","DAX","STAR_SV","2020-04","mu_h","nu",0.0507266545220817
"density","DAX","STAR_SV","2020-04","phi_h","nu",-0.000422007912633523
"density","DAX","STAR_SV","2020-04","sigma_eta","nu",0.0184688167704643
"density","DAX","STAR_SV","2020-04","nu","nu",0.659426041278291
"density","DAX","STAR_SV","2020-04","gamma_severe","nu",0.0121722419594378
"density","DAX","STAR_SV","2020-04","gamma_mild","nu",0.0101439701850711
"density","DAX","STAR_SV","2020-04","mu_y","gamma_severe",4.32469790285806e-05
"density","DAX","STAR_SV","2020-04","phi_y","gamma_severe",-4.88053662753636e-05
"density","DAX","STAR_SV","2020-04","mu_h","gamma_severe",0.00190758968345124
"density","DAX","STAR_SV","2020-04","phi_h","gamma_severe",0.000182345441656855
"density","DAX","STAR_SV","2020-04","sigma_eta","gamma_severe",0.000933673554210917
"density","DAX","STAR_SV","2020-04","nu","gamma_severe",0.0121722419594378
"density","DAX","STAR_SV","2020-04","gamma_severe","gamma_severe",0.00168894311148093
"density","DAX","STAR_SV","2020-04","gamma_mild","gamma_severe",0.000900204074207978
"density","DAX","STAR_SV","2020-04","mu_y","gamma_mild",6.15669598406582e-05
"density","DAX","STAR_SV","2020-04","phi_y","gamma_mild",-7.7235017936984e-05
"density","DAX","STAR_SV","2020-04","mu_h","gamma_mild",-0.00183712073002969
"density","DAX","STAR_SV","2020-04","phi_h","gamma_mild",0.000273911752804956
"density","DAX","STAR_SV","2020-04","sigma_eta","gamma_mild",0.000451058096541591
"density","DAX","STAR_SV","2020-04","nu","gamma_mild",0.0101439701850711
"density","DAX","STAR_SV","2020-04","gamma_severe","gamma_mild",0.000900204074207978
"density","DAX","STAR_SV","2020-04","gamma_mild","gamma_mild",0.022276872149578
"density","DAX","STAR_SV","2020-05","mu_y","mu_y",0.000363690695260154
"density","DAX","STAR_SV","2020-05","phi_y","mu_y",-5.03604700307692e-05
"density","DAX","STAR_SV","2020-05","mu_h","mu_y",-0.000225859812525038
"density","DAX","STAR_SV","2020-05","phi_h","mu_y",-3.1462305604294e-07
"density","DAX","STAR_SV","2020-05","sigma_eta","mu_y",0.000186560298507675
"density","DAX","STAR_SV","2020-05","nu","mu_y",-0.000356973075418198
"density","DAX","STAR_SV","2020-05","gamma_severe","mu_y",0.000106661574378545
"density","DAX","STAR_SV","2020-05","gamma_mild","mu_y",1.81092579471586e-05
"density","DAX","STAR_SV","2020-05","mu_y","phi_y",-5.03604700307692e-05
"density","DAX","STAR_SV","2020-05","phi_y","phi_y",0.000468519516761649
"density","DAX","STAR_SV","2020-05","mu_h","phi_y",-0.000364924266302179
"density","DAX","STAR_SV","2020-05","phi_h","phi_y",-7.72993644505048e-06
"density","DAX","STAR_SV","2020-05","sigma_eta","phi_y",-7.24082872656543e-05
"density","DAX","STAR_SV","2020-05","nu","phi_y",0.000513981147329568
"density","DAX","STAR_SV","2020-05","gamma_severe","phi_y",-9.26740667349663e-05
"density","DAX","STAR_SV","2020-05","gamma_mild","phi_y",-3.02332987840768e-05
"density","DAX","STAR_SV","2020-05","mu_y","mu_h",-0.000225859812525038
"density","DAX","STAR_SV","2020-05","phi_y","mu_h",-0.000364924266302179
"density","DAX","STAR_SV","2020-05","mu_h","mu_h",0.154050280186516
"density","DAX","STAR_SV","2020-05","phi_h","mu_h",-0.00258322101853034
"density","DAX","STAR_SV","2020-05","sigma_eta","mu_h",0.0112006590440415
"density","DAX","STAR_SV","2020-05","nu","mu_h",0.091886576181531
"density","DAX","STAR_SV","2020-05","gamma_severe","mu_h",0.00508046418250109
"density","DAX","STAR_SV","2020-05","gamma_mild","mu_h",-0.00565662512351403
"density","DAX","STAR_SV","2020-05","mu_y","phi_h",-3.1462305604294e-07
"density","DAX","STAR_SV","2020-05","phi_y","phi_h",-7.72993644505048e-06
"density","DAX","STAR_SV","2020-05","mu_h","phi_h",-0.00258322101853034
"density","DAX","STAR_SV","2020-05","phi_h","phi_h",8.25590856782294e-05
"density","DAX","STAR_SV","2020-05","sigma_eta","phi_h",-0.000123591449742336
"density","DAX","STAR_SV","2020-05","nu","phi_h",-0.00118416475866496
"density","DAX","STAR_SV","2020-05","gamma_severe","phi_h",0.000146450705206386
"density","DAX","STAR_SV","2020-05","gamma_mild","phi_h",0.000257983127821304
"density","DAX","STAR_SV","2020-05","mu_y","sigma_eta",0.000186560298507675
"density","DAX","STAR_SV","2020-05","phi_y","sigma_eta",-7.24082872656543e-05
"density","DAX","STAR_SV","2020-05","mu_h","sigma_eta",0.0112006590440415
"density","DAX","STAR_SV","2020-05","phi_h","sigma_eta",-0.000123591449742336
"density","DAX","STAR_SV","2020-05","sigma_eta","sigma_eta",0.00305839763709269
"density","DAX","STAR_SV","2020-05","nu","sigma_eta",0.0184878607170801
"density","DAX","STAR_SV","2020-05","gamma_severe","sigma_eta",0.00104502911415887
"density","DAX","STAR_SV","2020-05","gamma_mild","sigma_eta",-0.000213408508246396
"density","DAX","STAR_SV","2020-05","mu_y","nu",-0.000356973075418198
"density","DAX","STAR_SV","2020-05","phi_y","nu",0.000513981147329568
"density","DAX","STAR_SV","2020-05","mu_h","nu",0.091886576181531
"density","DAX","STAR_SV","2020-05","phi_h","nu",-0.00118416475866496
"density","DAX","STAR_SV","2020-05","sigma_eta","nu",0.0184878607170801
"density","DAX","STAR_SV","2020-05","nu","nu",0.59759947507928
"density","DAX","STAR_SV","2020-05","gamma_severe","nu",0.0130163233174774
"density","DAX","STAR_SV","2020-05","gamma_mild","nu",0.00485614595179403
"density","DAX","STAR_SV","2020-05","mu_y","gamma_severe",0.000106661574378545
"density","DAX","STAR_SV","2020-05","phi_y","gamma_severe",-9.26740667349663e-05
"density","DAX","STAR_SV","2020-05","mu_h","gamma_severe",0.00508046418250109
"density","DAX","STAR_SV","2020-05","phi_h","gamma_severe",0.000146450705206386
"density","DAX","STAR_SV","2020-05","sigma_eta","gamma_severe",0.00104502911415887
"density","DAX","STAR_SV","2020-05","nu","gamma_severe",0.0130163233174774
"density","DAX","STAR_SV","2020-05","gamma_severe","gamma_severe",0.00192200157245101
"density","DAX","STAR_SV","2020-05","gamma_mild","gamma_severe",-4.32770019532468e-05
"density","DAX","STAR_SV","2020-05","mu_y","gamma_mild",1.81092579471586e-05
"density","DAX","STAR_SV","2020-05","phi_y","gamma_mild",-3.02332987840768e-05
"density","DAX","STAR_SV","2020-05","mu_h","gamma_mild",-0.00565662512351403
"density","DAX","STAR_SV","2020-05","phi_h","gamma_mild",0.000257983127821304
"density","DAX","STAR_SV","2020-05","sigma_eta","gamma_mild",-0.000213408508246396
"density","DAX","STAR_SV","2020-05","nu","gamma_mild",0.00485614595179403
"density","DAX","STAR_SV","2020-05","gamma_severe","gamma_mild",-4.32770019532468e-05
"density","DAX","STAR_SV","2020-05","gamma_mild","gamma_mild",0.0288890949795728
"density","DAX","STAR_SV","2020-06","mu_y","mu_y",0.000368766078080525
"density","DAX","STAR_SV","2020-06","phi_y","mu_y",-4.38333503330912e-05
"density","DAX","STAR_SV","2020-06","mu_h","mu_y",9.52162193716162e-05
"density","DAX","STAR_SV","2020-06","phi_h","mu_y",2.70698535862835e-06
"density","DAX","STAR_SV","2020-06","sigma_eta","mu_y",0.000214448052265648
"density","DAX","STAR_SV","2020-06","nu","mu_y",0.000317401342601257
"density","DAX","STAR_SV","2020-06","gamma_severe","mu_y",0.000181088690767816
"density","DAX","STAR_SV","2020-06","gamma_mild","mu_y",5.06877493628884e-05
"density","DAX","STAR_SV","2020-06","mu_y","phi_y",-4.38333503330912e-05
"density","DAX","STAR_SV","2020-06","phi_y","phi_y",0.00048300184828206
"density","DAX","STAR_SV","2020-06","mu_h","phi_y",-0.00106558938059794
"density","DAX","STAR_SV","2020-06","phi_h","phi_y",7.42666148648896e-06
"density","DAX","STAR_SV","2020-06","sigma_eta","phi_y",-0.000156668237403298
"density","DAX","STAR_SV","2020-06","nu","phi_y",-0.000799162629940494
"density","DAX","STAR_SV","2020-06","gamma_severe","phi_y",-0.000121620211938913
"density","DAX","STAR_SV","2020-06","gamma_mild","phi_y",-0.000106450266815439
"density","DAX","STAR_SV","2020-06","mu_y","mu_h",9.52162193716162e-05
"density","DAX","STAR_SV","2020-06","phi_y","mu_h",-0.00106558938059794
"density","DAX","STAR_SV","2020-06","mu_h","mu_h",0.155315938716164
"density","DAX","STAR_SV","2020-06","phi_h","mu_h",-0.00230361335841646
"density","DAX","STAR_SV","2020-06","sigma_eta","mu_h",0.0140807215821577
"density","DAX","STAR_SV","2020-06","nu","mu_h",0.155479634267443
"density","DAX","STAR_SV","2020-06","gamma_severe","mu_h",0.0110334929735141
"density","DAX","STAR_SV","2020-06","gamma_mild","mu_h",-0.00160226939991444
"density","DAX","STAR_SV","2020-06","mu_y","phi_h",2.70698535862835e-06
"density","DAX","STAR_SV","2020-06","phi_y","phi_h",7.42666148648896e-06
"density","DAX","STAR_SV","2020-06","mu_h","phi_h",-0.00230361335841646
"density","DAX","STAR_SV","2020-06","phi_h","phi_h",8.62297145497721e-05
"density","DAX","STAR_SV","2020-06","sigma_eta","phi_h",-0.00016057569777731
"density","DAX","STAR_SV","2020-06","nu","phi_h",-0.00180538884537414
"density","DAX","STAR_SV","2020-06","gamma_severe","phi_h",0.000116703323084245
"density","DAX","STAR_SV","2020-06","gamma_mild","phi_h",0.000241605890771373
"density","DAX","STAR_SV","2020-06","mu_y","sigma_eta",0.000214448052265648
"density","DAX","STAR_SV","2020-06","phi_y","sigma_eta",-0.000156668237403298
"density","DAX","STAR_SV","2020-06","mu_h","sigma_eta",0.0140807215821577
"density","DAX","STAR_SV","2020-06","phi_h","sigma_eta",-0.00016057569777731
"density","DAX","STAR_SV","2020-06","sigma_eta","sigma_eta",0.00304013066048718
"density","DAX","STAR_SV","2020-06","nu","sigma_eta",0.0284055463112315
"density","DAX","STAR_SV","2020-06","gamma_severe","sigma_eta",0.00160954184951831
"density","DAX","STAR_SV","2020-06","gamma_mild","sigma_eta",-0.000298994226263233
"density","DAX","STAR_SV","2020-06","mu_y","nu",0.000317401342601257
"density","DAX","STAR_SV","2020-06","phi_y","nu",-0.000799162629940494
"density","DAX","STAR_SV","2020-06","mu_h","nu",0.155479634267443
"density","DAX","STAR_SV","2020-06","phi_h","nu",-0.00180538884537414
"density","DAX","STAR_SV","2020-06","sigma_eta","nu",0.0284055463112315
"density","DAX","STAR_SV","2020-06","nu","nu",0.88713374511796
"density","DAX","STAR_SV","2020-06","gamma_severe","nu",0.0239490457826108
"density","DAX","STAR_SV","2020-06","gamma_mild","nu",0.00299687278863175
"density","DAX","STAR_SV","2020-06","mu_y","gamma_severe",0.000181088690767816
"density","DAX","STAR_SV","2020-06","phi_y","gamma_severe",-0.000121620211938913
"density","DAX","STAR_SV","2020-06","mu_h","gamma_severe",0.0110334929735141
"density","DAX","STAR_SV","2020-06","phi_h","gamma_severe",0.000116703323084245
"density","DAX","STAR_SV","2020-06","sigma_eta","gamma_severe",0.00160954184951831
"density","DAX","STAR_SV","2020-06","nu","gamma_severe",0.0239490457826108
"density","DAX","STAR_SV","2020-06","gamma_severe","gamma_severe",0.00276887589466858
"density","DAX","STAR_SV","2020-06","gamma_mild","gamma_severe",3.45003467063091e-05
"density","DAX","STAR_SV","2020-06","mu_y","gamma_mild",5.06877493628884e-05
"density","DAX","STAR_SV","2020-06","phi_y","gamma_mild",-0.000106450266815439
"density","DAX","STAR_SV","2020-06","mu_h","gamma_mild",-0.00160226939991444
"density","DAX","STAR_SV","2020-06","phi_h","gamma_mild",0.000241605890771373
"density","DAX","STAR_SV","2020-06","sigma_eta","gamma_mild",-0.000298994226263233
"density","DAX","STAR_SV","2020-06","nu","gamma_mild",0.00299687278863175
"density","DAX","STAR_SV","2020-06","gamma_severe","gamma_mild",3.45003467063091e-05
"density","DAX","STAR_SV","2020-06","gamma_mild","gamma_mild",0.0332693163782514
"density","DAX","STAR_SV","2020-07","mu_y","mu_y",0.000372215223104868
"density","DAX","STAR_SV","2020-07","phi_y","mu_y",-4.01631179860338e-05
"density","DAX","STAR_SV","2020-07","mu_h","mu_y",0.000148773398653803
"density","DAX","STAR_SV","2020-07","phi_h","mu_y",-6.43847581170736e-06
"density","DAX","STAR_SV","2020-07","sigma_eta","mu_y",0.000200877640410975
"density","DAX","STAR_SV","2020-07","nu","mu_y",0.000940802917714734
"density","DAX","STAR_SV","2020-07","gamma_severe","mu_y",0.000122918179765388
"density","DAX","STAR_SV","2020-07","gamma_mild","mu_y",7.60890048552826e-05
"density","DAX","STAR_SV","2020-07","mu_y","phi_y",-4.01631179860338e-05
"density","DAX","STAR_SV","2020-07","phi_y","phi_y",0.000467481124595131
"density","DAX","STAR_SV","2020-07","mu_h","phi_y",-0.00040562381498713
"density","DAX","STAR_SV","2020-07","phi_h","phi_y",-4.0806397545309e-06
"density","DAX","STAR_SV","2020-07","sigma_eta","phi_y",-4.0982817147154e-05
"density","DAX","STAR_SV","2020-07","nu","phi_y",0.000510650770174464
"density","DAX","STAR_SV","2020-07","gamma_severe","phi_y",-6.86084500994204e-05
"density","DAX","STAR_SV","2020-07","gamma_mild","phi_y",-0.000215142199372548
"density","DAX","STAR_SV","2020-07","mu_y","mu_h",0.000148773398653803
"density","DAX","STAR_SV","2020-07","phi_y","mu_h",-0.00040562381498713
"density","DAX","STAR_SV","2020-07","mu_h","mu_h",0.0911552044467496
"density","DAX","STAR_SV","2020-07","phi_h","mu_h",-0.00140813754533843
"density","DAX","STAR_SV","2020-07","sigma_eta","mu_h",0.00632996512851652
"density","DAX","STAR_SV","2020-07","nu","mu_h",0.0961320969410033
"density","DAX","STAR_SV","2020-07","gamma_severe","mu_h",0.00605765676561451
"density","DAX","STAR_SV","2020-07","gamma_mild","mu_h",0.000518844424343121
"density","DAX","STAR_SV","2020-07","mu_y","phi_h",-6.43847581170736e-06
"density","DAX","STAR_SV","2020-07","phi_y","phi_h",-4.0806397545309e-06
"density","DAX","STAR_SV","2020-07","mu_h","phi_h",-0.00140813754533843
"density","DAX","STAR_SV","2020-07","phi_h","phi_h",8.80257986993622e-05
"density","DAX","STAR_SV","2020-07","sigma_eta","phi_h",-0.000119433139212768
"density","DAX","STAR_SV","2020-07","nu","phi_h",-0.00120958186283178
"density","DAX","STAR_SV","2020-07","gamma_severe","phi_h",0.000214663728667405
"density","DAX","STAR_SV","2020-07","gamma_mild","phi_h",0.000215066437665012
"density","DAX","STAR_SV","2020-07","mu_y","sigma_eta",0.000200877640410975
"density","DAX","STAR_SV","2020-07","phi_y","sigma_eta",-4.0982817147154e-05
"density","DAX","STAR_SV","2020-07","mu_h","sigma_eta",0.00632996512851652
"density","DAX","STAR_SV","2020-07","phi_h","sigma_eta",-0.000119433139212768
"density","DAX","STAR_SV","2020-07","sigma_eta","sigma_eta",0.00151462826135416
"density","DAX","STAR_SV","2020-07","nu","sigma_eta",0.0176170918624182
"density","DAX","STAR_SV","2020-07","gamma_severe","sigma_eta",0.000540514844294497
"density","DAX","STAR_SV","2020-07","gamma_mild","sigma_eta",-3.39958417650877e-05
"density","DAX","STAR_SV","2020-07","mu_y","nu",0.000940802917714734
"density","DAX","STAR_SV","2020-07","phi_y","nu",0.000510650770174464
"density","DAX","STAR_SV","2020-07","mu_h","nu",0.0961320969410033
"density","DAX","STAR_SV","2020-07","phi_h","nu",-0.00120958186283178
"density","DAX","STAR_SV","2020-07","sigma_eta","nu",0.0176170918624182
"density","DAX","STAR_SV","2020-07","nu","nu",0.921196419973114
"density","DAX","STAR_SV","2020-07","gamma_severe","nu",0.0176446515552484
"density","DAX","STAR_SV","2020-07","gamma_mild","nu",0.0110829109535796
"density","DAX","STAR_SV","2020-07","mu_y","gamma_severe",0.000122918179765388
"density","DAX","STAR_SV","2020-07","phi_y","gamma_severe",-6.86084500994204e-05
"density","DAX","STAR_SV","2020-07","mu_h","gamma_severe",0.00605765676561451
"density","DAX","STAR_SV","2020-07","phi_h","gamma_severe",0.000214663728667405
"density","DAX","STAR_SV","2020-07","sigma_eta","gamma_severe",0.000540514844294497
"density","DAX","STAR_SV","2020-07","nu","gamma_severe",0.0176446515552484
"density","DAX","STAR_SV","2020-07","gamma_severe","gamma_severe",0.00222442611332767
"density","DAX","STAR_SV","2020-07","gamma_mild","gamma_severe",0.000490750398452027
"density","DAX","STAR_SV","2020-07","mu_y","gamma_mild",7.60890048552826e-05
"density","DAX","STAR_SV","2020-07","phi_y","gamma_mild",-0.000215142199372548
"density","DAX","STAR_SV","2020-07","mu_h","gamma_mild",0.000518844424343121
"density","DAX","STAR_SV","2020-07","phi_h","gamma_mild",0.000215066437665012
"density","DAX","STAR_SV","2020-07","sigma_eta","gamma_mild",-3.39958417650877e-05
"density","DAX","STAR_SV","2020-07","nu","gamma_mild",0.0110829109535796
"density","DAX","STAR_SV","2020-07","gamma_severe","gamma_mild",0.000490750398452027
"density","DAX","STAR_SV","2020-07","gamma_mild","gamma_mild",0.0240411757145031
"density","DAX","STAR_SV","2020-08","mu_y","mu_y",0.000357831232890224
"density","DAX","STAR_SV","2020-08","phi_y","mu_y",-6.68746696370114e-05
"density","DAX","STAR_SV","2020-08","mu_h","mu_y",-9.09285369584083e-05
"density","DAX","STAR_SV","2020-08","phi_h","mu_y",3.96386538932024e-06
"density","DAX","STAR_SV","2020-08","sigma_eta","mu_y",0.000159607055049441
"density","DAX","STAR_SV","2020-08","nu","mu_y",0.000595800268674139
"density","DAX","STAR_SV","2020-08","gamma_severe","mu_y",0.000142789950697356
"density","DAX","STAR_SV","2020-08","gamma_mild","mu_y",8.14694806335489e-05
"density","DAX","STAR_SV","2020-08","mu_y","phi_y",-6.68746696370114e-05
"density","DAX","STAR_SV","2020-08","phi_y","phi_y",0.000493432351435308
"density","DAX","STAR_SV","2020-08","mu_h","phi_y",-0.000150491524838459
"density","DAX","STAR_SV","2020-08","phi_h","phi_y",-9.62334817546286e-06
"density","DAX","STAR_SV","2020-08","sigma_eta","phi_y",-3.64637154068319e-05
"density","DAX","STAR_SV","2020-08","nu","phi_y",0.0006177162663975
"density","DAX","STAR_SV","2020-08","gamma_severe","phi_y",-7.51022001052093e-05
"density","DAX","STAR_SV","2020-08","gamma_mild","phi_y",-1.2748770316708e-05
"density","DAX","STAR_SV","2020-08","mu_y","mu_h",-9.09285369584083e-05
"density","DAX","STAR_SV","2020-08","phi_y","mu_h",-0.000150491524838459
"density","DAX","STAR_SV","2020-08","mu_h","mu_h",0.132838938096179
"density","DAX","STAR_SV","2020-08","phi_h","mu_h",-0.00170602987241202
"density","DAX","STAR_SV","2020-08","sigma_eta","mu_h",0.00746886880993885
"density","DAX","STAR_SV","2020-08","nu","mu_h",0.100757899392175
"density","DAX","STAR_SV","2020-08","gamma_severe","mu_h",0.00670610089152287
"density","DAX","STAR_SV","2020-08","gamma_mild","mu_h",-0.0036473158181354
"density","DAX","STAR_SV","2020-08","mu_y","phi_h",3.96386538932024e-06
"density","DAX","STAR_SV","2020-08","phi_y","phi_h",-9.62334817546286e-06
"density","DAX","STAR_SV","2020-08","mu_h","phi_h",-0.00170602987241202
"density","DAX","STAR_SV","2020-08","phi_h","phi_h",6.31688571682417e-05
"density","DAX","STAR_SV","2020-08","sigma_eta","phi_h",-7.50675899116277e-05
"density","DAX","STAR_SV","2020-08","nu","phi_h",-0.000755873624992996
"density","DAX","STAR_SV","2020-08","gamma_severe","phi_h",0.000151314512723415
"density","DAX","STAR_SV","2020-08","gamma_mild","phi_h",0.000217414756620711
"density","DAX","STAR_SV","2020-08","mu_y","sigma_eta",0.000159607055049441
"density","DAX","STAR_SV","2020-08","phi_y","sigma_eta",-3.64637154068319e-05
"density","DAX","STAR_SV","2020-08","mu_h","sigma_eta",0.00746886880993885
"density","DAX","STAR_SV","2020-08","phi_h","sigma_eta",-7.50675899116277e-05
"density","DAX","STAR_SV","2020-08","sigma_eta","sigma_eta",0.00148715141721895
"density","DAX","STAR_SV","2020-08","nu","sigma_eta",0.0155011163048686
"density","DAX","STAR_SV","2020-08","gamma_severe","sigma_eta",0.000707747179529088
"density","DAX","STAR_SV","2020-08","gamma_mild","sigma_eta",-0.000381438967220213
"density","DAX","STAR_SV","2020-08","mu_y","nu",0.000595800268674139
"density","DAX","STAR_SV","2020-08","phi_y","nu",0.0006177162663975
"density","DAX","STAR_SV","2020-08","mu_h","nu",0.100757899392175
"density","DAX","STAR_SV","2020-08","phi_h","nu",-0.000755873624992996
"density","DAX","STAR_SV","2020-08","sigma_eta","nu",0.0155011163048686
"density","DAX","STAR_SV","2020-08","nu","nu",0.916291917171682
"density","DAX","STAR_SV","2020-08","gamma_severe","nu",0.0172797192214657
"density","DAX","STAR_SV","2020-08","gamma_mild","nu",0.00252291729494739
"density","DAX","STAR_SV","2020-08","mu_y","gamma_severe",0.000142789950697356
"density","DAX","STAR_SV","2020-08","phi_y","gamma_severe",-7.51022001052093e-05
"density","DAX","STAR_SV","2020-08","mu_h","gamma_severe",0.00670610089152287
"density","DAX","STAR_SV","2020-08","phi_h","gamma_severe",0.000151314512723415
"density","DAX","STAR_SV","2020-08","sigma_eta","gamma_severe",0.000707747179529088
"density","DAX","STAR_SV","2020-08","nu","gamma_severe",0.0172797192214657
"density","DAX","STAR_SV","2020-08","gamma_severe","gamma_severe",0.00206037005442384
"density","DAX","STAR_SV","2020-08","gamma_mild","gamma_severe",-9.24629376144e-05
"density","DAX","STAR_SV","2020-08","mu_y","gamma_mild",8.14694806335489e-05
"density","DAX","STAR_SV","2020-08","phi_y","gamma_mild",-1.2748770316708e-05
"density","DAX","STAR_SV","2020-08","mu_h","gamma_mild",-0.0036473158181354
"density","DAX","STAR_SV","2020-08","phi_h","gamma_mild",0.000217414756620711
"density","DAX","STAR_SV","2020-08","sigma_eta","gamma_mild",-0.000381438967220213
"density","DAX","STAR_SV","2020-08","nu","gamma_mild",0.00252291729494739
"density","DAX","STAR_SV","2020-08","gamma_severe","gamma_mild",-9.24629376144e-05
"density","DAX","STAR_SV","2020-08","gamma_mild","gamma_mild",0.0266297721108528
"density","DAX","STAR_SV","2020-09","mu_y","mu_y",0.000355162028339181
"density","DAX","STAR_SV","2020-09","phi_y","mu_y",-5.15361022130536e-05
"density","DAX","STAR_SV","2020-09","mu_h","mu_y",-0.0010444616443024
"density","DAX","STAR_SV","2020-09","phi_h","mu_y",6.60802305488495e-06
"density","DAX","STAR_SV","2020-09","sigma_eta","mu_y",9.81382725381571e-05
"density","DAX","STAR_SV","2020-09","nu","mu_y",-0.000617736507765545
"density","DAX","STAR_SV","2020-09","gamma_severe","mu_y",7.176198490688e-05
"density","DAX","STAR_SV","2020-09","gamma_mild","mu_y",5.81416057432548e-05
"density","DAX","STAR_SV","2020-09","mu_y","phi_y",-5.15361022130536e-05
"density","DAX","STAR_SV","2020-09","phi_y","phi_y",0.000449197268533146
"density","DAX","STAR_SV","2020-09","mu_h","phi_y",-0.00057691037337281
"density","DAX","STAR_SV","2020-09","phi_h","phi_y",-1.12585909750438e-06
"density","DAX","STAR_SV","2020-09","sigma_eta","phi_y",-7.50248460139244e-05
"density","DAX","STAR_SV","2020-09","nu","phi_y",-9.29502501778768e-05
"density","DAX","STAR_SV","2020-09","gamma_severe","phi_y",-7.96956806757473e-05
"density","DAX","STAR_SV","2020-09","gamma_mild","phi_y",-0.000137617216594811
"density","DAX","STAR_SV","2020-09","mu_y","mu_h",-0.0010444616443024
"density","DAX","STAR_SV","2020-09","phi_y","mu_h",-0.00057691037337281
"density","DAX","STAR_SV","2020-09","mu_h","mu_h",0.285511956111775
"density","DAX","STAR_SV","2020-09","phi_h","mu_h",-0.00327136670920133
"density","DAX","STAR_SV","2020-09","sigma_eta","mu_h",0.0117758855177174
"density","DAX","STAR_SV","2020-09","nu","mu_h",0.112490372727576
"density","DAX","STAR_SV","2020-09","gamma_severe","mu_h",0.00316744178412525
"density","DAX","STAR_SV","2020-09","gamma_mild","mu_h",-0.00269589105393543
"density","DAX","STAR_SV","2020-09","mu_y","phi_h",6.60802305488495e-06
"density","DAX","STAR_SV","2020-09","phi_y","phi_h",-1.12585909750438e-06
"density","DAX","STAR_SV","2020-09","mu_h","phi_h",-0.00327136670920133
"density","DAX","STAR_SV","2020-09","phi_h","phi_h",5.84008418023503e-05
"density","DAX","STAR_SV","2020-09","sigma_eta","phi_h",-0.000108985599215691
"density","DAX","STAR_SV","2020-09","nu","phi_h",-0.0010592123265437
"density","DAX","STAR_SV","2020-09","gamma_severe","phi_h",0.000114528147043954
"density","DAX","STAR_SV","2020-09","gamma_mild","phi_h",0.000113620932403246
"density","DAX","STAR_SV","2020-09","mu_y","sigma_eta",9.81382725381571e-05
"density","DAX","STAR_SV","2020-09","phi_y","sigma_eta",-7.50248460139244e-05
"density","DAX","STAR_SV","2020-09","mu_h","sigma_eta",0.0117758855177174
"density","DAX","STAR_SV","2020-09","phi_h","sigma_eta",-0.000108985599215691
"density","DAX","STAR_SV","2020-09","sigma_eta","sigma_eta",0.00193846227326372
"density","DAX","STAR_SV","2020-09","nu","sigma_eta",0.0131701125817729
"density","DAX","STAR_SV","2020-09","gamma_severe","sigma_eta",0.000532419286749896
"density","DAX","STAR_SV","2020-09","gamma_mild","sigma_eta",-0.000442316373061668
"density","DAX","STAR_SV","2020-09","mu_y","nu",-0.000617736507765545
"density","DAX","STAR_SV","2020-09","phi_y","nu",-9.29502501778768e-05
"density","DAX","STAR_SV","2020-09","mu_h","nu",0.112490372727576
"density","DAX","STAR_SV","2020-09","phi_h","nu",-0.0010592123265437
"density","DAX","STAR_SV","2020-09","sigma_eta","nu",0.0131701125817729
"density","DAX","STAR_SV","2020-09","nu","nu",0.558195859219693
"density","DAX","STAR_SV","2020-09","gamma_severe","nu",0.00960075714626749
"density","DAX","STAR_SV","2020-09","gamma_mild","nu",0.000271343090210346
"density","DAX","STAR_SV","2020-09","mu_y","gamma_severe",7.176198490688e-05
"density","DAX","STAR_SV","2020-09","phi_y","gamma_severe",-7.96956806757473e-05
"density","DAX","STAR_SV","2020-09","mu_h","gamma_severe",0.00316744178412525
"density","DAX","STAR_SV","2020-09","phi_h","gamma_severe",0.000114528147043954
"density","DAX","STAR_SV","2020-09","sigma_eta","gamma_severe",0.000532419286749896
"density","DAX","STAR_SV","2020-09","nu","gamma_severe",0.00960075714626749
"density","DAX","STAR_SV","2020-09","gamma_severe","gamma_severe",0.00144740670817635
"density","DAX","STAR_SV","2020-09","gamma_mild","gamma_severe",-0.00029207158121069
"density","DAX","STAR_SV","2020-09","mu_y","gamma_mild",5.81416057432548e-05
"density","DAX","STAR_SV","2020-09","phi_y","gamma_mild",-0.000137617216594811
"density","DAX","STAR_SV","2020-09","mu_h","gamma_mild",-0.00269589105393543
"density","DAX","STAR_SV","2020-09","phi_h","gamma_mild",0.000113620932403246
"density","DAX","STAR_SV","2020-09","sigma_eta","gamma_mild",-0.000442316373061668
"density","DAX","STAR_SV","2020-09","nu","gamma_mild",0.000271343090210346
"density","DAX","STAR_SV","2020-09","gamma_severe","gamma_mild",-0.00029207158121069
"density","DAX","STAR_SV","2020-09","gamma_mild","gamma_mild",0.0252985694101197
"density","DAX","STAR_SV","2020-10","mu_y","mu_y",0.000372446918268346
"density","DAX","STAR_SV","2020-10","phi_y","mu_y",-5.45721060544954e-05
"density","DAX","STAR_SV","2020-10","mu_h","mu_y",-5.7733242855235e-05
"density","DAX","STAR_SV","2020-10","phi_h","mu_y",-7.79716592411603e-07
"density","DAX","STAR_SV","2020-10","sigma_eta","mu_y",0.000137739933651258
"density","DAX","STAR_SV","2020-10","nu","mu_y",-0.000718290086592055
"density","DAX","STAR_SV","2020-10","gamma_severe","mu_y",0.000111936386545668
"density","DAX","STAR_SV","2020-10","gamma_mild","mu_y",8.49228727738145e-05
"density","DAX","STAR_SV","2020-10","mu_y","phi_y",-5.45721060544954e-05
"density","DAX","STAR_SV","2020-10","phi_y","phi_y",0.000477808042769041
"density","DAX","STAR_SV","2020-10","mu_h","phi_y",-0.000356472927056228
"density","DAX","STAR_SV","2020-10","phi_h","phi_y",-9.57487686591428e-07
"density","DAX","STAR_SV","2020-10","sigma_eta","phi_y",-1.84367188352018e-05
"density","DAX","STAR_SV","2020-10","nu","phi_y",0.00103319304521251
"density","DAX","STAR_SV","2020-10","gamma_severe","phi_y",-3.21287990085368e-05
"density","DAX","STAR_SV","2020-10","gamma_mild","phi_y",-8.98076290854369e-05
"density","DAX","STAR_SV","2020-10","mu_y","mu_h",-5.7733242855235e-05
"density","DAX","STAR_SV","2020-10","phi_y","mu_h",-0.000356472927056228
"density","DAX","STAR_SV","2020-10","mu_h","mu_h",0.108101876257169
"density","DAX","STAR_SV","2020-10","phi_h","mu_h",-0.00138352595168623
"density","DAX","STAR_SV","2020-10","sigma_eta","mu_h",0.00527059021966742
"density","DAX","STAR_SV","2020-10","nu","mu_h",0.0493128894689509
"density","DAX","STAR_SV","2020-10","gamma_severe","mu_h",0.00427591960601264
"density","DAX","STAR_SV","2020-10","gamma_mild","mu_h",-0.00128922187467621
"density","DAX","STAR_SV","2020-10","mu_y","phi_h",-7.79716592411603e-07
"density","DAX","STAR_SV","2020-10","phi_y","phi_h",-9.57487686591428e-07
"density","DAX","STAR_SV","2020-10","mu_h","phi_h",-0.00138352595168623
"density","DAX","STAR_SV","2020-10","phi_h","phi_h",5.82167077374216e-05
"density","DAX","STAR_SV","2020-10","sigma_eta","phi_h",-6.19446482771138e-05
"density","DAX","STAR_SV","2020-10","nu","phi_h",-6.13325518528725e-06
"density","DAX","STAR_SV","2020-10","gamma_severe","phi_h",0.000186019402048366
"density","DAX","STAR_SV","2020-10","gamma_mild","phi_h",0.000144048121647209
"density","DAX","STAR_SV","2020-10","mu_y","sigma_eta",0.000137739933651258
"density","DAX","STAR_SV","2020-10","phi_y","sigma_eta",-1.84367188352018e-05
"density","DAX","STAR_SV","2020-10","mu_h","sigma_eta",0.00527059021966742
"density","DAX","STAR_SV","2020-10","phi_h","sigma_eta",-6.19446482771138e-05
"density","DAX","STAR_SV","2020-10","sigma_eta","sigma_eta",0.00127931685118456
"density","DAX","STAR_SV","2020-10","nu","sigma_eta",0.0110448092694135
"density","DAX","STAR_SV","2020-10","gamma_severe","sigma_eta",0.000417181988048729
"density","DAX","STAR_SV","2020-10","gamma_mild","sigma_eta",-0.00033121530828325
"density","DAX","STAR_SV","2020-10","mu_y","nu",-0.000718290086592055
"density","DAX","STAR_SV","2020-10","phi_y","nu",0.00103319304521251
"density","DAX","STAR_SV","2020-10","mu_h","nu",0.0493128894689509
"density","DAX","STAR_SV","2020-10","phi_h","nu",-6.13325518528725e-06
"density","DAX","STAR_SV","2020-10","sigma_eta","nu",0.0110448092694135
"density","DAX","STAR_SV","2020-10","nu","nu",0.822491126597515
"density","DAX","STAR_SV","2020-10","gamma_severe","nu",0.0135869379798531
"density","DAX","STAR_SV","2020-10","gamma_mild","nu",0.00325795549440319
"density","DAX","STAR_SV","2020-10","mu_y","gamma_severe",0.000111936386545668
"density","DAX","STAR_SV","2020-10","phi_y","gamma_severe",-3.21287990085368e-05
"density","DAX","STAR_SV","2020-10","mu_h","gamma_severe",0.00427591960601264
"density","DAX","STAR_SV","2020-10","phi_h","gamma_severe",0.000186019402048366
"density","DAX","STAR_SV","2020-10","sigma_eta","gamma_severe",0.000417181988048729
"density","DAX","STAR_SV","2020-10","nu","gamma_severe",0.0135869379798531
"density","DAX","STAR_SV","2020-10","gamma_severe","gamma_severe",0.00193162396725528
"density","DAX","STAR_SV","2020-10","gamma_mild","gamma_severe",-0.000169450512194384
"density","DAX","STAR_SV","2020-10","mu_y","gamma_mild",8.49228727738145e-05
"density","DAX","STAR_SV","2020-10","phi_y","gamma_mild",-8.98076290854369e-05
"density","DAX","STAR_SV","2020-10","mu_h","gamma_mild",-0.00128922187467621
"density","DAX","STAR_SV","2020-10","phi_h","gamma_mild",0.000144048121647209
"density","DAX","STAR_SV","2020-10","sigma_eta","gamma_mild",-0.00033121530828325
"density","DAX","STAR_SV","2020-10","nu","gamma_mild",0.00325795549440319
"density","DAX","STAR_SV","2020-10","gamma_severe","gamma_mild",-0.000169450512194384
"density","DAX","STAR_SV","2020-10","gamma_mild","gamma_mild",0.0256450973354955
"density","DAX","STAR_SV","2020-11","mu_y","mu_y",0.000344455066957048
"density","DAX","STAR_SV","2020-11","phi_y","mu_y",-6.16641982631647e-05
"density","DAX","STAR_SV","2020-11","mu_h","mu_y",-0.000730405463667704
"density","DAX","STAR_SV","2020-11","phi_h","mu_y",1.19677444693223e-05
"density","DAX","STAR_SV","2020-11","sigma_eta","mu_y",9.88734211705286e-05
"density","DAX","STAR_SV","2020-11","nu","mu_y",-0.000278588499235604
"density","DAX","STAR_SV","2020-11","gamma_severe","mu_y",0.000103295819478922
"density","DAX","STAR_SV","2020-11","gamma_mild","mu_y",0.000102515232326028
"density","DAX","STAR_SV","2020-11","mu_y","phi_y",-6.16641982631647e-05
"density","DAX","STAR_SV","2020-11","phi_y","phi_y",0.000481179215932645
"density","DAX","STAR_SV","2020-11","mu_h","phi_y",-0.000102878312566352
"density","DAX","STAR_SV","2020-11","phi_h","phi_y",-1.02123535001614e-05
"density","DAX","STAR_SV","2020-11","sigma_eta","phi_y",-1.120628882057e-05
"density","DAX","STAR_SV","2020-11","nu","phi_y",0.000715631136061652
"density","DAX","STAR_SV","2020-11","gamma_severe","phi_y",-7.00310377713252e-05
"density","DAX","STAR_SV","2020-11","gamma_mild","phi_y",-0.000219377657878673
"density","DAX","STAR_SV","2020-11","mu_y","mu_h",-0.000730405463667704
"density","DAX","STAR_SV","2020-11","phi_y","mu_h",-0.000102878312566352
"density","DAX","STAR_SV","2020-11","mu_h","mu_h",0.0874231947151088
"density","DAX","STAR_SV","2020-11","phi_h","mu_h",-0.00108129982625106
"density","DAX","STAR_SV","2020-11","sigma_eta","mu_h",0.0027802937121294
"density","DAX","STAR_SV","2020-11","nu","mu_h",0.0220703426741911
"density","DAX","STAR_SV","2020-11","gamma_severe","mu_h",0.00242155454627122
"density","DAX","STAR_SV","2020-11","gamma_mild","mu_h",-0.0022740068677809
"density","DAX","STAR_SV","2020-11","mu_y","phi_h",1.19677444693223e-05
"density","DAX","STAR_SV","2020-11","phi_y","phi_h",-1.02123535001614e-05
"density","DAX","STAR_SV","2020-11","mu_h","phi_h",-0.00108129982625106
"density","DAX","STAR_SV","2020-11","phi_h","phi_h",5.11562746341585e-05
"density","DAX","STAR_SV","2020-11","sigma_eta","phi_h",-2.3548781615869e-05
"density","DAX","STAR_SV","2020-11","nu","phi_h",0.000532771337375343
"density","DAX","STAR_SV","2020-11","gamma_severe","phi_h",0.000206853593866717
"density","DAX","STAR_SV","2020-11","gamma_mild","phi_h",0.00016864225896165
"density","DAX","STAR_SV","2020-11","mu_y","sigma_eta",9.88734211705286e-05
"density","DAX","STAR_SV","2020-11","phi_y","sigma_eta",-1.120628882057e-05
"density","DAX","STAR_SV","2020-11","mu_h","sigma_eta",0.0027802937121294
"density","DAX","STAR_SV","2020-11","phi_h","sigma_eta",-2.3548781615869e-05
"density","DAX","STAR_SV","2020-11","sigma_eta","sigma_eta",0.00107037088558868
"density","DAX","STAR_SV","2020-11","nu","sigma_eta",0.00834030762663387
"density","DAX","STAR_SV","2020-11","gamma_severe","sigma_eta",0.000295200732867899
"density","DAX","STAR_SV","2020-11","gamma_mild","sigma_eta",-0.000452440759688585
"density","DAX","STAR_SV","2020-11","mu_y","nu",-0.000278588499235604
"density","DAX","STAR_SV","2020-11","phi_y","nu",0.000715631136061652
"density","DAX","STAR_SV","2020-11","mu_h","nu",0.0220703426741911
"density","DAX","STAR_SV","2020-11","phi_h","nu",0.000532771337375343
"density","DAX","STAR_SV","2020-11","sigma_eta","nu",0.00834030762663387
"density","DAX","STAR_SV","2020-11","nu","nu",0.726449365160661
"density","DAX","STAR_SV","2020-11","gamma_severe","nu",0.0130281705545057
"density","DAX","STAR_SV","2020-11","gamma_mild","nu",-0.000308735734330258
"density","DAX","STAR_SV","2020-11","mu_y","gamma_severe",0.000103295819478922
"density","DAX","STAR_SV","2020-11","phi_y","gamma_severe",-7.00310377713252e-05
"density","DAX","STAR_SV","2020-11","mu_h","gamma_severe",0.00242155454627122
"density","DAX","STAR_SV","2020-11","phi_h","gamma_severe",0.000206853593866717
"density","DAX","STAR_SV","2020-11","sigma_eta","gamma_severe",0.000295200732867899
"density","DAX","STAR_SV","2020-11","nu","gamma_severe",0.0130281705545057
"density","DAX","STAR_SV","2020-11","gamma_severe","gamma_severe",0.00184004523243154
"density","DAX","STAR_SV","2020-11","gamma_mild","gamma_severe",-6.75093011900843e-05
"density","DAX","STAR_SV","2020-11","mu_y","gamma_mild",0.000102515232326028
"density","DAX","STAR_SV","2020-11","phi_y","gamma_mild",-0.000219377657878673
"density","DAX","STAR_SV","2020-11","mu_h","gamma_mild",-0.0022740068677809
"density","DAX","STAR_SV","2020-11","phi_h","gamma_mild",0.00016864225896165
"density","DAX","STAR_SV","2020-11","sigma_eta","gamma_mild",-0.000452440759688585
"density","DAX","STAR_SV","2020-11","nu","gamma_mild",-0.000308735734330258
"density","DAX","STAR_SV","2020-11","gamma_severe","gamma_mild",-6.75093011900843e-05
"density","DAX","STAR_SV","2020-11","gamma_mild","gamma_mild",0.0226026295026389
"density","DAX","STAR_SV","2020-12","mu_y","mu_y",0.0003605071043143
"density","DAX","STAR_SV","2020-12","phi_y","mu_y",-3.54014174436122e-05
"density","DAX","STAR_SV","2020-12","mu_h","mu_y",-0.00010473645298977
"density","DAX","STAR_SV","2020-12","phi_h","mu_y",-1.05734286519125e-06
"density","DAX","STAR_SV","2020-12","sigma_eta","mu_y",0.000169214509153902
"density","DAX","STAR_SV","2020-12","nu","mu_y",-0.00027749172084747
"density","DAX","STAR_SV","2020-12","gamma_severe","mu_y",0.000109150840727606
"density","DAX","STAR_SV","2020-12","gamma_mild","mu_y",3.84514375526214e-05
"density","DAX","STAR_SV","2020-12","mu_y","phi_y",-3.54014174436122e-05
"density","DAX","STAR_SV","2020-12","phi_y","phi_y",0.000430732530427953
"density","DAX","STAR_SV","2020-12","mu_h","phi_y",7.22154286164083e-05
"density","DAX","STAR_SV","2020-12","phi_h","phi_y",-1.18198738218358e-05
"density","DAX","STAR_SV","2020-12","sigma_eta","phi_y",-3.15511693028047e-05
"density","DAX","STAR_SV","2020-12","nu","phi_y",0.000495740003581446
"density","DAX","STAR_SV","2020-12","gamma_severe","phi_y",-6.33278201692521e-05
"density","DAX","STAR_SV","2020-12","gamma_mild","phi_y",-7.22225333599256e-05
"density","DAX","STAR_SV","2020-12","mu_y","mu_h",-0.00010473645298977
"density","DAX","STAR_SV","2020-12","phi_y","mu_h",7.22154286164083e-05
"density","DAX","STAR_SV","2020-12","mu_h","mu_h",0.137224749478241
"density","DAX","STAR_SV","2020-12","phi_h","mu_h",-0.00165988271638462
"density","DAX","STAR_SV","2020-12","sigma_eta","mu_h",0.0062144317482235
"density","DAX","STAR_SV","2020-12","nu","mu_h",0.0385352955603836
"density","DAX","STAR_SV","2020-12","gamma_severe","mu_h",0.00449523893571093
"density","DAX","STAR_SV","2020-12","gamma_mild","mu_h",-0.00432635854423682
"density","DAX","STAR_SV","2020-12","mu_y","phi_h",-1.05734286519125e-06
"density","DAX","STAR_SV","2020-12","phi_y","phi_h",-1.18198738218358e-05
"density","DAX","STAR_SV","2020-12","mu_h","phi_h",-0.00165988271638462
"density","DAX","STAR_SV","2020-12","phi_h","phi_h",5.32451310374066e-05
"density","DAX","STAR_SV","2020-12","sigma_eta","phi_h",-5.47341862000565e-05
"density","DAX","STAR_SV","2020-12","nu","phi_h",1.67301639437455e-05
"density","DAX","STAR_SV","2020-12","gamma_severe","phi_h",0.000158702318419395
"density","DAX","STAR_SV","2020-12","gamma_mild","phi_h",0.000217485777356601
"density","DAX","STAR_SV","2020-12","mu_y","sigma_eta",0.000169214509153902
"density","DAX","STAR_SV","2020-12","phi_y","sigma_eta",-3.15511693028047e-05
"density","DAX","STAR_SV","2020-12","mu_h","sigma_eta",0.0062144317482235
"density","DAX","STAR_SV","2020-12","phi_h","sigma_eta",-5.47341862000565e-05
"density","DAX","STAR_SV","2020-12","sigma_eta","sigma_eta",0.00155871380490911
"density","DAX","STAR_SV","2020-12","nu","sigma_eta",0.0102364325332078
"density","DAX","STAR_SV","2020-12","gamma_severe","sigma_eta",0.00055924315060618
"density","DAX","STAR_SV","2020-12","gamma_mild","sigma_eta",-0.000528731225808809
"density","DAX","STAR_SV","2020-12","mu_y","nu",-0.00027749172084747
"density","DAX","STAR_SV","2020-12","phi_y","nu",0.000495740003581446
"density","DAX","STAR_SV","2020-12","mu_h","nu",0.0385352955603836
"density","DAX","STAR_SV","2020-12","phi_h","nu",1.67301639437455e-05
"density","DAX","STAR_SV","2020-12","sigma_eta","nu",0.0102364325332078
"density","DAX","STAR_SV","2020-12","nu","nu",0.569249436612383
"density","DAX","STAR_SV","2020-12","gamma_severe","nu",0.012064345919034
"density","DAX","STAR_SV","2020-12","gamma_mild","nu",0.00226165649631991
"density","DAX","STAR_SV","2020-12","mu_y","gamma_severe",0.000109150840727606
"density","DAX","STAR_SV","2020-12","phi_y","gamma_severe",-6.33278201692521e-05
"density","DAX","STAR_SV","2020-12","mu_h","gamma_severe",0.00449523893571093
"density","DAX","STAR_SV","2020-12","phi_h","gamma_severe",0.000158702318419395
"density","DAX","STAR_SV","2020-12","sigma_eta","gamma_severe",0.00055924315060618
"density","DAX","STAR_SV","2020-12","nu","gamma_severe",0.012064345919034
"density","DAX","STAR_SV","2020-12","gamma_severe","gamma_severe",0.00186390084432081
"density","DAX","STAR_SV","2020-12","gamma_mild","gamma_severe",8.48569039442961e-05
"density","DAX","STAR_SV","2020-12","mu_y","gamma_mild",3.84514375526214e-05
"density","DAX","STAR_SV","2020-12","phi_y","gamma_mild",-7.22225333599256e-05
"density","DAX","STAR_SV","2020-12","mu_h","gamma_mild",-0.00432635854423682
"density","DAX","STAR_SV","2020-12","phi_h","gamma_mild",0.000217485777356601
"density","DAX","STAR_SV","2020-12","sigma_eta","gamma_mild",-0.000528731225808809
"density","DAX","STAR_SV","2020-12","nu","gamma_mild",0.00226165649631991
"density","DAX","STAR_SV","2020-12","gamma_severe","gamma_mild",8.48569039442961e-05
"density","DAX","STAR_SV","2020-12","gamma_mild","gamma_mild",0.0249710771043144
"density","DAX","STAR_SV","2021-01","mu_y","mu_y",0.000349786013062291
"density","DAX","STAR_SV","2021-01","phi_y","mu_y",-5.03703703578892e-05
"density","DAX","STAR_SV","2021-01","mu_h","mu_y",-0.000116161569822088
"density","DAX","STAR_SV","2021-01","phi_h","mu_y",-2.58234662174669e-06
"density","DAX","STAR_SV","2021-01","sigma_eta","mu_y",0.000163419460401488
"density","DAX","STAR_SV","2021-01","nu","mu_y",-0.000143154580982298
"density","DAX","STAR_SV","2021-01","gamma_severe","mu_y",8.5891956856261e-05
"density","DAX","STAR_SV","2021-01","gamma_mild","mu_y",1.43214043847188e-05
"density","DAX","STAR_SV","2021-01","mu_y","phi_y",-5.03703703578892e-05
"density","DAX","STAR_SV","2021-01","phi_y","phi_y",0.00048862055332171
"density","DAX","STAR_SV","2021-01","mu_h","phi_y",-0.000790455856781987
"density","DAX","STAR_SV","2021-01","phi_h","phi_y",-1.70045615020429e-06
"density","DAX","STAR_SV","2021-01","sigma_eta","phi_y",-3.41129051325644e-05
"density","DAX","STAR_SV","2021-01","nu","phi_y",0.000539926658796548
"density","DAX","STAR_SV","2021-01","gamma_severe","phi_y",-9.57315988262266e-05
"density","DAX","STAR_SV","2021-01","gamma_mild","phi_y",-0.000123781243102968
"density","DAX","STAR_SV","2021-01","mu_y","mu_h",-0.000116161569822088
"density","DAX","STAR_SV","2021-01","phi_y","mu_h",-0.000790455856781987
"density","DAX","STAR_SV","2021-01","mu_h","mu_h",0.161495248148767
"density","DAX","STAR_SV","2021-01","phi_h","mu_h",-0.00224236508626971
"density","DAX","STAR_SV","2021-01","sigma_eta","mu_h",0.0078169496443867
"density","DAX","STAR_SV","2021-01","nu","mu_h",0.0639519815904152
"density","DAX","STAR_SV","2021-01","gamma_severe","mu_h",0.00380767232658331
"density","DAX","STAR_SV","2021-01","gamma_mild","mu_h",0.00538967244389553
"density","DAX","STAR_SV","2021-01","mu_y","phi_h",-2.58234662174669e-06
"density","DAX","STAR_SV","2021-01","phi_y","phi_h",-1.70045615020429e-06
"density","DAX","STAR_SV","2021-01","mu_h","phi_h",-0.00224236508626971
"density","DAX","STAR_SV","2021-01","phi_h","phi_h",6.61475627950662e-05
"density","DAX","STAR_SV","2021-01","sigma_eta","phi_h",-9.70050560045732e-05
"density","DAX","STAR_SV","2021-01","nu","phi_h",-0.000459133314492951
"density","DAX","STAR_SV","2021-01","gamma_severe","phi_h",0.00016420207473658
"density","DAX","STAR_SV","2021-01","gamma_mild","phi_h",0.000134999673871921
"density","DAX","STAR_SV","2021-01","mu_y","sigma_eta",0.000163419460401488
"density","DAX","STAR_SV","2021-01","phi_y","sigma_eta",-3.41129051325644e-05
"density","DAX","STAR_SV","2021-01","mu_h","sigma_eta",0.0078169496443867
"density","DAX","STAR_SV","2021-01","phi_h","sigma_eta",-9.70050560045732e-05
"density","DAX","STAR_SV","2021-01","sigma_eta","sigma_eta",0.00158772289918231
"density","DAX","STAR_SV","2021-01","nu","sigma_eta",0.0106915588181435
"density","DAX","STAR_SV","2021-01","gamma_severe","sigma_eta",0.000434974357229644
"density","DAX","STAR_SV","2021-01","gamma_mild","sigma_eta",0.000200027790148991
"density","DAX","STAR_SV","2021-01","mu_y","nu",-0.000143154580982298
"density","DAX","STAR_SV","2021-01","phi_y","nu",0.000539926658796548
"density","DAX","STAR_SV","2021-01","mu_h","nu",0.0639519815904152
"density","DAX","STAR_SV","2021-01","phi_h","nu",-0.000459133314492951
"density","DAX","STAR_SV","2021-01","sigma_eta","nu",0.0106915588181435
"density","DAX","STAR_SV","2021-01","nu","nu",0.630731942473143
"density","DAX","STAR_SV","2021-01","gamma_severe","nu",0.0118698797625284
"density","DAX","STAR_SV","2021-01","gamma_mild","nu",0.00666900988800054
"density","DAX","STAR_SV","2021-01","mu_y","gamma_severe",8.5891956856261e-05
"density","DAX","STAR_SV","2021-01","phi_y","gamma_severe",-9.57315988262266e-05
"density","DAX","STAR_SV","2021-01","mu_h","gamma_severe",0.00380767232658331
"density","DAX","STAR_SV","2021-01","phi_h","gamma_severe",0.00016420207473658
"density","DAX","STAR_SV","2021-01","sigma_eta","gamma_severe",0.000434974357229644
"density","DAX","STAR_SV","2021-01","nu","gamma_severe",0.0118698797625284
"density","DAX","STAR_SV","2021-01","gamma_severe","gamma_severe",0.00176583737797401
"density","DAX","STAR_SV","2021-01","gamma_mild","gamma_severe",0.00106358936393661
"density","DAX","STAR_SV","2021-01","mu_y","gamma_mild",1.43214043847188e-05
"density","DAX","STAR_SV","2021-01","phi_y","gamma_mild",-0.000123781243102968
"density","DAX","STAR_SV","2021-01","mu_h","gamma_mild",0.00538967244389553
"density","DAX","STAR_SV","2021-01","phi_h","gamma_mild",0.000134999673871921
"density","DAX","STAR_SV","2021-01","sigma_eta","gamma_mild",0.000200027790148991
"density","DAX","STAR_SV","2021-01","nu","gamma_mild",0.00666900988800054
"density","DAX","STAR_SV","2021-01","gamma_severe","gamma_mild",0.00106358936393661
"density","DAX","STAR_SV","2021-01","gamma_mild","gamma_mild",0.0142552788301641
"density","DAX","STAR_SV","2021-02","mu_y","mu_y",0.000361196002711413
"density","DAX","STAR_SV","2021-02","phi_y","mu_y",-5.44029448780698e-05
"density","DAX","STAR_SV","2021-02","mu_h","mu_y",2.15151478139135e-05
"density","DAX","STAR_SV","2021-02","phi_h","mu_y",4.03450835682722e-06
"density","DAX","STAR_SV","2021-02","sigma_eta","mu_y",0.00013620996563451
"density","DAX","STAR_SV","2021-02","nu","mu_y",9.47357781857266e-05
"density","DAX","STAR_SV","2021-02","gamma_severe","mu_y",0.000154684618195898
"density","DAX","STAR_SV","2021-02","gamma_mild","mu_y",7.40914190341208e-05
"density","DAX","STAR_SV","2021-02","mu_y","phi_y",-5.44029448780698e-05
"density","DAX","STAR_SV","2021-02","phi_y","phi_y",0.000472544509925173
"density","DAX","STAR_SV","2021-02","mu_h","phi_y",-0.000245839464093857
"density","DAX","STAR_SV","2021-02","phi_h","phi_y",-1.33614822661989e-05
"density","DAX","STAR_SV","2021-02","sigma_eta","phi_y",-2.68213070133535e-05
"density","DAX","STAR_SV","2021-02","nu","phi_y",0.00045637759455421
"density","DAX","STAR_SV","2021-02","gamma_severe","phi_y",-0.000116878603693132
"density","DAX","STAR_SV","2021-02","gamma_mild","phi_y",-9.42359998218312e-05
"density","DAX","STAR_SV","2021-02","mu_y","mu_h",2.15151478139135e-05
"density","DAX","STAR_SV","2021-02","phi_y","mu_h",-0.000245839464093857
"density","DAX","STAR_SV","2021-02","mu_h","mu_h",0.0867069411061161
"density","DAX","STAR_SV","2021-02","phi_h","mu_h",-0.00125313856457023
"density","DAX","STAR_SV","2021-02","sigma_eta","mu_h",0.00474554143504481
"density","DAX","STAR_SV","2021-02","nu","mu_h",0.039792394225013
"density","DAX","STAR_SV","2021-02","gamma_severe","mu_h",0.004230255186351
"density","DAX","STAR_SV","2021-02","gamma_mild","mu_h",-0.00112606098813881
"density","DAX","STAR_SV","2021-02","mu_y","phi_h",4.03450835682722e-06
"density","DAX","STAR_SV","2021-02","phi_y","phi_h",-1.33614822661989e-05
"density","DAX","STAR_SV","2021-02","mu_h","phi_h",-0.00125313856457023
"density","DAX","STAR_SV","2021-02","phi_h","phi_h",6.88753276627755e-05
"density","DAX","STAR_SV","2021-02","sigma_eta","phi_h",-5.9587979758171e-05
"density","DAX","STAR_SV","2021-02","nu","phi_h",0.00024955717583462
"density","DAX","STAR_SV","2021-02","gamma_severe","phi_h",0.000216319758546323
"density","DAX","STAR_SV","2021-02","gamma_mild","phi_h",0.000251637578878637
"density","DAX","STAR_SV","2021-02","mu_y","sigma_eta",0.00013620996563451
"density","DAX","STAR_SV","2021-02","phi_y","sigma_eta",-2.68213070133535e-05
"density","DAX","STAR_SV","2021-02","mu_h","sigma_eta",0.00474554143504481
"density","DAX","STAR_SV","2021-02","phi_h","sigma_eta",-5.9587979758171e-05
"density","DAX","STAR_SV","2021-02","sigma_eta","sigma_eta",0.00131466768428413
"density","DAX","STAR_SV","2021-02","nu","sigma_eta",0.0108674825246823
"density","DAX","STAR_SV","2021-02","gamma_severe","sigma_eta",0.00045873841072823
"density","DAX","STAR_SV","2021-02","gamma_mild","sigma_eta",-0.00023877791097137
"density","DAX","STAR_SV","2021-02","mu_y","nu",9.47357781857266e-05
"density","DAX","STAR_SV","2021-02","phi_y","nu",0.00045637759455421
"density","DAX","STAR_SV","2021-02","mu_h","nu",0.039792394225013
"density","DAX","STAR_SV","2021-02","phi_h","nu",0.00024955717583462
"density","DAX","STAR_SV","2021-02","sigma_eta","nu",0.0108674825246823
"density","DAX","STAR_SV","2021-02","nu","nu",0.800428466556354
"density","DAX","STAR_SV","2021-02","gamma_severe","nu",0.0151816049131123
"density","DAX","STAR_SV","2021-02","gamma_mild","nu",0.00639685622358604
"density","DAX","STAR_SV","2021-02","mu_y","gamma_severe",0.000154684618195898
"density","DAX","STAR_SV","2021-02","phi_y","gamma_severe",-0.000116878603693132
"density","DAX","STAR_SV","2021-02","mu_h","gamma_severe",0.004230255186351
"density","DAX","STAR_SV","2021-02","phi_h","gamma_severe",0.000216319758546323
"density","DAX","STAR_SV","2021-02","sigma_eta","gamma_severe",0.00045873841072823
"density","DAX","STAR_SV","2021-02","nu","gamma_severe",0.0151816049131123
"density","DAX","STAR_SV","2021-02","gamma_severe","gamma_severe",0.00209624224996919
"density","DAX","STAR_SV","2021-02","gamma_mild","gamma_severe",0.00048298201194095
"density","DAX","STAR_SV","2021-02","mu_y","gamma_mild",7.40914190341208e-05
"density","DAX","STAR_SV","2021-02","phi_y","gamma_mild",-9.42359998218312e-05
"density","DAX","STAR_SV","2021-02","mu_h","gamma_mild",-0.00112606098813881
"density","DAX","STAR_SV","2021-02","phi_h","gamma_mild",0.000251637578878637
"density","DAX","STAR_SV","2021-02","sigma_eta","gamma_mild",-0.00023877791097137
"density","DAX","STAR_SV","2021-02","nu","gamma_mild",0.00639685622358604
"density","DAX","STAR_SV","2021-02","gamma_severe","gamma_mild",0.00048298201194095
"density","DAX","STAR_SV","2021-02","gamma_mild","gamma_mild",0.0250716728190827
"density","DAX","STAR_SV","2021-03","mu_y","mu_y",0.00037558614439517
"density","DAX","STAR_SV","2021-03","phi_y","mu_y",-4.92667258919342e-05
"density","DAX","STAR_SV","2021-03","mu_h","mu_y",-0.00056596935216247
"density","DAX","STAR_SV","2021-03","phi_h","mu_y",1.48134191877624e-06
"density","DAX","STAR_SV","2021-03","sigma_eta","mu_y",0.000144276650156295
"density","DAX","STAR_SV","2021-03","nu","mu_y",-0.000552255233585988
"density","DAX","STAR_SV","2021-03","gamma_severe","mu_y",7.80474158673842e-05
"density","DAX","STAR_SV","2021-03","gamma_mild","mu_y",6.6158959302289e-05
"density","DAX","STAR_SV","2021-03","mu_y","phi_y",-4.92667258919342e-05
"density","DAX","STAR_SV","2021-03","phi_y","phi_y",0.00046907186445208
"density","DAX","STAR_SV","2021-03","mu_h","phi_y",-0.000693469793008494
"density","DAX","STAR_SV","2021-03","phi_h","phi_y",-3.27483319788843e-06
"density","DAX","STAR_SV","2021-03","sigma_eta","phi_y",-7.20592143646084e-05
"density","DAX","STAR_SV","2021-03","nu","phi_y",-5.38006818183274e-05
"density","DAX","STAR_SV","2021-03","gamma_severe","phi_y",-0.000113825248269251
"density","DAX","STAR_SV","2021-03","gamma_mild","phi_y",-0.000149231500773067
"density","DAX","STAR_SV","2021-03","mu_y","mu_h",-0.00056596935216247
"density","DAX","STAR_SV","2021-03","phi_y","mu_h",-0.000693469793008494
"density","DAX","STAR_SV","2021-03","mu_h","mu_h",0.241130756105036
"density","DAX","STAR_SV","2021-03","phi_h","mu_h",-0.00315297653165002
"density","DAX","STAR_SV","2021-03","sigma_eta","mu_h",0.0138869610961222
"density","DAX","STAR_SV","2021-03","nu","mu_h",0.133800268762967
"density","DAX","STAR_SV","2021-03","gamma_severe","mu_h",0.00943947551553365
"density","DAX","STAR_SV","2021-03","gamma_mild","mu_h",-0.00578732404678389
"density","DAX","STAR_SV","2021-03","mu_y","phi_h",1.48134191877624e-06
"density","DAX","STAR_SV","2021-03","phi_y","phi_h",-3.27483319788843e-06
"density","DAX","STAR_SV","2021-03","mu_h","phi_h",-0.00315297653165002
"density","DAX","STAR_SV","2021-03","phi_h","phi_h",7.73207945409409e-05
"density","DAX","STAR_SV","2021-03","sigma_eta","phi_h",-0.000156726701646579
"density","DAX","STAR_SV","2021-03","nu","phi_h",-0.00128485412885023
"density","DAX","STAR_SV","2021-03","gamma_severe","phi_h",9.92509678358775e-05
"density","DAX","STAR_SV","2021-03","gamma_mild","phi_h",0.000243937349192373
"density","DAX","STAR_SV","2021-03","mu_y","sigma_eta",0.000144276650156295
"density","DAX","STAR_SV","2021-03","phi_y","sigma_eta",-7.20592143646084e-05
"density","DAX","STAR_SV","2021-03","mu_h","sigma_eta",0.0138869610961222
"density","DAX","STAR_SV","2021-03","phi_h","sigma_eta",-0.000156726701646579
"density","DAX","STAR_SV","2021-03","sigma_eta","sigma_eta",0.00227930758489282
"density","DAX","STAR_SV","2021-03","nu","sigma_eta",0.0181238056627631
"density","DAX","STAR_SV","2021-03","gamma_severe","sigma_eta",0.00095594990927012
"density","DAX","STAR_SV","2021-03","gamma_mild","sigma_eta",-0.000510276287051954
"density","DAX","STAR_SV","2021-03","mu_y","nu",-0.000552255233585988
"density","DAX","STAR_SV","2021-03","phi_y","nu",-5.38006818183274e-05
"density","DAX","STAR_SV","2021-03","mu_h","nu",0.133800268762967
"density","DAX","STAR_SV","2021-03","phi_h","nu",-0.00128485412885023
"density","DAX","STAR_SV","2021-03","sigma_eta","nu",0.0181238056627631
"density","DAX","STAR_SV","2021-03","nu","nu",0.684727499623085
"density","DAX","STAR_SV","2021-03","gamma_severe","nu",0.0167154199642637
"density","DAX","STAR_SV","2021-03","gamma_mild","nu",0.00159210162803358
"density","DAX","STAR_SV","2021-03","mu_y","gamma_severe",7.80474158673842e-05
"density","DAX","STAR_SV","2021-03","phi_y","gamma_severe",-0.000113825248269251
"density","DAX","STAR_SV","2021-03","mu_h","gamma_severe",0.00943947551553365
"density","DAX","STAR_SV","2021-03","phi_h","gamma_severe",9.92509678358775e-05
"density","DAX","STAR_SV","2021-03","sigma_eta","gamma_severe",0.00095594990927012
"density","DAX","STAR_SV","2021-03","nu","gamma_severe",0.0167154199642637
"density","DAX","STAR_SV","2021-03","gamma_severe","gamma_severe",0.00216798133846766
"density","DAX","STAR_SV","2021-03","gamma_mild","gamma_severe",-0.000157212026903887
"density","DAX","STAR_SV","2021-03","mu_y","gamma_mild",6.6158959302289e-05
"density","DAX","STAR_SV","2021-03","phi_y","gamma_mild",-0.000149231500773067
"density","DAX","STAR_SV","2021-03","mu_h","gamma_mild",-0.00578732404678389
"density","DAX","STAR_SV","2021-03","phi_h","gamma_mild",0.000243937349192373
"density","DAX","STAR_SV","2021-03","sigma_eta","gamma_mild",-0.000510276287051954
"density","DAX","STAR_SV","2021-03","nu","gamma_mild",0.00159210162803358
"density","DAX","STAR_SV","2021-03","gamma_severe","gamma_mild",-0.000157212026903887
"density","DAX","STAR_SV","2021-03","gamma_mild","gamma_mild",0.0297129718561492
"density","DAX","STAR_SV","2021-04","mu_y","mu_y",0.000359036183877546
"density","DAX","STAR_SV","2021-04","phi_y","mu_y",-4.99789291883196e-05
"density","DAX","STAR_SV","2021-04","mu_h","mu_y",-0.000470485340485275
"density","DAX","STAR_SV","2021-04","phi_h","mu_y",1.07916152257898e-05
"density","DAX","STAR_SV","2021-04","sigma_eta","mu_y",9.08454169965623e-05
"density","DAX","STAR_SV","2021-04","nu","mu_y",-0.000165797034367015
"density","DAX","STAR_SV","2021-04","gamma_severe","mu_y",0.000114412647165248
"density","DAX","STAR_SV","2021-04","gamma_mild","mu_y",6.20045390915694e-05
"density","DAX","STAR_SV","2021-04","mu_y","phi_y",-4.99789291883196e-05
"density","DAX","STAR_SV","2021-04","phi_y","phi_y",0.000489556700209125
"density","DAX","STAR_SV","2021-04","mu_h","phi_y",-0.00035714603923358
"density","DAX","STAR_SV","2021-04","phi_h","phi_y",-4.32672000394209e-06
"density","DAX","STAR_SV","2021-04","sigma_eta","phi_y",-4.44858280215327e-05
"density","DAX","STAR_SV","2021-04","nu","phi_y",4.37592984456353e-05
"density","DAX","STAR_SV","2021-04","gamma_severe","phi_y",-7.34274533351801e-05
"density","DAX","STAR_SV","2021-04","gamma_mild","phi_y",-0.000130094452302386
"density","DAX","STAR_SV","2021-04","mu_y","mu_h",-0.000470485340485275
"density","DAX","STAR_SV","2021-04","phi_y","mu_h",-0.00035714603923358
"density","DAX","STAR_SV","2021-04","mu_h","mu_h",0.0779434304790598
"density","DAX","STAR_SV","2021-04","phi_h","mu_h",-0.00123200124654688
"density","DAX","STAR_SV","2021-04","sigma_eta","mu_h",0.00365850823385428
"density","DAX","STAR_SV","2021-04","nu","mu_h",0.0373040966646235
"density","DAX","STAR_SV","2021-04","gamma_severe","mu_h",0.00347485621762355
"density","DAX","STAR_SV","2021-04","gamma_mild","mu_h",-0.00129389800613369
"density","DAX","STAR_SV","2021-04","mu_y","phi_h",1.07916152257898e-05
"density","DAX","STAR_SV","2021-04","phi_y","phi_h",-4.32672000394209e-06
"density","DAX","STAR_SV","2021-04","mu_h","phi_h",-0.00123200124654688
"density","DAX","STAR_SV","2021-04","phi_h","phi_h",7.50904672018124e-05
"density","DAX","STAR_SV","2021-04","sigma_eta","phi_h",-7.12152547089095e-05
"density","DAX","STAR_SV","2021-04","nu","phi_h",0.000106973056859692
"density","DAX","STAR_SV","2021-04","gamma_severe","phi_h",0.000236436443383666
"density","DAX","STAR_SV","2021-04","gamma_mild","phi_h",0.000207639550955125
"density","DAX","STAR_SV","2021-04","mu_y","sigma_eta",9.08454169965623e-05
"density","DAX","STAR_SV","2021-04","phi_y","sigma_eta",-4.44858280215327e-05
"density","DAX","STAR_SV","2021-04","mu_h","sigma_eta",0.00365850823385428
"density","DAX","STAR_SV","2021-04","phi_h","sigma_eta",-7.12152547089095e-05
"density","DAX","STAR_SV","2021-04","sigma_eta","sigma_eta",0.00113569109329242
"density","DAX","STAR_SV","2021-04","nu","sigma_eta",0.00961974587809267
"density","DAX","STAR_SV","2021-04","gamma_severe","sigma_eta",0.000258687689728716
"density","DAX","STAR_SV","2021-04","gamma_mild","sigma_eta",-0.000267404994175904
"density","DAX","STAR_SV","2021-04","mu_y","nu",-0.000165797034367015
"density","DAX","STAR_SV","2021-04","phi_y","nu",4.37592984456353e-05
"density","DAX","STAR_SV","2021-04","mu_h","nu",0.0373040966646235
"density","DAX","STAR_SV","2021-04","phi_h","nu",0.000106973056859692
"density","DAX","STAR_SV","2021-04","sigma_eta","nu",0.00961974587809267
"density","DAX","STAR_SV","2021-04","nu","nu",0.708183511707366
"density","DAX","STAR_SV","2021-04","gamma_severe","nu",0.0138162941634282
"density","DAX","STAR_SV","2021-04","gamma_mild","nu",0.00347454095087032
"density","DAX","STAR_SV","2021-04","mu_y","gamma_severe",0.000114412647165248
"density","DAX","STAR_SV","2021-04","phi_y","gamma_severe",-7.34274533351801e-05
"density","DAX","STAR_SV","2021-04","mu_h","gamma_severe",0.00347485621762355
"density","DAX","STAR_SV","2021-04","phi_h","gamma_severe",0.000236436443383666
"density","DAX","STAR_SV","2021-04","sigma_eta","gamma_severe",0.000258687689728716
"density","DAX","STAR_SV","2021-04","nu","gamma_severe",0.0138162941634282
"density","DAX","STAR_SV","2021-04","gamma_severe","gamma_severe",0.00205877227712234
"density","DAX","STAR_SV","2021-04","gamma_mild","gamma_severe",0.000167728128762409
"density","DAX","STAR_SV","2021-04","mu_y","gamma_mild",6.20045390915694e-05
"density","DAX","STAR_SV","2021-04","phi_y","gamma_mild",-0.000130094452302386
"density","DAX","STAR_SV","2021-04","mu_h","gamma_mild",-0.00129389800613369
"density","DAX","STAR_SV","2021-04","phi_h","gamma_mild",0.000207639550955125
"density","DAX","STAR_SV","2021-04","sigma_eta","gamma_mild",-0.000267404994175904
"density","DAX","STAR_SV","2021-04","nu","gamma_mild",0.00347454095087032
"density","DAX","STAR_SV","2021-04","gamma_severe","gamma_mild",0.000167728128762409
"density","DAX","STAR_SV","2021-04","gamma_mild","gamma_mild",0.0234344995093486
"density","DAX","STAR_SV","2021-05","mu_y","mu_y",0.000354338062385489
"density","DAX","STAR_SV","2021-05","phi_y","mu_y",-5.58736438133565e-05
"density","DAX","STAR_SV","2021-05","mu_h","mu_y",-0.000275841782406082
"density","DAX","STAR_SV","2021-05","phi_h","mu_y",5.18208992410961e-06
"density","DAX","STAR_SV","2021-05","sigma_eta","mu_y",0.000158546609323088
"density","DAX","STAR_SV","2021-05","nu","mu_y",0.000284604171936052
"density","DAX","STAR_SV","2021-05","gamma_severe","mu_y",0.00014886031597926
"density","DAX","STAR_SV","2021-05","gamma_mild","mu_y",6.41203850068435e-05
"density","DAX","STAR_SV","2021-05","mu_y","phi_y",-5.58736438133565e-05
"density","DAX","STAR_SV","2021-05","phi_y","phi_y",0.000478739060848421
"density","DAX","STAR_SV","2021-05","mu_h","phi_y",-0.000224809691804647
"density","DAX","STAR_SV","2021-05","phi_h","phi_y",-4.1099776313615e-06
"density","DAX","STAR_SV","2021-05","sigma_eta","phi_y",-3.72564047202445e-05
"density","DAX","STAR_SV","2021-05","nu","phi_y",0.00121499684994355
"density","DAX","STAR_SV","2021-05","gamma_severe","phi_y",-5.41854166354174e-05
"density","DAX","STAR_SV","2021-05","gamma_mild","phi_y",5.63662435450545e-05
"density","DAX","STAR_SV","2021-05","mu_y","mu_h",-0.000275841782406082
"density","DAX","STAR_SV","2021-05","phi_y","mu_h",-0.000224809691804647
"density","DAX","STAR_SV","2021-05","mu_h","mu_h",0.119680659413741
"density","DAX","STAR_SV","2021-05","phi_h","mu_h",-0.00172648140722318
"density","DAX","STAR_SV","2021-05","sigma_eta","mu_h",0.00634353550251874
"density","DAX","STAR_SV","2021-05","nu","mu_h",0.0456653057619123
"density","DAX","STAR_SV","2021-05","gamma_severe","mu_h",0.00421335876450037
"density","DAX","STAR_SV","2021-05","gamma_mild","mu_h",-0.00419226127418797
"density","DAX","STAR_SV","2021-05","mu_y","phi_h",5.18208992410961e-06
"density","DAX","STAR_SV","2021-05","phi_y","phi_h",-4.1099776313615e-06
"density","DAX","STAR_SV","2021-05","mu_h","phi_h",-0.00172648140722318
"density","DAX","STAR_SV","2021-05","phi_h","phi_h",6.45162278295962e-05
"density","DAX","STAR_SV","2021-05","sigma_eta","phi_h",-8.29562314811675e-05
"density","DAX","STAR_SV","2021-05","nu","phi_h",-0.000469992304390192
"density","DAX","STAR_SV","2021-05","gamma_severe","phi_h",0.000176991197508585
"density","DAX","STAR_SV","2021-05","gamma_mild","phi_h",0.00019804096176154
"density","DAX","STAR_SV","2021-05","mu_y","sigma_eta",0.000158546609323088
"density","DAX","STAR_SV","2021-05","phi_y","sigma_eta",-3.72564047202445e-05
"density","DAX","STAR_SV","2021-05","mu_h","sigma_eta",0.00634353550251874
"density","DAX","STAR_SV","2021-05","phi_h","sigma_eta",-8.29562314811675e-05
"density","DAX","STAR_SV","2021-05","sigma_eta","sigma_eta",0.00161596758088479
"density","DAX","STAR_SV","2021-05","nu","sigma_eta",0.0119431888484581
"density","DAX","STAR_SV","2021-05","gamma_severe","sigma_eta",0.000488496672370477
"density","DAX","STAR_SV","2021-05","gamma_mild","sigma_eta",-0.00056938049091448
"density","DAX","STAR_SV","2021-05","mu_y","nu",0.000284604171936052
"density","DAX","STAR_SV","2021-05","phi_y","nu",0.00121499684994355
"density","DAX","STAR_SV","2021-05","mu_h","nu",0.0456653057619123
"density","DAX","STAR_SV","2021-05","phi_h","nu",-0.000469992304390192
"density","DAX","STAR_SV","2021-05","sigma_eta","nu",0.0119431888484581
"density","DAX","STAR_SV","2021-05","nu","nu",0.767937724521436
"density","DAX","STAR_SV","2021-05","gamma_severe","nu",0.0119883954077017
"density","DAX","STAR_SV","2021-05","gamma_mild","nu",-0.00274708519430028
"density","DAX","STAR_SV","2021-05","mu_y","gamma_severe",0.00014886031597926
"density","DAX","STAR_SV","2021-05","phi_y","gamma_severe",-5.41854166354174e-05
"density","DAX","STAR_SV","2021-05","mu_h","gamma_severe",0.00421335876450037
"density","DAX","STAR_SV","2021-05","phi_h","gamma_severe",0.000176991197508585
"density","DAX","STAR_SV","2021-05","sigma_eta","gamma_severe",0.000488496672370477
"density","DAX","STAR_SV","2021-05","nu","gamma_severe",0.0119883954077017
"density","DAX","STAR_SV","2021-05","gamma_severe","gamma_severe",0.00198654571142336
"density","DAX","STAR_SV","2021-05","gamma_mild","gamma_severe",-0.000395740257016289
"density","DAX","STAR_SV","2021-05","mu_y","gamma_mild",6.41203850068435e-05
"density","DAX","STAR_SV","2021-05","phi_y","gamma_mild",5.63662435450545e-05
"density","DAX","STAR_SV","2021-05","mu_h","gamma_mild",-0.00419226127418797
"density","DAX","STAR_SV","2021-05","phi_h","gamma_mild",0.00019804096176154
"density","DAX","STAR_SV","2021-05","sigma_eta","gamma_mild",-0.00056938049091448
"density","DAX","STAR_SV","2021-05","nu","gamma_mild",-0.00274708519430028
"density","DAX","STAR_SV","2021-05","gamma_severe","gamma_mild",-0.000395740257016289
"density","DAX","STAR_SV","2021-05","gamma_mild","gamma_mild",0.0288354206898631
"density","DAX","STAR_SV","2021-06","mu_y","mu_y",0.000346056423995548
"density","DAX","STAR_SV","2021-06","phi_y","mu_y",-4.56521616060979e-05
"density","DAX","STAR_SV","2021-06","mu_h","mu_y",-0.000244909333868722
"density","DAX","STAR_SV","2021-06","phi_h","mu_y",1.9804603336811e-06
"density","DAX","STAR_SV","2021-06","sigma_eta","mu_y",0.000129468220623804
"density","DAX","STAR_SV","2021-06","nu","mu_y",-0.000399688116880883
"density","DAX","STAR_SV","2021-06","gamma_severe","mu_y",0.000106546675029513
"density","DAX","STAR_SV","2021-06","gamma_mild","mu_y",-7.37597873605318e-05
"density","DAX","STAR_SV","2021-06","mu_y","phi_y",-4.56521616060979e-05
"density","DAX","STAR_SV","2021-06","phi_y","phi_y",0.000467663460711247
"density","DAX","STAR_SV","2021-06","mu_h","phi_y",-7.69802513620597e-05
"density","DAX","STAR_SV","2021-06","phi_h","phi_y",-1.45632905028693e-05
"density","DAX","STAR_SV","2021-06","sigma_eta","phi_y",-2.77303414445603e-05
"density","DAX","STAR_SV","2021-06","nu","phi_y",-5.12380323511655e-05
"density","DAX","STAR_SV","2021-06","gamma_severe","phi_y",-0.000102444987685418
"density","DAX","STAR_SV","2021-06","gamma_mild","phi_y",-0.000155963045985976
"density","DAX","STAR_SV","2021-06","mu_y","mu_h",-0.000244909333868722
"density","DAX","STAR_SV","2021-06","phi_y","mu_h",-7.69802513620597e-05
"density","DAX","STAR_SV","2021-06","mu_h","mu_h",0.127524772908509
"density","DAX","STAR_SV","2021-06","phi_h","mu_h",-0.0018134510057702
"density","DAX","STAR_SV","2021-06","sigma_eta","mu_h",0.00691457546294575
"density","DAX","STAR_SV","2021-06","nu","mu_h",0.0491856630087302
"density","DAX","STAR_SV","2021-06","gamma_severe","mu_h",0.00502087544812974
"density","DAX","STAR_SV","2021-06","gamma_mild","mu_h",-0.00394373166631743
"density","DAX","STAR_SV","2021-06","mu_y","phi_h",1.9804603336811e-06
"density","DAX","STAR_SV","2021-06","phi_y","phi_h",-1.45632905028693e-05
"density","DAX","STAR_SV","2021-06","mu_h","phi_h",-0.0018134510057702
"density","DAX","STAR_SV","2021-06","phi_h","phi_h",6.5389476841515e-05
"density","DAX","STAR_SV","2021-06","sigma_eta","phi_h",-9.05973304148032e-05
"density","DAX","STAR_SV","2021-06","nu","phi_h",-0.000251166298911446
"density","DAX","STAR_SV","2021-06","gamma_severe","phi_h",0.000168079727211256
"density","DAX","STAR_SV","2021-06","gamma_mild","phi_h",0.000224050503234765
"density","DAX","STAR_SV","2021-06","mu_y","sigma_eta",0.000129468220623804
"density","DAX","STAR_SV","2021-06","phi_y","sigma_eta",-2.77303414445603e-05
"density","DAX","STAR_SV","2021-06","mu_h","sigma_eta",0.00691457546294575
"density","DAX","STAR_SV","2021-06","phi_h","sigma_eta",-9.05973304148032e-05
"density","DAX","STAR_SV","2021-06","sigma_eta","sigma_eta",0.00168151372779737
"density","DAX","STAR_SV","2021-06","nu","sigma_eta",0.0125803233440868
"density","DAX","STAR_SV","2021-06","gamma_severe","sigma_eta",0.000544853774197285
"density","DAX","STAR_SV","2021-06","gamma_mild","sigma_eta",-0.000642988063928099
"density","DAX","STAR_SV","2021-06","mu_y","nu",-0.000399688116880883
"density","DAX","STAR_SV","2021-06","phi_y","nu",-5.12380323511655e-05
"density","DAX","STAR_SV","2021-06","mu_h","nu",0.0491856630087302
"density","DAX","STAR_SV","2021-06","phi_h","nu",-0.000251166298911446
"density","DAX","STAR_SV","2021-06","sigma_eta","nu",0.0125803233440868
"density","DAX","STAR_SV","2021-06","nu","nu",0.680284949853571
"density","DAX","STAR_SV","2021-06","gamma_severe","nu",0.0135501070339065
"density","DAX","STAR_SV","2021-06","gamma_mild","nu",-0.000655099034698768
"density","DAX","STAR_SV","2021-06","mu_y","gamma_severe",0.000106546675029513
"density","DAX","STAR_SV","2021-06","phi_y","gamma_severe",-0.000102444987685418
"density","DAX","STAR_SV","2021-06","mu_h","gamma_severe",0.00502087544812974
"density","DAX","STAR_SV","2021-06","phi_h","gamma_severe",0.000168079727211256
"density","DAX","STAR_SV","2021-06","sigma_eta","gamma_severe",0.000544853774197285
"density","DAX","STAR_SV","2021-06","nu","gamma_severe",0.0135501070339065
"density","DAX","STAR_SV","2021-06","gamma_severe","gamma_severe",0.00205077451429176
"density","DAX","STAR_SV","2021-06","gamma_mild","gamma_severe",-0.000178711655630307
"density","DAX","STAR_SV","2021-06","mu_y","gamma_mild",-7.37597873605318e-05
"density","DAX","STAR_SV","2021-06","phi_y","gamma_mild",-0.000155963045985976
"density","DAX","STAR_SV","2021-06","mu_h","gamma_mild",-0.00394373166631743
"density","DAX","STAR_SV","2021-06","phi_h","gamma_mild",0.000224050503234765
"density","DAX","STAR_SV","2021-06","sigma_eta","gamma_mild",-0.000642988063928099
"density","DAX","STAR_SV","2021-06","nu","gamma_mild",-0.000655099034698768
"density","DAX","STAR_SV","2021-06","gamma_severe","gamma_mild",-0.000178711655630307
"density","DAX","STAR_SV","2021-06","gamma_mild","gamma_mild",0.0282503468951224
"density","DAX","STAR_SV","2021-07","mu_y","mu_y",0.000325662987321905
"density","DAX","STAR_SV","2021-07","phi_y","mu_y",-4.92654008977588e-05
"density","DAX","STAR_SV","2021-07","mu_h","mu_y",-0.000489336367095771
"density","DAX","STAR_SV","2021-07","phi_h","mu_y",4.18872669928679e-06
"density","DAX","STAR_SV","2021-07","sigma_eta","mu_y",0.000132278960295893
"density","DAX","STAR_SV","2021-07","nu","mu_y",-0.000322967385400726
"density","DAX","STAR_SV","2021-07","gamma_severe","mu_y",0.000103339312987602
"density","DAX","STAR_SV","2021-07","gamma_mild","mu_y",-2.25775028644522e-05
"density","DAX","STAR_SV","2021-07","mu_y","phi_y",-4.92654008977588e-05
"density","DAX","STAR_SV","2021-07","phi_y","phi_y",0.000437458226710988
"density","DAX","STAR_SV","2021-07","mu_h","phi_y",-0.00010816627395016
"density","DAX","STAR_SV","2021-07","phi_h","phi_y",-1.21332583113806e-05
"density","DAX","STAR_SV","2021-07","sigma_eta","phi_y",-3.6000774129593e-05
"density","DAX","STAR_SV","2021-07","nu","phi_y",0.000778569959690033
"density","DAX","STAR_SV","2021-07","gamma_severe","phi_y",-9.48943572527666e-05
"density","DAX","STAR_SV","2021-07","gamma_mild","phi_y",-2.7195813452827e-06
"density","DAX","STAR_SV","2021-07","mu_y","mu_h",-0.000489336367095771
"density","DAX","STAR_SV","2021-07","phi_y","mu_h",-0.00010816627395016
"density","DAX","STAR_SV","2021-07","mu_h","mu_h",0.201658683360393
"density","DAX","STAR_SV","2021-07","phi_h","mu_h",-0.00226920056750968
"density","DAX","STAR_SV","2021-07","sigma_eta","mu_h",0.00935791165758072
"density","DAX","STAR_SV","2021-07","nu","mu_h",0.0737929291251202
"density","DAX","STAR_SV","2021-07","gamma_severe","mu_h",0.00559481006125277
"density","DAX","STAR_SV","2021-07","gamma_mild","mu_h",-0.00645527540104111
"density","DAX","STAR_SV","2021-07","mu_y","phi_h",4.18872669928679e-06
"density","DAX","STAR_SV","2021-07","phi_y","phi_h",-1.21332583113806e-05
"density","DAX","STAR_SV","2021-07","mu_h","phi_h",-0.00226920056750968
"density","DAX","STAR_SV","2021-07","phi_h","phi_h",5.50048324213254e-05
"density","DAX","STAR_SV","2021-07","sigma_eta","phi_h",-8.29340147355938e-05
"density","DAX","STAR_SV","2021-07","nu","phi_h",-0.00039501919007652
"density","DAX","STAR_SV","2021-07","gamma_severe","phi_h",0.000149654065928862
"density","DAX","STAR_SV","2021-07","gamma_mild","phi_h",0.000212584657200303
"density","DAX","STAR_SV","2021-07","mu_y","sigma_eta",0.000132278960295893
"density","DAX","STAR_SV","2021-07","phi_y","sigma_eta",-3.6000774129593e-05
"density","DAX","STAR_SV","2021-07","mu_h","sigma_eta",0.00935791165758072
"density","DAX","STAR_SV","2021-07","phi_h","sigma_eta",-8.29340147355938e-05
"density","DAX","STAR_SV","2021-07","sigma_eta","sigma_eta",0.0019090599957728
"density","DAX","STAR_SV","2021-07","nu","sigma_eta",0.0117906220833835
"density","DAX","STAR_SV","2021-07","gamma_severe","sigma_eta",0.000666824386395533
"density","DAX","STAR_SV","2021-07","gamma_mild","sigma_eta",-0.000480661498792243
"density","DAX","STAR_SV","2021-07","mu_y","nu",-0.000322967385400726
"density","DAX","STAR_SV","2021-07","phi_y","nu",0.000778569959690033
"density","DAX","STAR_SV","2021-07","mu_h","nu",0.0737929291251202
"density","DAX","STAR_SV","2021-07","phi_h","nu",-0.00039501919007652
"density","DAX","STAR_SV","2021-07","sigma_eta","nu",0.0117906220833835
"density","DAX","STAR_SV","2021-07","nu","nu",0.502590435506125
"density","DAX","STAR_SV","2021-07","gamma_severe","nu",0.012820893834865
"density","DAX","STAR_SV","2021-07","gamma_mild","nu",0.00592881912440408
"density","DAX","STAR_SV","2021-07","mu_y","gamma_severe",0.000103339312987602
"density","DAX","STAR_SV","2021-07","phi_y","gamma_severe",-9.48943572527666e-05
"density","DAX","STAR_SV","2021-07","mu_h","gamma_severe",0.00559481006125277
"density","DAX","STAR_SV","2021-07","phi_h","gamma_severe",0.000149654065928862
"density","DAX","STAR_SV","2021-07","sigma_eta","gamma_severe",0.000666824386395533
"density","DAX","STAR_SV","2021-07","nu","gamma_severe",0.012820893834865
"density","DAX","STAR_SV","2021-07","gamma_severe","gamma_severe",0.00207166142606197
"density","DAX","STAR_SV","2021-07","gamma_mild","gamma_severe",-3.32655455350486e-05
"density","DAX","STAR_SV","2021-07","mu_y","gamma_mild",-2.25775028644522e-05
"density","DAX","STAR_SV","2021-07","phi_y","gamma_mild",-2.7195813452827e-06
"density","DAX","STAR_SV","2021-07","mu_h","gamma_mild",-0.00645527540104111
"density","DAX","STAR_SV","2021-07","phi_h","gamma_mild",0.000212584657200303
"density","DAX","STAR_SV","2021-07","sigma_eta","gamma_mild",-0.000480661498792243
"density","DAX","STAR_SV","2021-07","nu","gamma_mild",0.00592881912440408
"density","DAX","STAR_SV","2021-07","gamma_severe","gamma_mild",-3.32655455350486e-05
"density","DAX","STAR_SV","2021-07","gamma_mild","gamma_mild",0.0264046156228067
"density","DAX","STAR_SV","2021-08","mu_y","mu_y",0.00034718024519916
"density","DAX","STAR_SV","2021-08","phi_y","mu_y",-4.2008078196243e-05
"density","DAX","STAR_SV","2021-08","mu_h","mu_y",-0.000606757915473965
"density","DAX","STAR_SV","2021-08","phi_h","mu_y",7.58434918950421e-06
"density","DAX","STAR_SV","2021-08","sigma_eta","mu_y",0.000136111919427915
"density","DAX","STAR_SV","2021-08","nu","mu_y",-0.000829835268419558
"density","DAX","STAR_SV","2021-08","gamma_severe","mu_y",0.00011811145058116
"density","DAX","STAR_SV","2021-08","gamma_mild","mu_y",-5.61919647832461e-05
"density","DAX","STAR_SV","2021-08","mu_y","phi_y",-4.2008078196243e-05
"density","DAX","STAR_SV","2021-08","phi_y","phi_y",0.00048017088640923
"density","DAX","STAR_SV","2021-08","mu_h","phi_y",-0.000231739753857442
"density","DAX","STAR_SV","2021-08","phi_h","phi_y",-1.29586047489893e-05
"density","DAX","STAR_SV","2021-08","sigma_eta","phi_y",-7.08883651816893e-05
"density","DAX","STAR_SV","2021-08","nu","phi_y",0.00062725271716036
"density","DAX","STAR_SV","2021-08","gamma_severe","phi_y",-0.00010911522744069
"density","DAX","STAR_SV","2021-08","gamma_mild","phi_y",-0.000103957826238382
"density","DAX","STAR_SV","2021-08","mu_y","mu_h",-0.000606757915473965
"density","DAX","STAR_SV","2021-08","phi_y","mu_h",-0.000231739753857442
"density","DAX","STAR_SV","2021-08","mu_h","mu_h",0.217918002002856
"density","DAX","STAR_SV","2021-08","phi_h","mu_h",-0.00268336765931539
"density","DAX","STAR_SV","2021-08","sigma_eta","mu_h",0.0124374810398086
"density","DAX","STAR_SV","2021-08","nu","mu_h",0.108825529081607
"density","DAX","STAR_SV","2021-08","gamma_severe","mu_h",0.00690834704908061
"density","DAX","STAR_SV","2021-08","gamma_mild","mu_h",-0.00634488950319247
"density","DAX","STAR_SV","2021-08","mu_y","phi_h",7.58434918950421e-06
"density","DAX","STAR_SV","2021-08","phi_y","phi_h",-1.29586047489893e-05
"density","DAX","STAR_SV","2021-08","mu_h","phi_h",-0.00268336765931539
"density","DAX","STAR_SV","2021-08","phi_h","phi_h",6.67880226966629e-05
"density","DAX","STAR_SV","2021-08","sigma_eta","phi_h",-0.000132041772097616
"density","DAX","STAR_SV","2021-08","nu","phi_h",-0.00106107652917782
"density","DAX","STAR_SV","2021-08","gamma_severe","phi_h",0.000138026745453694
"density","DAX","STAR_SV","2021-08","gamma_mild","phi_h",0.000233482103796269
"density","DAX","STAR_SV","2021-08","mu_y","sigma_eta",0.000136111919427915
"density","DAX","STAR_SV","2021-08","phi_y","sigma_eta",-7.08883651816893e-05
"density","DAX","STAR_SV","2021-08","mu_h","sigma_eta",0.0124374810398086
"density","DAX","STAR_SV","2021-08","phi_h","sigma_eta",-0.000132041772097616
"density","DAX","STAR_SV","2021-08","sigma_eta","sigma_eta",0.00242952991069305
"density","DAX","STAR_SV","2021-08","nu","sigma_eta",0.0164595693264286
"density","DAX","STAR_SV","2021-08","gamma_severe","sigma_eta",0.000817040330573057
"density","DAX","STAR_SV","2021-08","gamma_mild","sigma_eta",-0.000851888219809315
"density","DAX","STAR_SV","2021-08","mu_y","nu",-0.000829835268419558
"density","DAX","STAR_SV","2021-08","phi_y","nu",0.00062725271716036
"density","DAX","STAR_SV","2021-08","mu_h","nu",0.108825529081607
"density","DAX","STAR_SV","2021-08","phi_h","nu",-0.00106107652917782
"density","DAX","STAR_SV","2021-08","sigma_eta","nu",0.0164595693264286
"density","DAX","STAR_SV","2021-08","nu","nu",0.616805760035727
"density","DAX","STAR_SV","2021-08","gamma_severe","nu",0.0136717976854861
"density","DAX","STAR_SV","2021-08","gamma_mild","nu",-0.00538529170965147
"density","DAX","STAR_SV","2021-08","mu_y","gamma_severe",0.00011811145058116
"density","DAX","STAR_SV","2021-08","phi_y","gamma_severe",-0.00010911522744069
"density","DAX","STAR_SV","2021-08","mu_h","gamma_severe",0.00690834704908061
"density","DAX","STAR_SV","2021-08","phi_h","gamma_severe",0.000138026745453694
"density","DAX","STAR_SV","2021-08","sigma_eta","gamma_severe",0.000817040330573057
"density","DAX","STAR_SV","2021-08","nu","gamma_severe",0.0136717976854861
"density","DAX","STAR_SV","2021-08","gamma_severe","gamma_severe",0.00211496001561172
"density","DAX","STAR_SV","2021-08","gamma_mild","gamma_severe",-0.000302472268017318
"density","DAX","STAR_SV","2021-08","mu_y","gamma_mild",-5.61919647832461e-05
"density","DAX","STAR_SV","2021-08","phi_y","gamma_mild",-0.000103957826238382
"density","DAX","STAR_SV","2021-08","mu_h","gamma_mild",-0.00634488950319247
"density","DAX","STAR_SV","2021-08","phi_h","gamma_mild",0.000233482103796269
"density","DAX","STAR_SV","2021-08","sigma_eta","gamma_mild",-0.000851888219809315
"density","DAX","STAR_SV","2021-08","nu","gamma_mild",-0.00538529170965147
"density","DAX","STAR_SV","2021-08","gamma_severe","gamma_mild",-0.000302472268017318
"density","DAX","STAR_SV","2021-08","gamma_mild","gamma_mild",0.0285177358987865
"density","DAX","STAR_SV","2021-09","mu_y","mu_y",0.000324999658672237
"density","DAX","STAR_SV","2021-09","phi_y","mu_y",-5.43724264257987e-05
"density","DAX","STAR_SV","2021-09","mu_h","mu_y",-0.000486812444593757
"density","DAX","STAR_SV","2021-09","phi_h","mu_y",7.29010150259532e-06
"density","DAX","STAR_SV","2021-09","sigma_eta","mu_y",0.000125555680127021
"density","DAX","STAR_SV","2021-09","nu","mu_y",-0.000636914437609777
"density","DAX","STAR_SV","2021-09","gamma_severe","mu_y",0.000107045494714995
"density","DAX","STAR_SV","2021-09","gamma_mild","mu_y",6.3558237598822e-05
"density","DAX","STAR_SV","2021-09","mu_y","phi_y",-5.43724264257987e-05
"density","DAX","STAR_SV","2021-09","phi_y","phi_y",0.00046613598668751
"density","DAX","STAR_SV","2021-09","mu_h","phi_y",-0.000149583757098665
"density","DAX","STAR_SV","2021-09","phi_h","phi_y",-1.20058227566977e-05
"density","DAX","STAR_SV","2021-09","sigma_eta","phi_y",-4.05383778692905e-05
"density","DAX","STAR_SV","2021-09","nu","phi_y",0.000937617981146146
"density","DAX","STAR_SV","2021-09","gamma_severe","phi_y",-0.000102764102154394
"density","DAX","STAR_SV","2021-09","gamma_mild","phi_y",0.000115499350561992
"density","DAX","STAR_SV","2021-09","mu_y","mu_h",-0.000486812444593757
"density","DAX","STAR_SV","2021-09","phi_y","mu_h",-0.000149583757098665
"density","DAX","STAR_SV","2021-09","mu_h","mu_h",0.208621562433266
"density","DAX","STAR_SV","2021-09","phi_h","mu_h",-0.00250612554342693
"density","DAX","STAR_SV","2021-09","sigma_eta","mu_h",0.00862336151272045
"density","DAX","STAR_SV","2021-09","nu","mu_h",0.0762512531608616
"density","DAX","STAR_SV","2021-09","gamma_severe","mu_h",0.00558401615330214
"density","DAX","STAR_SV","2021-09","gamma_mild","mu_h",-0.00455863999605929
"density","DAX","STAR_SV","2021-09","mu_y","phi_h",7.29010150259532e-06
"density","DAX","STAR_SV","2021-09","phi_y","phi_h",-1.20058227566977e-05
"density","DAX","STAR_SV","2021-09","mu_h","phi_h",-0.00250612554342693
"density","DAX","STAR_SV","2021-09","phi_h","phi_h",6.23368626265863e-05
"density","DAX","STAR_SV","2021-09","sigma_eta","phi_h",-9.6059363162048e-05
"density","DAX","STAR_SV","2021-09","nu","phi_h",-0.000530211880775601
"density","DAX","STAR_SV","2021-09","gamma_severe","phi_h",0.000146775372563422
"density","DAX","STAR_SV","2021-09","gamma_mild","phi_h",0.000211592199781692
"density","DAX","STAR_SV","2021-09","mu_y","sigma_eta",0.000125555680127021
"density","DAX","STAR_SV","2021-09","phi_y","sigma_eta",-4.05383778692905e-05
"density","DAX","STAR_SV","2021-09","mu_h","sigma_eta",0.00862336151272045
"density","DAX","STAR_SV","2021-09","phi_h","sigma_eta",-9.6059363162048e-05
"density","DAX","STAR_SV","2021-09","sigma_eta","sigma_eta",0.00157712207395713
"density","DAX","STAR_SV","2021-09","nu","sigma_eta",0.0109000341954172
"density","DAX","STAR_SV","2021-09","gamma_severe","sigma_eta",0.000479736610077709
"density","DAX","STAR_SV","2021-09","gamma_mild","sigma_eta",-0.000419075965287895
"density","DAX","STAR_SV","2021-09","mu_y","nu",-0.000636914437609777
"density","DAX","STAR_SV","2021-09","phi_y","nu",0.000937617981146146
"density","DAX","STAR_SV","2021-09","mu_h","nu",0.0762512531608616
"density","DAX","STAR_SV","2021-09","phi_h","nu",-0.000530211880775601
"density","DAX","STAR_SV","2021-09","sigma_eta","nu",0.0109000341954172
"density","DAX","STAR_SV","2021-09","nu","nu",0.618824820516903
"density","DAX","STAR_SV","2021-09","gamma_severe","nu",0.0125974303039856
"density","DAX","STAR_SV","2021-09","gamma_mild","nu",0.000973091149579267
"density","DAX","STAR_SV","2021-09","mu_y","gamma_severe",0.000107045494714995
"density","DAX","STAR_SV","2021-09","phi_y","gamma_severe",-0.000102764102154394
"density","DAX","STAR_SV","2021-09","mu_h","gamma_severe",0.00558401615330214
"density","DAX","STAR_SV","2021-09","phi_h","gamma_severe",0.000146775372563422
"density","DAX","STAR_SV","2021-09","sigma_eta","gamma_severe",0.000479736610077709
"density","DAX","STAR_SV","2021-09","nu","gamma_severe",0.0125974303039856
"density","DAX","STAR_SV","2021-09","gamma_severe","gamma_severe",0.00192766469896712
"density","DAX","STAR_SV","2021-09","gamma_mild","gamma_severe",0.000117857404032047
"density","DAX","STAR_SV","2021-09","mu_y","gamma_mild",6.3558237598822e-05
"density","DAX","STAR_SV","2021-09","phi_y","gamma_mild",0.000115499350561992
"density","DAX","STAR_SV","2021-09","mu_h","gamma_mild",-0.00455863999605929
"density","DAX","STAR_SV","2021-09","phi_h","gamma_mild",0.000211592199781692
"density","DAX","STAR_SV","2021-09","sigma_eta","gamma_mild",-0.000419075965287895
"density","DAX","STAR_SV","2021-09","nu","gamma_mild",0.000973091149579267
"density","DAX","STAR_SV","2021-09","gamma_severe","gamma_mild",0.000117857404032047
"density","DAX","STAR_SV","2021-09","gamma_mild","gamma_mild",0.024362471718454
"density","DAX","STAR_SV","2021-10","mu_y","mu_y",0.000334740045183438
"density","DAX","STAR_SV","2021-10","phi_y","mu_y",-4.75152616223575e-05
"density","DAX","STAR_SV","2021-10","mu_h","mu_y",-0.0011496154080967
"density","DAX","STAR_SV","2021-10","phi_h","mu_y",1.00606006341984e-05
"density","DAX","STAR_SV","2021-10","sigma_eta","mu_y",9.77219283080701e-05
"density","DAX","STAR_SV","2021-10","nu","mu_y",-0.0004015366002571
"density","DAX","STAR_SV","2021-10","gamma_severe","mu_y",7.65409602861505e-05
"density","DAX","STAR_SV","2021-10","gamma_mild","mu_y",5.59945741838277e-05
"density","DAX","STAR_SV","2021-10","mu_y","phi_y",-4.75152616223575e-05
"density","DAX","STAR_SV","2021-10","phi_y","phi_y",0.000465186380440255
"density","DAX","STAR_SV","2021-10","mu_h","phi_y",-0.000437483591981205
"density","DAX","STAR_SV","2021-10","phi_h","phi_y",-9.47562543901716e-06
"density","DAX","STAR_SV","2021-10","sigma_eta","phi_y",-3.53885542107303e-05
"density","DAX","STAR_SV","2021-10","nu","phi_y",0.00149598448546737
"density","DAX","STAR_SV","2021-10","gamma_severe","phi_y",-9.59173228124775e-05
"density","DAX","STAR_SV","2021-10","gamma_mild","phi_y",-0.000127581694906383
"density","DAX","STAR_SV","2021-10","mu_y","mu_h",-0.0011496154080967
"density","DAX","STAR_SV","2021-10","phi_y","mu_h",-0.000437483591981205
"density","DAX","STAR_SV","2021-10","mu_h","mu_h",0.167276591909152
"density","DAX","STAR_SV","2021-10","phi_h","mu_h",-0.00174955243982699
"density","DAX","STAR_SV","2021-10","sigma_eta","mu_h",0.00473178961785963
"density","DAX","STAR_SV","2021-10","nu","mu_h",0.0203185356410533
"density","DAX","STAR_SV","2021-10","gamma_severe","mu_h",0.00344443366823883
"density","DAX","STAR_SV","2021-10","gamma_mild","mu_h",-0.000964190175165455
"density","DAX","STAR_SV","2021-10","mu_y","phi_h",1.00606006341984e-05
"density","DAX","STAR_SV","2021-10","phi_y","phi_h",-9.47562543901716e-06
"density","DAX","STAR_SV","2021-10","mu_h","phi_h",-0.00174955243982699
"density","DAX","STAR_SV","2021-10","phi_h","phi_h",4.3644267325386e-05
"density","DAX","STAR_SV","2021-10","sigma_eta","phi_h",-4.52644516476072e-05
"density","DAX","STAR_SV","2021-10","nu","phi_h",1.27396366411917e-05
"density","DAX","STAR_SV","2021-10","gamma_severe","phi_h",0.000144482431494178
"density","DAX","STAR_SV","2021-10","gamma_mild","phi_h",0.000126598846400884
"density","DAX","STAR_SV","2021-10","mu_y","sigma_eta",9.77219283080701e-05
"density","DAX","STAR_SV","2021-10","phi_y","sigma_eta",-3.53885542107303e-05
"density","DAX","STAR_SV","2021-10","mu_h","sigma_eta",0.00473178961785963
"density","DAX","STAR_SV","2021-10","phi_h","sigma_eta",-4.52644516476072e-05
"density","DAX","STAR_SV","2021-10","sigma_eta","sigma_eta",0.00124388365259326
"density","DAX","STAR_SV","2021-10","nu","sigma_eta",0.0073740735449418
"density","DAX","STAR_SV","2021-10","gamma_severe","sigma_eta",0.000284376645440785
"density","DAX","STAR_SV","2021-10","gamma_mild","sigma_eta",-0.00027173695283149
"density","DAX","STAR_SV","2021-10","mu_y","nu",-0.0004015366002571
"density","DAX","STAR_SV","2021-10","phi_y","nu",0.00149598448546737
"density","DAX","STAR_SV","2021-10","mu_h","nu",0.0203185356410533
"density","DAX","STAR_SV","2021-10","phi_h","nu",1.27396366411917e-05
"density","DAX","STAR_SV","2021-10","sigma_eta","nu",0.0073740735449418
"density","DAX","STAR_SV","2021-10","nu","nu",0.611083985906473
"density","DAX","STAR_SV","2021-10","gamma_severe","nu",0.00926923453251417
"density","DAX","STAR_SV","2021-10","gamma_mild","nu",0.0042122493453367
"density","DAX","STAR_SV","2021-10","mu_y","gamma_severe",7.65409602861505e-05
"density","DAX","STAR_SV","2021-10","phi_y","gamma_severe",-9.59173228124775e-05
"density","DAX","STAR_SV","2021-10","mu_h","gamma_severe",0.00344443366823883
"density","DAX","STAR_SV","2021-10","phi_h","gamma_severe",0.000144482431494178
"density","DAX","STAR_SV","2021-10","sigma_eta","gamma_severe",0.000284376645440785
"density","DAX","STAR_SV","2021-10","nu","gamma_severe",0.00926923453251417
"density","DAX","STAR_SV","2021-10","gamma_severe","gamma_severe",0.00167776615010506
"density","DAX","STAR_SV","2021-10","gamma_mild","gamma_severe",-5.99925511735467e-05
"density","DAX","STAR_SV","2021-10","mu_y","gamma_mild",5.59945741838277e-05
"density","DAX","STAR_SV","2021-10","phi_y","gamma_mild",-0.000127581694906383
"density","DAX","STAR_SV","2021-10","mu_h","gamma_mild",-0.000964190175165455
"density","DAX","STAR_SV","2021-10","phi_h","gamma_mild",0.000126598846400884
"density","DAX","STAR_SV","2021-10","sigma_eta","gamma_mild",-0.00027173695283149
"density","DAX","STAR_SV","2021-10","nu","gamma_mild",0.0042122493453367
"density","DAX","STAR_SV","2021-10","gamma_severe","gamma_mild",-5.99925511735467e-05
"density","DAX","STAR_SV","2021-10","gamma_mild","gamma_mild",0.0244753233949764
"density","DAX","STAR_SV","2021-11","mu_y","mu_y",0.000338158379610369
"density","DAX","STAR_SV","2021-11","phi_y","mu_y",-4.83255723645236e-05
"density","DAX","STAR_SV","2021-11","mu_h","mu_y",-0.0010854148280457
"density","DAX","STAR_SV","2021-11","phi_h","mu_y",1.33193155171322e-05
"density","DAX","STAR_SV","2021-11","sigma_eta","mu_y",9.97983446859521e-05
"density","DAX","STAR_SV","2021-11","nu","mu_y",-0.000487641085538118
"density","DAX","STAR_SV","2021-11","gamma_severe","mu_y",8.78789713846664e-05
"density","DAX","STAR_SV","2021-11","gamma_mild","mu_y",0.000153001606300432
"density","DAX","STAR_SV","2021-11","mu_y","phi_y",-4.83255723645236e-05
"density","DAX","STAR_SV","2021-11","phi_y","phi_y",0.000461619759610262
"density","DAX","STAR_SV","2021-11","mu_h","phi_y",-0.000249159374378564
"density","DAX","STAR_SV","2021-11","phi_h","phi_y",-8.72017916231782e-06
"density","DAX","STAR_SV","2021-11","sigma_eta","phi_y",-2.25238153950988e-05
"density","DAX","STAR_SV","2021-11","nu","phi_y",0.000576842368593708
"density","DAX","STAR_SV","2021-11","gamma_severe","phi_y",-8.36979433546747e-05
"density","DAX","STAR_SV","2021-11","gamma_mild","phi_y",-0.000111493710812163
"density","DAX","STAR_SV","2021-11","mu_y","mu_h",-0.0010854148280457
"density","DAX","STAR_SV","2021-11","phi_y","mu_h",-0.000249159374378564
"density","DAX","STAR_SV","2021-11","mu_h","mu_h",0.203485396046588
"density","DAX","STAR_SV","2021-11","phi_h","mu_h",-0.00272479383806675
"density","DAX","STAR_SV","2021-11","sigma_eta","mu_h",0.00829383285544081
"density","DAX","STAR_SV","2021-11","nu","mu_h",0.0710258518081993
"density","DAX","STAR_SV","2021-11","gamma_severe","mu_h",0.00316804638182513
"density","DAX","STAR_SV","2021-11","gamma_mild","mu_h",-0.00399117191311119
"density","DAX","STAR_SV","2021-11","mu_y","phi_h",1.33193155171322e-05
"density","DAX","STAR_SV","2021-11","phi_y","phi_h",-8.72017916231782e-06
"density","DAX","STAR_SV","2021-11","mu_h","phi_h",-0.00272479383806675
"density","DAX","STAR_SV","2021-11","phi_h","phi_h",6.82864515843307e-05
"density","DAX","STAR_SV","2021-11","sigma_eta","phi_h",-0.000107711539685299
"density","DAX","STAR_SV","2021-11","nu","phi_h",-0.000592872288637666
"density","DAX","STAR_SV","2021-11","gamma_severe","phi_h",0.000167492109844447
"density","DAX","STAR_SV","2021-11","gamma_mild","phi_h",0.000187246490948104
"density","DAX","STAR_SV","2021-11","mu_y","sigma_eta",9.97983446859521e-05
"density","DAX","STAR_SV","2021-11","phi_y","sigma_eta",-2.25238153950988e-05
"density","DAX","STAR_SV","2021-11","mu_h","sigma_eta",0.00829383285544081
"density","DAX","STAR_SV","2021-11","phi_h","sigma_eta",-0.000107711539685299
"density","DAX","STAR_SV","2021-11","sigma_eta","sigma_eta",0.00150994427223115
"density","DAX","STAR_SV","2021-11","nu","sigma_eta",0.0101481437319306
"density","DAX","STAR_SV","2021-11","gamma_severe","sigma_eta",0.000355041567967025
"density","DAX","STAR_SV","2021-11","gamma_mild","sigma_eta",-0.00019331975018302
"density","DAX","STAR_SV","2021-11","mu_y","nu",-0.000487641085538118
"density","DAX","STAR_SV","2021-11","phi_y","nu",0.000576842368593708
"density","DAX","STAR_SV","2021-11","mu_h","nu",0.0710258518081993
"density","DAX","STAR_SV","2021-11","phi_h","nu",-0.000592872288637666
"density","DAX","STAR_SV","2021-11","sigma_eta","nu",0.0101481437319306
"density","DAX","STAR_SV","2021-11","nu","nu",0.556299382769878
"density","DAX","STAR_SV","2021-11","gamma_severe","nu",0.0113297408105776
"density","DAX","STAR_SV","2021-11","gamma_mild","nu",0.00111718477205327
"density","DAX","STAR_SV","2021-11","mu_y","gamma_severe",8.78789713846664e-05
"density","DAX","STAR_SV","2021-11","phi_y","gamma_severe",-8.36979433546747e-05
"density","DAX","STAR_SV","2021-11","mu_h","gamma_severe",0.00316804638182513
"density","DAX","STAR_SV","2021-11","phi_h","gamma_severe",0.000167492109844447
"density","DAX","STAR_SV","2021-11","sigma_eta","gamma_severe",0.000355041567967025
"density","DAX","STAR_SV","2021-11","nu","gamma_severe",0.0113297408105776
"density","DAX","STAR_SV","2021-11","gamma_severe","gamma_severe",0.00180022598985887
"density","DAX","STAR_SV","2021-11","gamma_mild","gamma_severe",8.02313971321842e-05
"density","DAX","STAR_SV","2021-11","mu_y","gamma_mild",0.000153001606300432
"density","DAX","STAR_SV","2021-11","phi_y","gamma_mild",-0.000111493710812163
"density","DAX","STAR_SV","2021-11","mu_h","gamma_mild",-0.00399117191311119
"density","DAX","STAR_SV","2021-11","phi_h","gamma_mild",0.000187246490948104
"density","DAX","STAR_SV","2021-11","sigma_eta","gamma_mild",-0.00019331975018302
"density","DAX","STAR_SV","2021-11","nu","gamma_mild",0.00111718477205327
"density","DAX","STAR_SV","2021-11","gamma_severe","gamma_mild",8.02313971321842e-05
"density","DAX","STAR_SV","2021-11","gamma_mild","gamma_mild",0.0241072349750661
"density","DAX","STAR_SV","2021-12","mu_y","mu_y",0.00034135262052448
"density","DAX","STAR_SV","2021-12","phi_y","mu_y",-5.47557616465454e-05
"density","DAX","STAR_SV","2021-12","mu_h","mu_y",-0.000364295161201938
"density","DAX","STAR_SV","2021-12","phi_h","mu_y",5.22864363417601e-06
"density","DAX","STAR_SV","2021-12","sigma_eta","mu_y",0.000134394282422861
"density","DAX","STAR_SV","2021-12","nu","mu_y",-0.000641655098110231
"density","DAX","STAR_SV","2021-12","gamma_severe","mu_y",0.000107754335678513
"density","DAX","STAR_SV","2021-12","gamma_mild","mu_y",4.40997034345896e-05
"density","DAX","STAR_SV","2021-12","mu_y","phi_y",-5.47557616465454e-05
"density","DAX","STAR_SV","2021-12","phi_y","phi_y",0.000506320364335365
"density","DAX","STAR_SV","2021-12","mu_h","phi_y",-9.16218292738244e-06
"density","DAX","STAR_SV","2021-12","phi_h","phi_y",-1.87490463993965e-05
"density","DAX","STAR_SV","2021-12","sigma_eta","phi_y",-1.89059887715697e-05
"density","DAX","STAR_SV","2021-12","nu","phi_y",0.00152639548084714
"density","DAX","STAR_SV","2021-12","gamma_severe","phi_y",-9.72899462157598e-05
"density","DAX","STAR_SV","2021-12","gamma_mild","phi_y",-0.00015691021052016
"density","DAX","STAR_SV","2021-12","mu_y","mu_h",-0.000364295161201938
"density","DAX","STAR_SV","2021-12","phi_y","mu_h",-9.16218292738244e-06
"density","DAX","STAR_SV","2021-12","mu_h","mu_h",0.139511262236241
"density","DAX","STAR_SV","2021-12","phi_h","mu_h",-0.00200382013106702
"density","DAX","STAR_SV","2021-12","sigma_eta","mu_h",0.00616807243640983
"density","DAX","STAR_SV","2021-12","nu","mu_h",0.0610548704611081
"density","DAX","STAR_SV","2021-12","gamma_severe","mu_h",0.00428522341269685
"density","DAX","STAR_SV","2021-12","gamma_mild","mu_h",-8.52431967992283e-05
"density","DAX","STAR_SV","2021-12","mu_y","phi_h",5.22864363417601e-06
"density","DAX","STAR_SV","2021-12","phi_y","phi_h",-1.87490463993965e-05
"density","DAX","STAR_SV","2021-12","mu_h","phi_h",-0.00200382013106702
"density","DAX","STAR_SV","2021-12","phi_h","phi_h",6.91397628287074e-05
"density","DAX","STAR_SV","2021-12","sigma_eta","phi_h",-9.24438270212007e-05
"density","DAX","STAR_SV","2021-12","nu","phi_h",-0.000852744077890978
"density","DAX","STAR_SV","2021-12","gamma_severe","phi_h",0.000179383445399575
"density","DAX","STAR_SV","2021-12","gamma_mild","phi_h",0.000231150538926713
"density","DAX","STAR_SV","2021-12","mu_y","sigma_eta",0.000134394282422861
"density","DAX","STAR_SV","2021-12","phi_y","sigma_eta",-1.89059887715697e-05
"density","DAX","STAR_SV","2021-12","mu_h","sigma_eta",0.00616807243640983
"density","DAX","STAR_SV","2021-12","phi_h","sigma_eta",-9.24438270212007e-05
"density","DAX","STAR_SV","2021-12","sigma_eta","sigma_eta",0.00144154521197944
"density","DAX","STAR_SV","2021-12","nu","sigma_eta",0.00983056286723936
"density","DAX","STAR_SV","2021-12","gamma_severe","sigma_eta",0.000369947301724939
"density","DAX","STAR_SV","2021-12","gamma_mild","sigma_eta",-0.000168815695160453
"density","DAX","STAR_SV","2021-12","mu_y","nu",-0.000641655098110231
"density","DAX","STAR_SV","2021-12","phi_y","nu",0.00152639548084714
"density","DAX","STAR_SV","2021-12","mu_h","nu",0.0610548704611081
"density","DAX","STAR_SV","2021-12","phi_h","nu",-0.000852744077890978
"density","DAX","STAR_SV","2021-12","sigma_eta","nu",0.00983056286723936
"density","DAX","STAR_SV","2021-12","nu","nu",0.545435943481291
"density","DAX","STAR_SV","2021-12","gamma_severe","nu",0.0101301943120053
"density","DAX","STAR_SV","2021-12","gamma_mild","nu",0.00196359999950254
"density","DAX","STAR_SV","2021-12","mu_y","gamma_severe",0.000107754335678513
"density","DAX","STAR_SV","2021-12","phi_y","gamma_severe",-9.72899462157598e-05
"density","DAX","STAR_SV","2021-12","mu_h","gamma_severe",0.00428522341269685
"density","DAX","STAR_SV","2021-12","phi_h","gamma_severe",0.000179383445399575
"density","DAX","STAR_SV","2021-12","sigma_eta","gamma_severe",0.000369947301724939
"density","DAX","STAR_SV","2021-12","nu","gamma_severe",0.0101301943120053
"density","DAX","STAR_SV","2021-12","gamma_severe","gamma_severe",0.00197192492054694
"density","DAX","STAR_SV","2021-12","gamma_mild","gamma_severe",0.000838744847582126
"density","DAX","STAR_SV","2021-12","mu_y","gamma_mild",4.40997034345896e-05
"density","DAX","STAR_SV","2021-12","phi_y","gamma_mild",-0.00015691021052016
"density","DAX","STAR_SV","2021-12","mu_h","gamma_mild",-8.52431967992283e-05
"density","DAX","STAR_SV","2021-12","phi_h","gamma_mild",0.000231150538926713
"density","DAX","STAR_SV","2021-12","sigma_eta","gamma_mild",-0.000168815695160453
"density","DAX","STAR_SV","2021-12","nu","gamma_mild",0.00196359999950254
"density","DAX","STAR_SV","2021-12","gamma_severe","gamma_mild",0.000838744847582126
"density","DAX","STAR_SV","2021-12","gamma_mild","gamma_mild",0.0208420824577347
"density","DAX","STAR_SV","2022-01","mu_y","mu_y",0.000332506866449793
"density","DAX","STAR_SV","2022-01","phi_y","mu_y",-3.93539084956882e-05
"density","DAX","STAR_SV","2022-01","mu_h","mu_y",-0.000465909328261398
"density","DAX","STAR_SV","2022-01","phi_h","mu_y",9.55835466309418e-06
"density","DAX","STAR_SV","2022-01","sigma_eta","mu_y",0.000107310213830425
"density","DAX","STAR_SV","2022-01","nu","mu_y",-0.000271272997229717
"density","DAX","STAR_SV","2022-01","gamma_severe","mu_y",0.000118232640053689
"density","DAX","STAR_SV","2022-01","gamma_mild","mu_y",-6.51975258627777e-06
"density","DAX","STAR_SV","2022-01","mu_y","phi_y",-3.93539084956882e-05
"density","DAX","STAR_SV","2022-01","phi_y","phi_y",0.000479070602221182
"density","DAX","STAR_SV","2022-01","mu_h","phi_y",-0.000674324719602267
"density","DAX","STAR_SV","2022-01","phi_h","phi_y",-7.55519527552794e-06
"density","DAX","STAR_SV","2022-01","sigma_eta","phi_y",-5.29241147678278e-05
"density","DAX","STAR_SV","2022-01","nu","phi_y",0.00041832142765375
"density","DAX","STAR_SV","2022-01","gamma_severe","phi_y",-0.000132914422872265
"density","DAX","STAR_SV","2022-01","gamma_mild","phi_y",-9.5389260917122e-05
"density","DAX","STAR_SV","2022-01","mu_y","mu_h",-0.000465909328261398
"density","DAX","STAR_SV","2022-01","phi_y","mu_h",-0.000674324719602267
"density","DAX","STAR_SV","2022-01","mu_h","mu_h",0.119441268966607
"density","DAX","STAR_SV","2022-01","phi_h","mu_h",-0.00188727976765496
"density","DAX","STAR_SV","2022-01","sigma_eta","mu_h",0.00556048759734163
"density","DAX","STAR_SV","2022-01","nu","mu_h",0.0477438272336622
"density","DAX","STAR_SV","2022-01","gamma_severe","mu_h",0.00466443360966424
"density","DAX","STAR_SV","2022-01","gamma_mild","mu_h",0.00432487285303787
"density","DAX","STAR_SV","2022-01","mu_y","phi_h",9.55835466309418e-06
"density","DAX","STAR_SV","2022-01","phi_y","phi_h",-7.55519527552794e-06
"density","DAX","STAR_SV","2022-01","mu_h","phi_h",-0.00188727976765496
"density","DAX","STAR_SV","2022-01","phi_h","phi_h",8.0152842911683e-05
"density","DAX","STAR_SV","2022-01","sigma_eta","phi_h",-9.3014492818942e-05
"density","DAX","STAR_SV","2022-01","nu","phi_h",-0.000576004830648035
"density","DAX","STAR_SV","2022-01","gamma_severe","phi_h",0.0002043950639253
"density","DAX","STAR_SV","2022-01","gamma_mild","phi_h",0.000212874595007376
"density","DAX","STAR_SV","2022-01","mu_y","sigma_eta",0.000107310213830425
"density","DAX","STAR_SV","2022-01","phi_y","sigma_eta",-5.29241147678278e-05
"density","DAX","STAR_SV","2022-01","mu_h","sigma_eta",0.00556048759734163
"density","DAX","STAR_SV","2022-01","phi_h","sigma_eta",-9.3014492818942e-05
"density","DAX","STAR_SV","2022-01","sigma_eta","sigma_eta",0.00138342445734053
"density","DAX","STAR_SV","2022-01","nu","sigma_eta",0.0109166635799515
"density","DAX","STAR_SV","2022-01","gamma_severe","sigma_eta",0.000394973936857043
"density","DAX","STAR_SV","2022-01","gamma_mild","sigma_eta",0.000214653472292128
"density","DAX","STAR_SV","2022-01","mu_y","nu",-0.000271272997229717
"density","DAX","STAR_SV","2022-01","phi_y","nu",0.00041832142765375
"density","DAX","STAR_SV","2022-01","mu_h","nu",0.0477438272336622
"density","DAX","STAR_SV","2022-01","phi_h","nu",-0.000576004830648035
"density","DAX","STAR_SV","2022-01","sigma_eta","nu",0.0109166635799515
"density","DAX","STAR_SV","2022-01","nu","nu",0.644565172528879
"density","DAX","STAR_SV","2022-01","gamma_severe","nu",0.0117035976498245
"density","DAX","STAR_SV","2022-01","gamma_mild","nu",0.00861873759489864
"density","DAX","STAR_SV","2022-01","mu_y","gamma_severe",0.000118232640053689
"density","DAX","STAR_SV","2022-01","phi_y","gamma_severe",-0.000132914422872265
"density","DAX","STAR_SV","2022-01","mu_h","gamma_severe",0.00466443360966424
"density","DAX","STAR_SV","2022-01","phi_h","gamma_severe",0.0002043950639253
"density","DAX","STAR_SV","2022-01","sigma_eta","gamma_severe",0.000394973936857043
"density","DAX","STAR_SV","2022-01","nu","gamma_severe",0.0117035976498245
"density","DAX","STAR_SV","2022-01","gamma_severe","gamma_severe",0.00211571433653532
"density","DAX","STAR_SV","2022-01","gamma_mild","gamma_severe",0.00163326422666568
"density","DAX","STAR_SV","2022-01","mu_y","gamma_mild",-6.51975258627777e-06
"density","DAX","STAR_SV","2022-01","phi_y","gamma_mild",-9.5389260917122e-05
"density","DAX","STAR_SV","2022-01","mu_h","gamma_mild",0.00432487285303787
"density","DAX","STAR_SV","2022-01","phi_h","gamma_mild",0.000212874595007376
"density","DAX","STAR_SV","2022-01","sigma_eta","gamma_mild",0.000214653472292128
"density","DAX","STAR_SV","2022-01","nu","gamma_mild",0.00861873759489864
"density","DAX","STAR_SV","2022-01","gamma_severe","gamma_mild",0.00163326422666568
"density","DAX","STAR_SV","2022-01","gamma_mild","gamma_mild",0.0118351618510989
"density","DAX","STAR_SV","2022-02","mu_y","mu_y",0.000325250851359149
"density","DAX","STAR_SV","2022-02","phi_y","mu_y",-3.92397201294432e-05
"density","DAX","STAR_SV","2022-02","mu_h","mu_y",-0.000124319362448378
"density","DAX","STAR_SV","2022-02","phi_h","mu_y",3.49920515583803e-06
"density","DAX","STAR_SV","2022-02","sigma_eta","mu_y",0.000137828584936693
"density","DAX","STAR_SV","2022-02","nu","mu_y",-0.000826450417886756
"density","DAX","STAR_SV","2022-02","gamma_severe","mu_y",0.000121941721282477
"density","DAX","STAR_SV","2022-02","gamma_mild","mu_y",0.000137761742322694
"density","DAX","STAR_SV","2022-02","mu_y","phi_y",-3.92397201294432e-05
"density","DAX","STAR_SV","2022-02","phi_y","phi_y",0.000500746498062221
"density","DAX","STAR_SV","2022-02","mu_h","phi_y",-0.000414635072914065
"density","DAX","STAR_SV","2022-02","phi_h","phi_y",-1.42456527123759e-05
"density","DAX","STAR_SV","2022-02","sigma_eta","phi_y",-3.62302409105879e-05
"density","DAX","STAR_SV","2022-02","nu","phi_y",0.000993415897923115
"density","DAX","STAR_SV","2022-02","gamma_severe","phi_y",-0.00013391558699133
"density","DAX","STAR_SV","2022-02","gamma_mild","phi_y",-0.000273842358360431
"density","DAX","STAR_SV","2022-02","mu_y","mu_h",-0.000124319362448378
"density","DAX","STAR_SV","2022-02","phi_y","mu_h",-0.000414635072914065
"density","DAX","STAR_SV","2022-02","mu_h","mu_h",0.20359674855767
"density","DAX","STAR_SV","2022-02","phi_h","mu_h",-0.00288263457629916
"density","DAX","STAR_SV","2022-02","sigma_eta","mu_h",0.00917272675214797
"density","DAX","STAR_SV","2022-02","nu","mu_h",0.0747461167991165
"density","DAX","STAR_SV","2022-02","gamma_severe","mu_h",0.00427115073045814
"density","DAX","STAR_SV","2022-02","gamma_mild","mu_h",-0.000339517763411758
"density","DAX","STAR_SV","2022-02","mu_y","phi_h",3.49920515583803e-06
"density","DAX","STAR_SV","2022-02","phi_y","phi_h",-1.42456527123759e-05
"density","DAX","STAR_SV","2022-02","mu_h","phi_h",-0.00288263457629916
"density","DAX","STAR_SV","2022-02","phi_h","phi_h",7.55400454088909e-05
"density","DAX","STAR_SV","2022-02","sigma_eta","phi_h",-0.000125790169953425
"density","DAX","STAR_SV","2022-02","nu","phi_h",-0.000809953016080528
"density","DAX","STAR_SV","2022-02","gamma_severe","phi_h",0.000161721234852677
"density","DAX","STAR_SV","2022-02","gamma_mild","phi_h",0.000216636052192662
"density","DAX","STAR_SV","2022-02","mu_y","sigma_eta",0.000137828584936693
"density","DAX","STAR_SV","2022-02","phi_y","sigma_eta",-3.62302409105879e-05
"density","DAX","STAR_SV","2022-02","mu_h","sigma_eta",0.00917272675214797
"density","DAX","STAR_SV","2022-02","phi_h","sigma_eta",-0.000125790169953425
"density","DAX","STAR_SV","2022-02","sigma_eta","sigma_eta",0.0015874849337458
"density","DAX","STAR_SV","2022-02","nu","sigma_eta",0.0110799904075956
"density","DAX","STAR_SV","2022-02","gamma_severe","sigma_eta",0.000412764704948376
"density","DAX","STAR_SV","2022-02","gamma_mild","sigma_eta",4.91427452240906e-05
"density","DAX","STAR_SV","2022-02","mu_y","nu",-0.000826450417886756
"density","DAX","STAR_SV","2022-02","phi_y","nu",0.000993415897923115
"density","DAX","STAR_SV","2022-02","mu_h","nu",0.0747461167991165
"density","DAX","STAR_SV","2022-02","phi_h","nu",-0.000809953016080528
"density","DAX","STAR_SV","2022-02","sigma_eta","nu",0.0110799904075956
"density","DAX","STAR_SV","2022-02","nu","nu",0.60051599110769
"density","DAX","STAR_SV","2022-02","gamma_severe","nu",0.0109843785600918
"density","DAX","STAR_SV","2022-02","gamma_mild","nu",0.00238984045265428
"density","DAX","STAR_SV","2022-02","mu_y","gamma_severe",0.000121941721282477
"density","DAX","STAR_SV","2022-02","phi_y","gamma_severe",-0.00013391558699133
"density","DAX","STAR_SV","2022-02","mu_h","gamma_severe",0.00427115073045814
"density","DAX","STAR_SV","2022-02","phi_h","gamma_severe",0.000161721234852677
"density","DAX","STAR_SV","2022-02","sigma_eta","gamma_severe",0.000412764704948376
"density","DAX","STAR_SV","2022-02","nu","gamma_severe",0.0109843785600918
"density","DAX","STAR_SV","2022-02","gamma_severe","gamma_severe",0.00189142203622894
"density","DAX","STAR_SV","2022-02","gamma_mild","gamma_severe",0.000916316043073865
"density","DAX","STAR_SV","2022-02","mu_y","gamma_mild",0.000137761742322694
"density","DAX","STAR_SV","2022-02","phi_y","gamma_mild",-0.000273842358360431
"density","DAX","STAR_SV","2022-02","mu_h","gamma_mild",-0.000339517763411758
"density","DAX","STAR_SV","2022-02","phi_h","gamma_mild",0.000216636052192662
"density","DAX","STAR_SV","2022-02","sigma_eta","gamma_mild",4.91427452240906e-05
"density","DAX","STAR_SV","2022-02","nu","gamma_mild",0.00238984045265428
"density","DAX","STAR_SV","2022-02","gamma_severe","gamma_mild",0.000916316043073865
"density","DAX","STAR_SV","2022-02","gamma_mild","gamma_mild",0.0198860166794258
"density","DAX","STAR_SV","2022-03","mu_y","mu_y",0.000348632289121886
"density","DAX","STAR_SV","2022-03","phi_y","mu_y",-3.20747410211502e-05
"density","DAX","STAR_SV","2022-03","mu_h","mu_y",-0.000670202638083946
"density","DAX","STAR_SV","2022-03","phi_h","mu_y",9.61896027692401e-06
"density","DAX","STAR_SV","2022-03","sigma_eta","mu_y",0.000119783175055461
"density","DAX","STAR_SV","2022-03","nu","mu_y",-0.000495588702277367
"density","DAX","STAR_SV","2022-03","gamma_severe","mu_y",0.000111193037642244
"density","DAX","STAR_SV","2022-03","gamma_mild","mu_y",0.000126160128393439
"density","DAX","STAR_SV","2022-03","mu_y","phi_y",-3.20747410211502e-05
"density","DAX","STAR_SV","2022-03","phi_y","phi_y",0.000461080822550921
"density","DAX","STAR_SV","2022-03","mu_h","phi_y",-0.000255637558900128
"density","DAX","STAR_SV","2022-03","phi_h","phi_y",-3.30976053101957e-06
"density","DAX","STAR_SV","2022-03","sigma_eta","phi_y",-4.86005891502131e-05
"density","DAX","STAR_SV","2022-03","nu","phi_y",0.000443966496715011
"density","DAX","STAR_SV","2022-03","gamma_severe","phi_y",-6.06733852727602e-05
"density","DAX","STAR_SV","2022-03","gamma_mild","phi_y",-6.63365167684211e-05
"density","DAX","STAR_SV","2022-03","mu_y","mu_h",-0.000670202638083946
"density","DAX","STAR_SV","2022-03","phi_y","mu_h",-0.000255637558900128
"density","DAX","STAR_SV","2022-03","mu_h","mu_h",0.173912272821578
"density","DAX","STAR_SV","2022-03","phi_h","mu_h",-0.00263211510113881
"density","DAX","STAR_SV","2022-03","sigma_eta","mu_h",0.00818415886758411
"density","DAX","STAR_SV","2022-03","nu","mu_h",0.076411551709844
"density","DAX","STAR_SV","2022-03","gamma_severe","mu_h",0.00327929840843238
"density","DAX","STAR_SV","2022-03","gamma_mild","mu_h",-0.00120437905115367
"density","DAX","STAR_SV","2022-03","mu_y","phi_h",9.61896027692401e-06
"density","DAX","STAR_SV","2022-03","phi_y","phi_h",-3.30976053101957e-06
"density","DAX","STAR_SV","2022-03","mu_h","phi_h",-0.00263211510113881
"density","DAX","STAR_SV","2022-03","phi_h","phi_h",7.51443564185269e-05
"density","DAX","STAR_SV","2022-03","sigma_eta","phi_h",-0.00012766279023229
"density","DAX","STAR_SV","2022-03","nu","phi_h",-0.000933601430747848
"density","DAX","STAR_SV","2022-03","gamma_severe","phi_h",0.000165109581407432
"density","DAX","STAR_SV","2022-03","gamma_mild","phi_h",0.000207936134471544
"density","DAX","STAR_SV","2022-03","mu_y","sigma_eta",0.000119783175055461
"density","DAX","STAR_SV","2022-03","phi_y","sigma_eta",-4.86005891502131e-05
"density","DAX","STAR_SV","2022-03","mu_h","sigma_eta",0.00818415886758411
"density","DAX","STAR_SV","2022-03","phi_h","sigma_eta",-0.00012766279023229
"density","DAX","STAR_SV","2022-03","sigma_eta","sigma_eta",0.0015439910313799
"density","DAX","STAR_SV","2022-03","nu","sigma_eta",0.0113451125454197
"density","DAX","STAR_SV","2022-03","gamma_severe","sigma_eta",0.000332676115539247
"density","DAX","STAR_SV","2022-03","gamma_mild","sigma_eta",-5.83228908916156e-05
"density","DAX","STAR_SV","2022-03","mu_y","nu",-0.000495588702277367
"density","DAX","STAR_SV","2022-03","phi_y","nu",0.000443966496715011
"density","DAX","STAR_SV","2022-03","mu_h","nu",0.076411551709844
"density","DAX","STAR_SV","2022-03","phi_h","nu",-0.000933601430747848
"density","DAX","STAR_SV","2022-03","sigma_eta","nu",0.0113451125454197
"density","DAX","STAR_SV","2022-03","nu","nu",0.570553625997298
"density","DAX","STAR_SV","2022-03","gamma_severe","nu",0.0107491723960692
"density","DAX","STAR_SV","2022-03","gamma_mild","nu",-0.000343286561773393
"density","DAX","STAR_SV","2022-03","mu_y","gamma_severe",0.000111193037642244
"density","DAX","STAR_SV","2022-03","phi_y","gamma_severe",-6.06733852727602e-05
"density","DAX","STAR_SV","2022-03","mu_h","gamma_severe",0.00327929840843238
"density","DAX","STAR_SV","2022-03","phi_h","gamma_severe",0.000165109581407432
"density","DAX","STAR_SV","2022-03","sigma_eta","gamma_severe",0.000332676115539247
"density","DAX","STAR_SV","2022-03","nu","gamma_severe",0.0107491723960692
"density","DAX","STAR_SV","2022-03","gamma_severe","gamma_severe",0.00174928019398094
"density","DAX","STAR_SV","2022-03","gamma_mild","gamma_severe",0.000828833548654974
"density","DAX","STAR_SV","2022-03","mu_y","gamma_mild",0.000126160128393439
"density","DAX","STAR_SV","2022-03","phi_y","gamma_mild",-6.63365167684211e-05
"density","DAX","STAR_SV","2022-03","mu_h","gamma_mild",-0.00120437905115367
"density","DAX","STAR_SV","2022-03","phi_h","gamma_mild",0.000207936134471544
"density","DAX","STAR_SV","2022-03","sigma_eta","gamma_mild",-5.83228908916156e-05
"density","DAX","STAR_SV","2022-03","nu","gamma_mild",-0.000343286561773393
"density","DAX","STAR_SV","2022-03","gamma_severe","gamma_mild",0.000828833548654974
"density","DAX","STAR_SV","2022-03","gamma_mild","gamma_mild",0.0144347626174912
"density","DAX","STAR_SV","2022-04","mu_y","mu_y",0.000348299045126166
"density","DAX","STAR_SV","2022-04","phi_y","mu_y",-4.84671179249717e-05
"density","DAX","STAR_SV","2022-04","mu_h","mu_y",-0.000104335979395918
"density","DAX","STAR_SV","2022-04","phi_h","mu_y",4.33901276753754e-06
"density","DAX","STAR_SV","2022-04","sigma_eta","mu_y",0.000130221182709108
"density","DAX","STAR_SV","2022-04","nu","mu_y",1.42736656153501e-05
"density","DAX","STAR_SV","2022-04","gamma_severe","mu_y",0.00013085248733372
"density","DAX","STAR_SV","2022-04","gamma_mild","mu_y",0.000108086275413838
"density","DAX","STAR_SV","2022-04","mu_y","phi_y",-4.84671179249717e-05
"density","DAX","STAR_SV","2022-04","phi_y","phi_y",0.000473239059507777
"density","DAX","STAR_SV","2022-04","mu_h","phi_y",-0.000363163083849309
"density","DAX","STAR_SV","2022-04","phi_h","phi_y",-9.89477458444883e-06
"density","DAX","STAR_SV","2022-04","sigma_eta","phi_y",-3.25899884518077e-05
"density","DAX","STAR_SV","2022-04","nu","phi_y",0.000376301755360984
"density","DAX","STAR_SV","2022-04","gamma_severe","phi_y",-0.000110204819199394
"density","DAX","STAR_SV","2022-04","gamma_mild","phi_y",-5.31169047221969e-05
"density","DAX","STAR_SV","2022-04","mu_y","mu_h",-0.000104335979395918
"density","DAX","STAR_SV","2022-04","phi_y","mu_h",-0.000363163083849309
"density","DAX","STAR_SV","2022-04","mu_h","mu_h",0.115152138362465
"density","DAX","STAR_SV","2022-04","phi_h","mu_h",-0.00164763714518843
"density","DAX","STAR_SV","2022-04","sigma_eta","mu_h",0.00585157856294593
"density","DAX","STAR_SV","2022-04","nu","mu_h",0.0451160618662123
"density","DAX","STAR_SV","2022-04","gamma_severe","mu_h",0.00318991549046775
"density","DAX","STAR_SV","2022-04","gamma_mild","mu_h",0.00169336192399894
"density","DAX","STAR_SV","2022-04","mu_y","phi_h",4.33901276753754e-06
"density","DAX","STAR_SV","2022-04","phi_y","phi_h",-9.89477458444883e-06
"density","DAX","STAR_SV","2022-04","mu_h","phi_h",-0.00164763714518843
"density","DAX","STAR_SV","2022-04","phi_h","phi_h",6.44776833093247e-05
"density","DAX","STAR_SV","2022-04","sigma_eta","phi_h",-9.69272913159143e-05
"density","DAX","STAR_SV","2022-04","nu","phi_h",-0.000555343143361251
"density","DAX","STAR_SV","2022-04","gamma_severe","phi_h",0.000193291646659721
"density","DAX","STAR_SV","2022-04","gamma_mild","phi_h",0.000220588797872218
"density","DAX","STAR_SV","2022-04","mu_y","sigma_eta",0.000130221182709108
"density","DAX","STAR_SV","2022-04","phi_y","sigma_eta",-3.25899884518077e-05
"density","DAX","STAR_SV","2022-04","mu_h","sigma_eta",0.00585157856294593
"density","DAX","STAR_SV","2022-04","phi_h","sigma_eta",-9.69272913159143e-05
"density","DAX","STAR_SV","2022-04","sigma_eta","sigma_eta",0.00137428730056082
"density","DAX","STAR_SV","2022-04","nu","sigma_eta",0.0103963619164976
"density","DAX","STAR_SV","2022-04","gamma_severe","sigma_eta",0.000262779353407206
"density","DAX","STAR_SV","2022-04","gamma_mild","sigma_eta",-2.49892394919369e-07
"density","DAX","STAR_SV","2022-04","mu_y","nu",1.42736656153501e-05
"density","DAX","STAR_SV","2022-04","phi_y","nu",0.000376301755360984
"density","DAX","STAR_SV","2022-04","mu_h","nu",0.0451160618662123
"density","DAX","STAR_SV","2022-04","phi_h","nu",-0.000555343143361251
"density","DAX","STAR_SV","2022-04","sigma_eta","nu",0.0103963619164976
"density","DAX","STAR_SV","2022-04","nu","nu",0.68234212472647
"density","DAX","STAR_SV","2022-04","gamma_severe","nu",0.0101285320739042
"density","DAX","STAR_SV","2022-04","gamma_mild","nu",0.00513870103903584
"density","DAX","STAR_SV","2022-04","mu_y","gamma_severe",0.00013085248733372
"density","DAX","STAR_SV","2022-04","phi_y","gamma_severe",-0.000110204819199394
"density","DAX","STAR_SV","2022-04","mu_h","gamma_severe",0.00318991549046775
"density","DAX","STAR_SV","2022-04","phi_h","gamma_severe",0.000193291646659721
"density","DAX","STAR_SV","2022-04","sigma_eta","gamma_severe",0.000262779353407206
"density","DAX","STAR_SV","2022-04","nu","gamma_severe",0.0101285320739042
"density","DAX","STAR_SV","2022-04","gamma_severe","gamma_severe",0.00182236964397487
"density","DAX","STAR_SV","2022-04","gamma_mild","gamma_severe",0.00133863193752048
"density","DAX","STAR_SV","2022-04","mu_y","gamma_mild",0.000108086275413838
"density","DAX","STAR_SV","2022-04","phi_y","gamma_mild",-5.31169047221969e-05
"density","DAX","STAR_SV","2022-04","mu_h","gamma_mild",0.00169336192399894
"density","DAX","STAR_SV","2022-04","phi_h","gamma_mild",0.000220588797872218
"density","DAX","STAR_SV","2022-04","sigma_eta","gamma_mild",-2.49892394919369e-07
"density","DAX","STAR_SV","2022-04","nu","gamma_mild",0.00513870103903584
"density","DAX","STAR_SV","2022-04","gamma_severe","gamma_mild",0.00133863193752048
"density","DAX","STAR_SV","2022-04","gamma_mild","gamma_mild",0.011170997947087
"density","DAX","STAR_SV","2022-05","mu_y","mu_y",0.000362498303763046
"density","DAX","STAR_SV","2022-05","phi_y","mu_y",-5.01989241897952e-05
"density","DAX","STAR_SV","2022-05","mu_h","mu_y",-0.0012607132183149
"density","DAX","STAR_SV","2022-05","phi_h","mu_y",9.43012898890622e-06
"density","DAX","STAR_SV","2022-05","sigma_eta","mu_y",0.00011897629537452
"density","DAX","STAR_SV","2022-05","nu","mu_y",-0.00066722069272508
"density","DAX","STAR_SV","2022-05","gamma_severe","mu_y",5.90550865684489e-05
"density","DAX","STAR_SV","2022-05","gamma_mild","mu_y",7.27243582498468e-05
"density","DAX","STAR_SV","2022-05","mu_y","phi_y",-5.01989241897952e-05
"density","DAX","STAR_SV","2022-05","phi_y","phi_y",0.000464212736556324
"density","DAX","STAR_SV","2022-05","mu_h","phi_y",-0.000645489381787434
"density","DAX","STAR_SV","2022-05","phi_h","phi_y",-8.75361905837262e-06
"density","DAX","STAR_SV","2022-05","sigma_eta","phi_y",-5.82454318193074e-05
"density","DAX","STAR_SV","2022-05","nu","phi_y",9.31429602755011e-05
"density","DAX","STAR_SV","2022-05","gamma_severe","phi_y",-0.000118416824360017
"density","DAX","STAR_SV","2022-05","gamma_mild","phi_y",-0.000158711004893142
"density","DAX","STAR_SV","2022-05","mu_y","mu_h",-0.0012607132183149
"density","DAX","STAR_SV","2022-05","phi_y","mu_h",-0.000645489381787434
"density","DAX","STAR_SV","2022-05","mu_h","mu_h",0.167806697386979
"density","DAX","STAR_SV","2022-05","phi_h","mu_h",-0.00195946322856744
"density","DAX","STAR_SV","2022-05","sigma_eta","mu_h",0.00508750863645033
"density","DAX","STAR_SV","2022-05","nu","mu_h",0.0436852949743618
"density","DAX","STAR_SV","2022-05","gamma_severe","mu_h",0.00227830404543689
"density","DAX","STAR_SV","2022-05","gamma_mild","mu_h",-0.00106910881536377
"density","DAX","STAR_SV","2022-05","mu_y","phi_h",9.43012898890622e-06
"density","DAX","STAR_SV","2022-05","phi_y","phi_h",-8.75361905837262e-06
"density","DAX","STAR_SV","2022-05","mu_h","phi_h",-0.00195946322856744
"density","DAX","STAR_SV","2022-05","phi_h","phi_h",5.03756341405152e-05
"density","DAX","STAR_SV","2022-05","sigma_eta","phi_h",-5.10264188201752e-05
"density","DAX","STAR_SV","2022-05","nu","phi_h",-0.000243379184431506
"density","DAX","STAR_SV","2022-05","gamma_severe","phi_h",0.00016420913244339
"density","DAX","STAR_SV","2022-05","gamma_mild","phi_h",0.00018757903112474
"density","DAX","STAR_SV","2022-05","mu_y","sigma_eta",0.00011897629537452
"density","DAX","STAR_SV","2022-05","phi_y","sigma_eta",-5.82454318193074e-05
"density","DAX","STAR_SV","2022-05","mu_h","sigma_eta",0.00508750863645033
"density","DAX","STAR_SV","2022-05","phi_h","sigma_eta",-5.10264188201752e-05
"density","DAX","STAR_SV","2022-05","sigma_eta","sigma_eta",0.00133102495237604
"density","DAX","STAR_SV","2022-05","nu","sigma_eta",0.00831018781107916
"density","DAX","STAR_SV","2022-05","gamma_severe","sigma_eta",0.00029210348247087
"density","DAX","STAR_SV","2022-05","gamma_mild","sigma_eta",-2.43901198458077e-05
"density","DAX","STAR_SV","2022-05","mu_y","nu",-0.00066722069272508
"density","DAX","STAR_SV","2022-05","phi_y","nu",9.31429602755011e-05
"density","DAX","STAR_SV","2022-05","mu_h","nu",0.0436852949743618
"density","DAX","STAR_SV","2022-05","phi_h","nu",-0.000243379184431506
"density","DAX","STAR_SV","2022-05","sigma_eta","nu",0.00831018781107916
"density","DAX","STAR_SV","2022-05","nu","nu",0.630499592846078
"density","DAX","STAR_SV","2022-05","gamma_severe","nu",0.00993020104015196
"density","DAX","STAR_SV","2022-05","gamma_mild","nu",0.00752477761845711
"density","DAX","STAR_SV","2022-05","mu_y","gamma_severe",5.90550865684489e-05
"density","DAX","STAR_SV","2022-05","phi_y","gamma_severe",-0.000118416824360017
"density","DAX","STAR_SV","2022-05","mu_h","gamma_severe",0.00227830404543689
"density","DAX","STAR_SV","2022-05","phi_h","gamma_severe",0.00016420913244339
"density","DAX","STAR_SV","2022-05","sigma_eta","gamma_severe",0.00029210348247087
"density","DAX","STAR_SV","2022-05","nu","gamma_severe",0.00993020104015196
"density","DAX","STAR_SV","2022-05","gamma_severe","gamma_severe",0.00165516514404209
"density","DAX","STAR_SV","2022-05","gamma_mild","gamma_severe",0.0010526089694842
"density","DAX","STAR_SV","2022-05","mu_y","gamma_mild",7.27243582498468e-05
"density","DAX","STAR_SV","2022-05","phi_y","gamma_mild",-0.000158711004893142
"density","DAX","STAR_SV","2022-05","mu_h","gamma_mild",-0.00106910881536377
"density","DAX","STAR_SV","2022-05","phi_h","gamma_mild",0.00018757903112474
"density","DAX","STAR_SV","2022-05","sigma_eta","gamma_mild",-2.43901198458077e-05
"density","DAX","STAR_SV","2022-05","nu","gamma_mild",0.00752477761845711
"density","DAX","STAR_SV","2022-05","gamma_severe","gamma_mild",0.0010526089694842
"density","DAX","STAR_SV","2022-05","gamma_mild","gamma_mild",0.0125065323981949
"density","DAX","STAR_SV","2022-06","mu_y","mu_y",0.000349950834414598
"density","DAX","STAR_SV","2022-06","phi_y","mu_y",-4.9804444597534e-05
"density","DAX","STAR_SV","2022-06","mu_h","mu_y",5.91336050362809e-06
"density","DAX","STAR_SV","2022-06","phi_h","mu_y",-3.1824308404148e-06
"density","DAX","STAR_SV","2022-06","sigma_eta","mu_y",0.000168707836358458
"density","DAX","STAR_SV","2022-06","nu","mu_y",-0.000417993644736384
"density","DAX","STAR_SV","2022-06","gamma_severe","mu_y",0.000110270121706132
"density","DAX","STAR_SV","2022-06","gamma_mild","mu_y",0.000106100475289073
"density","DAX","STAR_SV","2022-06","mu_y","phi_y",-4.9804444597534e-05
"density","DAX","STAR_SV","2022-06","phi_y","phi_y",0.000481080961880195
"density","DAX","STAR_SV","2022-06","mu_h","phi_y",-0.000254451793473918
"density","DAX","STAR_SV","2022-06","phi_h","phi_y",-1.12078041554593e-05
"density","DAX","STAR_SV","2022-06","sigma_eta","phi_y",-4.53571633044526e-05
"density","DAX","STAR_SV","2022-06","nu","phi_y",0.000570979442125389
"density","DAX","STAR_SV","2022-06","gamma_severe","phi_y",-0.000108075661306112
"density","DAX","STAR_SV","2022-06","gamma_mild","phi_y",-8.01092607855215e-05
"density","DAX","STAR_SV","2022-06","mu_y","mu_h",5.91336050362809e-06
"density","DAX","STAR_SV","2022-06","phi_y","mu_h",-0.000254451793473918
"density","DAX","STAR_SV","2022-06","mu_h","mu_h",0.188468868019579
"density","DAX","STAR_SV","2022-06","phi_h","mu_h",-0.00258995265967
"density","DAX","STAR_SV","2022-06","sigma_eta","mu_h",0.00899452591357901
"density","DAX","STAR_SV","2022-06","nu","mu_h",0.0774584885670519
"density","DAX","STAR_SV","2022-06","gamma_severe","mu_h",0.00448794816372791
"density","DAX","STAR_SV","2022-06","gamma_mild","mu_h",0.000281736828248295
"density","DAX","STAR_SV","2022-06","mu_y","phi_h",-3.1824308404148e-06
"density","DAX","STAR_SV","2022-06","phi_y","phi_h",-1.12078041554593e-05
"density","DAX","STAR_SV","2022-06","mu_h","phi_h",-0.00258995265967
"density","DAX","STAR_SV","2022-06","phi_h","phi_h",7.08847873290691e-05
"density","DAX","STAR_SV","2022-06","sigma_eta","phi_h",-0.000126133175146796
"density","DAX","STAR_SV","2022-06","nu","phi_h",-0.000945516112379284
"density","DAX","STAR_SV","2022-06","gamma_severe","phi_h",0.000161815199565025
"density","DAX","STAR_SV","2022-06","gamma_mild","phi_h",0.000227118444821052
"density","DAX","STAR_SV","2022-06","mu_y","sigma_eta",0.000168707836358458
"density","DAX","STAR_SV","2022-06","phi_y","sigma_eta",-4.53571633044526e-05
"density","DAX","STAR_SV","2022-06","mu_h","sigma_eta",0.00899452591357901
"density","DAX","STAR_SV","2022-06","phi_h","sigma_eta",-0.000126133175146796
"density","DAX","STAR_SV","2022-06","sigma_eta","sigma_eta",0.00171357636298029
"density","DAX","STAR_SV","2022-06","nu","sigma_eta",0.0124367382561948
"density","DAX","STAR_SV","2022-06","gamma_severe","sigma_eta",0.000402550122006676
"density","DAX","STAR_SV","2022-06","gamma_mild","sigma_eta",-4.50219385668999e-05
"density","DAX","STAR_SV","2022-06","mu_y","nu",-0.000417993644736384
"density","DAX","STAR_SV","2022-06","phi_y","nu",0.000570979442125389
"density","DAX","STAR_SV","2022-06","mu_h","nu",0.0774584885670519
"density","DAX","STAR_SV","2022-06","phi_h","nu",-0.000945516112379284
"density","DAX","STAR_SV","2022-06","sigma_eta","nu",0.0124367382561948
"density","DAX","STAR_SV","2022-06","nu","nu",0.683930151977492
"density","DAX","STAR_SV","2022-06","gamma_severe","nu",0.0103921834196146
"density","DAX","STAR_SV","2022-06","gamma_mild","nu",0.00378947081504205
"density","DAX","STAR_SV","2022-06","mu_y","gamma_severe",0.000110270121706132
"density","DAX","STAR_SV","2022-06","phi_y","gamma_severe",-0.000108075661306112
"density","DAX","STAR_SV","2022-06","mu_h","gamma_severe",0.00448794816372791
"density","DAX","STAR_SV","2022-06","phi_h","gamma_severe",0.000161815199565025
"density","DAX","STAR_SV","2022-06","sigma_eta","gamma_severe",0.000402550122006676
"density","DAX","STAR_SV","2022-06","nu","gamma_severe",0.0103921834196146
"density","DAX","STAR_SV","2022-06","gamma_severe","gamma_severe",0.00186776578645624
"density","DAX","STAR_SV","2022-06","gamma_mild","gamma_severe",0.00123746036786118
"density","DAX","STAR_SV","2022-06","mu_y","gamma_mild",0.000106100475289073
"density","DAX","STAR_SV","2022-06","phi_y","gamma_mild",-8.01092607855215e-05
"density","DAX","STAR_SV","2022-06","mu_h","gamma_mild",0.000281736828248295
"density","DAX","STAR_SV","2022-06","phi_h","gamma_mild",0.000227118444821052
"density","DAX","STAR_SV","2022-06","sigma_eta","gamma_mild",-4.50219385668999e-05
"density","DAX","STAR_SV","2022-06","nu","gamma_mild",0.00378947081504205
"density","DAX","STAR_SV","2022-06","gamma_severe","gamma_mild",0.00123746036786118
"density","DAX","STAR_SV","2022-06","gamma_mild","gamma_mild",0.0144002645934999
"density","DAX","STAR_SV","2022-07","mu_y","mu_y",0.000374215912506843
"density","DAX","STAR_SV","2022-07","phi_y","mu_y",-6.55987038124482e-05
"density","DAX","STAR_SV","2022-07","mu_h","mu_y",-0.000441182782674629
"density","DAX","STAR_SV","2022-07","phi_h","mu_y",5.12953022731577e-06
"density","DAX","STAR_SV","2022-07","sigma_eta","mu_y",0.000166632136833031
"density","DAX","STAR_SV","2022-07","nu","mu_y",2.21284398883612e-05
"density","DAX","STAR_SV","2022-07","gamma_severe","mu_y",0.000123278209757583
"density","DAX","STAR_SV","2022-07","gamma_mild","mu_y",7.85418760322136e-05
"density","DAX","STAR_SV","2022-07","mu_y","phi_y",-6.55987038124482e-05
"density","DAX","STAR_SV","2022-07","phi_y","phi_y",0.00049025283543074
"density","DAX","STAR_SV","2022-07","mu_h","phi_y",-0.000506720741639316
"density","DAX","STAR_SV","2022-07","phi_h","phi_y",-1.10736678357232e-05
"density","DAX","STAR_SV","2022-07","sigma_eta","phi_y",-4.50877897758103e-05
"density","DAX","STAR_SV","2022-07","nu","phi_y",1.85707557563625e-05
"density","DAX","STAR_SV","2022-07","gamma_severe","phi_y",-0.000149553962679748
"density","DAX","STAR_SV","2022-07","gamma_mild","phi_y",-0.000163819512196259
"density","DAX","STAR_SV","2022-07","mu_y","mu_h",-0.000441182782674629
"density","DAX","STAR_SV","2022-07","phi_y","mu_h",-0.000506720741639316
"density","DAX","STAR_SV","2022-07","mu_h","mu_h",0.132277747845816
"density","DAX","STAR_SV","2022-07","phi_h","mu_h",-0.00199874304941909
"density","DAX","STAR_SV","2022-07","sigma_eta","mu_h",0.00631532827515819
"density","DAX","STAR_SV","2022-07","nu","mu_h",0.0505666950964681
"density","DAX","STAR_SV","2022-07","gamma_severe","mu_h",0.00437580248934779
"density","DAX","STAR_SV","2022-07","gamma_mild","mu_h",0.00293823547330493
"density","DAX","STAR_SV","2022-07","mu_y","phi_h",5.12953022731577e-06
"density","DAX","STAR_SV","2022-07","phi_y","phi_h",-1.10736678357232e-05
"density","DAX","STAR_SV","2022-07","mu_h","phi_h",-0.00199874304941909
"density","DAX","STAR_SV","2022-07","phi_h","phi_h",7.56755019585445e-05
"density","DAX","STAR_SV","2022-07","sigma_eta","phi_h",-0.000110605023847797
"density","DAX","STAR_SV","2022-07","nu","phi_h",-0.000759413484598087
"density","DAX","STAR_SV","2022-07","gamma_severe","phi_h",0.000191531933709511
"density","DAX","STAR_SV","2022-07","gamma_mild","phi_h",0.000207954483579739
"density","DAX","STAR_SV","2022-07","mu_y","sigma_eta",0.000166632136833031
"density","DAX","STAR_SV","2022-07","phi_y","sigma_eta",-4.50877897758103e-05
"density","DAX","STAR_SV","2022-07","mu_h","sigma_eta",0.00631532827515819
"density","DAX","STAR_SV","2022-07","phi_h","sigma_eta",-0.000110605023847797
"density","DAX","STAR_SV","2022-07","sigma_eta","sigma_eta",0.00146552557044892
"density","DAX","STAR_SV","2022-07","nu","sigma_eta",0.0115385356198265
"density","DAX","STAR_SV","2022-07","gamma_severe","sigma_eta",0.000331279727166136
"density","DAX","STAR_SV","2022-07","gamma_mild","sigma_eta",0.000182763934975887
"density","DAX","STAR_SV","2022-07","mu_y","nu",2.21284398883612e-05
"density","DAX","STAR_SV","2022-07","phi_y","nu",1.85707557563625e-05
"density","DAX","STAR_SV","2022-07","mu_h","nu",0.0505666950964681
"density","DAX","STAR_SV","2022-07","phi_h","nu",-0.000759413484598087
"density","DAX","STAR_SV","2022-07","sigma_eta","nu",0.0115385356198265
"density","DAX","STAR_SV","2022-07","nu","nu",0.818950536092398
"density","DAX","STAR_SV","2022-07","gamma_severe","nu",0.0103282353493567
"density","DAX","STAR_SV","2022-07","gamma_mild","nu",0.00804518150147827
"density","DAX","STAR_SV","2022-07","mu_y","gamma_severe",0.000123278209757583
"density","DAX","STAR_SV","2022-07","phi_y","gamma_severe",-0.000149553962679748
"density","DAX","STAR_SV","2022-07","mu_h","gamma_severe",0.00437580248934779
"density","DAX","STAR_SV","2022-07","phi_h","gamma_severe",0.000191531933709511
"density","DAX","STAR_SV","2022-07","sigma_eta","gamma_severe",0.000331279727166136
"density","DAX","STAR_SV","2022-07","nu","gamma_severe",0.0103282353493567
"density","DAX","STAR_SV","2022-07","gamma_severe","gamma_severe",0.00196463542124811
"density","DAX","STAR_SV","2022-07","gamma_mild","gamma_severe",0.00157413128030911
"density","DAX","STAR_SV","2022-07","mu_y","gamma_mild",7.85418760322136e-05
"density","DAX","STAR_SV","2022-07","phi_y","gamma_mild",-0.000163819512196259
"density","DAX","STAR_SV","2022-07","mu_h","gamma_mild",0.00293823547330493
"density","DAX","STAR_SV","2022-07","phi_h","gamma_mild",0.000207954483579739
"density","DAX","STAR_SV","2022-07","sigma_eta","gamma_mild",0.000182763934975887
"density","DAX","STAR_SV","2022-07","nu","gamma_mild",0.00804518150147827
"density","DAX","STAR_SV","2022-07","gamma_severe","gamma_mild",0.00157413128030911
"density","DAX","STAR_SV","2022-07","gamma_mild","gamma_mild",0.00826329889687177
"density","DAX","STAR_SV","2022-08","mu_y","mu_y",0.000373441913160241
"density","DAX","STAR_SV","2022-08","phi_y","mu_y",-5.31593913850556e-05
"density","DAX","STAR_SV","2022-08","mu_h","mu_y",-0.000285606440206693
"density","DAX","STAR_SV","2022-08","phi_h","mu_y",5.85289018077491e-06
"density","DAX","STAR_SV","2022-08","sigma_eta","mu_y",0.000150486731382481
"density","DAX","STAR_SV","2022-08","nu","mu_y",0.000158599111887988
"density","DAX","STAR_SV","2022-08","gamma_severe","mu_y",0.000135067836071912
"density","DAX","STAR_SV","2022-08","gamma_mild","mu_y",0.000156599833858755
"density","DAX","STAR_SV","2022-08","mu_y","phi_y",-5.31593913850556e-05
"density","DAX","STAR_SV","2022-08","phi_y","phi_y",0.000515592748100581
"density","DAX","STAR_SV","2022-08","mu_h","phi_y",-0.000353328949831529
"density","DAX","STAR_SV","2022-08","phi_h","phi_y",-1.36100870435571e-05
"density","DAX","STAR_SV","2022-08","sigma_eta","phi_y",-2.84141888582335e-05
"density","DAX","STAR_SV","2022-08","nu","phi_y",0.000353327851232903
"density","DAX","STAR_SV","2022-08","gamma_severe","phi_y",-0.000127485757981688
"density","DAX","STAR_SV","2022-08","gamma_mild","phi_y",-0.000120435929156943
"density","DAX","STAR_SV","2022-08","mu_y","mu_h",-0.000285606440206693
"density","DAX","STAR_SV","2022-08","phi_y","mu_h",-0.000353328949831529
"density","DAX","STAR_SV","2022-08","mu_h","mu_h",0.106088800608828
"density","DAX","STAR_SV","2022-08","phi_h","mu_h",-0.00160519807493253
"density","DAX","STAR_SV","2022-08","sigma_eta","mu_h",0.0051740452882826
"density","DAX","STAR_SV","2022-08","nu","mu_h",0.0542539522038414
"density","DAX","STAR_SV","2022-08","gamma_severe","mu_h",0.00338765032626918
"density","DAX","STAR_SV","2022-08","gamma_mild","mu_h",0.00176549605574833
"density","DAX","STAR_SV","2022-08","mu_y","phi_h",5.85289018077491e-06
"density","DAX","STAR_SV","2022-08","phi_y","phi_h",-1.36100870435571e-05
"density","DAX","STAR_SV","2022-08","mu_h","phi_h",-0.00160519807493253
"density","DAX","STAR_SV","2022-08","phi_h","phi_h",6.95052972972044e-05
"density","DAX","STAR_SV","2022-08","sigma_eta","phi_h",-9.36072602936054e-05
"density","DAX","STAR_SV","2022-08","nu","phi_h",-0.000863185216580368
"density","DAX","STAR_SV","2022-08","gamma_severe","phi_h",0.000200186053295407
"density","DAX","STAR_SV","2022-08","gamma_mild","phi_h",0.000235929491257069
"density","DAX","STAR_SV","2022-08","mu_y","sigma_eta",0.000150486731382481
"density","DAX","STAR_SV","2022-08","phi_y","sigma_eta",-2.84141888582335e-05
"density","DAX","STAR_SV","2022-08","mu_h","sigma_eta",0.0051740452882826
"density","DAX","STAR_SV","2022-08","phi_h","sigma_eta",-9.36072602936054e-05
"density","DAX","STAR_SV","2022-08","sigma_eta","sigma_eta",0.0013354910953795
"density","DAX","STAR_SV","2022-08","nu","sigma_eta",0.0108110499113115
"density","DAX","STAR_SV","2022-08","gamma_severe","sigma_eta",0.00026409515928429
"density","DAX","STAR_SV","2022-08","gamma_mild","sigma_eta",0.000132931665362961
"density","DAX","STAR_SV","2022-08","mu_y","nu",0.000158599111887988
"density","DAX","STAR_SV","2022-08","phi_y","nu",0.000353327851232903
"density","DAX","STAR_SV","2022-08","mu_h","nu",0.0542539522038414
"density","DAX","STAR_SV","2022-08","phi_h","nu",-0.000863185216580368
"density","DAX","STAR_SV","2022-08","sigma_eta","nu",0.0108110499113115
"density","DAX","STAR_SV","2022-08","nu","nu",0.750763829299034
"density","DAX","STAR_SV","2022-08","gamma_severe","nu",0.0102450651318265
"density","DAX","STAR_SV","2022-08","gamma_mild","nu",0.0032586349703805
"density","DAX","STAR_SV","2022-08","mu_y","gamma_severe",0.000135067836071912
"density","DAX","STAR_SV","2022-08","phi_y","gamma_severe",-0.000127485757981688
"density","DAX","STAR_SV","2022-08","mu_h","gamma_severe",0.00338765032626918
"density","DAX","STAR_SV","2022-08","phi_h","gamma_severe",0.000200186053295407
"density","DAX","STAR_SV","2022-08","sigma_eta","gamma_severe",0.00026409515928429
"density","DAX","STAR_SV","2022-08","nu","gamma_severe",0.0102450651318265
"density","DAX","STAR_SV","2022-08","gamma_severe","gamma_severe",0.00185428540305865
"density","DAX","STAR_SV","2022-08","gamma_mild","gamma_severe",0.00146344183829353
"density","DAX","STAR_SV","2022-08","mu_y","gamma_mild",0.000156599833858755
"density","DAX","STAR_SV","2022-08","phi_y","gamma_mild",-0.000120435929156943
"density","DAX","STAR_SV","2022-08","mu_h","gamma_mild",0.00176549605574833
"density","DAX","STAR_SV","2022-08","phi_h","gamma_mild",0.000235929491257069
"density","DAX","STAR_SV","2022-08","sigma_eta","gamma_mild",0.000132931665362961
"density","DAX","STAR_SV","2022-08","nu","gamma_mild",0.0032586349703805
"density","DAX","STAR_SV","2022-08","gamma_severe","gamma_mild",0.00146344183829353
"density","DAX","STAR_SV","2022-08","gamma_mild","gamma_mild",0.0104943549148623
"density","DAX","STAR_SV","2022-09","mu_y","mu_y",0.000370731085100692
"density","DAX","STAR_SV","2022-09","phi_y","mu_y",-4.36040711426303e-05
"density","DAX","STAR_SV","2022-09","mu_h","mu_y",-0.000737304352706759
"density","DAX","STAR_SV","2022-09","phi_h","mu_y",9.19255744286877e-06
"density","DAX","STAR_SV","2022-09","sigma_eta","mu_y",0.000153104973585924
"density","DAX","STAR_SV","2022-09","nu","mu_y",-0.000332954461063566
"density","DAX","STAR_SV","2022-09","gamma_severe","mu_y",0.000114094681226984
"density","DAX","STAR_SV","2022-09","gamma_mild","mu_y",2.96927597650696e-05
"density","DAX","STAR_SV","2022-09","mu_y","phi_y",-4.36040711426303e-05
"density","DAX","STAR_SV","2022-09","phi_y","phi_y",0.000452333710595481
"density","DAX","STAR_SV","2022-09","mu_h","phi_y",-0.000295183440964508
"density","DAX","STAR_SV","2022-09","phi_h","phi_y",-1.15966766920378e-05
"density","DAX","STAR_SV","2022-09","sigma_eta","phi_y",-3.18520789988964e-05
"density","DAX","STAR_SV","2022-09","nu","phi_y",0.000707697137590599
"density","DAX","STAR_SV","2022-09","gamma_severe","phi_y",-0.000106959411849242
"density","DAX","STAR_SV","2022-09","gamma_mild","phi_y",-0.000148368133586736
"density","DAX","STAR_SV","2022-09","mu_y","mu_h",-0.000737304352706759
"density","DAX","STAR_SV","2022-09","phi_y","mu_h",-0.000295183440964508
"density","DAX","STAR_SV","2022-09","mu_h","mu_h",0.243506140795108
"density","DAX","STAR_SV","2022-09","phi_h","mu_h",-0.00354168459588447
"density","DAX","STAR_SV","2022-09","sigma_eta","mu_h",0.0130359807220763
"density","DAX","STAR_SV","2022-09","nu","mu_h",0.11832993701394
"density","DAX","STAR_SV","2022-09","gamma_severe","mu_h",0.00566516909342514
"density","DAX","STAR_SV","2022-09","gamma_mild","mu_h",0.00264817589216533
"density","DAX","STAR_SV","2022-09","mu_y","phi_h",9.19255744286877e-06
"density","DAX","STAR_SV","2022-09","phi_y","phi_h",-1.15966766920378e-05
"density","DAX","STAR_SV","2022-09","mu_h","phi_h",-0.00354168459588447
"density","DAX","STAR_SV","2022-09","phi_h","phi_h",8.76529722225556e-05
"density","DAX","STAR_SV","2022-09","sigma_eta","phi_h",-0.000194035736010208
"density","DAX","STAR_SV","2022-09","nu","phi_h",-0.00190265834946187
"density","DAX","STAR_SV","2022-09","gamma_severe","phi_h",0.00013880242107867
"density","DAX","STAR_SV","2022-09","gamma_mild","phi_h",0.000180037909488198
"density","DAX","STAR_SV","2022-09","mu_y","sigma_eta",0.000153104973585924
"density","DAX","STAR_SV","2022-09","phi_y","sigma_eta",-3.18520789988964e-05
"density","DAX","STAR_SV","2022-09","mu_h","sigma_eta",0.0130359807220763
"density","DAX","STAR_SV","2022-09","phi_h","sigma_eta",-0.000194035736010208
"density","DAX","STAR_SV","2022-09","sigma_eta","sigma_eta",0.00202732437655962
"density","DAX","STAR_SV","2022-09","nu","sigma_eta",0.0143546736027687
"density","DAX","STAR_SV","2022-09","gamma_severe","sigma_eta",0.00049993776853761
"density","DAX","STAR_SV","2022-09","gamma_mild","sigma_eta",0.000218895220738271
"density","DAX","STAR_SV","2022-09","mu_y","nu",-0.000332954461063566
"density","DAX","STAR_SV","2022-09","phi_y","nu",0.000707697137590599
"density","DAX","STAR_SV","2022-09","mu_h","nu",0.11832993701394
"density","DAX","STAR_SV","2022-09","phi_h","nu",-0.00190265834946187
"density","DAX","STAR_SV","2022-09","sigma_eta","nu",0.0143546736027687
"density","DAX","STAR_SV","2022-09","nu","nu",0.664543767643099
"density","DAX","STAR_SV","2022-09","gamma_severe","nu",0.0102583613797927
"density","DAX","STAR_SV","2022-09","gamma_mild","nu",0.0044824905105488
"density","DAX","STAR_SV","2022-09","mu_y","gamma_severe",0.000114094681226984
"density","DAX","STAR_SV","2022-09","phi_y","gamma_severe",-0.000106959411849242
"density","DAX","STAR_SV","2022-09","mu_h","gamma_severe",0.00566516909342514
"density","DAX","STAR_SV","2022-09","phi_h","gamma_severe",0.00013880242107867
"density","DAX","STAR_SV","2022-09","sigma_eta","gamma_severe",0.00049993776853761
"density","DAX","STAR_SV","2022-09","nu","gamma_severe",0.0102583613797927
"density","DAX","STAR_SV","2022-09","gamma_severe","gamma_severe",0.00188603016928787
"density","DAX","STAR_SV","2022-09","gamma_mild","gamma_severe",0.00147895570851901
"density","DAX","STAR_SV","2022-09","mu_y","gamma_mild",2.96927597650696e-05
"density","DAX","STAR_SV","2022-09","phi_y","gamma_mild",-0.000148368133586736
"density","DAX","STAR_SV","2022-09","mu_h","gamma_mild",0.00264817589216533
"density","DAX","STAR_SV","2022-09","phi_h","gamma_mild",0.000180037909488198
"density","DAX","STAR_SV","2022-09","sigma_eta","gamma_mild",0.000218895220738271
"density","DAX","STAR_SV","2022-09","nu","gamma_mild",0.0044824905105488
"density","DAX","STAR_SV","2022-09","gamma_severe","gamma_mild",0.00147895570851901
"density","DAX","STAR_SV","2022-09","gamma_mild","gamma_mild",0.00766389107651057
"density","DAX","STAR_SV","2022-10","mu_y","mu_y",0.000395752810187206
"density","DAX","STAR_SV","2022-10","phi_y","mu_y",-5.08032047644821e-05
"density","DAX","STAR_SV","2022-10","mu_h","mu_y",-0.000417770151614025
"density","DAX","STAR_SV","2022-10","phi_h","mu_y",9.02752812504125e-06
"density","DAX","STAR_SV","2022-10","sigma_eta","mu_y",0.00016140011504924
"density","DAX","STAR_SV","2022-10","nu","mu_y",-0.000394629308509927
"density","DAX","STAR_SV","2022-10","gamma_severe","mu_y",0.000135275712400395
"density","DAX","STAR_SV","2022-10","gamma_mild","mu_y",9.4678343578125e-05
"density","DAX","STAR_SV","2022-10","mu_y","phi_y",-5.08032047644821e-05
"density","DAX","STAR_SV","2022-10","phi_y","phi_y",0.000464003013776451
"density","DAX","STAR_SV","2022-10","mu_h","phi_y",-0.000279578901409423
"density","DAX","STAR_SV","2022-10","phi_h","phi_y",-8.27453980048524e-06
"density","DAX","STAR_SV","2022-10","sigma_eta","phi_y",-4.85424016699039e-05
"density","DAX","STAR_SV","2022-10","nu","phi_y",-5.84751880068605e-05
"density","DAX","STAR_SV","2022-10","gamma_severe","phi_y",-9.23707938628283e-05
"density","DAX","STAR_SV","2022-10","gamma_mild","phi_y",2.90906169569697e-05
"density","DAX","STAR_SV","2022-10","mu_y","mu_h",-0.000417770151614025
"density","DAX","STAR_SV","2022-10","phi_y","mu_h",-0.000279578901409423
"density","DAX","STAR_SV","2022-10","mu_h","mu_h",0.11843703446688
"density","DAX","STAR_SV","2022-10","phi_h","mu_h",-0.0017586096999785
"density","DAX","STAR_SV","2022-10","sigma_eta","mu_h",0.00574231726622917
"density","DAX","STAR_SV","2022-10","nu","mu_h",0.0579343838567097
"density","DAX","STAR_SV","2022-10","gamma_severe","mu_h",0.00481883876166374
"density","DAX","STAR_SV","2022-10","gamma_mild","mu_h",0.00203720982907501
"density","DAX","STAR_SV","2022-10","mu_y","phi_h",9.02752812504125e-06
"density","DAX","STAR_SV","2022-10","phi_y","phi_h",-8.27453980048524e-06
"density","DAX","STAR_SV","2022-10","mu_h","phi_h",-0.0017586096999785
"density","DAX","STAR_SV","2022-10","phi_h","phi_h",7.21456494353589e-05
"density","DAX","STAR_SV","2022-10","sigma_eta","phi_h",-0.000100544657162611
"density","DAX","STAR_SV","2022-10","nu","phi_h",-0.00094737848491123
"density","DAX","STAR_SV","2022-10","gamma_severe","phi_h",0.000172851883990748
"density","DAX","STAR_SV","2022-10","gamma_mild","phi_h",0.000221483574449817
"density","DAX","STAR_SV","2022-10","mu_y","sigma_eta",0.00016140011504924
"density","DAX","STAR_SV","2022-10","phi_y","sigma_eta",-4.85424016699039e-05
"density","DAX","STAR_SV","2022-10","mu_h","sigma_eta",0.00574231726622917
"density","DAX","STAR_SV","2022-10","phi_h","sigma_eta",-0.000100544657162611
"density","DAX","STAR_SV","2022-10","sigma_eta","sigma_eta",0.00137085014025204
"density","DAX","STAR_SV","2022-10","nu","sigma_eta",0.0113564839111897
"density","DAX","STAR_SV","2022-10","gamma_severe","sigma_eta",0.000344827787645394
"density","DAX","STAR_SV","2022-10","gamma_mild","sigma_eta",7.03534384144998e-05
"density","DAX","STAR_SV","2022-10","mu_y","nu",-0.000394629308509927
"density","DAX","STAR_SV","2022-10","phi_y","nu",-5.84751880068605e-05
"density","DAX","STAR_SV","2022-10","mu_h","nu",0.0579343838567097
"density","DAX","STAR_SV","2022-10","phi_h","nu",-0.00094737848491123
"density","DAX","STAR_SV","2022-10","sigma_eta","nu",0.0113564839111897
"density","DAX","STAR_SV","2022-10","nu","nu",0.845388535946985
"density","DAX","STAR_SV","2022-10","gamma_severe","nu",0.0110648614799634
"density","DAX","STAR_SV","2022-10","gamma_mild","nu",0.00507042352215901
"density","DAX","STAR_SV","2022-10","mu_y","gamma_severe",0.000135275712400395
"density","DAX","STAR_SV","2022-10","phi_y","gamma_severe",-9.23707938628283e-05
"density","DAX","STAR_SV","2022-10","mu_h","gamma_severe",0.00481883876166374
"density","DAX","STAR_SV","2022-10","phi_h","gamma_severe",0.000172851883990748
"density","DAX","STAR_SV","2022-10","sigma_eta","gamma_severe",0.000344827787645394
"density","DAX","STAR_SV","2022-10","nu","gamma_severe",0.0110648614799634
"density","DAX","STAR_SV","2022-10","gamma_severe","gamma_severe",0.0018726596387234
"density","DAX","STAR_SV","2022-10","gamma_mild","gamma_severe",0.00129231454147778
"density","DAX","STAR_SV","2022-10","mu_y","gamma_mild",9.4678343578125e-05
"density","DAX","STAR_SV","2022-10","phi_y","gamma_mild",2.90906169569697e-05
"density","DAX","STAR_SV","2022-10","mu_h","gamma_mild",0.00203720982907501
"density","DAX","STAR_SV","2022-10","phi_h","gamma_mild",0.000221483574449817
"density","DAX","STAR_SV","2022-10","sigma_eta","gamma_mild",7.03534384144998e-05
"density","DAX","STAR_SV","2022-10","nu","gamma_mild",0.00507042352215901
"density","DAX","STAR_SV","2022-10","gamma_severe","gamma_mild",0.00129231454147778
"density","DAX","STAR_SV","2022-10","gamma_mild","gamma_mild",0.0125049147411722
"density","DAX","STAR_SV","2022-11","mu_y","mu_y",0.000388538620843873
"density","DAX","STAR_SV","2022-11","phi_y","mu_y",-6.10373713920124e-05
"density","DAX","STAR_SV","2022-11","mu_h","mu_y",-0.000190777359075418
"density","DAX","STAR_SV","2022-11","phi_h","mu_y",-2.09305172987632e-07
"density","DAX","STAR_SV","2022-11","sigma_eta","mu_y",0.000199658467010212
"density","DAX","STAR_SV","2022-11","nu","mu_y",0.000141819353749181
"density","DAX","STAR_SV","2022-11","gamma_severe","mu_y",0.000128768392995817
"density","DAX","STAR_SV","2022-11","gamma_mild","mu_y",6.02235618510063e-05
"density","DAX","STAR_SV","2022-11","mu_y","phi_y",-6.10373713920124e-05
"density","DAX","STAR_SV","2022-11","phi_y","phi_y",0.000443940950586598
"density","DAX","STAR_SV","2022-11","mu_h","phi_y",-5.76327047192695e-05
"density","DAX","STAR_SV","2022-11","phi_h","phi_y",-1.81922172930329e-05
"density","DAX","STAR_SV","2022-11","sigma_eta","phi_y",-1.72228720252571e-05
"density","DAX","STAR_SV","2022-11","nu","phi_y",0.0003849218583755
"density","DAX","STAR_SV","2022-11","gamma_severe","phi_y",-0.000128544517076559
"density","DAX","STAR_SV","2022-11","gamma_mild","phi_y",-6.28628660003038e-05
"density","DAX","STAR_SV","2022-11","mu_y","mu_h",-0.000190777359075418
"density","DAX","STAR_SV","2022-11","phi_y","mu_h",-5.76327047192695e-05
"density","DAX","STAR_SV","2022-11","mu_h","mu_h",0.14443784967318
"density","DAX","STAR_SV","2022-11","phi_h","mu_h",-0.00236588228356497
"density","DAX","STAR_SV","2022-11","sigma_eta","mu_h",0.00949863465702215
"density","DAX","STAR_SV","2022-11","nu","mu_h",0.0961846595970061
"density","DAX","STAR_SV","2022-11","gamma_severe","mu_h",0.00579193957729975
"density","DAX","STAR_SV","2022-11","gamma_mild","mu_h",0.0041996103296189
"density","DAX","STAR_SV","2022-11","mu_y","phi_h",-2.09305172987632e-07
"density","DAX","STAR_SV","2022-11","phi_y","phi_h",-1.81922172930329e-05
"density","DAX","STAR_SV","2022-11","mu_h","phi_h",-0.00236588228356497
"density","DAX","STAR_SV","2022-11","phi_h","phi_h",8.76013292603771e-05
"density","DAX","STAR_SV","2022-11","sigma_eta","phi_h",-0.000168166940891124
"density","DAX","STAR_SV","2022-11","nu","phi_h",-0.00189718890051754
"density","DAX","STAR_SV","2022-11","gamma_severe","phi_h",0.000162288042303626
"density","DAX","STAR_SV","2022-11","gamma_mild","phi_h",0.000189912391357118
"density","DAX","STAR_SV","2022-11","mu_y","sigma_eta",0.000199658467010212
"density","DAX","STAR_SV","2022-11","phi_y","sigma_eta",-1.72228720252571e-05
"density","DAX","STAR_SV","2022-11","mu_h","sigma_eta",0.00949863465702215
"density","DAX","STAR_SV","2022-11","phi_h","sigma_eta",-0.000168166940891124
"density","DAX","STAR_SV","2022-11","sigma_eta","sigma_eta",0.00194121661432934
"density","DAX","STAR_SV","2022-11","nu","sigma_eta",0.015510778985681
"density","DAX","STAR_SV","2022-11","gamma_severe","sigma_eta",0.000561270535217386
"density","DAX","STAR_SV","2022-11","gamma_mild","sigma_eta",0.000129789787766581
"density","DAX","STAR_SV","2022-11","mu_y","nu",0.000141819353749181
"density","DAX","STAR_SV","2022-11","phi_y","nu",0.0003849218583755
"density","DAX","STAR_SV","2022-11","mu_h","nu",0.0961846595970061
"density","DAX","STAR_SV","2022-11","phi_h","nu",-0.00189718890051754
"density","DAX","STAR_SV","2022-11","sigma_eta","nu",0.015510778985681
"density","DAX","STAR_SV","2022-11","nu","nu",0.645535356354157
"density","DAX","STAR_SV","2022-11","gamma_severe","nu",0.0109223757735921
"density","DAX","STAR_SV","2022-11","gamma_mild","nu",0.00641759130531847
"density","DAX","STAR_SV","2022-11","mu_y","gamma_severe",0.000128768392995817
"density","DAX","STAR_SV","2022-11","phi_y","gamma_severe",-0.000128544517076559
"density","DAX","STAR_SV","2022-11","mu_h","gamma_severe",0.00579193957729975
"density","DAX","STAR_SV","2022-11","phi_h","gamma_severe",0.000162288042303626
"density","DAX","STAR_SV","2022-11","sigma_eta","gamma_severe",0.000561270535217386
"density","DAX","STAR_SV","2022-11","nu","gamma_severe",0.0109223757735921
"density","DAX","STAR_SV","2022-11","gamma_severe","gamma_severe",0.00199656138619909
"density","DAX","STAR_SV","2022-11","gamma_mild","gamma_severe",0.00145282895765097
"density","DAX","STAR_SV","2022-11","mu_y","gamma_mild",6.02235618510063e-05
"density","DAX","STAR_SV","2022-11","phi_y","gamma_mild",-6.28628660003038e-05
"density","DAX","STAR_SV","2022-11","mu_h","gamma_mild",0.0041996103296189
"density","DAX","STAR_SV","2022-11","phi_h","gamma_mild",0.000189912391357118
"density","DAX","STAR_SV","2022-11","sigma_eta","gamma_mild",0.000129789787766581
"density","DAX","STAR_SV","2022-11","nu","gamma_mild",0.00641759130531847
"density","DAX","STAR_SV","2022-11","gamma_severe","gamma_mild",0.00145282895765097
"density","DAX","STAR_SV","2022-11","gamma_mild","gamma_mild",0.0123453332875706
"density","DAX","STAR_SV","2022-12","mu_y","mu_y",0.000363213395089423
"density","DAX","STAR_SV","2022-12","phi_y","mu_y",-4.09524143932748e-05
"density","DAX","STAR_SV","2022-12","mu_h","mu_y",0.000135917254096606
"density","DAX","STAR_SV","2022-12","phi_h","mu_y",7.94686981456018e-06
"density","DAX","STAR_SV","2022-12","sigma_eta","mu_y",0.000137521065274747
"density","DAX","STAR_SV","2022-12","nu","mu_y",0.000969167906457138
"density","DAX","STAR_SV","2022-12","gamma_severe","mu_y",0.000201637238413084
"density","DAX","STAR_SV","2022-12","gamma_mild","mu_y",0.000198424299158874
"density","DAX","STAR_SV","2022-12","mu_y","phi_y",-4.09524143932748e-05
"density","DAX","STAR_SV","2022-12","phi_y","phi_y",0.000478137682388676
"density","DAX","STAR_SV","2022-12","mu_h","phi_y",-0.000700517949546967
"density","DAX","STAR_SV","2022-12","phi_h","phi_y",2.21459344840921e-06
"density","DAX","STAR_SV","2022-12","sigma_eta","phi_y",-5.45889376120131e-05
"density","DAX","STAR_SV","2022-12","nu","phi_y",-0.000116257899221336
"density","DAX","STAR_SV","2022-12","gamma_severe","phi_y",-9.31371924001371e-05
"density","DAX","STAR_SV","2022-12","gamma_mild","phi_y",-0.000114818615970534
"density","DAX","STAR_SV","2022-12","mu_y","mu_h",0.000135917254096606
"density","DAX","STAR_SV","2022-12","phi_y","mu_h",-0.000700517949546967
"density","DAX","STAR_SV","2022-12","mu_h","mu_h",0.0834370486250752
"density","DAX","STAR_SV","2022-12","phi_h","mu_h",-0.00116913564986581
"density","DAX","STAR_SV","2022-12","sigma_eta","mu_h",0.00507733325352808
"density","DAX","STAR_SV","2022-12","nu","mu_h",0.0626246509125767
"density","DAX","STAR_SV","2022-12","gamma_severe","mu_h",0.00654449512674372
"density","DAX","STAR_SV","2022-12","gamma_mild","mu_h",0.0053454970385479
"density","DAX","STAR_SV","2022-12","mu_y","phi_h",7.94686981456018e-06
"density","DAX","STAR_SV","2022-12","phi_y","phi_h",2.21459344840921e-06
"density","DAX","STAR_SV","2022-12","mu_h","phi_h",-0.00116913564986581
"density","DAX","STAR_SV","2022-12","phi_h","phi_h",9.87625341019943e-05
"density","DAX","STAR_SV","2022-12","sigma_eta","phi_h",-0.0001325209245617
"density","DAX","STAR_SV","2022-12","nu","phi_h",-0.000944920894034884
"density","DAX","STAR_SV","2022-12","gamma_severe","phi_h",0.000269723120318383
"density","DAX","STAR_SV","2022-12","gamma_mild","phi_h",0.000256240084692217
"density","DAX","STAR_SV","2022-12","mu_y","sigma_eta",0.000137521065274747
"density","DAX","STAR_SV","2022-12","phi_y","sigma_eta",-5.45889376120131e-05
"density","DAX","STAR_SV","2022-12","mu_h","sigma_eta",0.00507733325352808
"density","DAX","STAR_SV","2022-12","phi_h","sigma_eta",-0.0001325209245617
"density","DAX","STAR_SV","2022-12","sigma_eta","sigma_eta",0.0013921187169121
"density","DAX","STAR_SV","2022-12","nu","sigma_eta",0.0156551935863008
"density","DAX","STAR_SV","2022-12","gamma_severe","sigma_eta",0.000334955766681216
"density","DAX","STAR_SV","2022-12","gamma_mild","sigma_eta",0.000225156237013876
"density","DAX","STAR_SV","2022-12","mu_y","nu",0.000969167906457138
"density","DAX","STAR_SV","2022-12","phi_y","nu",-0.000116257899221336
"density","DAX","STAR_SV","2022-12","mu_h","nu",0.0626246509125767
"density","DAX","STAR_SV","2022-12","phi_h","nu",-0.000944920894034884
"density","DAX","STAR_SV","2022-12","sigma_eta","nu",0.0156551935863008
"density","DAX","STAR_SV","2022-12","nu","nu",1.00033866558591
"density","DAX","STAR_SV","2022-12","gamma_severe","nu",0.0147975984441043
"density","DAX","STAR_SV","2022-12","gamma_mild","nu",0.0106552235597464
"density","DAX","STAR_SV","2022-12","mu_y","gamma_severe",0.000201637238413084
"density","DAX","STAR_SV","2022-12","phi_y","gamma_severe",-9.31371924001371e-05
"density","DAX","STAR_SV","2022-12","mu_h","gamma_severe",0.00654449512674372
"density","DAX","STAR_SV","2022-12","phi_h","gamma_severe",0.000269723120318383
"density","DAX","STAR_SV","2022-12","sigma_eta","gamma_severe",0.000334955766681216
"density","DAX","STAR_SV","2022-12","nu","gamma_severe",0.0147975984441043
"density","DAX","STAR_SV","2022-12","gamma_severe","gamma_severe",0.00251774496856102
"density","DAX","STAR_SV","2022-12","gamma_mild","gamma_severe",0.00190886868338325
"density","DAX","STAR_SV","2022-12","mu_y","gamma_mild",0.000198424299158874
"density","DAX","STAR_SV","2022-12","phi_y","gamma_mild",-0.000114818615970534
"density","DAX","STAR_SV","2022-12","mu_h","gamma_mild",0.0053454970385479
"density","DAX","STAR_SV","2022-12","phi_h","gamma_mild",0.000256240084692217
"density","DAX","STAR_SV","2022-12","sigma_eta","gamma_mild",0.000225156237013876
"density","DAX","STAR_SV","2022-12","nu","gamma_mild",0.0106552235597464
"density","DAX","STAR_SV","2022-12","gamma_severe","gamma_mild",0.00190886868338325
"density","DAX","STAR_SV","2022-12","gamma_mild","gamma_mild",0.00893487852527372
"density","DAX","STAR_SV","2023-01","mu_y","mu_y",0.000360350334660344
"density","DAX","STAR_SV","2023-01","phi_y","mu_y",-2.96643149994681e-05
"density","DAX","STAR_SV","2023-01","mu_h","mu_y",-0.000738670401419993
"density","DAX","STAR_SV","2023-01","phi_h","mu_y",1.71509060846537e-05
"density","DAX","STAR_SV","2023-01","sigma_eta","mu_y",0.000104990848663265
"density","DAX","STAR_SV","2023-01","nu","mu_y",-0.000693920166291147
"density","DAX","STAR_SV","2023-01","gamma_severe","mu_y",0.000120955634807502
"density","DAX","STAR_SV","2023-01","gamma_mild","mu_y",9.4646511659678e-05
"density","DAX","STAR_SV","2023-01","mu_y","phi_y",-2.96643149994681e-05
"density","DAX","STAR_SV","2023-01","phi_y","phi_y",0.000492125755490912
"density","DAX","STAR_SV","2023-01","mu_h","phi_y",-0.000250280847034326
"density","DAX","STAR_SV","2023-01","phi_h","phi_y",-1.11710676812145e-05
"density","DAX","STAR_SV","2023-01","sigma_eta","phi_y",-3.31878310010411e-05
"density","DAX","STAR_SV","2023-01","nu","phi_y",0.00102782964793095
"density","DAX","STAR_SV","2023-01","gamma_severe","phi_y",-8.41603395370324e-05
"density","DAX","STAR_SV","2023-01","gamma_mild","phi_y",-9.53267299546864e-05
"density","DAX","STAR_SV","2023-01","mu_y","mu_h",-0.000738670401419993
"density","DAX","STAR_SV","2023-01","phi_y","mu_h",-0.000250280847034326
"density","DAX","STAR_SV","2023-01","mu_h","mu_h",0.0884390297089681
"density","DAX","STAR_SV","2023-01","phi_h","mu_h",-0.00134853606515674
"density","DAX","STAR_SV","2023-01","sigma_eta","mu_h",0.0028746959357589
"density","DAX","STAR_SV","2023-01","nu","mu_h",0.0242692775617656
"density","DAX","STAR_SV","2023-01","gamma_severe","mu_h",0.00320935236935909
"density","DAX","STAR_SV","2023-01","gamma_mild","mu_h",0.00170146735456114
"density","DAX","STAR_SV","2023-01","mu_y","phi_h",1.71509060846537e-05
"density","DAX","STAR_SV","2023-01","phi_y","phi_h",-1.11710676812145e-05
"density","DAX","STAR_SV","2023-01","mu_h","phi_h",-0.00134853606515674
"density","DAX","STAR_SV","2023-01","phi_h","phi_h",7.35736498382584e-05
"density","DAX","STAR_SV","2023-01","sigma_eta","phi_h",-6.33348441607887e-05
"density","DAX","STAR_SV","2023-01","nu","phi_h",-0.000254937552355952
"density","DAX","STAR_SV","2023-01","gamma_severe","phi_h",0.00023052793607997
"density","DAX","STAR_SV","2023-01","gamma_mild","phi_h",0.000254037249181778
"density","DAX","STAR_SV","2023-01","mu_y","sigma_eta",0.000104990848663265
"density","DAX","STAR_SV","2023-01","phi_y","sigma_eta",-3.31878310010411e-05
"density","DAX","STAR_SV","2023-01","mu_h","sigma_eta",0.0028746959357589
"density","DAX","STAR_SV","2023-01","phi_h","sigma_eta",-6.33348441607887e-05
"density","DAX","STAR_SV","2023-01","sigma_eta","sigma_eta",0.000993653420420489
"density","DAX","STAR_SV","2023-01","nu","sigma_eta",0.00742126310101562
"density","DAX","STAR_SV","2023-01","gamma_severe","sigma_eta",0.000150978633225712
"density","DAX","STAR_SV","2023-01","gamma_mild","sigma_eta",-2.71888703108681e-05
"density","DAX","STAR_SV","2023-01","mu_y","nu",-0.000693920166291147
"density","DAX","STAR_SV","2023-01","phi_y","nu",0.00102782964793095
"density","DAX","STAR_SV","2023-01","mu_h","nu",0.0242692775617656
"density","DAX","STAR_SV","2023-01","phi_h","nu",-0.000254937552355952
"density","DAX","STAR_SV","2023-01","sigma_eta","nu",0.00742126310101562
"density","DAX","STAR_SV","2023-01","nu","nu",0.713628985384111
"density","DAX","STAR_SV","2023-01","gamma_severe","nu",0.00962394463604203
"density","DAX","STAR_SV","2023-01","gamma_mild","nu",0.00437091594180742
"density","DAX","STAR_SV","2023-01","mu_y","gamma_severe",0.000120955634807502
"density","DAX","STAR_SV","2023-01","phi_y","gamma_severe",-8.41603395370324e-05
"density","DAX","STAR_SV","2023-01","mu_h","gamma_severe",0.00320935236935909
"density","DAX","STAR_SV","2023-01","phi_h","gamma_severe",0.00023052793607997
"density","DAX","STAR_SV","2023-01","sigma_eta","gamma_severe",0.000150978633225712
"density","DAX","STAR_SV","2023-01","nu","gamma_severe",0.00962394463604203
"density","DAX","STAR_SV","2023-01","gamma_severe","gamma_severe",0.00194688181405151
"density","DAX","STAR_SV","2023-01","gamma_mild","gamma_severe",0.00143111692514232
"density","DAX","STAR_SV","2023-01","mu_y","gamma_mild",9.4646511659678e-05
"density","DAX","STAR_SV","2023-01","phi_y","gamma_mild",-9.53267299546864e-05
"density","DAX","STAR_SV","2023-01","mu_h","gamma_mild",0.00170146735456114
"density","DAX","STAR_SV","2023-01","phi_h","gamma_mild",0.000254037249181778
"density","DAX","STAR_SV","2023-01","sigma_eta","gamma_mild",-2.71888703108681e-05
"density","DAX","STAR_SV","2023-01","nu","gamma_mild",0.00437091594180742
"density","DAX","STAR_SV","2023-01","gamma_severe","gamma_mild",0.00143111692514232
"density","DAX","STAR_SV","2023-01","gamma_mild","gamma_mild",0.0106795787982105
"density","DAX","STAR_SV","2023-02","mu_y","mu_y",0.000387734693222997
"density","DAX","STAR_SV","2023-02","phi_y","mu_y",-5.36651370046239e-05
"density","DAX","STAR_SV","2023-02","mu_h","mu_y",0.00026875523846298
"density","DAX","STAR_SV","2023-02","phi_h","mu_y",2.0092556711472e-06
"density","DAX","STAR_SV","2023-02","sigma_eta","mu_y",0.000203635841131484
"density","DAX","STAR_SV","2023-02","nu","mu_y",0.000148447201773867
"density","DAX","STAR_SV","2023-02","gamma_severe","mu_y",0.000183331352573085
"density","DAX","STAR_SV","2023-02","gamma_mild","mu_y",8.89595094357867e-05
"density","DAX","STAR_SV","2023-02","mu_y","phi_y",-5.36651370046239e-05
"density","DAX","STAR_SV","2023-02","phi_y","phi_y",0.000442756547279546
"density","DAX","STAR_SV","2023-02","mu_h","phi_y",-0.000467564196410354
"density","DAX","STAR_SV","2023-02","phi_h","phi_y",-6.19171219017773e-06
"density","DAX","STAR_SV","2023-02","sigma_eta","phi_y",-5.62538005738765e-05
"density","DAX","STAR_SV","2023-02","nu","phi_y",-0.000437106770420352
"density","DAX","STAR_SV","2023-02","gamma_severe","phi_y",-0.000117362752004343
"density","DAX","STAR_SV","2023-02","gamma_mild","phi_y",-5.45260345502131e-05
"density","DAX","STAR_SV","2023-02","mu_y","mu_h",0.00026875523846298
"density","DAX","STAR_SV","2023-02","phi_y","mu_h",-0.000467564196410354
"density","DAX","STAR_SV","2023-02","mu_h","mu_h",0.121995882823239
"density","DAX","STAR_SV","2023-02","phi_h","mu_h",-0.00184451343670335
"density","DAX","STAR_SV","2023-02","sigma_eta","mu_h",0.0090036839106895
"density","DAX","STAR_SV","2023-02","nu","mu_h",0.0874710380670922
"density","DAX","STAR_SV","2023-02","gamma_severe","mu_h",0.00617268596750084
"density","DAX","STAR_SV","2023-02","gamma_mild","mu_h",0.0035960561059314
"density","DAX","STAR_SV","2023-02","mu_y","phi_h",2.0092556711472e-06
"density","DAX","STAR_SV","2023-02","phi_y","phi_h",-6.19171219017773e-06
"density","DAX","STAR_SV","2023-02","mu_h","phi_h",-0.00184451343670335
"density","DAX","STAR_SV","2023-02","phi_h","phi_h",7.68119263937781e-05
"density","DAX","STAR_SV","2023-02","sigma_eta","phi_h",-0.000139578260459926
"density","DAX","STAR_SV","2023-02","nu","phi_h",-0.00120627916991769
"density","DAX","STAR_SV","2023-02","gamma_severe","phi_h",0.00016393602046079
"density","DAX","STAR_SV","2023-02","gamma_mild","phi_h",0.000204133019628299
"density","DAX","STAR_SV","2023-02","mu_y","sigma_eta",0.000203635841131484
"density","DAX","STAR_SV","2023-02","phi_y","sigma_eta",-5.62538005738765e-05
"density","DAX","STAR_SV","2023-02","mu_h","sigma_eta",0.0090036839106895
"density","DAX","STAR_SV","2023-02","phi_h","sigma_eta",-0.000139578260459926
"density","DAX","STAR_SV","2023-02","sigma_eta","sigma_eta",0.00193735124006496
"density","DAX","STAR_SV","2023-02","nu","sigma_eta",0.0152338775004386
"density","DAX","STAR_SV","2023-02","gamma_severe","sigma_eta",0.000667213509806515
"density","DAX","STAR_SV","2023-02","gamma_mild","sigma_eta",0.000325365120406103
"density","DAX","STAR_SV","2023-02","mu_y","nu",0.000148447201773867
"density","DAX","STAR_SV","2023-02","phi_y","nu",-0.000437106770420352
"density","DAX","STAR_SV","2023-02","mu_h","nu",0.0874710380670922
"density","DAX","STAR_SV","2023-02","phi_h","nu",-0.00120627916991769
"density","DAX","STAR_SV","2023-02","sigma_eta","nu",0.0152338775004386
"density","DAX","STAR_SV","2023-02","nu","nu",0.606666598857332
"density","DAX","STAR_SV","2023-02","gamma_severe","nu",0.0129935147017793
"density","DAX","STAR_SV","2023-02","gamma_mild","nu",0.00764598073352284
"density","DAX","STAR_SV","2023-02","mu_y","gamma_severe",0.000183331352573085
"density","DAX","STAR_SV","2023-02","phi_y","gamma_severe",-0.000117362752004343
"density","DAX","STAR_SV","2023-02","mu_h","gamma_severe",0.00617268596750084
"density","DAX","STAR_SV","2023-02","phi_h","gamma_severe",0.00016393602046079
"density","DAX","STAR_SV","2023-02","sigma_eta","gamma_severe",0.000667213509806515
"density","DAX","STAR_SV","2023-02","nu","gamma_severe",0.0129935147017793
"density","DAX","STAR_SV","2023-02","gamma_severe","gamma_severe",0.0020474255944768
"density","DAX","STAR_SV","2023-02","gamma_mild","gamma_severe",0.001447474539935
"density","DAX","STAR_SV","2023-02","mu_y","gamma_mild",8.89595094357867e-05
"density","DAX","STAR_SV","2023-02","phi_y","gamma_mild",-5.45260345502131e-05
"density","DAX","STAR_SV","2023-02","mu_h","gamma_mild",0.0035960561059314
"density","DAX","STAR_SV","2023-02","phi_h","gamma_mild",0.000204133019628299
"density","DAX","STAR_SV","2023-02","sigma_eta","gamma_mild",0.000325365120406103
"density","DAX","STAR_SV","2023-02","nu","gamma_mild",0.00764598073352284
"density","DAX","STAR_SV","2023-02","gamma_severe","gamma_mild",0.001447474539935
"density","DAX","STAR_SV","2023-02","gamma_mild","gamma_mild",0.0111374436021504
"density","DAX","STAR_SV","2023-03","mu_y","mu_y",0.00035426437589789
"density","DAX","STAR_SV","2023-03","phi_y","mu_y",-6.34474781397772e-05
"density","DAX","STAR_SV","2023-03","mu_h","mu_y",-0.000597652652849241
"density","DAX","STAR_SV","2023-03","phi_h","mu_y",-5.45362871567538e-07
"density","DAX","STAR_SV","2023-03","sigma_eta","mu_y",0.000207513866871994
"density","DAX","STAR_SV","2023-03","nu","mu_y",-0.0011628451564611
"density","DAX","STAR_SV","2023-03","gamma_severe","mu_y",4.95227623671424e-05
"density","DAX","STAR_SV","2023-03","gamma_mild","mu_y",4.08911354964139e-05
"density","DAX","STAR_SV","2023-03","mu_y","phi_y",-6.34474781397772e-05
"density","DAX","STAR_SV","2023-03","phi_y","phi_y",0.000476783087854716
"density","DAX","STAR_SV","2023-03","mu_h","phi_y",-0.000337843053171076
"density","DAX","STAR_SV","2023-03","phi_h","phi_y",-9.47267489537366e-06
"density","DAX","STAR_SV","2023-03","sigma_eta","phi_y",-9.43575184312023e-05
"density","DAX","STAR_SV","2023-03","nu","phi_y",0.000371049013320714
"density","DAX","STAR_SV","2023-03","gamma_severe","phi_y",-0.00011472426571235
"density","DAX","STAR_SV","2023-03","gamma_mild","phi_y",-0.000176708637554323
"density","DAX","STAR_SV","2023-03","mu_y","mu_h",-0.000597652652849241
"density","DAX","STAR_SV","2023-03","phi_y","mu_h",-0.000337843053171076
"density","DAX","STAR_SV","2023-03","mu_h","mu_h",0.275710594347535
"density","DAX","STAR_SV","2023-03","phi_h","mu_h",-0.00349892238698156
"density","DAX","STAR_SV","2023-03","sigma_eta","mu_h",0.0166098886330438
"density","DAX","STAR_SV","2023-03","nu","mu_h",0.0953289208334562
"density","DAX","STAR_SV","2023-03","gamma_severe","mu_h",0.00339525961299553
"density","DAX","STAR_SV","2023-03","gamma_mild","mu_h",-9.11846008130277e-05
"density","DAX","STAR_SV","2023-03","mu_y","phi_h",-5.45362871567538e-07
"density","DAX","STAR_SV","2023-03","phi_y","phi_h",-9.47267489537366e-06
"density","DAX","STAR_SV","2023-03","mu_h","phi_h",-0.00349892238698156
"density","DAX","STAR_SV","2023-03","phi_h","phi_h",6.75871993276581e-05
"density","DAX","STAR_SV","2023-03","sigma_eta","phi_h",-0.000189458640413511
"density","DAX","STAR_SV","2023-03","nu","phi_h",-0.00127837702669487
"density","DAX","STAR_SV","2023-03","gamma_severe","phi_h",0.000118387608943917
"density","DAX","STAR_SV","2023-03","gamma_mild","phi_h",0.000171109775628745
"density","DAX","STAR_SV","2023-03","mu_y","sigma_eta",0.000207513866871994
"density","DAX","STAR_SV","2023-03","phi_y","sigma_eta",-9.43575184312023e-05
"density","DAX","STAR_SV","2023-03","mu_h","sigma_eta",0.0166098886330438
"density","DAX","STAR_SV","2023-03","phi_h","sigma_eta",-0.000189458640413511
"density","DAX","STAR_SV","2023-03","sigma_eta","sigma_eta",0.00379947956470129
"density","DAX","STAR_SV","2023-03","nu","sigma_eta",0.0139535461939757
"density","DAX","STAR_SV","2023-03","gamma_severe","sigma_eta",0.000655157607212617
"density","DAX","STAR_SV","2023-03","gamma_mild","sigma_eta",0.000321886673911903
"density","DAX","STAR_SV","2023-03","mu_y","nu",-0.0011628451564611
"density","DAX","STAR_SV","2023-03","phi_y","nu",0.000371049013320714
"density","DAX","STAR_SV","2023-03","mu_h","nu",0.0953289208334562
"density","DAX","STAR_SV","2023-03","phi_h","nu",-0.00127837702669487
"density","DAX","STAR_SV","2023-03","sigma_eta","nu",0.0139535461939757
"density","DAX","STAR_SV","2023-03","nu","nu",0.39782910046855
"density","DAX","STAR_SV","2023-03","gamma_severe","nu",0.00750411020126337
"density","DAX","STAR_SV","2023-03","gamma_mild","nu",0.00485294748117601
"density","DAX","STAR_SV","2023-03","mu_y","gamma_severe",4.95227623671424e-05
"density","DAX","STAR_SV","2023-03","phi_y","gamma_severe",-0.00011472426571235
"density","DAX","STAR_SV","2023-03","mu_h","gamma_severe",0.00339525961299553
"density","DAX","STAR_SV","2023-03","phi_h","gamma_severe",0.000118387608943917
"density","DAX","STAR_SV","2023-03","sigma_eta","gamma_severe",0.000655157607212617
"density","DAX","STAR_SV","2023-03","nu","gamma_severe",0.00750411020126337
"density","DAX","STAR_SV","2023-03","gamma_severe","gamma_severe",0.00153726702947303
"density","DAX","STAR_SV","2023-03","gamma_mild","gamma_severe",0.00105309572975285
"density","DAX","STAR_SV","2023-03","mu_y","gamma_mild",4.08911354964139e-05
"density","DAX","STAR_SV","2023-03","phi_y","gamma_mild",-0.000176708637554323
"density","DAX","STAR_SV","2023-03","mu_h","gamma_mild",-9.11846008130277e-05
"density","DAX","STAR_SV","2023-03","phi_h","gamma_mild",0.000171109775628745
"density","DAX","STAR_SV","2023-03","sigma_eta","gamma_mild",0.000321886673911903
"density","DAX","STAR_SV","2023-03","nu","gamma_mild",0.00485294748117601
"density","DAX","STAR_SV","2023-03","gamma_severe","gamma_mild",0.00105309572975285
"density","DAX","STAR_SV","2023-03","gamma_mild","gamma_mild",0.0133254294449533
"density","DAX","STAR_SV","2023-04","mu_y","mu_y",0.000355159542513567
"density","DAX","STAR_SV","2023-04","phi_y","mu_y",-5.9923281332024e-05
"density","DAX","STAR_SV","2023-04","mu_h","mu_y",0.000419400383955089
"density","DAX","STAR_SV","2023-04","phi_h","mu_y",-3.54812543129683e-06
"density","DAX","STAR_SV","2023-04","sigma_eta","mu_y",0.000244641021032292
"density","DAX","STAR_SV","2023-04","nu","mu_y",0.000365536182889639
"density","DAX","STAR_SV","2023-04","gamma_severe","mu_y",0.000165716458128722
"density","DAX","STAR_SV","2023-04","gamma_mild","mu_y",0.000100016239226974
"density","DAX","STAR_SV","2023-04","mu_y","phi_y",-5.9923281332024e-05
"density","DAX","STAR_SV","2023-04","phi_y","phi_y",0.000446496437116678
"density","DAX","STAR_SV","2023-04","mu_h","phi_y",-0.000471640070084501
"density","DAX","STAR_SV","2023-04","phi_h","phi_y",-1.20552459691139e-05
"density","DAX","STAR_SV","2023-04","sigma_eta","phi_y",-8.37955427955306e-05
"density","DAX","STAR_SV","2023-04","nu","phi_y",6.28220000433496e-05
"density","DAX","STAR_SV","2023-04","gamma_severe","phi_y",-0.000142695671990478
"density","DAX","STAR_SV","2023-04","gamma_mild","phi_y",-0.000128615620952213
"density","DAX","STAR_SV","2023-04","mu_y","mu_h",0.000419400383955089
"density","DAX","STAR_SV","2023-04","phi_y","mu_h",-0.000471640070084501
"density","DAX","STAR_SV","2023-04","mu_h","mu_h",0.129288897369042
"density","DAX","STAR_SV","2023-04","phi_h","mu_h",-0.00203633730497424
"density","DAX","STAR_SV","2023-04","sigma_eta","mu_h",0.010931388644195
"density","DAX","STAR_SV","2023-04","nu","mu_h",0.0843111262590186
"density","DAX","STAR_SV","2023-04","gamma_severe","mu_h",0.00627671849233919
"density","DAX","STAR_SV","2023-04","gamma_mild","mu_h",0.00288112988836123
"density","DAX","STAR_SV","2023-04","mu_y","phi_h",-3.54812543129683e-06
"density","DAX","STAR_SV","2023-04","phi_y","phi_h",-1.20552459691139e-05
"density","DAX","STAR_SV","2023-04","mu_h","phi_h",-0.00203633730497424
"density","DAX","STAR_SV","2023-04","phi_h","phi_h",7.95588685585596e-05
"density","DAX","STAR_SV","2023-04","sigma_eta","phi_h",-0.000155877909183854
"density","DAX","STAR_SV","2023-04","nu","phi_h",-0.00128713042707054
"density","DAX","STAR_SV","2023-04","gamma_severe","phi_h",0.000161467279507795
"density","DAX","STAR_SV","2023-04","gamma_mild","phi_h",0.000220586819795703
"density","DAX","STAR_SV","2023-04","mu_y","sigma_eta",0.000244641021032292
"density","DAX","STAR_SV","2023-04","phi_y","sigma_eta",-8.37955427955306e-05
"density","DAX","STAR_SV","2023-04","mu_h","sigma_eta",0.010931388644195
"density","DAX","STAR_SV","2023-04","phi_h","sigma_eta",-0.000155877909183854
"density","DAX","STAR_SV","2023-04","sigma_eta","sigma_eta",0.00255495494166992
"density","DAX","STAR_SV","2023-04","nu","sigma_eta",0.0160459204913417
"density","DAX","STAR_SV","2023-04","gamma_severe","sigma_eta",0.000883277241902218
"density","DAX","STAR_SV","2023-04","gamma_mild","sigma_eta",0.00070305769396831
"density","DAX","STAR_SV","2023-04","mu_y","nu",0.000365536182889639
"density","DAX","STAR_SV","2023-04","phi_y","nu",6.28220000433496e-05
"density","DAX","STAR_SV","2023-04","mu_h","nu",0.0843111262590186
"density","DAX","STAR_SV","2023-04","phi_h","nu",-0.00128713042707054
"density","DAX","STAR_SV","2023-04","sigma_eta","nu",0.0160459204913417
"density","DAX","STAR_SV","2023-04","nu","nu",0.487707644432186
"density","DAX","STAR_SV","2023-04","gamma_severe","nu",0.0127354153722489
"density","DAX","STAR_SV","2023-04","gamma_mild","nu",0.0104944949762281
"density","DAX","STAR_SV","2023-04","mu_y","gamma_severe",0.000165716458128722
"density","DAX","STAR_SV","2023-04","phi_y","gamma_severe",-0.000142695671990478
"density","DAX","STAR_SV","2023-04","mu_h","gamma_severe",0.00627671849233919
"density","DAX","STAR_SV","2023-04","phi_h","gamma_severe",0.000161467279507795
"density","DAX","STAR_SV","2023-04","sigma_eta","gamma_severe",0.000883277241902218
"density","DAX","STAR_SV","2023-04","nu","gamma_severe",0.0127354153722489
"density","DAX","STAR_SV","2023-04","gamma_severe","gamma_severe",0.0021623359029738
"density","DAX","STAR_SV","2023-04","gamma_mild","gamma_severe",0.0016399494502362
"density","DAX","STAR_SV","2023-04","mu_y","gamma_mild",0.000100016239226974
"density","DAX","STAR_SV","2023-04","phi_y","gamma_mild",-0.000128615620952213
"density","DAX","STAR_SV","2023-04","mu_h","gamma_mild",0.00288112988836123
"density","DAX","STAR_SV","2023-04","phi_h","gamma_mild",0.000220586819795703
"density","DAX","STAR_SV","2023-04","sigma_eta","gamma_mild",0.00070305769396831
"density","DAX","STAR_SV","2023-04","nu","gamma_mild",0.0104944949762281
"density","DAX","STAR_SV","2023-04","gamma_severe","gamma_mild",0.0016399494502362
"density","DAX","STAR_SV","2023-04","gamma_mild","gamma_mild",0.0110483863485049
"density","DAX","STAR_SV","2023-05","mu_y","mu_y",0.0003492356164074
"density","DAX","STAR_SV","2023-05","phi_y","mu_y",-5.53134604565955e-05
"density","DAX","STAR_SV","2023-05","mu_h","mu_y",-0.001059644204439
"density","DAX","STAR_SV","2023-05","phi_h","mu_y",1.17431785423266e-05
"density","DAX","STAR_SV","2023-05","sigma_eta","mu_y",0.000180564815951476
"density","DAX","STAR_SV","2023-05","nu","mu_y",-0.00053046770405861
"density","DAX","STAR_SV","2023-05","gamma_severe","mu_y",9.4399593262774e-05
"density","DAX","STAR_SV","2023-05","gamma_mild","mu_y",6.093347088069e-05
"density","DAX","STAR_SV","2023-05","mu_y","phi_y",-5.53134604565955e-05
"density","DAX","STAR_SV","2023-05","phi_y","phi_y",0.000449105175038686
"density","DAX","STAR_SV","2023-05","mu_h","phi_y",-0.000719683306936822
"density","DAX","STAR_SV","2023-05","phi_h","phi_y",-6.38647839228328e-06
"density","DAX","STAR_SV","2023-05","sigma_eta","phi_y",-0.000108417695177816
"density","DAX","STAR_SV","2023-05","nu","phi_y",0.000408670903927357
"density","DAX","STAR_SV","2023-05","gamma_severe","phi_y",-0.00012978044671793
"density","DAX","STAR_SV","2023-05","gamma_mild","phi_y",-0.000157241256715544
"density","DAX","STAR_SV","2023-05","mu_y","mu_h",-0.001059644204439
"density","DAX","STAR_SV","2023-05","phi_y","mu_h",-0.000719683306936822
"density","DAX","STAR_SV","2023-05","mu_h","mu_h",0.328384086036966
"density","DAX","STAR_SV","2023-05","phi_h","mu_h",-0.00437511177494976
"density","DAX","STAR_SV","2023-05","sigma_eta","mu_h",0.0195239588694625
"density","DAX","STAR_SV","2023-05","nu","mu_h",0.11662043488638
"density","DAX","STAR_SV","2023-05","gamma_severe","mu_h",0.0062130851492352
"density","DAX","STAR_SV","2023-05","gamma_mild","mu_h",0.00336109890317924
"density","DAX","STAR_SV","2023-05","mu_y","phi_h",1.17431785423266e-05
"density","DAX","STAR_SV","2023-05","phi_y","phi_h",-6.38647839228328e-06
"density","DAX","STAR_SV","2023-05","mu_h","phi_h",-0.00437511177494976
"density","DAX","STAR_SV","2023-05","phi_h","phi_h",8.71572074262232e-05
"density","DAX","STAR_SV","2023-05","sigma_eta","phi_h",-0.00023995092025841
"density","DAX","STAR_SV","2023-05","nu","phi_h",-0.0016974814632628
"density","DAX","STAR_SV","2023-05","gamma_severe","phi_h",0.000108043785312355
"density","DAX","STAR_SV","2023-05","gamma_mild","phi_h",0.000140745766085439
"density","DAX","STAR_SV","2023-05","mu_y","sigma_eta",0.000180564815951476
"density","DAX","STAR_SV","2023-05","phi_y","sigma_eta",-0.000108417695177816
"density","DAX","STAR_SV","2023-05","mu_h","sigma_eta",0.0195239588694625
"density","DAX","STAR_SV","2023-05","phi_h","sigma_eta",-0.00023995092025841
"density","DAX","STAR_SV","2023-05","sigma_eta","sigma_eta",0.0037490916566978
"density","DAX","STAR_SV","2023-05","nu","sigma_eta",0.0159256107029822
"density","DAX","STAR_SV","2023-05","gamma_severe","sigma_eta",0.000855151480832744
"density","DAX","STAR_SV","2023-05","gamma_mild","sigma_eta",0.000696464107247236
"density","DAX","STAR_SV","2023-05","mu_y","nu",-0.00053046770405861
"density","DAX","STAR_SV","2023-05","phi_y","nu",0.000408670903927357
"density","DAX","STAR_SV","2023-05","mu_h","nu",0.11662043488638
"density","DAX","STAR_SV","2023-05","phi_h","nu",-0.0016974814632628
"density","DAX","STAR_SV","2023-05","sigma_eta","nu",0.0159256107029822
"density","DAX","STAR_SV","2023-05","nu","nu",0.375163912216635
"density","DAX","STAR_SV","2023-05","gamma_severe","nu",0.00891916819116149
"density","DAX","STAR_SV","2023-05","gamma_mild","nu",0.0065258227086408
"density","DAX","STAR_SV","2023-05","mu_y","gamma_severe",9.4399593262774e-05
"density","DAX","STAR_SV","2023-05","phi_y","gamma_severe",-0.00012978044671793
"density","DAX","STAR_SV","2023-05","mu_h","gamma_severe",0.0062130851492352
"density","DAX","STAR_SV","2023-05","phi_h","gamma_severe",0.000108043785312355
"density","DAX","STAR_SV","2023-05","sigma_eta","gamma_severe",0.000855151480832744
"density","DAX","STAR_SV","2023-05","nu","gamma_severe",0.00891916819116149
"density","DAX","STAR_SV","2023-05","gamma_severe","gamma_severe",0.00184419984484586
"density","DAX","STAR_SV","2023-05","gamma_mild","gamma_severe",0.00136653577129364
"density","DAX","STAR_SV","2023-05","mu_y","gamma_mild",6.093347088069e-05
"density","DAX","STAR_SV","2023-05","phi_y","gamma_mild",-0.000157241256715544
"density","DAX","STAR_SV","2023-05","mu_h","gamma_mild",0.00336109890317924
"density","DAX","STAR_SV","2023-05","phi_h","gamma_mild",0.000140745766085439
"density","DAX","STAR_SV","2023-05","sigma_eta","gamma_mild",0.000696464107247236
"density","DAX","STAR_SV","2023-05","nu","gamma_mild",0.0065258227086408
"density","DAX","STAR_SV","2023-05","gamma_severe","gamma_mild",0.00136653577129364
"density","DAX","STAR_SV","2023-05","gamma_mild","gamma_mild",0.0091823660460911
"density","DAX","STAR_SV","2023-06","mu_y","mu_y",0.000355614556522533
"density","DAX","STAR_SV","2023-06","phi_y","mu_y",-6.56439048525676e-05
"density","DAX","STAR_SV","2023-06","mu_h","mu_y",-0.000342428642790505
"density","DAX","STAR_SV","2023-06","phi_h","mu_y",4.43499414488899e-06
"density","DAX","STAR_SV","2023-06","sigma_eta","mu_y",0.000152264597246554
"density","DAX","STAR_SV","2023-06","nu","mu_y",-0.000624865675165544
"density","DAX","STAR_SV","2023-06","gamma_severe","mu_y",0.000108162903687339
"density","DAX","STAR_SV","2023-06","gamma_mild","mu_y",6.54469009301881e-05
"density","DAX","STAR_SV","2023-06","mu_y","phi_y",-6.56439048525676e-05
"density","DAX","STAR_SV","2023-06","phi_y","phi_y",0.000482526783704491
"density","DAX","STAR_SV","2023-06","mu_h","phi_y",-0.000463559162193875
"density","DAX","STAR_SV","2023-06","phi_h","phi_y",-9.42899575973347e-06
"density","DAX","STAR_SV","2023-06","sigma_eta","phi_y",-4.79037281537792e-05
"density","DAX","STAR_SV","2023-06","nu","phi_y",0.000727183265391289
"density","DAX","STAR_SV","2023-06","gamma_severe","phi_y",-0.000127396477620518
"density","DAX","STAR_SV","2023-06","gamma_mild","phi_y",-0.000147518534144709
"density","DAX","STAR_SV","2023-06","mu_y","mu_h",-0.000342428642790505
"density","DAX","STAR_SV","2023-06","phi_y","mu_h",-0.000463559162193875
"density","DAX","STAR_SV","2023-06","mu_h","mu_h",0.111065022728134
"density","DAX","STAR_SV","2023-06","phi_h","mu_h",-0.00184210836287429
"density","DAX","STAR_SV","2023-06","sigma_eta","mu_h",0.00622056690495843
"density","DAX","STAR_SV","2023-06","nu","mu_h",0.0456209959465757
"density","DAX","STAR_SV","2023-06","gamma_severe","mu_h",0.00370406627427246
"density","DAX","STAR_SV","2023-06","gamma_mild","mu_h",0.00232899543915287
"density","DAX","STAR_SV","2023-06","mu_y","phi_h",4.43499414488899e-06
"density","DAX","STAR_SV","2023-06","phi_y","phi_h",-9.42899575973347e-06
"density","DAX","STAR_SV","2023-06","mu_h","phi_h",-0.00184210836287429
"density","DAX","STAR_SV","2023-06","phi_h","phi_h",7.42318265612602e-05
"density","DAX","STAR_SV","2023-06","sigma_eta","phi_h",-9.94786327226777e-05
"density","DAX","STAR_SV","2023-06","nu","phi_h",-0.000692298903828058
"density","DAX","STAR_SV","2023-06","gamma_severe","phi_h",0.000181466197351303
"density","DAX","STAR_SV","2023-06","gamma_mild","phi_h",0.000204851726174209
"density","DAX","STAR_SV","2023-06","mu_y","sigma_eta",0.000152264597246554
"density","DAX","STAR_SV","2023-06","phi_y","sigma_eta",-4.79037281537792e-05
"density","DAX","STAR_SV","2023-06","mu_h","sigma_eta",0.00622056690495843
"density","DAX","STAR_SV","2023-06","phi_h","sigma_eta",-9.94786327226777e-05
"density","DAX","STAR_SV","2023-06","sigma_eta","sigma_eta",0.00178705297734328
"density","DAX","STAR_SV","2023-06","nu","sigma_eta",0.0109453071396791
"density","DAX","STAR_SV","2023-06","gamma_severe","sigma_eta",0.000474082882973423
"density","DAX","STAR_SV","2023-06","gamma_mild","sigma_eta",0.000201042853019711
"density","DAX","STAR_SV","2023-06","mu_y","nu",-0.000624865675165544
"density","DAX","STAR_SV","2023-06","phi_y","nu",0.000727183265391289
"density","DAX","STAR_SV","2023-06","mu_h","nu",0.0456209959465757
"density","DAX","STAR_SV","2023-06","phi_h","nu",-0.000692298903828058
"density","DAX","STAR_SV","2023-06","sigma_eta","nu",0.0109453071396791
"density","DAX","STAR_SV","2023-06","nu","nu",0.462536501663872
"density","DAX","STAR_SV","2023-06","gamma_severe","nu",0.00928054786431576
"density","DAX","STAR_SV","2023-06","gamma_mild","nu",0.00580673074846256
"density","DAX","STAR_SV","2023-06","mu_y","gamma_severe",0.000108162903687339
"density","DAX","STAR_SV","2023-06","phi_y","gamma_severe",-0.000127396477620518
"density","DAX","STAR_SV","2023-06","mu_h","gamma_severe",0.00370406627427246
"density","DAX","STAR_SV","2023-06","phi_h","gamma_severe",0.000181466197351303
"density","DAX","STAR_SV","2023-06","sigma_eta","gamma_severe",0.000474082882973423
"density","DAX","STAR_SV","2023-06","nu","gamma_severe",0.00928054786431576
"density","DAX","STAR_SV","2023-06","gamma_severe","gamma_severe",0.00186794513057799
"density","DAX","STAR_SV","2023-06","gamma_mild","gamma_severe",0.00144597198710031
"density","DAX","STAR_SV","2023-06","mu_y","gamma_mild",6.54469009301881e-05
"density","DAX","STAR_SV","2023-06","phi_y","gamma_mild",-0.000147518534144709
"density","DAX","STAR_SV","2023-06","mu_h","gamma_mild",0.00232899543915287
"density","DAX","STAR_SV","2023-06","phi_h","gamma_mild",0.000204851726174209
"density","DAX","STAR_SV","2023-06","sigma_eta","gamma_mild",0.000201042853019711
"density","DAX","STAR_SV","2023-06","nu","gamma_mild",0.00580673074846256
"density","DAX","STAR_SV","2023-06","gamma_severe","gamma_mild",0.00144597198710031
"density","DAX","STAR_SV","2023-06","gamma_mild","gamma_mild",0.00891300030882159
"density","DAX","STAR_SV","2023-07","mu_y","mu_y",0.000322595524087147
"density","DAX","STAR_SV","2023-07","phi_y","mu_y",-4.58598884457497e-05
"density","DAX","STAR_SV","2023-07","mu_h","mu_y",0.000232614788286768
"density","DAX","STAR_SV","2023-07","phi_h","mu_y",-1.05567881113479e-05
"density","DAX","STAR_SV","2023-07","sigma_eta","mu_y",0.000221008900456809
"density","DAX","STAR_SV","2023-07","nu","mu_y",0.000236847454573015
"density","DAX","STAR_SV","2023-07","gamma_severe","mu_y",9.07227577179421e-05
"density","DAX","STAR_SV","2023-07","gamma_mild","mu_y",9.79828309211526e-05
"density","DAX","STAR_SV","2023-07","mu_y","phi_y",-4.58598884457497e-05
"density","DAX","STAR_SV","2023-07","phi_y","phi_y",0.000479400260524491
"density","DAX","STAR_SV","2023-07","mu_h","phi_y",-0.00045920620646401
"density","DAX","STAR_SV","2023-07","phi_h","phi_y",-5.60612524159979e-06
"density","DAX","STAR_SV","2023-07","sigma_eta","phi_y",-7.52872761094318e-05
"density","DAX","STAR_SV","2023-07","nu","phi_y",0.000178351548664879
"density","DAX","STAR_SV","2023-07","gamma_severe","phi_y",-9.55832488702881e-05
"density","DAX","STAR_SV","2023-07","gamma_mild","phi_y",-0.000144574622430109
"density","DAX","STAR_SV","2023-07","mu_y","mu_h",0.000232614788286768
"density","DAX","STAR_SV","2023-07","phi_y","mu_h",-0.00045920620646401
"density","DAX","STAR_SV","2023-07","mu_h","mu_h",0.15312709866611
"density","DAX","STAR_SV","2023-07","phi_h","mu_h",-0.00255521670979462
"density","DAX","STAR_SV","2023-07","sigma_eta","mu_h",0.0101031190260101
"density","DAX","STAR_SV","2023-07","nu","mu_h",0.0500890744504829
"density","DAX","STAR_SV","2023-07","gamma_severe","mu_h",0.00360306509252637
"density","DAX","STAR_SV","2023-07","gamma_mild","mu_h",0.00193379959564188
"density","DAX","STAR_SV","2023-07","mu_y","phi_h",-1.05567881113479e-05
"density","DAX","STAR_SV","2023-07","phi_y","phi_h",-5.60612524159979e-06
"density","DAX","STAR_SV","2023-07","mu_h","phi_h",-0.00255521670979462
"density","DAX","STAR_SV","2023-07","phi_h","phi_h",7.84224878292071e-05
"density","DAX","STAR_SV","2023-07","sigma_eta","phi_h",-0.000166947400208915
"density","DAX","STAR_SV","2023-07","nu","phi_h",-0.000889398834028769
"density","DAX","STAR_SV","2023-07","gamma_severe","phi_h",0.000154316684007394
"density","DAX","STAR_SV","2023-07","gamma_mild","phi_h",0.000210363115194337
"density","DAX","STAR_SV","2023-07","mu_y","sigma_eta",0.000221008900456809
"density","DAX","STAR_SV","2023-07","phi_y","sigma_eta",-7.52872761094318e-05
"density","DAX","STAR_SV","2023-07","mu_h","sigma_eta",0.0101031190260101
"density","DAX","STAR_SV","2023-07","phi_h","sigma_eta",-0.000166947400208915
"density","DAX","STAR_SV","2023-07","sigma_eta","sigma_eta",0.00263972335491034
"density","DAX","STAR_SV","2023-07","nu","sigma_eta",0.013115450627899
"density","DAX","STAR_SV","2023-07","gamma_severe","sigma_eta",0.000558596134361938
"density","DAX","STAR_SV","2023-07","gamma_mild","sigma_eta",0.000222384432712004
"density","DAX","STAR_SV","2023-07","mu_y","nu",0.000236847454573015
"density","DAX","STAR_SV","2023-07","phi_y","nu",0.000178351548664879
"density","DAX","STAR_SV","2023-07","mu_h","nu",0.0500890744504829
"density","DAX","STAR_SV","2023-07","phi_h","nu",-0.000889398834028769
"density","DAX","STAR_SV","2023-07","sigma_eta","nu",0.013115450627899
"density","DAX","STAR_SV","2023-07","nu","nu",0.458339286696003
"density","DAX","STAR_SV","2023-07","gamma_severe","nu",0.009745301619272
"density","DAX","STAR_SV","2023-07","gamma_mild","nu",0.00399938069233083
"density","DAX","STAR_SV","2023-07","mu_y","gamma_severe",9.07227577179421e-05
"density","DAX","STAR_SV","2023-07","phi_y","gamma_severe",-9.55832488702881e-05
"density","DAX","STAR_SV","2023-07","mu_h","gamma_severe",0.00360306509252637
"density","DAX","STAR_SV","2023-07","phi_h","gamma_severe",0.000154316684007394
"density","DAX","STAR_SV","2023-07","sigma_eta","gamma_severe",0.000558596134361938
"density","DAX","STAR_SV","2023-07","nu","gamma_severe",0.009745301619272
"density","DAX","STAR_SV","2023-07","gamma_severe","gamma_severe",0.00182757868092425
"density","DAX","STAR_SV","2023-07","gamma_mild","gamma_severe",0.00137376646486904
"density","DAX","STAR_SV","2023-07","mu_y","gamma_mild",9.79828309211526e-05
"density","DAX","STAR_SV","2023-07","phi_y","gamma_mild",-0.000144574622430109
"density","DAX","STAR_SV","2023-07","mu_h","gamma_mild",0.00193379959564188
"density","DAX","STAR_SV","2023-07","phi_h","gamma_mild",0.000210363115194337
"density","DAX","STAR_SV","2023-07","sigma_eta","gamma_mild",0.000222384432712004
"density","DAX","STAR_SV","2023-07","nu","gamma_mild",0.00399938069233083
"density","DAX","STAR_SV","2023-07","gamma_severe","gamma_mild",0.00137376646486904
"density","DAX","STAR_SV","2023-07","gamma_mild","gamma_mild",0.0151820782718676
"density","DAX","STAR_SV","2023-08","mu_y","mu_y",0.000324226569086069
"density","DAX","STAR_SV","2023-08","phi_y","mu_y",-4.9027375504255e-05
"density","DAX","STAR_SV","2023-08","mu_h","mu_y",-0.00075341395324519
"density","DAX","STAR_SV","2023-08","phi_h","mu_y",7.41375363931735e-06
"density","DAX","STAR_SV","2023-08","sigma_eta","mu_y",0.00018649762658961
"density","DAX","STAR_SV","2023-08","nu","mu_y",-0.000264668788746167
"density","DAX","STAR_SV","2023-08","gamma_severe","mu_y",9.32053289834647e-05
"density","DAX","STAR_SV","2023-08","gamma_mild","mu_y",0.000132783784715048
"density","DAX","STAR_SV","2023-08","mu_y","phi_y",-4.9027375504255e-05
"density","DAX","STAR_SV","2023-08","phi_y","phi_y",0.00044027887558232
"density","DAX","STAR_SV","2023-08","mu_h","phi_y",-0.000424261879851906
"density","DAX","STAR_SV","2023-08","phi_h","phi_y",-1.23824233125476e-05
"density","DAX","STAR_SV","2023-08","sigma_eta","phi_y",-0.000106121655628132
"density","DAX","STAR_SV","2023-08","nu","phi_y",0.000471523062357063
"density","DAX","STAR_SV","2023-08","gamma_severe","phi_y",-0.00013412991827431
"density","DAX","STAR_SV","2023-08","gamma_mild","phi_y",-0.000203986097245598
"density","DAX","STAR_SV","2023-08","mu_y","mu_h",-0.00075341395324519
"density","DAX","STAR_SV","2023-08","phi_y","mu_h",-0.000424261879851906
"density","DAX","STAR_SV","2023-08","mu_h","mu_h",0.272759028331856
"density","DAX","STAR_SV","2023-08","phi_h","mu_h",-0.00375976976745533
"density","DAX","STAR_SV","2023-08","sigma_eta","mu_h",0.0169251156795846
"density","DAX","STAR_SV","2023-08","nu","mu_h",0.078360731650088
"density","DAX","STAR_SV","2023-08","gamma_severe","mu_h",0.00304564586962925
"density","DAX","STAR_SV","2023-08","gamma_mild","mu_h",-0.00155079987594236
"density","DAX","STAR_SV","2023-08","mu_y","phi_h",7.41375363931735e-06
"density","DAX","STAR_SV","2023-08","phi_y","phi_h",-1.23824233125476e-05
"density","DAX","STAR_SV","2023-08","mu_h","phi_h",-0.00375976976745533
"density","DAX","STAR_SV","2023-08","phi_h","phi_h",7.96335616960614e-05
"density","DAX","STAR_SV","2023-08","sigma_eta","phi_h",-0.000210738970999686
"density","DAX","STAR_SV","2023-08","nu","phi_h",-0.00116134544859137
"density","DAX","STAR_SV","2023-08","gamma_severe","phi_h",0.000142301282202442
"density","DAX","STAR_SV","2023-08","gamma_mild","phi_h",0.00021362931003158
"density","DAX","STAR_SV","2023-08","mu_y","sigma_eta",0.00018649762658961
"density","DAX","STAR_SV","2023-08","phi_y","sigma_eta",-0.000106121655628132
"density","DAX","STAR_SV","2023-08","mu_h","sigma_eta",0.0169251156795846
"density","DAX","STAR_SV","2023-08","phi_h","sigma_eta",-0.000210738970999686
"density","DAX","STAR_SV","2023-08","sigma_eta","sigma_eta",0.00351552154402896
"density","DAX","STAR_SV","2023-08","nu","sigma_eta",0.0129887707307327
"density","DAX","STAR_SV","2023-08","gamma_severe","sigma_eta",0.000657949424716431
"density","DAX","STAR_SV","2023-08","gamma_mild","sigma_eta",0.000426282069217359
"density","DAX","STAR_SV","2023-08","mu_y","nu",-0.000264668788746167
"density","DAX","STAR_SV","2023-08","phi_y","nu",0.000471523062357063
"density","DAX","STAR_SV","2023-08","mu_h","nu",0.078360731650088
"density","DAX","STAR_SV","2023-08","phi_h","nu",-0.00116134544859137
"density","DAX","STAR_SV","2023-08","sigma_eta","nu",0.0129887707307327
"density","DAX","STAR_SV","2023-08","nu","nu",0.329316591419647
"density","DAX","STAR_SV","2023-08","gamma_severe","nu",0.00751056975276107
"density","DAX","STAR_SV","2023-08","gamma_mild","nu",0.00598504868807381
"density","DAX","STAR_SV","2023-08","mu_y","gamma_severe",9.32053289834647e-05
"density","DAX","STAR_SV","2023-08","phi_y","gamma_severe",-0.00013412991827431
"density","DAX","STAR_SV","2023-08","mu_h","gamma_severe",0.00304564586962925
"density","DAX","STAR_SV","2023-08","phi_h","gamma_severe",0.000142301282202442
"density","DAX","STAR_SV","2023-08","sigma_eta","gamma_severe",0.000657949424716431
"density","DAX","STAR_SV","2023-08","nu","gamma_severe",0.00751056975276107
"density","DAX","STAR_SV","2023-08","gamma_severe","gamma_severe",0.00167961749572254
"density","DAX","STAR_SV","2023-08","gamma_mild","gamma_severe",0.00120142902246914
"density","DAX","STAR_SV","2023-08","mu_y","gamma_mild",0.000132783784715048
"density","DAX","STAR_SV","2023-08","phi_y","gamma_mild",-0.000203986097245598
"density","DAX","STAR_SV","2023-08","mu_h","gamma_mild",-0.00155079987594236
"density","DAX","STAR_SV","2023-08","phi_h","gamma_mild",0.00021362931003158
"density","DAX","STAR_SV","2023-08","sigma_eta","gamma_mild",0.000426282069217359
"density","DAX","STAR_SV","2023-08","nu","gamma_mild",0.00598504868807381
"density","DAX","STAR_SV","2023-08","gamma_severe","gamma_mild",0.00120142902246914
"density","DAX","STAR_SV","2023-08","gamma_mild","gamma_mild",0.0142680333320497
"density","DAX","STAR_SV","2023-09","mu_y","mu_y",0.00031430706124771
"density","DAX","STAR_SV","2023-09","phi_y","mu_y",-4.94142778360302e-05
"density","DAX","STAR_SV","2023-09","mu_h","mu_y",-0.000167119279254141
"density","DAX","STAR_SV","2023-09","phi_h","mu_y",5.50733816150622e-06
"density","DAX","STAR_SV","2023-09","sigma_eta","mu_y",0.000133311251380189
"density","DAX","STAR_SV","2023-09","nu","mu_y",-2.4304847493708e-05
"density","DAX","STAR_SV","2023-09","gamma_severe","mu_y",0.000134562793614879
"density","DAX","STAR_SV","2023-09","gamma_mild","mu_y",6.85232935441198e-05
"density","DAX","STAR_SV","2023-09","mu_y","phi_y",-4.94142778360302e-05
"density","DAX","STAR_SV","2023-09","phi_y","phi_y",0.000486478278273224
"density","DAX","STAR_SV","2023-09","mu_h","phi_y",-0.000816554493977714
"density","DAX","STAR_SV","2023-09","phi_h","phi_y",-4.98923765978249e-06
"density","DAX","STAR_SV","2023-09","sigma_eta","phi_y",-8.39894039579912e-05
"density","DAX","STAR_SV","2023-09","nu","phi_y",0.000523981193160431
"density","DAX","STAR_SV","2023-09","gamma_severe","phi_y",-0.000137064568824389
"density","DAX","STAR_SV","2023-09","gamma_mild","phi_y",-0.000119881564715949
"density","DAX","STAR_SV","2023-09","mu_y","mu_h",-0.000167119279254141
"density","DAX","STAR_SV","2023-09","phi_y","mu_h",-0.000816554493977714
"density","DAX","STAR_SV","2023-09","mu_h","mu_h",0.142898255323781
"density","DAX","STAR_SV","2023-09","phi_h","mu_h",-0.00221520662371671
"density","DAX","STAR_SV","2023-09","sigma_eta","mu_h",0.00815572842343464
"density","DAX","STAR_SV","2023-09","nu","mu_h",0.0711324160886409
"density","DAX","STAR_SV","2023-09","gamma_severe","mu_h",0.00783364178298935
"density","DAX","STAR_SV","2023-09","gamma_mild","mu_h",0.00425766653980358
"density","DAX","STAR_SV","2023-09","mu_y","phi_h",5.50733816150622e-06
"density","DAX","STAR_SV","2023-09","phi_y","phi_h",-4.98923765978249e-06
"density","DAX","STAR_SV","2023-09","mu_h","phi_h",-0.00221520662371671
"density","DAX","STAR_SV","2023-09","phi_h","phi_h",8.56150300430096e-05
"density","DAX","STAR_SV","2023-09","sigma_eta","phi_h",-0.000126814829594723
"density","DAX","STAR_SV","2023-09","nu","phi_h",-0.00102206534850358
"density","DAX","STAR_SV","2023-09","gamma_severe","phi_h",0.000145296079388861
"density","DAX","STAR_SV","2023-09","gamma_mild","phi_h",0.000183989225793541
"density","DAX","STAR_SV","2023-09","mu_y","sigma_eta",0.000133311251380189
"density","DAX","STAR_SV","2023-09","phi_y","sigma_eta",-8.39894039579912e-05
"density","DAX","STAR_SV","2023-09","mu_h","sigma_eta",0.00815572842343464
"density","DAX","STAR_SV","2023-09","phi_h","sigma_eta",-0.000126814829594723
"density","DAX","STAR_SV","2023-09","sigma_eta","sigma_eta",0.00177738110131099
"density","DAX","STAR_SV","2023-09","nu","sigma_eta",0.0132722291116509
"density","DAX","STAR_SV","2023-09","gamma_severe","sigma_eta",0.000703917675906393
"density","DAX","STAR_SV","2023-09","gamma_mild","sigma_eta",0.000458059462562963
"density","DAX","STAR_SV","2023-09","mu_y","nu",-2.4304847493708e-05
"density","DAX","STAR_SV","2023-09","phi_y","nu",0.000523981193160431
"density","DAX","STAR_SV","2023-09","mu_h","nu",0.0711324160886409
"density","DAX","STAR_SV","2023-09","phi_h","nu",-0.00102206534850358
"density","DAX","STAR_SV","2023-09","sigma_eta","nu",0.0132722291116509
"density","DAX","STAR_SV","2023-09","nu","nu",0.525824660829677
"density","DAX","STAR_SV","2023-09","gamma_severe","nu",0.0134233436122915
"density","DAX","STAR_SV","2023-09","gamma_mild","nu",0.00874464000737325
"density","DAX","STAR_SV","2023-09","mu_y","gamma_severe",0.000134562793614879
"density","DAX","STAR_SV","2023-09","phi_y","gamma_severe",-0.000137064568824389
"density","DAX","STAR_SV","2023-09","mu_h","gamma_severe",0.00783364178298935
"density","DAX","STAR_SV","2023-09","phi_h","gamma_severe",0.000145296079388861
"density","DAX","STAR_SV","2023-09","sigma_eta","gamma_severe",0.000703917675906393
"density","DAX","STAR_SV","2023-09","nu","gamma_severe",0.0134233436122915
"density","DAX","STAR_SV","2023-09","gamma_severe","gamma_severe",0.0022868047677608
"density","DAX","STAR_SV","2023-09","gamma_mild","gamma_severe",0.00157138186202486
"density","DAX","STAR_SV","2023-09","mu_y","gamma_mild",6.85232935441198e-05
"density","DAX","STAR_SV","2023-09","phi_y","gamma_mild",-0.000119881564715949
"density","DAX","STAR_SV","2023-09","mu_h","gamma_mild",0.00425766653980358
"density","DAX","STAR_SV","2023-09","phi_h","gamma_mild",0.000183989225793541
"density","DAX","STAR_SV","2023-09","sigma_eta","gamma_mild",0.000458059462562963
"density","DAX","STAR_SV","2023-09","nu","gamma_mild",0.00874464000737325
"density","DAX","STAR_SV","2023-09","gamma_severe","gamma_mild",0.00157138186202486
"density","DAX","STAR_SV","2023-09","gamma_mild","gamma_mild",0.00990520900638028
"density","DAX","STAR_SV","2023-10","mu_y","mu_y",0.000309717535987442
"density","DAX","STAR_SV","2023-10","phi_y","mu_y",-4.79797319585171e-05
"density","DAX","STAR_SV","2023-10","mu_h","mu_y",-0.000274856137744125
"density","DAX","STAR_SV","2023-10","phi_h","mu_y",2.05882806369044e-06
"density","DAX","STAR_SV","2023-10","sigma_eta","mu_y",0.000185878229250259
"density","DAX","STAR_SV","2023-10","nu","mu_y",-1.25361771522692e-05
"density","DAX","STAR_SV","2023-10","gamma_severe","mu_y",0.000105953844323884
"density","DAX","STAR_SV","2023-10","gamma_mild","mu_y",0.000103764369469966
"density","DAX","STAR_SV","2023-10","mu_y","phi_y",-4.79797319585171e-05
"density","DAX","STAR_SV","2023-10","phi_y","phi_y",0.000467582560347178
"density","DAX","STAR_SV","2023-10","mu_h","phi_y",-0.0010806282609995
"density","DAX","STAR_SV","2023-10","phi_h","phi_y",6.93997071526565e-07
"density","DAX","STAR_SV","2023-10","sigma_eta","phi_y",-0.000118637100450235
"density","DAX","STAR_SV","2023-10","nu","phi_y",-0.000220149248215087
"density","DAX","STAR_SV","2023-10","gamma_severe","phi_y",-0.000150754020264579
"density","DAX","STAR_SV","2023-10","gamma_mild","phi_y",-0.000114739836981777
"density","DAX","STAR_SV","2023-10","mu_y","mu_h",-0.000274856137744125
"density","DAX","STAR_SV","2023-10","phi_y","mu_h",-0.0010806282609995
"density","DAX","STAR_SV","2023-10","mu_h","mu_h",0.227072539982182
"density","DAX","STAR_SV","2023-10","phi_h","mu_h",-0.00335188024255465
"density","DAX","STAR_SV","2023-10","sigma_eta","mu_h",0.0151186170854485
"density","DAX","STAR_SV","2023-10","nu","mu_h",0.0999567279187947
"density","DAX","STAR_SV","2023-10","gamma_severe","mu_h",0.00794789081268732
"density","DAX","STAR_SV","2023-10","gamma_mild","mu_h",0.00743580564023311
"density","DAX","STAR_SV","2023-10","mu_y","phi_h",2.05882806369044e-06
"density","DAX","STAR_SV","2023-10","phi_y","phi_h",6.93997071526565e-07
"density","DAX","STAR_SV","2023-10","mu_h","phi_h",-0.00335188024255465
"density","DAX","STAR_SV","2023-10","phi_h","phi_h",8.72832236615128e-05
"density","DAX","STAR_SV","2023-10","sigma_eta","phi_h",-0.00019932443239932
"density","DAX","STAR_SV","2023-10","nu","phi_h",-0.00145734935158507
"density","DAX","STAR_SV","2023-10","gamma_severe","phi_h",0.00010790228926994
"density","DAX","STAR_SV","2023-10","gamma_mild","phi_h",0.00010027885273791
"density","DAX","STAR_SV","2023-10","mu_y","sigma_eta",0.000185878229250259
"density","DAX","STAR_SV","2023-10","phi_y","sigma_eta",-0.000118637100450235
"density","DAX","STAR_SV","2023-10","mu_h","sigma_eta",0.0151186170854485
"density","DAX","STAR_SV","2023-10","phi_h","sigma_eta",-0.00019932443239932
"density","DAX","STAR_SV","2023-10","sigma_eta","sigma_eta",0.00314057164496843
"density","DAX","STAR_SV","2023-10","nu","sigma_eta",0.0176191636020094
"density","DAX","STAR_SV","2023-10","gamma_severe","sigma_eta",0.00102873162063324
"density","DAX","STAR_SV","2023-10","gamma_mild","sigma_eta",0.00101244624759402
"density","DAX","STAR_SV","2023-10","mu_y","nu",-1.25361771522692e-05
"density","DAX","STAR_SV","2023-10","phi_y","nu",-0.000220149248215087
"density","DAX","STAR_SV","2023-10","mu_h","nu",0.0999567279187947
"density","DAX","STAR_SV","2023-10","phi_h","nu",-0.00145734935158507
"density","DAX","STAR_SV","2023-10","sigma_eta","nu",0.0176191636020094
"density","DAX","STAR_SV","2023-10","nu","nu",0.453602381889583
"density","DAX","STAR_SV","2023-10","gamma_severe","nu",0.0118653604338409
"density","DAX","STAR_SV","2023-10","gamma_mild","nu",0.0105896042076072
"density","DAX","STAR_SV","2023-10","mu_y","gamma_severe",0.000105953844323884
"density","DAX","STAR_SV","2023-10","phi_y","gamma_severe",-0.000150754020264579
"density","DAX","STAR_SV","2023-10","mu_h","gamma_severe",0.00794789081268732
"density","DAX","STAR_SV","2023-10","phi_h","gamma_severe",0.00010790228926994
"density","DAX","STAR_SV","2023-10","sigma_eta","gamma_severe",0.00102873162063324
"density","DAX","STAR_SV","2023-10","nu","gamma_severe",0.0118653604338409
"density","DAX","STAR_SV","2023-10","gamma_severe","gamma_severe",0.00206411230367745
"density","DAX","STAR_SV","2023-10","gamma_mild","gamma_severe",0.0017705055832956
"density","DAX","STAR_SV","2023-10","mu_y","gamma_mild",0.000103764369469966
"density","DAX","STAR_SV","2023-10","phi_y","gamma_mild",-0.000114739836981777
"density","DAX","STAR_SV","2023-10","mu_h","gamma_mild",0.00743580564023311
"density","DAX","STAR_SV","2023-10","phi_h","gamma_mild",0.00010027885273791
"density","DAX","STAR_SV","2023-10","sigma_eta","gamma_mild",0.00101244624759402
"density","DAX","STAR_SV","2023-10","nu","gamma_mild",0.0105896042076072
"density","DAX","STAR_SV","2023-10","gamma_severe","gamma_mild",0.0017705055832956
"density","DAX","STAR_SV","2023-10","gamma_mild","gamma_mild",0.0051210945267587
"density","DAX","STAR_SV","2023-11","mu_y","mu_y",0.000279864545643278
"density","DAX","STAR_SV","2023-11","phi_y","mu_y",-4.29078459596931e-05
"density","DAX","STAR_SV","2023-11","mu_h","mu_y",-0.000934230470772767
"density","DAX","STAR_SV","2023-11","phi_h","mu_y",3.11399888133481e-06
"density","DAX","STAR_SV","2023-11","sigma_eta","mu_y",3.30057481720657e-05
"density","DAX","STAR_SV","2023-11","nu","mu_y",-0.000702215624495517
"density","DAX","STAR_SV","2023-11","gamma_severe","mu_y",6.43935819555033e-05
"density","DAX","STAR_SV","2023-11","gamma_mild","mu_y",8.15259277547051e-05
"density","DAX","STAR_SV","2023-11","mu_y","phi_y",-4.29078459596931e-05
"density","DAX","STAR_SV","2023-11","phi_y","phi_y",0.000486794854866595
"density","DAX","STAR_SV","2023-11","mu_h","phi_y",0.000559556464831895
"density","DAX","STAR_SV","2023-11","phi_h","phi_y",-1.22672157184856e-05
"density","DAX","STAR_SV","2023-11","sigma_eta","phi_y",-9.37698357953634e-06
"density","DAX","STAR_SV","2023-11","nu","phi_y",0.000945874352486523
"density","DAX","STAR_SV","2023-11","gamma_severe","phi_y",-7.74430099816612e-05
"density","DAX","STAR_SV","2023-11","gamma_mild","phi_y",-0.000253804028675808
"density","DAX","STAR_SV","2023-11","mu_y","mu_h",-0.000934230470772767
"density","DAX","STAR_SV","2023-11","phi_y","mu_h",0.000559556464831895
"density","DAX","STAR_SV","2023-11","mu_h","mu_h",0.332560788287332
"density","DAX","STAR_SV","2023-11","phi_h","mu_h",-0.00356735223666303
"density","DAX","STAR_SV","2023-11","sigma_eta","mu_h",0.00302719401999258
"density","DAX","STAR_SV","2023-11","nu","mu_h",0.0122777918550304
"density","DAX","STAR_SV","2023-11","gamma_severe","mu_h",-0.0170101088136125
"density","DAX","STAR_SV","2023-11","gamma_mild","mu_h",-0.0127030407735862
"density","DAX","STAR_SV","2023-11","mu_y","phi_h",3.11399888133481e-06
"density","DAX","STAR_SV","2023-11","phi_y","phi_h",-1.22672157184856e-05
"density","DAX","STAR_SV","2023-11","mu_h","phi_h",-0.00356735223666303
"density","DAX","STAR_SV","2023-11","phi_h","phi_h",4.47344183966964e-05
"density","DAX","STAR_SV","2023-11","sigma_eta","phi_h",-2.93842151227368e-05
"density","DAX","STAR_SV","2023-11","nu","phi_h",-0.000292487999988962
"density","DAX","STAR_SV","2023-11","gamma_severe","phi_h",0.000241937937501922
"density","DAX","STAR_SV","2023-11","gamma_mild","phi_h",0.000208339568371587
"density","DAX","STAR_SV","2023-11","mu_y","sigma_eta",3.30057481720657e-05
"density","DAX","STAR_SV","2023-11","phi_y","sigma_eta",-9.37698357953634e-06
"density","DAX","STAR_SV","2023-11","mu_h","sigma_eta",0.00302719401999258
"density","DAX","STAR_SV","2023-11","phi_h","sigma_eta",-2.93842151227368e-05
"density","DAX","STAR_SV","2023-11","sigma_eta","sigma_eta",0.00135220174791151
"density","DAX","STAR_SV","2023-11","nu","sigma_eta",0.00145068696358781
"density","DAX","STAR_SV","2023-11","gamma_severe","sigma_eta",-6.57397557528455e-05
"density","DAX","STAR_SV","2023-11","gamma_mild","sigma_eta",1.57578578145613e-05
"density","DAX","STAR_SV","2023-11","mu_y","nu",-0.000702215624495517
"density","DAX","STAR_SV","2023-11","phi_y","nu",0.000945874352486523
"density","DAX","STAR_SV","2023-11","mu_h","nu",0.0122777918550304
"density","DAX","STAR_SV","2023-11","phi_h","nu",-0.000292487999988962
"density","DAX","STAR_SV","2023-11","sigma_eta","nu",0.00145068696358781
"density","DAX","STAR_SV","2023-11","nu","nu",0.193155984904176
"density","DAX","STAR_SV","2023-11","gamma_severe","nu",0.00260614443626778
"density","DAX","STAR_SV","2023-11","gamma_mild","nu",0.00163457096595298
"density","DAX","STAR_SV","2023-11","mu_y","gamma_severe",6.43935819555033e-05
"density","DAX","STAR_SV","2023-11","phi_y","gamma_severe",-7.74430099816612e-05
"density","DAX","STAR_SV","2023-11","mu_h","gamma_severe",-0.0170101088136125
"density","DAX","STAR_SV","2023-11","phi_h","gamma_severe",0.000241937937501922
"density","DAX","STAR_SV","2023-11","sigma_eta","gamma_severe",-6.57397557528455e-05
"density","DAX","STAR_SV","2023-11","nu","gamma_severe",0.00260614443626778
"density","DAX","STAR_SV","2023-11","gamma_severe","gamma_severe",0.00172002292221324
"density","DAX","STAR_SV","2023-11","gamma_mild","gamma_severe",0.00116975706545505
"density","DAX","STAR_SV","2023-11","mu_y","gamma_mild",8.15259277547051e-05
"density","DAX","STAR_SV","2023-11","phi_y","gamma_mild",-0.000253804028675808
"density","DAX","STAR_SV","2023-11","mu_h","gamma_mild",-0.0127030407735862
"density","DAX","STAR_SV","2023-11","phi_h","gamma_mild",0.000208339568371587
"density","DAX","STAR_SV","2023-11","sigma_eta","gamma_mild",1.57578578145613e-05
"density","DAX","STAR_SV","2023-11","nu","gamma_mild",0.00163457096595298
"density","DAX","STAR_SV","2023-11","gamma_severe","gamma_mild",0.00116975706545505
"density","DAX","STAR_SV","2023-11","gamma_mild","gamma_mild",0.0133319944397021
"density","DAX","STAR_SV","2023-12","mu_y","mu_y",0.000325578851412744
"density","DAX","STAR_SV","2023-12","phi_y","mu_y",-4.59135546156422e-05
"density","DAX","STAR_SV","2023-12","mu_h","mu_y",-0.000708530921601867
"density","DAX","STAR_SV","2023-12","phi_h","mu_y",5.72833965208282e-06
"density","DAX","STAR_SV","2023-12","sigma_eta","mu_y",0.000191206641423171
"density","DAX","STAR_SV","2023-12","nu","mu_y",-0.000243777506480164
"density","DAX","STAR_SV","2023-12","gamma_severe","mu_y",9.77653187662673e-05
"density","DAX","STAR_SV","2023-12","gamma_mild","mu_y",9.90276821582633e-05
"density","DAX","STAR_SV","2023-12","mu_y","phi_y",-4.59135546156422e-05
"density","DAX","STAR_SV","2023-12","phi_y","phi_y",0.000475232025946759
"density","DAX","STAR_SV","2023-12","mu_h","phi_y",-0.000449889312453423
"density","DAX","STAR_SV","2023-12","phi_h","phi_y",-4.49997586980561e-06
"density","DAX","STAR_SV","2023-12","sigma_eta","phi_y",-0.000101984871378876
"density","DAX","STAR_SV","2023-12","nu","phi_y",0.000381637661824857
"density","DAX","STAR_SV","2023-12","gamma_severe","phi_y",-8.05312476876617e-05
"density","DAX","STAR_SV","2023-12","gamma_mild","phi_y",-0.000141073554779107
"density","DAX","STAR_SV","2023-12","mu_y","mu_h",-0.000708530921601867
"density","DAX","STAR_SV","2023-12","phi_y","mu_h",-0.000449889312453423
"density","DAX","STAR_SV","2023-12","mu_h","mu_h",0.245508639104
"density","DAX","STAR_SV","2023-12","phi_h","mu_h",-0.00453541643745448
"density","DAX","STAR_SV","2023-12","sigma_eta","mu_h",0.0174700003007423
"density","DAX","STAR_SV","2023-12","nu","mu_h",0.0768130430257345
"density","DAX","STAR_SV","2023-12","gamma_severe","mu_h",-0.00124127352682338
"density","DAX","STAR_SV","2023-12","gamma_mild","mu_h",-0.00277586658107986
"density","DAX","STAR_SV","2023-12","mu_y","phi_h",5.72833965208282e-06
"density","DAX","STAR_SV","2023-12","phi_y","phi_h",-4.49997586980561e-06
"density","DAX","STAR_SV","2023-12","mu_h","phi_h",-0.00453541643745448
"density","DAX","STAR_SV","2023-12","phi_h","phi_h",0.000110136012637152
"density","DAX","STAR_SV","2023-12","sigma_eta","phi_h",-0.000288154102431355
"density","DAX","STAR_SV","2023-12","nu","phi_h",-0.00146359953283808
"density","DAX","STAR_SV","2023-12","gamma_severe","phi_h",0.000185288618155058
"density","DAX","STAR_SV","2023-12","gamma_mild","phi_h",0.000239358084456426
"density","DAX","STAR_SV","2023-12","mu_y","sigma_eta",0.000191206641423171
"density","DAX","STAR_SV","2023-12","phi_y","sigma_eta",-0.000101984871378876
"density","DAX","STAR_SV","2023-12","mu_h","sigma_eta",0.0174700003007423
"density","DAX","STAR_SV","2023-12","phi_h","sigma_eta",-0.000288154102431355
"density","DAX","STAR_SV","2023-12","sigma_eta","sigma_eta",0.00503093764656273
"density","DAX","STAR_SV","2023-12","nu","sigma_eta",0.015890363407012
"density","DAX","STAR_SV","2023-12","gamma_severe","sigma_eta",0.00060010222892102
"density","DAX","STAR_SV","2023-12","gamma_mild","sigma_eta",0.000440251180824078
"density","DAX","STAR_SV","2023-12","mu_y","nu",-0.000243777506480164
"density","DAX","STAR_SV","2023-12","phi_y","nu",0.000381637661824857
"density","DAX","STAR_SV","2023-12","mu_h","nu",0.0768130430257345
"density","DAX","STAR_SV","2023-12","phi_h","nu",-0.00146359953283808
"density","DAX","STAR_SV","2023-12","sigma_eta","nu",0.015890363407012
"density","DAX","STAR_SV","2023-12","nu","nu",0.279862334021435
"density","DAX","STAR_SV","2023-12","gamma_severe","nu",0.00685996754299384
"density","DAX","STAR_SV","2023-12","gamma_mild","nu",0.00420476669975843
"density","DAX","STAR_SV","2023-12","mu_y","gamma_severe",9.77653187662673e-05
"density","DAX","STAR_SV","2023-12","phi_y","gamma_severe",-8.05312476876617e-05
"density","DAX","STAR_SV","2023-12","mu_h","gamma_severe",-0.00124127352682338
"density","DAX","STAR_SV","2023-12","phi_h","gamma_severe",0.000185288618155058
"density","DAX","STAR_SV","2023-12","sigma_eta","gamma_severe",0.00060010222892102
"density","DAX","STAR_SV","2023-12","nu","gamma_severe",0.00685996754299384
"density","DAX","STAR_SV","2023-12","gamma_severe","gamma_severe",0.00151883291217621
"density","DAX","STAR_SV","2023-12","gamma_mild","gamma_severe",0.00124337682159498
"density","DAX","STAR_SV","2023-12","mu_y","gamma_mild",9.90276821582633e-05
"density","DAX","STAR_SV","2023-12","phi_y","gamma_mild",-0.000141073554779107
"density","DAX","STAR_SV","2023-12","mu_h","gamma_mild",-0.00277586658107986
"density","DAX","STAR_SV","2023-12","phi_h","gamma_mild",0.000239358084456426
"density","DAX","STAR_SV","2023-12","sigma_eta","gamma_mild",0.000440251180824078
"density","DAX","STAR_SV","2023-12","nu","gamma_mild",0.00420476669975843
"density","DAX","STAR_SV","2023-12","gamma_severe","gamma_mild",0.00124337682159498
"density","DAX","STAR_SV","2023-12","gamma_mild","gamma_mild",0.0121464619301569
"holdout","DAX","ARSV","2024-01","mu_y","mu_y",0.000294578718824639
"holdout","DAX","ARSV","2024-01","phi_y","mu_y",-2.90920708813508e-05
"holdout","DAX","ARSV","2024-01","mu_h","mu_y",1.31004325237096e-05
"holdout","DAX","ARSV","2024-01","phi_h","mu_y",-6.36680813055987e-06
"holdout","DAX","ARSV","2024-01","sigma_eta","mu_y",2.90496996869972e-05
"holdout","DAX","ARSV","2024-01","nu","mu_y",-0.000249682115430249
"holdout","DAX","ARSV","2024-01","mu_y","phi_y",-2.90920708813508e-05
"holdout","DAX","ARSV","2024-01","phi_y","phi_y",0.000489267175193584
"holdout","DAX","ARSV","2024-01","mu_h","phi_y",7.82363652391804e-05
"holdout","DAX","ARSV","2024-01","phi_h","phi_y",7.2603448855594e-06
"holdout","DAX","ARSV","2024-01","sigma_eta","phi_y",-1.45058524453091e-05
"holdout","DAX","ARSV","2024-01","nu","phi_y",0.00111152300250126
"holdout","DAX","ARSV","2024-01","mu_y","mu_h",1.31004325237096e-05
"holdout","DAX","ARSV","2024-01","phi_y","mu_h",7.82363652391804e-05
"holdout","DAX","ARSV","2024-01","mu_h","mu_h",0.0239809848380555
"holdout","DAX","ARSV","2024-01","phi_h","mu_h",0.000210992574402509
"holdout","DAX","ARSV","2024-01","sigma_eta","mu_h",-0.000877948399707553
"holdout","DAX","ARSV","2024-01","nu","mu_h",-0.0593535976882978
"holdout","DAX","ARSV","2024-01","mu_y","phi_h",-6.36680813055987e-06
"holdout","DAX","ARSV","2024-01","phi_y","phi_h",7.2603448855594e-06
"holdout","DAX","ARSV","2024-01","mu_h","phi_h",0.000210992574402509
"holdout","DAX","ARSV","2024-01","phi_h","phi_h",0.000155131927692622
"holdout","DAX","ARSV","2024-01","sigma_eta","phi_h",-0.000429474241154541
"holdout","DAX","ARSV","2024-01","nu","phi_h",-0.00665050799031125
"holdout","DAX","ARSV","2024-01","mu_y","sigma_eta",2.90496996869972e-05
"holdout","DAX","ARSV","2024-01","phi_y","sigma_eta",-1.45058524453091e-05
"holdout","DAX","ARSV","2024-01","mu_h","sigma_eta",-0.000877948399707553
"holdout","DAX","ARSV","2024-01","phi_h","sigma_eta",-0.000429474241154541
"holdout","DAX","ARSV","2024-01","sigma_eta","sigma_eta",0.00179099700155509
"holdout","DAX","ARSV","2024-01","nu","sigma_eta",0.0268182038277426
"holdout","DAX","ARSV","2024-01","mu_y","nu",-0.000249682115430249
"holdout","DAX","ARSV","2024-01","phi_y","nu",0.00111152300250126
"holdout","DAX","ARSV","2024-01","mu_h","nu",-0.0593535976882978
"holdout","DAX","ARSV","2024-01","phi_h","nu",-0.00665050799031125
"holdout","DAX","ARSV","2024-01","sigma_eta","nu",0.0268182038277426
"holdout","DAX","ARSV","2024-01","nu","nu",2.44085034333728
"holdout","DAX","ARSV","2024-02","mu_y","mu_y",0.000296992423893316
"holdout","DAX","ARSV","2024-02","phi_y","mu_y",-1.13689943832304e-05
"holdout","DAX","ARSV","2024-02","mu_h","mu_y",-1.99219124676541e-05
"holdout","DAX","ARSV","2024-02","phi_h","mu_y",-6.11875546907671e-06
"holdout","DAX","ARSV","2024-02","sigma_eta","mu_y",2.81487387640344e-05
"holdout","DAX","ARSV","2024-02","nu","mu_y",1.42675383546875e-05
"holdout","DAX","ARSV","2024-02","mu_y","phi_y",-1.13689943832304e-05
"holdout","DAX","ARSV","2024-02","phi_y","phi_y",0.00047826599842169
"holdout","DAX","ARSV","2024-02","mu_h","phi_y",-2.10792545864049e-05
"holdout","DAX","ARSV","2024-02","phi_h","phi_y",2.0159686398878e-06
"holdout","DAX","ARSV","2024-02","sigma_eta","phi_y",2.03845489053913e-07
"holdout","DAX","ARSV","2024-02","nu","phi_y",0.00132934181466273
"holdout","DAX","ARSV","2024-02","mu_y","mu_h",-1.99219124676541e-05
"holdout","DAX","ARSV","2024-02","phi_y","mu_h",-2.10792545864049e-05
"holdout","DAX","ARSV","2024-02","mu_h","mu_h",0.0217069155265506
"holdout","DAX","ARSV","2024-02","phi_h","mu_h",0.000235757302503356
"holdout","DAX","ARSV","2024-02","sigma_eta","mu_h",-0.00095942387556318
"holdout","DAX","ARSV","2024-02","nu","mu_h",-0.0486807190281729
"holdout","DAX","ARSV","2024-02","mu_y","phi_h",-6.11875546907671e-06
"holdout","DAX","ARSV","2024-02","phi_y","phi_h",2.0159686398878e-06
"holdout","DAX","ARSV","2024-02","mu_h","phi_h",0.000235757302503356
"holdout","DAX","ARSV","2024-02","phi_h","phi_h",0.000166951065156839
"holdout","DAX","ARSV","2024-02","sigma_eta","phi_h",-0.000464511712940687
"holdout","DAX","ARSV","2024-02","nu","phi_h",-0.00635465619670491
"holdout","DAX","ARSV","2024-02","mu_y","sigma_eta",2.81487387640344e-05
"holdout","DAX","ARSV","2024-02","phi_y","sigma_eta",2.03845489053913e-07
"holdout","DAX","ARSV","2024-02","mu_h","sigma_eta",-0.00095942387556318
"holdout","DAX","ARSV","2024-02","phi_h","sigma_eta",-0.000464511712940687
"holdout","DAX","ARSV","2024-02","sigma_eta","sigma_eta",0.00187245997938314
"holdout","DAX","ARSV","2024-02","nu","sigma_eta",0.0249586315040217
"holdout","DAX","ARSV","2024-02","mu_y","nu",1.42675383546875e-05
"holdout","DAX","ARSV","2024-02","phi_y","nu",0.00132934181466273
"holdout","DAX","ARSV","2024-02","mu_h","nu",-0.0486807190281729
"holdout","DAX","ARSV","2024-02","phi_h","nu",-0.00635465619670491
"holdout","DAX","ARSV","2024-02","sigma_eta","nu",0.0249586315040217
"holdout","DAX","ARSV","2024-02","nu","nu",1.92876188916512
"holdout","DAX","ARSV","2024-03","mu_y","mu_y",0.000283180582232565
"holdout","DAX","ARSV","2024-03","phi_y","mu_y",-6.42564231940398e-06
"holdout","DAX","ARSV","2024-03","mu_h","mu_y",-5.38758869248955e-05
"holdout","DAX","ARSV","2024-03","phi_h","mu_y",-5.11563747683055e-06
"holdout","DAX","ARSV","2024-03","sigma_eta","mu_y",3.14861915749917e-05
"holdout","DAX","ARSV","2024-03","nu","mu_y",0.00121544749546752
"holdout","DAX","ARSV","2024-03","mu_y","phi_y",-6.42564231940398e-06
"holdout","DAX","ARSV","2024-03","phi_y","phi_y",0.000496836333810585
"holdout","DAX","ARSV","2024-03","mu_h","phi_y",-7.02900814535848e-06
"holdout","DAX","ARSV","2024-03","phi_h","phi_y",4.57876201765143e-06
"holdout","DAX","ARSV","2024-03","sigma_eta","phi_y",-3.41864987867032e-05
"holdout","DAX","ARSV","2024-03","nu","phi_y",0.00104610911841758
"holdout","DAX","ARSV","2024-03","mu_y","mu_h",-5.38758869248955e-05
"holdout","DAX","ARSV","2024-03","phi_y","mu_h",-7.02900814535848e-06
"holdout","DAX","ARSV","2024-03","mu_h","mu_h",0.0225157736835585
"holdout","DAX","ARSV","2024-03","phi_h","mu_h",0.000222134114070885
"holdout","DAX","ARSV","2024-03","sigma_eta","mu_h",-0.000955995947819498
"holdout","DAX","ARSV","2024-03","nu","mu_h",-0.053009128686534
"holdout","DAX","ARSV","2024-03","mu_y","phi_h",-5.11563747683055e-06
"holdout","DAX","ARSV","2024-03","phi_y","phi_h",4.57876201765143e-06
"holdout","DAX","ARSV","2024-03","mu_h","phi_h",0.000222134114070885
"holdout","DAX","ARSV","2024-03","phi_h","phi_h",0.000166402713337032
"holdout","DAX","ARSV","2024-03","sigma_eta","phi_h",-0.000464429079345194
"holdout","DAX","ARSV","2024-03","nu","phi_h",-0.00634821323188768
"holdout","DAX","ARSV","2024-03","mu_y","sigma_eta",3.14861915749917e-05
"holdout","DAX","ARSV","2024-03","phi_y","sigma_eta",-3.41864987867032e-05
"holdout","DAX","ARSV","2024-03","mu_h","sigma_eta",-0.000955995947819498
"holdout","DAX","ARSV","2024-03","phi_h","sigma_eta",-0.000464429079345194
"holdout","DAX","ARSV","2024-03","sigma_eta","sigma_eta",0.00187593195679928
"holdout","DAX","ARSV","2024-03","nu","sigma_eta",0.0252388147087415
"holdout","DAX","ARSV","2024-03","mu_y","nu",0.00121544749546752
"holdout","DAX","ARSV","2024-03","phi_y","nu",0.00104610911841758
"holdout","DAX","ARSV","2024-03","mu_h","nu",-0.053009128686534
"holdout","DAX","ARSV","2024-03","phi_h","nu",-0.00634821323188768
"holdout","DAX","ARSV","2024-03","sigma_eta","nu",0.0252388147087415
"holdout","DAX","ARSV","2024-03","nu","nu",2.10093633172357
"holdout","DAX","ARSV","2024-04","mu_y","mu_y",0.00026702698220245
"holdout","DAX","ARSV","2024-04","phi_y","mu_y",-4.78685297528341e-06
"holdout","DAX","ARSV","2024-04","mu_h","mu_y",1.94073605066976e-05
"holdout","DAX","ARSV","2024-04","phi_h","mu_y",-3.9647073849239e-08
"holdout","DAX","ARSV","2024-04","sigma_eta","mu_y",1.04531289472735e-05
"holdout","DAX","ARSV","2024-04","nu","mu_y",-0.000435411257018136
"holdout","DAX","ARSV","2024-04","mu_y","phi_y",-4.78685297528341e-06
"holdout","DAX","ARSV","2024-04","phi_y","phi_y",0.000478605197790113
"holdout","DAX","ARSV","2024-04","mu_h","phi_y",-5.97127200271337e-05
"holdout","DAX","ARSV","2024-04","phi_h","phi_y",-4.0569307945196e-06
"holdout","DAX","ARSV","2024-04","sigma_eta","phi_y",1.45793634820739e-05
"holdout","DAX","ARSV","2024-04","nu","phi_y",0.000924711235293545
"holdout","DAX","ARSV","2024-04","mu_y","mu_h",1.94073605066976e-05
"holdout","DAX","ARSV","2024-04","phi_y","mu_h",-5.97127200271337e-05
"holdout","DAX","ARSV","2024-04","mu_h","mu_h",0.0255695433862919
"holdout","DAX","ARSV","2024-04","phi_h","mu_h",0.000274969082607351
"holdout","DAX","ARSV","2024-04","sigma_eta","mu_h",-0.0010388249683627
"holdout","DAX","ARSV","2024-04","nu","mu_h",-0.0554968997482287
"holdout","DAX","ARSV","2024-04","mu_y","phi_h",-3.9647073849239e-08
"holdout","DAX","ARSV","2024-04","phi_y","phi_h",-4.0569307945196e-06
"holdout","DAX","ARSV","2024-04","mu_h","phi_h",0.000274969082607351
"holdout","DAX","ARSV","2024-04","phi_h","phi_h",0.000158925547173285
"holdout","DAX","ARSV","2024-04","sigma_eta","phi_h",-0.000449256401417736
"holdout","DAX","ARSV","2024-04","nu","phi_h",-0.00610179054587058
"holdout","DAX","ARSV","2024-04","mu_y","sigma_eta",1.04531289472735e-05
"holdout","DAX","ARSV","2024-04","phi_y","sigma_eta",1.45793634820739e-05
"holdout","DAX","ARSV","2024-04","mu_h","sigma_eta",-0.0010388249683627
"holdout","DAX","ARSV","2024-04","phi_h","sigma_eta",-0.000449256401417736
"holdout","DAX","ARSV","2024-04","sigma_eta","sigma_eta",0.00185919605025081
"holdout","DAX","ARSV","2024-04","nu","sigma_eta",0.0247018219176961
"holdout","DAX","ARSV","2024-04","mu_y","nu",-0.000435411257018136
"holdout","DAX","ARSV","2024-04","phi_y","nu",0.000924711235293545
"holdout","DAX","ARSV","2024-04","mu_h","nu",-0.0554968997482287
"holdout","DAX","ARSV","2024-04","phi_h","nu",-0.00610179054587058
"holdout","DAX","ARSV","2024-04","sigma_eta","nu",0.0247018219176961
"holdout","DAX","ARSV","2024-04","nu","nu",2.04949415297921
"holdout","DAX","ARSV","2024-05","mu_y","mu_y",0.000277511463190777
"holdout","DAX","ARSV","2024-05","phi_y","mu_y",-8.55423525502118e-06
"holdout","DAX","ARSV","2024-05","mu_h","mu_y",-7.11823979624613e-05
"holdout","DAX","ARSV","2024-05","phi_h","mu_y",-1.07200912538156e-05
"holdout","DAX","ARSV","2024-05","sigma_eta","mu_y",4.58518641025418e-05
"holdout","DAX","ARSV","2024-05","nu","mu_y",0.000999580505627505
"holdout","DAX","ARSV","2024-05","mu_y","phi_y",-8.55423525502118e-06
"holdout","DAX","ARSV","2024-05","phi_y","phi_y",0.000466152318137767
"holdout","DAX","ARSV","2024-05","mu_h","phi_y",-6.01492247854381e-05
"holdout","DAX","ARSV","2024-05","phi_h","phi_y",9.66014081687718e-08
"holdout","DAX","ARSV","2024-05","sigma_eta","phi_y",-4.19474928730263e-06
"holdout","DAX","ARSV","2024-05","nu","phi_y",0.000646657691394911
"holdout","DAX","ARSV","2024-05","mu_y","mu_h",-7.11823979624613e-05
"holdout","DAX","ARSV","2024-05","phi_y","mu_h",-6.01492247854381e-05
"holdout","DAX","ARSV","2024-05","mu_h","mu_h",0.0240945467893459
"holdout","DAX","ARSV","2024-05","phi_h","mu_h",0.000292829979584487
"holdout","DAX","ARSV","2024-05","sigma_eta","mu_h",-0.00109553392007761
"holdout","DAX","ARSV","2024-05","nu","mu_h",-0.0448668153692145
"holdout","DAX","ARSV","2024-05","mu_y","phi_h",-1.07200912538156e-05
"holdout","DAX","ARSV","2024-05","phi_y","phi_h",9.66014081687718e-08
"holdout","DAX","ARSV","2024-05","mu_h","phi_h",0.000292829979584487
"holdout","DAX","ARSV","2024-05","phi_h","phi_h",0.000155061370489404
"holdout","DAX","ARSV","2024-05","sigma_eta","phi_h",-0.000433846502298518
"holdout","DAX","ARSV","2024-05","nu","phi_h",-0.00571269983763541
"holdout","DAX","ARSV","2024-05","mu_y","sigma_eta",4.58518641025418e-05
"holdout","DAX","ARSV","2024-05","phi_y","sigma_eta",-4.19474928730263e-06
"holdout","DAX","ARSV","2024-05","mu_h","sigma_eta",-0.00109553392007761
"holdout","DAX","ARSV","2024-05","phi_h","sigma_eta",-0.000433846502298518
"holdout","DAX","ARSV","2024-05","sigma_eta","sigma_eta",0.00180037132361649
"holdout","DAX","ARSV","2024-05","nu","sigma_eta",0.022898128163392
"holdout","DAX","ARSV","2024-05","mu_y","nu",0.000999580505627505
"holdout","DAX","ARSV","2024-05","phi_y","nu",0.000646657691394911
"holdout","DAX","ARSV","2024-05","mu_h","nu",-0.0448668153692145
"holdout","DAX","ARSV","2024-05","phi_h","nu",-0.00571269983763541
"holdout","DAX","ARSV","2024-05","sigma_eta","nu",0.022898128163392
"holdout","DAX","ARSV","2024-05","nu","nu",1.86500925898691
"holdout","DAX","ARSV","2024-06","mu_y","mu_y",0.000264485497365897
"holdout","DAX","ARSV","2024-06","phi_y","mu_y",-1.26241098790615e-05
"holdout","DAX","ARSV","2024-06","mu_h","mu_y",-3.40507484642691e-07
"holdout","DAX","ARSV","2024-06","phi_h","mu_y",-6.39914186347927e-06
"holdout","DAX","ARSV","2024-06","sigma_eta","mu_y",3.89889205478238e-05
"holdout","DAX","ARSV","2024-06","nu","mu_y",0.000888228456577103
"holdout","DAX","ARSV","2024-06","mu_y","phi_y",-1.26241098790615e-05
"holdout","DAX","ARSV","2024-06","phi_y","phi_y",0.000487302616071905
"holdout","DAX","ARSV","2024-06","mu_h","phi_y",-0.000113894004735159
"holdout","DAX","ARSV","2024-06","phi_h","phi_y",1.131665934348e-05
"holdout","DAX","ARSV","2024-06","sigma_eta","phi_y",-2.56205181035005e-05
"holdout","DAX","ARSV","2024-06","nu","phi_y",0.000973683171326036
"holdout","DAX","ARSV","2024-06","mu_y","mu_h",-3.40507484642691e-07
"holdout","DAX","ARSV","2024-06","phi_y","mu_h",-0.000113894004735159
"holdout","DAX","ARSV","2024-06","mu_h","mu_h",0.0229936328872127
"holdout","DAX","ARSV","2024-06","phi_h","mu_h",0.000206886126063604
"holdout","DAX","ARSV","2024-06","sigma_eta","mu_h",-0.000881065949000162
"holdout","DAX","ARSV","2024-06","nu","mu_h",-0.0475847708218136
"holdout","DAX","ARSV","2024-06","mu_y","phi_h",-6.39914186347927e-06
"holdout","DAX","ARSV","2024-06","phi_y","phi_h",1.131665934348e-05
"holdout","DAX","ARSV","2024-06","mu_h","phi_h",0.000206886126063604
"holdout","DAX","ARSV","2024-06","phi_h","phi_h",0.000150346032266043
"holdout","DAX","ARSV","2024-06","sigma_eta","phi_h",-0.000416629745745704
"holdout","DAX","ARSV","2024-06","nu","phi_h",-0.00564739816427924
"holdout","DAX","ARSV","2024-06","mu_y","sigma_eta",3.89889205478238e-05
"holdout","DAX","ARSV","2024-06","phi_y","sigma_eta",-2.56205181035005e-05
"holdout","DAX","ARSV","2024-06","mu_h","sigma_eta",-0.000881065949000162
"holdout","DAX","ARSV","2024-06","phi_h","sigma_eta",-0.000416629745745704
"holdout","DAX","ARSV","2024-06","sigma_eta","sigma_eta",0.00172703002871903
"holdout","DAX","ARSV","2024-06","nu","sigma_eta",0.021652522685766
"holdout","DAX","ARSV","2024-06","mu_y","nu",0.000888228456577103
"holdout","DAX","ARSV","2024-06","phi_y","nu",0.000973683171326036
"holdout","DAX","ARSV","2024-06","mu_h","nu",-0.0475847708218136
"holdout","DAX","ARSV","2024-06","phi_h","nu",-0.00564739816427924
"holdout","DAX","ARSV","2024-06","sigma_eta","nu",0.021652522685766
"holdout","DAX","ARSV","2024-06","nu","nu",1.76582776706935
"holdout","DAX","ARSV","2024-07","mu_y","mu_y",0.000281203637784852
"holdout","DAX","ARSV","2024-07","phi_y","mu_y",-1.3838116910214e-05
"holdout","DAX","ARSV","2024-07","mu_h","mu_y",-2.11703917104901e-05
"holdout","DAX","ARSV","2024-07","phi_h","mu_y",-4.14803677464041e-06
"holdout","DAX","ARSV","2024-07","sigma_eta","mu_y",3.01305269451411e-05
"holdout","DAX","ARSV","2024-07","nu","mu_y",-0.000111902217523444
"holdout","DAX","ARSV","2024-07","mu_y","phi_y",-1.3838116910214e-05
"holdout","DAX","ARSV","2024-07","phi_y","phi_y",0.000504247265369378
"holdout","DAX","ARSV","2024-07","mu_h","phi_y",4.36774220053412e-05
"holdout","DAX","ARSV","2024-07","phi_h","phi_y",2.43388470322878e-06
"holdout","DAX","ARSV","2024-07","sigma_eta","phi_y",-1.94131602419066e-05
"holdout","DAX","ARSV","2024-07","nu","phi_y",0.00174842972839071
"holdout","DAX","ARSV","2024-07","mu_y","mu_h",-2.11703917104901e-05
"holdout","DAX","ARSV","2024-07","phi_y","mu_h",4.36774220053412e-05
"holdout","DAX","ARSV","2024-07","mu_h","mu_h",0.0231783955768873
"holdout","DAX","ARSV","2024-07","phi_h","mu_h",0.000242255475951308
"holdout","DAX","ARSV","2024-07","sigma_eta","mu_h",-0.000977929606855762
"holdout","DAX","ARSV","2024-07","nu","mu_h",-0.0520745213286039
"holdout","DAX","ARSV","2024-07","mu_y","phi_h",-4.14803677464041e-06
"holdout","DAX","ARSV","2024-07","phi_y","phi_h",2.43388470322878e-06
"holdout","DAX","ARSV","2024-07","mu_h","phi_h",0.000242255475951308
"holdout","DAX","ARSV","2024-07","phi_h","phi_h",0.000158303105973153
"holdout","DAX","ARSV","2024-07","sigma_eta","phi_h",-0.000453818211121893
"holdout","DAX","ARSV","2024-07","nu","phi_h",-0.00628905527329816
"holdout","DAX","ARSV","2024-07","mu_y","sigma_eta",3.01305269451411e-05
"holdout","DAX","ARSV","2024-07","phi_y","sigma_eta",-1.94131602419066e-05
"holdout","DAX","ARSV","2024-07","mu_h","sigma_eta",-0.000977929606855762
"holdout","DAX","ARSV","2024-07","phi_h","sigma_eta",-0.000453818211121893
"holdout","DAX","ARSV","2024-07","sigma_eta","sigma_eta",0.00188009987407789
"holdout","DAX","ARSV","2024-07","nu","sigma_eta",0.0246131349975032
"holdout","DAX","ARSV","2024-07","mu_y","nu",-0.000111902217523444
"holdout","DAX","ARSV","2024-07","phi_y","nu",0.00174842972839071
"holdout","DAX","ARSV","2024-07","mu_h","nu",-0.0520745213286039
"holdout","DAX","ARSV","2024-07","phi_h","nu",-0.00628905527329816
"holdout","DAX","ARSV","2024-07","sigma_eta","nu",0.0246131349975032
"holdout","DAX","ARSV","2024-07","nu","nu",2.15583362849051
"holdout","DAX","ARSV","2024-08","mu_y","mu_y",0.000257030495098463
"holdout","DAX","ARSV","2024-08","phi_y","mu_y",-2.34872798808314e-06
"holdout","DAX","ARSV","2024-08","mu_h","mu_y",4.07543579863777e-05
"holdout","DAX","ARSV","2024-08","phi_h","mu_y",-1.1249620819146e-05
"holdout","DAX","ARSV","2024-08","sigma_eta","mu_y",5.59079769870004e-05
"holdout","DAX","ARSV","2024-08","nu","mu_y",-0.000482365996364748
"holdout","DAX","ARSV","2024-08","mu_y","phi_y",-2.34872798808314e-06
"holdout","DAX","ARSV","2024-08","phi_y","phi_y",0.000481626067769075
"holdout","DAX","ARSV","2024-08","mu_h","phi_y",-6.76854887282907e-05
"holdout","DAX","ARSV","2024-08","phi_h","phi_y",1.00838184700141e-06
"holdout","DAX","ARSV","2024-08","sigma_eta","phi_y",-5.51563256920974e-07
"holdout","DAX","ARSV","2024-08","nu","phi_y",0.00172618334338017
"holdout","DAX","ARSV","2024-08","mu_y","mu_h",4.07543579863777e-05
"holdout","DAX","ARSV","2024-08","phi_y","mu_h",-6.76854887282907e-05
"holdout","DAX","ARSV","2024-08","mu_h","mu_h",0.0235413177467892
"holdout","DAX","ARSV","2024-08","phi_h","mu_h",0.000218101480515089
"holdout","DAX","ARSV","2024-08","sigma_eta","mu_h",-0.000887916267926768
"holdout","DAX","ARSV","2024-08","nu","mu_h",-0.055290343555125
"holdout","DAX","ARSV","2024-08","mu_y","phi_h",-1.1249620819146e-05
"holdout","DAX","ARSV","2024-08","phi_y","phi_h",1.00838184700141e-06
"holdout","DAX","ARSV","2024-08","mu_h","phi_h",0.000218101480515089
"holdout","DAX","ARSV","2024-08","phi_h","phi_h",0.000166584674572692
"holdout","DAX","ARSV","2024-08","sigma_eta","phi_h",-0.000466022698429881
"holdout","DAX","ARSV","2024-08","nu","phi_h",-0.00666060188604006
"holdout","DAX","ARSV","2024-08","mu_y","sigma_eta",5.59079769870004e-05
"holdout","DAX","ARSV","2024-08","phi_y","sigma_eta",-5.51563256920974e-07
"holdout","DAX","ARSV","2024-08","mu_h","sigma_eta",-0.000887916267926768
"holdout","DAX","ARSV","2024-08","phi_h","sigma_eta",-0.000466022698429881
"holdout","DAX","ARSV","2024-08","sigma_eta","sigma_eta",0.00188487115034048
"holdout","DAX","ARSV","2024-08","nu","sigma_eta",0.0264846242860872
"holdout","DAX","ARSV","2024-08","mu_y","nu",-0.000482365996364748
"holdout","DAX","ARSV","2024-08","phi_y","nu",0.00172618334338017
"holdout","DAX","ARSV","2024-08","mu_h","nu",-0.055290343555125
"holdout","DAX","ARSV","2024-08","phi_h","nu",-0.00666060188604006
"holdout","DAX","ARSV","2024-08","sigma_eta","nu",0.0264846242860872
"holdout","DAX","ARSV","2024-08","nu","nu",2.31108864424733
"holdout","DAX","ARSV","2024-09","mu_y","mu_y",0.000275249020986435
"holdout","DAX","ARSV","2024-09","phi_y","mu_y",-6.09221515576011e-06
"holdout","DAX","ARSV","2024-09","mu_h","mu_y",-5.95117716017335e-05
"holdout","DAX","ARSV","2024-09","phi_h","mu_y",-1.16267170084116e-05
"holdout","DAX","ARSV","2024-09","sigma_eta","mu_y",3.94575933160436e-05
"holdout","DAX","ARSV","2024-09","nu","mu_y",0.000741379604934352
"holdout","DAX","ARSV","2024-09","mu_y","phi_y",-6.09221515576011e-06
"holdout","DAX","ARSV","2024-09","phi_y","phi_y",0.000489444610216778
"holdout","DAX","ARSV","2024-09","mu_h","phi_y",6.28957121816874e-05
"holdout","DAX","ARSV","2024-09","phi_h","phi_y",-2.94947003474415e-06
"holdout","DAX","ARSV","2024-09","sigma_eta","phi_y",4.2419236637295e-06
"holdout","DAX","ARSV","2024-09","nu","phi_y",0.0019194948501223
"holdout","DAX","ARSV","2024-09","mu_y","mu_h",-5.95117716017335e-05
"holdout","DAX","ARSV","2024-09","phi_y","mu_h",6.28957121816874e-05
"holdout","DAX","ARSV","2024-09","mu_h","mu_h",0.0223279736458186
"holdout","DAX","ARSV","2024-09","phi_h","mu_h",0.000241554418418183
"holdout","DAX","ARSV","2024-09","sigma_eta","mu_h",-0.00098868656539265
"holdout","DAX","ARSV","2024-09","nu","mu_h",-0.0557537459970816
"holdout","DAX","ARSV","2024-09","mu_y","phi_h",-1.16267170084116e-05
"holdout","DAX","ARSV","2024-09","phi_y","phi_h",-2.94947003474415e-06
"holdout","DAX","ARSV","2024-09","mu_h","phi_h",0.000241554418418183
"holdout","DAX","ARSV","2024-09","phi_h","phi_h",0.000181967089903024
"holdout","DAX","ARSV","2024-09","sigma_eta","phi_h",-0.000503747342323072
"holdout","DAX","ARSV","2024-09","nu","phi_h",-0.0074720016572593
"holdout","DAX","ARSV","2024-09","mu_y","sigma_eta",3.94575933160436e-05
"holdout","DAX","ARSV","2024-09","phi_y","sigma_eta",4.2419236637295e-06
"holdout","DAX","ARSV","2024-09","mu_h","sigma_eta",-0.00098868656539265
"holdout","DAX","ARSV","2024-09","phi_h","sigma_eta",-0.000503747342323072
"holdout","DAX","ARSV","2024-09","sigma_eta","sigma_eta",0.00200191866872806
"holdout","DAX","ARSV","2024-09","nu","sigma_eta",0.0289622936649124
"holdout","DAX","ARSV","2024-09","mu_y","nu",0.000741379604934352
"holdout","DAX","ARSV","2024-09","phi_y","nu",0.0019194948501223
"holdout","DAX","ARSV","2024-09","mu_h","nu",-0.0557537459970816
"holdout","DAX","ARSV","2024-09","phi_h","nu",-0.0074720016572593
"holdout","DAX","ARSV","2024-09","sigma_eta","nu",0.0289622936649124
"holdout","DAX","ARSV","2024-09","nu","nu",2.31063787088987
"holdout","DAX","ARSV","2024-10","mu_y","mu_y",0.000267842310595919
"holdout","DAX","ARSV","2024-10","phi_y","mu_y",1.55913760996727e-06
"holdout","DAX","ARSV","2024-10","mu_h","mu_y",-3.73610451911258e-05
"holdout","DAX","ARSV","2024-10","phi_h","mu_y",-1.29171993549841e-05
"holdout","DAX","ARSV","2024-10","sigma_eta","mu_y",5.62352145983239e-05
"holdout","DAX","ARSV","2024-10","nu","mu_y",0.00086162643068678
"holdout","DAX","ARSV","2024-10","mu_y","phi_y",1.55913760996727e-06
"holdout","DAX","ARSV","2024-10","phi_y","phi_y",0.000501270954648668
"holdout","DAX","ARSV","2024-10","mu_h","phi_y",8.74212095168828e-05
"holdout","DAX","ARSV","2024-10","phi_h","phi_y",-4.66054104268075e-06
"holdout","DAX","ARSV","2024-10","sigma_eta","phi_y",1.27772550421333e-05
"holdout","DAX","ARSV","2024-10","nu","phi_y",0.00215482824517502
"holdout","DAX","ARSV","2024-10","mu_y","mu_h",-3.73610451911258e-05
"holdout","DAX","ARSV","2024-10","phi_y","mu_h",8.74212095168828e-05
"holdout","DAX","ARSV","2024-10","mu_h","mu_h",0.021505199386552
"holdout","DAX","ARSV","2024-10","phi_h","mu_h",0.000229956529527302
"holdout","DAX","ARSV","2024-10","sigma_eta","mu_h",-0.000947411429668445
"holdout","DAX","ARSV","2024-10","nu","mu_h",-0.0496472908189921
"holdout","DAX","ARSV","2024-10","mu_y","phi_h",-1.29171993549841e-05
"holdout","DAX","ARSV","2024-10","phi_y","phi_h",-4.66054104268075e-06
"holdout","DAX","ARSV","2024-10","mu_h","phi_h",0.000229956529527302
"holdout","DAX","ARSV","2024-10","phi_h","phi_h",0.000162338268400798
"holdout","DAX","ARSV","2024-10","sigma_eta","phi_h",-0.00044645848516742
"holdout","DAX","ARSV","2024-10","nu","phi_h",-0.00734697354235378
"holdout","DAX","ARSV","2024-10","mu_y","sigma_eta",5.62352145983239e-05
"holdout","DAX","ARSV","2024-10","phi_y","sigma_eta",1.27772550421333e-05
"holdout","DAX","ARSV","2024-10","mu_h","sigma_eta",-0.000947411429668445
"holdout","DAX","ARSV","2024-10","phi_h","sigma_eta",-0.00044645848516742
"holdout","DAX","ARSV","2024-10","sigma_eta","sigma_eta",0.00182484928170917
"holdout","DAX","ARSV","2024-10","nu","sigma_eta",0.0290151506471293
"holdout","DAX","ARSV","2024-10","mu_y","nu",0.00086162643068678
"holdout","DAX","ARSV","2024-10","phi_y","nu",0.00215482824517502
"holdout","DAX","ARSV","2024-10","mu_h","nu",-0.0496472908189921
"holdout","DAX","ARSV","2024-10","phi_h","nu",-0.00734697354235378
"holdout","DAX","ARSV","2024-10","sigma_eta","nu",0.0290151506471293
"holdout","DAX","ARSV","2024-10","nu","nu",2.43179832790004
"holdout","DAX","ARSV","2024-11","mu_y","mu_y",0.000259869152402082
"holdout","DAX","ARSV","2024-11","phi_y","mu_y",-1.3294190781884e-05
"holdout","DAX","ARSV","2024-11","mu_h","mu_y",-4.26630254331911e-06
"holdout","DAX","ARSV","2024-11","phi_h","mu_y",-1.12177920382746e-05
"holdout","DAX","ARSV","2024-11","sigma_eta","mu_y",4.46930212203003e-05
"holdout","DAX","ARSV","2024-11","nu","mu_y",-1.97524192450104e-05
"holdout","DAX","ARSV","2024-11","mu_y","phi_y",-1.3294190781884e-05
"holdout","DAX","ARSV","2024-11","phi_y","phi_y",0.000471422876366195
"holdout","DAX","ARSV","2024-11","mu_h","phi_y",-8.87149705166888e-05
"holdout","DAX","ARSV","2024-11","phi_h","phi_y",-5.16370249441434e-06
"holdout","DAX","ARSV","2024-11","sigma_eta","phi_y",1.69279308723605e-05
"holdout","DAX","ARSV","2024-11","nu","phi_y",0.000826284900198994
"holdout","DAX","ARSV","2024-11","mu_y","mu_h",-4.26630254331911e-06
"holdout","DAX","ARSV","2024-11","phi_y","mu_h",-8.87149705166888e-05
"holdout","DAX","ARSV","2024-11","mu_h","mu_h",0.0242618779202834
"holdout","DAX","ARSV","2024-11","phi_h","mu_h",0.000111312022523207
"holdout","DAX","ARSV","2024-11","sigma_eta","mu_h",-0.000557906311340249
"holdout","DAX","ARSV","2024-11","nu","mu_h",-0.0459371159608949
"holdout","DAX","ARSV","2024-11","mu_y","phi_h",-1.12177920382746e-05
"holdout","DAX","ARSV","2024-11","phi_y","phi_h",-5.16370249441434e-06
"holdout","DAX","ARSV","2024-11","mu_h","phi_h",0.000111312022523207
"holdout","DAX","ARSV","2024-11","phi_h","phi_h",0.000136714547275139
"holdout","DAX","ARSV","2024-11","sigma_eta","phi_h",-0.000377239502989057
"holdout","DAX","ARSV","2024-11","nu","phi_h",-0.00524434487381273
"holdout","DAX","ARSV","2024-11","mu_y","sigma_eta",4.46930212203003e-05
"holdout","DAX","ARSV","2024-11","phi_y","sigma_eta",1.69279308723605e-05
"holdout","DAX","ARSV","2024-11","mu_h","sigma_eta",-0.000557906311340249
"holdout","DAX","ARSV","2024-11","phi_h","sigma_eta",-0.000377239502989057
"holdout","DAX","ARSV","2024-11","sigma_eta","sigma_eta",0.00160886332187282
"holdout","DAX","ARSV","2024-11","nu","sigma_eta",0.0227389748528383
"holdout","DAX","ARSV","2024-11","mu_y","nu",-1.97524192450104e-05
"holdout","DAX","ARSV","2024-11","phi_y","nu",0.000826284900198994
"holdout","DAX","ARSV","2024-11","mu_h","nu",-0.0459371159608949
"holdout","DAX","ARSV","2024-11","phi_h","nu",-0.00524434487381273
"holdout","DAX","ARSV","2024-11","sigma_eta","nu",0.0227389748528383
"holdout","DAX","ARSV","2024-11","nu","nu",2.27243361851626
"holdout","DAX","ARSV","2024-12","mu_y","mu_y",0.000277754476971047
"holdout","DAX","ARSV","2024-12","phi_y","mu_y",1.11234831575105e-06
"holdout","DAX","ARSV","2024-12","mu_h","mu_y",-0.000121002479460193
"holdout","DAX","ARSV","2024-12","phi_h","mu_y",-1.1693738194286e-05
"holdout","DAX","ARSV","2024-12","sigma_eta","mu_y",5.54743787978797e-05
"holdout","DAX","ARSV","2024-12","nu","mu_y",-0.000694423339599518
"holdout","DAX","ARSV","2024-12","mu_y","phi_y",1.11234831575105e-06
"holdout","DAX","ARSV","2024-12","phi_y","phi_y",0.000492831197262587
"holdout","DAX","ARSV","2024-12","mu_h","phi_y",-0.000173134684994957
"holdout","DAX","ARSV","2024-12","phi_h","phi_y",-1.73028568518798e-05
"holdout","DAX","ARSV","2024-12","sigma_eta","phi_y",5.13475241389951e-05
"holdout","DAX","ARSV","2024-12","nu","phi_y",0.00161749882922764
"holdout","DAX","ARSV","2024-12","mu_y","mu_h",-0.000121002479460193
"holdout","DAX","ARSV","2024-12","phi_y","mu_h",-0.000173134684994957
"holdout","DAX","ARSV","2024-12","mu_h","mu_h",0.0211270439639653
"holdout","DAX","ARSV","2024-12","phi_h","mu_h",0.000230033498486796
"holdout","DAX","ARSV","2024-12","sigma_eta","mu_h",-0.00100133434653099
"holdout","DAX","ARSV","2024-12","nu","mu_h",-0.0537085877918129
"holdout","DAX","ARSV","2024-12","mu_y","phi_h",-1.1693738194286e-05
"holdout","DAX","ARSV","2024-12","phi_y","phi_h",-1.73028568518798e-05
"holdout","DAX","ARSV","2024-12","mu_h","phi_h",0.000230033498486796
"holdout","DAX","ARSV","2024-12","phi_h","phi_h",0.00015761079021144
"holdout","DAX","ARSV","2024-12","sigma_eta","phi_h",-0.000442244751534133
"holdout","DAX","ARSV","2024-12","nu","phi_h",-0.0070284542283136
"holdout","DAX","ARSV","2024-12","mu_y","sigma_eta",5.54743787978797e-05
"holdout","DAX","ARSV","2024-12","phi_y","sigma_eta",5.13475241389951e-05
"holdout","DAX","ARSV","2024-12","mu_h","sigma_eta",-0.00100133434653099
"holdout","DAX","ARSV","2024-12","phi_h","sigma_eta",-0.000442244751534133
"holdout","DAX","ARSV","2024-12","sigma_eta","sigma_eta",0.00178499448057244
"holdout","DAX","ARSV","2024-12","nu","sigma_eta",0.0277687907974992
"holdout","DAX","ARSV","2024-12","mu_y","nu",-0.000694423339599518
"holdout","DAX","ARSV","2024-12","phi_y","nu",0.00161749882922764
"holdout","DAX","ARSV","2024-12","mu_h","nu",-0.0537085877918129
"holdout","DAX","ARSV","2024-12","phi_h","nu",-0.0070284542283136
"holdout","DAX","ARSV","2024-12","sigma_eta","nu",0.0277687907974992
"holdout","DAX","ARSV","2024-12","nu","nu",2.51922970277789
"holdout","DAX","ARSV","2025-01","mu_y","mu_y",0.000288737895116182
"holdout","DAX","ARSV","2025-01","phi_y","mu_y",-4.26566188170735e-06
"holdout","DAX","ARSV","2025-01","mu_h","mu_y",-7.42518499877066e-05
"holdout","DAX","ARSV","2025-01","phi_h","mu_y",-1.69705822596245e-05
"holdout","DAX","ARSV","2025-01","sigma_eta","mu_y",6.23576833520831e-05
"holdout","DAX","ARSV","2025-01","nu","mu_y",-4.96338132505105e-05
"holdout","DAX","ARSV","2025-01","mu_y","phi_y",-4.26566188170735e-06
"holdout","DAX","ARSV","2025-01","phi_y","phi_y",0.000466213342928292
"holdout","DAX","ARSV","2025-01","mu_h","phi_y",-3.1847668149328e-05
"holdout","DAX","ARSV","2025-01","phi_h","phi_y",-7.00377307672516e-06
"holdout","DAX","ARSV","2025-01","sigma_eta","phi_y",4.12567659615945e-05
"holdout","DAX","ARSV","2025-01","nu","phi_y",0.00227830110113258
"holdout","DAX","ARSV","2025-01","mu_y","mu_h",-7.42518499877066e-05
"holdout","DAX","ARSV","2025-01","phi_y","mu_h",-3.1847668149328e-05
"holdout","DAX","ARSV","2025-01","mu_h","mu_h",0.0217137702298026
"holdout","DAX","ARSV","2025-01","phi_h","mu_h",0.00012533269839471
"holdout","DAX","ARSV","2025-01","sigma_eta","mu_h",-0.000765950165620196
"holdout","DAX","ARSV","2025-01","nu","mu_h",-0.0438154620764445
"holdout","DAX","ARSV","2025-01","mu_y","phi_h",-1.69705822596245e-05
"holdout","DAX","ARSV","2025-01","phi_y","phi_h",-7.00377307672516e-06
"holdout","DAX","ARSV","2025-01","mu_h","phi_h",0.00012533269839471
"holdout","DAX","ARSV","2025-01","phi_h","phi_h",0.000156144168904093
"holdout","DAX","ARSV","2025-01","sigma_eta","phi_h",-0.000436260605645873
"holdout","DAX","ARSV","2025-01","nu","phi_h",-0.00708613653452511
"holdout","DAX","ARSV","2025-01","mu_y","sigma_eta",6.23576833520831e-05
"holdout","DAX","ARSV","2025-01","phi_y","sigma_eta",4.12567659615945e-05
"holdout","DAX","ARSV","2025-01","mu_h","sigma_eta",-0.000765950165620196
"holdout","DAX","ARSV","2025-01","phi_h","sigma_eta",-0.000436260605645873
"holdout","DAX","ARSV","2025-01","sigma_eta","sigma_eta",0.00177780597765534
"holdout","DAX","ARSV","2025-01","nu","sigma_eta",0.0281940743928372
"holdout","DAX","ARSV","2025-01","mu_y","nu",-4.96338132505105e-05
"holdout","DAX","ARSV","2025-01","phi_y","nu",0.00227830110113258
"holdout","DAX","ARSV","2025-01","mu_h","nu",-0.0438154620764445
"holdout","DAX","ARSV","2025-01","phi_h","nu",-0.00708613653452511
"holdout","DAX","ARSV","2025-01","sigma_eta","nu",0.0281940743928372
"holdout","DAX","ARSV","2025-01","nu","nu",2.59986639329968
"holdout","DAX","ARSV","2025-02","mu_y","mu_y",0.000278942252136746
"holdout","DAX","ARSV","2025-02","phi_y","mu_y",1.79009836603563e-06
"holdout","DAX","ARSV","2025-02","mu_h","mu_y",1.02631385942845e-05
"holdout","DAX","ARSV","2025-02","phi_h","mu_y",-1.19191248121504e-05
"holdout","DAX","ARSV","2025-02","sigma_eta","mu_y",5.15318649310617e-05
"holdout","DAX","ARSV","2025-02","nu","mu_y",0.000370025587052075
"holdout","DAX","ARSV","2025-02","mu_y","phi_y",1.79009836603563e-06
"holdout","DAX","ARSV","2025-02","phi_y","phi_y",0.000540911504063067
"holdout","DAX","ARSV","2025-02","mu_h","phi_y",5.72331063056019e-05
"holdout","DAX","ARSV","2025-02","phi_h","phi_y",-1.06708631225877e-05
"holdout","DAX","ARSV","2025-02","sigma_eta","phi_y",4.23040639010705e-05
"holdout","DAX","ARSV","2025-02","nu","phi_y",0.00214285221922933
"holdout","DAX","ARSV","2025-02","mu_y","mu_h",1.02631385942845e-05
"holdout","DAX","ARSV","2025-02","phi_y","mu_h",5.72331063056019e-05
"holdout","DAX","ARSV","2025-02","mu_h","mu_h",0.0224854952120988
"holdout","DAX","ARSV","2025-02","phi_h","mu_h",0.000204351005066405
"holdout","DAX","ARSV","2025-02","sigma_eta","mu_h",-0.000770967304612212
"holdout","DAX","ARSV","2025-02","nu","mu_h",-0.049159471267589
"holdout","DAX","ARSV","2025-02","mu_y","phi_h",-1.19191248121504e-05
"holdout","DAX","ARSV","2025-02","phi_y","phi_h",-1.06708631225877e-05
"holdout","DAX","ARSV","2025-02","mu_h","phi_h",0.000204351005066405
"holdout","DAX","ARSV","2025-02","phi_h","phi_h",0.000150418820114717
"holdout","DAX","ARSV","2025-02","sigma_eta","phi_h",-0.000402394025601988
"holdout","DAX","ARSV","2025-02","nu","phi_h",-0.00655945343602918
"holdout","DAX","ARSV","2025-02","mu_y","sigma_eta",5.15318649310617e-05
"holdout","DAX","ARSV","2025-02","phi_y","sigma_eta",4.23040639010705e-05
"holdout","DAX","ARSV","2025-02","mu_h","sigma_eta",-0.000770967304612212
"holdout","DAX","ARSV","2025-02","phi_h","sigma_eta",-0.000402394025601988
"holdout","DAX","ARSV","2025-02","sigma_eta","sigma_eta",0.00160942015145024
"holdout","DAX","ARSV","2025-02","nu","sigma_eta",0.0269957980376161
"holdout","DAX","ARSV","2025-02","mu_y","nu",0.000370025587052075
"holdout","DAX","ARSV","2025-02","phi_y","nu",0.00214285221922933
"holdout","DAX","ARSV","2025-02","mu_h","nu",-0.049159471267589
"holdout","DAX","ARSV","2025-02","phi_h","nu",-0.00655945343602918
"holdout","DAX","ARSV","2025-02","sigma_eta","nu",0.0269957980376161
"holdout","DAX","ARSV","2025-02","nu","nu",3.00320173628215
"holdout","DAX","ARSV","2025-03","mu_y","mu_y",0.00028394217458973
"holdout","DAX","ARSV","2025-03","phi_y","mu_y",-1.97637367098845e-05
"holdout","DAX","ARSV","2025-03","mu_h","mu_y",-8.8731314465126e-05
"holdout","DAX","ARSV","2025-03","phi_h","mu_y",-1.20151342931597e-05
"holdout","DAX","ARSV","2025-03","sigma_eta","mu_y",4.51768610863996e-05
"holdout","DAX","ARSV","2025-03","nu","mu_y",0.000545930264971114
"holdout","DAX","ARSV","2025-03","mu_y","phi_y",-1.97637367098845e-05
"holdout","DAX","ARSV","2025-03","phi_y","phi_y",0.000508744640485638
"holdout","DAX","ARSV","2025-03","mu_h","phi_y",-5.85481101509447e-05
"holdout","DAX","ARSV","2025-03","phi_h","phi_y",-6.80946547984741e-06
"holdout","DAX","ARSV","2025-03","sigma_eta","phi_y",2.89600752060693e-05
"holdout","DAX","ARSV","2025-03","nu","phi_y",0.00374494150158953
"holdout","DAX","ARSV","2025-03","mu_y","mu_h",-8.8731314465126e-05
"holdout","DAX","ARSV","2025-03","phi_y","mu_h",-5.85481101509447e-05
"holdout","DAX","ARSV","2025-03","mu_h","mu_h",0.0202441314959521
"holdout","DAX","ARSV","2025-03","phi_h","mu_h",0.000142133069749707
"holdout","DAX","ARSV","2025-03","sigma_eta","mu_h",-0.000603915469847784
"holdout","DAX","ARSV","2025-03","nu","mu_h",-0.0468427786960074
"holdout","DAX","ARSV","2025-03","mu_y","phi_h",-1.20151342931597e-05
"holdout","DAX","ARSV","2025-03","phi_y","phi_h",-6.80946547984741e-06
"holdout","DAX","ARSV","2025-03","mu_h","phi_h",0.000142133069749707
"holdout","DAX","ARSV","2025-03","phi_h","phi_h",0.000150964228457194
"holdout","DAX","ARSV","2025-03","sigma_eta","phi_h",-0.000395102532893233
"holdout","DAX","ARSV","2025-03","nu","phi_h",-0.00680030071903959
"holdout","DAX","ARSV","2025-03","mu_y","sigma_eta",4.51768610863996e-05
"holdout","DAX","ARSV","2025-03","phi_y","sigma_eta",2.89600752060693e-05
"holdout","DAX","ARSV","2025-03","mu_h","sigma_eta",-0.000603915469847784
"holdout","DAX","ARSV","2025-03","phi_h","sigma_eta",-0.000395102532893233
"holdout","DAX","ARSV","2025-03","sigma_eta","sigma_eta",0.00154636373085944
"holdout","DAX","ARSV","2025-03","nu","sigma_eta",0.0258750531178612
"holdout","DAX","ARSV","2025-03","mu_y","nu",0.000545930264971114
"holdout","DAX","ARSV","2025-03","phi_y","nu",0.00374494150158953
"holdout","DAX","ARSV","2025-03","mu_h","nu",-0.0468427786960074
"holdout","DAX","ARSV","2025-03","phi_h","nu",-0.00680030071903959
"holdout","DAX","ARSV","2025-03","sigma_eta","nu",0.0258750531178612
"holdout","DAX","ARSV","2025-03","nu","nu",3.23303106981553
"holdout","DAX","ARSV","2025-04","mu_y","mu_y",0.000288691552373958
"holdout","DAX","ARSV","2025-04","phi_y","mu_y",-1.39328095061659e-06
"holdout","DAX","ARSV","2025-04","mu_h","mu_y",-4.76830840923197e-05
"holdout","DAX","ARSV","2025-04","phi_h","mu_y",-9.40413820679521e-06
"holdout","DAX","ARSV","2025-04","sigma_eta","mu_y",4.83922560164941e-05
"holdout","DAX","ARSV","2025-04","nu","mu_y",-0.000149369732812125
"holdout","DAX","ARSV","2025-04","mu_y","phi_y",-1.39328095061659e-06
"holdout","DAX","ARSV","2025-04","phi_y","phi_y",0.000503578380255792
"holdout","DAX","ARSV","2025-04","mu_h","phi_y",-5.89681139495872e-05
"holdout","DAX","ARSV","2025-04","phi_h","phi_y",-1.06491531178528e-05
"holdout","DAX","ARSV","2025-04","sigma_eta","phi_y",3.7026732392801e-05
"holdout","DAX","ARSV","2025-04","nu","phi_y",0.00494845560778491
"holdout","DAX","ARSV","2025-04","mu_y","mu_h",-4.76830840923197e-05
"holdout","DAX","ARSV","2025-04","phi_y","mu_h",-5.89681139495872e-05
"holdout","DAX","ARSV","2025-04","mu_h","mu_h",0.0199658962217187
"holdout","DAX","ARSV","2025-04","phi_h","mu_h",0.000174043649896872
"holdout","DAX","ARSV","2025-04","sigma_eta","mu_h",-0.000760324854590832
"holdout","DAX","ARSV","2025-04","nu","mu_h",-0.0799978889040758
"holdout","DAX","ARSV","2025-04","mu_y","phi_h",-9.40413820679521e-06
"holdout","DAX","ARSV","2025-04","phi_y","phi_h",-1.06491531178528e-05
"holdout","DAX","ARSV","2025-04","mu_h","phi_h",0.000174043649896872
"holdout","DAX","ARSV","2025-04","phi_h","phi_h",0.000169952431187016
"holdout","DAX","ARSV","2025-04","sigma_eta","phi_h",-0.000436951525707546
"holdout","DAX","ARSV","2025-04","nu","phi_h",-0.0127421415572649
"holdout","DAX","ARSV","2025-04","mu_y","sigma_eta",4.83922560164941e-05
"holdout","DAX","ARSV","2025-04","phi_y","sigma_eta",3.7026732392801e-05
"holdout","DAX","ARSV","2025-04","mu_h","sigma_eta",-0.000760324854590832
"holdout","DAX","ARSV","2025-04","phi_h","sigma_eta",-0.000436951525707546
"holdout","DAX","ARSV","2025-04","sigma_eta","sigma_eta",0.00167501666245221
"holdout","DAX","ARSV","2025-04","nu","sigma_eta",0.0487222610398803
"holdout","DAX","ARSV","2025-04","mu_y","nu",-0.000149369732812125
"holdout","DAX","ARSV","2025-04","phi_y","nu",0.00494845560778491
"holdout","DAX","ARSV","2025-04","mu_h","nu",-0.0799978889040758
"holdout","DAX","ARSV","2025-04","phi_h","nu",-0.0127421415572649
"holdout","DAX","ARSV","2025-04","sigma_eta","nu",0.0487222610398803
"holdout","DAX","ARSV","2025-04","nu","nu",7.58359513739265
"holdout","DAX","ARSV","2025-05","mu_y","mu_y",0.000294148843609741
"holdout","DAX","ARSV","2025-05","phi_y","mu_y",-1.31332867831812e-06
"holdout","DAX","ARSV","2025-05","mu_h","mu_y",-8.40607328223439e-05
"holdout","DAX","ARSV","2025-05","phi_h","mu_y",-1.58465737860695e-05
"holdout","DAX","ARSV","2025-05","sigma_eta","mu_y",6.18295232837265e-05
"holdout","DAX","ARSV","2025-05","nu","mu_y",5.84277748592534e-05
"holdout","DAX","ARSV","2025-05","mu_y","phi_y",-1.31332867831812e-06
"holdout","DAX","ARSV","2025-05","phi_y","phi_y",0.000520647058350478
"holdout","DAX","ARSV","2025-05","mu_h","phi_y",-0.000141782936084657
"holdout","DAX","ARSV","2025-05","phi_h","phi_y",-8.67972943343502e-06
"holdout","DAX","ARSV","2025-05","sigma_eta","phi_y",3.92956389652694e-05
"holdout","DAX","ARSV","2025-05","nu","phi_y",0.00638310046547378
"holdout","DAX","ARSV","2025-05","mu_y","mu_h",-8.40607328223439e-05
"holdout","DAX","ARSV","2025-05","phi_y","mu_h",-0.000141782936084657
"holdout","DAX","ARSV","2025-05","mu_h","mu_h",0.0205798115311948
"holdout","DAX","ARSV","2025-05","phi_h","mu_h",0.000261212923244515
"holdout","DAX","ARSV","2025-05","sigma_eta","mu_h",-0.00108196179826801
"holdout","DAX","ARSV","2025-05","nu","mu_h",-0.081426822497895
"holdout","DAX","ARSV","2025-05","mu_y","phi_h",-1.58465737860695e-05
"holdout","DAX","ARSV","2025-05","phi_y","phi_h",-8.67972943343502e-06
"holdout","DAX","ARSV","2025-05","mu_h","phi_h",0.000261212923244515
"holdout","DAX","ARSV","2025-05","phi_h","phi_h",0.000181598808571198
"holdout","DAX","ARSV","2025-05","sigma_eta","phi_h",-0.000470837394236441
"holdout","DAX","ARSV","2025-05","nu","phi_h",-0.0154271931944129
"holdout","DAX","ARSV","2025-05","mu_y","sigma_eta",6.18295232837265e-05
"holdout","DAX","ARSV","2025-05","phi_y","sigma_eta",3.92956389652694e-05
"holdout","DAX","ARSV","2025-05","mu_h","sigma_eta",-0.00108196179826801
"holdout","DAX","ARSV","2025-05","phi_h","sigma_eta",-0.000470837394236441
"holdout","DAX","ARSV","2025-05","sigma_eta","sigma_eta",0.0018300983076816
"holdout","DAX","ARSV","2025-05","nu","sigma_eta",0.0613361884392945
"holdout","DAX","ARSV","2025-05","mu_y","nu",5.84277748592534e-05
"holdout","DAX","ARSV","2025-05","phi_y","nu",0.00638310046547378
"holdout","DAX","ARSV","2025-05","mu_h","nu",-0.081426822497895
"holdout","DAX","ARSV","2025-05","phi_h","nu",-0.0154271931944129
"holdout","DAX","ARSV","2025-05","sigma_eta","nu",0.0613361884392945
"holdout","DAX","ARSV","2025-05","nu","nu",10.2291248552249
"holdout","DAX","ARSV","2025-06","mu_y","mu_y",0.000305944128737786
"holdout","DAX","ARSV","2025-06","phi_y","mu_y",-4.5837717300667e-06
"holdout","DAX","ARSV","2025-06","mu_h","mu_y",-5.17248859617972e-05
"holdout","DAX","ARSV","2025-06","phi_h","mu_y",-9.9470117329439e-06
"holdout","DAX","ARSV","2025-06","sigma_eta","mu_y",4.58748960109657e-05
"holdout","DAX","ARSV","2025-06","nu","mu_y",-0.000581786232534923
"holdout","DAX","ARSV","2025-06","mu_y","phi_y",-4.5837717300667e-06
"holdout","DAX","ARSV","2025-06","phi_y","phi_y",0.000500565119617195
"holdout","DAX","ARSV","2025-06","mu_h","phi_y",5.66934048860354e-06
"holdout","DAX","ARSV","2025-06","phi_h","phi_y",-9.42031763687769e-06
"holdout","DAX","ARSV","2025-06","sigma_eta","phi_y",3.51315673932798e-05
"holdout","DAX","ARSV","2025-06","nu","phi_y",0.00442526110111844
"holdout","DAX","ARSV","2025-06","mu_y","mu_h",-5.17248859617972e-05
"holdout","DAX","ARSV","2025-06","phi_y","mu_h",5.66934048860354e-06
"holdout","DAX","ARSV","2025-06","mu_h","mu_h",0.0185355950529861
"holdout","DAX","ARSV","2025-06","phi_h","mu_h",0.000236371454106502
"holdout","DAX","ARSV","2025-06","sigma_eta","mu_h",-0.000906151849026028
"holdout","DAX","ARSV","2025-06","nu","mu_h",-0.0834701306785647
"holdout","DAX","ARSV","2025-06","mu_y","phi_h",-9.9470117329439e-06
"holdout","DAX","ARSV","2025-06","phi_y","phi_h",-9.42031763687769e-06
"holdout","DAX","ARSV","2025-06","mu_h","phi_h",0.000236371454106502
"holdout","DAX","ARSV","2025-06","phi_h","phi_h",0.000189022266849173
"holdout","DAX","ARSV","2025-06","sigma_eta","phi_h",-0.000482628929316733
"holdout","DAX","ARSV","2025-06","nu","phi_h",-0.0177666672578854
"holdout","DAX","ARSV","2025-06","mu_y","sigma_eta",4.58748960109657e-05
"holdout","DAX","ARSV","2025-06","phi_y","sigma_eta",3.51315673932798e-05
"holdout","DAX","ARSV","2025-06","mu_h","sigma_eta",-0.000906151849026028
"holdout","DAX","ARSV","2025-06","phi_h","sigma_eta",-0.000482628929316733
"holdout","DAX","ARSV","2025-06","sigma_eta","sigma_eta",0.00184189918442784
"holdout","DAX","ARSV","2025-06","nu","sigma_eta",0.0687563511062121
"holdout","DAX","ARSV","2025-06","mu_y","nu",-0.000581786232534923
"holdout","DAX","ARSV","2025-06","phi_y","nu",0.00442526110111844
"holdout","DAX","ARSV","2025-06","mu_h","nu",-0.0834701306785647
"holdout","DAX","ARSV","2025-06","phi_h","nu",-0.0177666672578854
"holdout","DAX","ARSV","2025-06","sigma_eta","nu",0.0687563511062121
"holdout","DAX","ARSV","2025-06","nu","nu",12.0951966638566
"holdout","DAX","ARSV","2025-07","mu_y","mu_y",0.000318789300702163
"holdout","DAX","ARSV","2025-07","phi_y","mu_y",-1.61152370957012e-06
"holdout","DAX","ARSV","2025-07","mu_h","mu_y",-3.45141946523701e-05
"holdout","DAX","ARSV","2025-07","phi_h","mu_y",-1.17530642868174e-05
"holdout","DAX","ARSV","2025-07","sigma_eta","mu_y",4.75651936294317e-05
"holdout","DAX","ARSV","2025-07","nu","mu_y",0.00229739039531769
"holdout","DAX","ARSV","2025-07","mu_y","phi_y",-1.61152370957012e-06
"holdout","DAX","ARSV","2025-07","phi_y","phi_y",0.000537869213274548
"holdout","DAX","ARSV","2025-07","mu_h","phi_y",7.28980141237061e-05
"holdout","DAX","ARSV","2025-07","phi_h","phi_y",-2.70171277338261e-06
"holdout","DAX","ARSV","2025-07","sigma_eta","phi_y",2.68687390848456e-05
"holdout","DAX","ARSV","2025-07","nu","phi_y",0.00436088902560783
"holdout","DAX","ARSV","2025-07","mu_y","mu_h",-3.45141946523701e-05
"holdout","DAX","ARSV","2025-07","phi_y","mu_h",7.28980141237061e-05
"holdout","DAX","ARSV","2025-07","mu_h","mu_h",0.0186827332128334
"holdout","DAX","ARSV","2025-07","phi_h","mu_h",0.000265001063588449
"holdout","DAX","ARSV","2025-07","sigma_eta","mu_h",-0.000983227311540214
"holdout","DAX","ARSV","2025-07","nu","mu_h",-0.10075344605781
"holdout","DAX","ARSV","2025-07","mu_y","phi_h",-1.17530642868174e-05
"holdout","DAX","ARSV","2025-07","phi_y","phi_h",-2.70171277338261e-06
"holdout","DAX","ARSV","2025-07","mu_h","phi_h",0.000265001063588449
"holdout","DAX","ARSV","2025-07","phi_h","phi_h",0.000182430981676169
"holdout","DAX","ARSV","2025-07","sigma_eta","phi_h",-0.000464827237600956
"holdout","DAX","ARSV","2025-07","nu","phi_h",-0.0189623287572011
"holdout","DAX","ARSV","2025-07","mu_y","sigma_eta",4.75651936294317e-05
"holdout","DAX","ARSV","2025-07","phi_y","sigma_eta",2.68687390848456e-05
"holdout","DAX","ARSV","2025-07","mu_h","sigma_eta",-0.000983227311540214
"holdout","DAX","ARSV","2025-07","phi_h","sigma_eta",-0.000464827237600956
"holdout","DAX","ARSV","2025-07","sigma_eta","sigma_eta",0.00180095996142031
"holdout","DAX","ARSV","2025-07","nu","sigma_eta",0.0745113532878141
"holdout","DAX","ARSV","2025-07","mu_y","nu",0.00229739039531769
"holdout","DAX","ARSV","2025-07","phi_y","nu",0.00436088902560783
"holdout","DAX","ARSV","2025-07","mu_h","nu",-0.10075344605781
"holdout","DAX","ARSV","2025-07","phi_h","nu",-0.0189623287572011
"holdout","DAX","ARSV","2025-07","sigma_eta","nu",0.0745113532878141
"holdout","DAX","ARSV","2025-07","nu","nu",14.4392703073691
"holdout","DAX","ARSV","2025-08","mu_y","mu_y",0.00028748528338744
"holdout","DAX","ARSV","2025-08","phi_y","mu_y",-4.88183409901052e-06
"holdout","DAX","ARSV","2025-08","mu_h","mu_y",3.77454878534799e-05
"holdout","DAX","ARSV","2025-08","phi_h","mu_y",-7.82626572132095e-06
"holdout","DAX","ARSV","2025-08","sigma_eta","mu_y",5.07815212168357e-05
"holdout","DAX","ARSV","2025-08","nu","mu_y",-0.000719801749851211
"holdout","DAX","ARSV","2025-08","mu_y","phi_y",-4.88183409901052e-06
"holdout","DAX","ARSV","2025-08","phi_y","phi_y",0.00054970786462948
"holdout","DAX","ARSV","2025-08","mu_h","phi_y",6.87742424005025e-05
"holdout","DAX","ARSV","2025-08","phi_h","phi_y",-1.39200929696028e-05
"holdout","DAX","ARSV","2025-08","sigma_eta","phi_y",5.82586583922035e-05
"holdout","DAX","ARSV","2025-08","nu","phi_y",0.00638365986814091
"holdout","DAX","ARSV","2025-08","mu_y","mu_h",3.77454878534799e-05
"holdout","DAX","ARSV","2025-08","phi_y","mu_h",6.87742424005025e-05
"holdout","DAX","ARSV","2025-08","mu_h","mu_h",0.0195755460937169
"holdout","DAX","ARSV","2025-08","phi_h","mu_h",0.000134650176776837
"holdout","DAX","ARSV","2025-08","sigma_eta","mu_h",-0.000752288626615156
"holdout","DAX","ARSV","2025-08","nu","mu_h",-0.0877306139529145
"holdout","DAX","ARSV","2025-08","mu_y","phi_h",-7.82626572132095e-06
"holdout","DAX","ARSV","2025-08","phi_y","phi_h",-1.39200929696028e-05
"holdout","DAX","ARSV","2025-08","mu_h","phi_h",0.000134650176776837
"holdout","DAX","ARSV","2025-08","phi_h","phi_h",0.000165369211219172
"holdout","DAX","ARSV","2025-08","sigma_eta","phi_h",-0.000414951509398959
"holdout","DAX","ARSV","2025-08","nu","phi_h",-0.0173142186479945
"holdout","DAX","ARSV","2025-08","mu_y","sigma_eta",5.07815212168357e-05
"holdout","DAX","ARSV","2025-08","phi_y","sigma_eta",5.82586583922035e-05
"holdout","DAX","ARSV","2025-08","mu_h","sigma_eta",-0.000752288626615156
"holdout","DAX","ARSV","2025-08","phi_h","sigma_eta",-0.000414951509398959
"holdout","DAX","ARSV","2025-08","sigma_eta","sigma_eta",0.00166893025960805
"holdout","DAX","ARSV","2025-08","nu","sigma_eta",0.0740271507195173
"holdout","DAX","ARSV","2025-08","mu_y","nu",-0.000719801749851211
"holdout","DAX","ARSV","2025-08","phi_y","nu",0.00638365986814091
"holdout","DAX","ARSV","2025-08","mu_h","nu",-0.0877306139529145
"holdout","DAX","ARSV","2025-08","phi_h","nu",-0.0173142186479945
"holdout","DAX","ARSV","2025-08","sigma_eta","nu",0.0740271507195173
"holdout","DAX","ARSV","2025-08","nu","nu",16.8957678750858
"holdout","DAX","ARSV","2025-09","mu_y","mu_y",0.000317138859607982
"holdout","DAX","ARSV","2025-09","phi_y","mu_y",1.50470063936919e-06
"holdout","DAX","ARSV","2025-09","mu_h","mu_y",3.08239292342315e-05
"holdout","DAX","ARSV","2025-09","phi_h","mu_y",-1.1772703705608e-05
"holdout","DAX","ARSV","2025-09","sigma_eta","mu_y",5.15428882010696e-05
"holdout","DAX","ARSV","2025-09","nu","mu_y",-0.00212667568115603
"holdout","DAX","ARSV","2025-09","mu_y","phi_y",1.50470063936919e-06
"holdout","DAX","ARSV","2025-09","phi_y","phi_y",0.000526013189126477
"holdout","DAX","ARSV","2025-09","mu_h","phi_y",-2.81311661289347e-05
"holdout","DAX","ARSV","2025-09","phi_h","phi_y",-9.25069092268229e-06
"holdout","DAX","ARSV","2025-09","sigma_eta","phi_y",4.63444053491197e-05
"holdout","DAX","ARSV","2025-09","nu","phi_y",0.00682045940856047
"holdout","DAX","ARSV","2025-09","mu_y","mu_h",3.08239292342315e-05
"holdout","DAX","ARSV","2025-09","phi_y","mu_h",-2.81311661289347e-05
"holdout","DAX","ARSV","2025-09","mu_h","mu_h",0.0175289386154906
"holdout","DAX","ARSV","2025-09","phi_h","mu_h",0.000179935304399151
"holdout","DAX","ARSV","2025-09","sigma_eta","mu_h",-0.000846582451831306
"holdout","DAX","ARSV","2025-09","nu","mu_h",-0.094585607750115
"holdout","DAX","ARSV","2025-09","mu_y","phi_h",-1.1772703705608e-05
"holdout","DAX","ARSV","2025-09","phi_y","phi_h",-9.25069092268229e-06
"holdout","DAX","ARSV","2025-09","mu_h","phi_h",0.000179935304399151
"holdout","DAX","ARSV","2025-09","phi_h","phi_h",0.000202391030592571
"holdout","DAX","ARSV","2025-09","sigma_eta","phi_h",-0.000498195046688198
"holdout","DAX","ARSV","2025-09","nu","phi_h",-0.0212604163357704
"holdout","DAX","ARSV","2025-09","mu_y","sigma_eta",5.15428882010696e-05
"holdout","DAX","ARSV","2025-09","phi_y","sigma_eta",4.63444053491197e-05
"holdout","DAX","ARSV","2025-09","mu_h","sigma_eta",-0.000846582451831306
"holdout","DAX","ARSV","2025-09","phi_h","sigma_eta",-0.000498195046688198
"holdout","DAX","ARSV","2025-09","sigma_eta","sigma_eta",0.00183437312335549
"holdout","DAX","ARSV","2025-09","nu","sigma_eta",0.0800115266442154
"holdout","DAX","ARSV","2025-09","mu_y","nu",-0.00212667568115603
"holdout","DAX","ARSV","2025-09","phi_y","nu",0.00682045940856047
"holdout","DAX","ARSV","2025-09","mu_h","nu",-0.094585607750115
"holdout","DAX","ARSV","2025-09","phi_h","nu",-0.0212604163357704
"holdout","DAX","ARSV","2025-09","sigma_eta","nu",0.0800115266442154
"holdout","DAX","ARSV","2025-09","nu","nu",15.7162389743517
"holdout","DAX","ARSV","2025-10","mu_y","mu_y",0.000307063206741628
"holdout","DAX","ARSV","2025-10","phi_y","mu_y",7.96225910733234e-06
"holdout","DAX","ARSV","2025-10","mu_h","mu_y",-7.12619981739158e-05
"holdout","DAX","ARSV","2025-10","phi_h","mu_y",-4.22646668017608e-06
"holdout","DAX","ARSV","2025-10","sigma_eta","mu_y",3.62186828325452e-05
"holdout","DAX","ARSV","2025-10","nu","mu_y",-0.000413621391778282
"holdout","DAX","ARSV","2025-10","mu_y","phi_y",7.96225910733234e-06
"holdout","DAX","ARSV","2025-10","phi_y","phi_y",0.000526468513138955
"holdout","DAX","ARSV","2025-10","mu_h","phi_y",-0.000120717828990712
"holdout","DAX","ARSV","2025-10","phi_h","phi_y",-2.04865744369693e-05
"holdout","DAX","ARSV","2025-10","sigma_eta","phi_y",6.38786115673217e-05
"holdout","DAX","ARSV","2025-10","nu","phi_y",0.00615552725169692
"holdout","DAX","ARSV","2025-10","mu_y","mu_h",-7.12619981739158e-05
"holdout","DAX","ARSV","2025-10","phi_y","mu_h",-0.000120717828990712
"holdout","DAX","ARSV","2025-10","mu_h","mu_h",0.0172840170115012
"holdout","DAX","ARSV","2025-10","phi_h","mu_h",0.00020066736900374
"holdout","DAX","ARSV","2025-10","sigma_eta","mu_h",-0.000882982156332184
"holdout","DAX","ARSV","2025-10","nu","mu_h",-0.110642651865173
"holdout","DAX","ARSV","2025-10","mu_y","phi_h",-4.22646668017608e-06
"holdout","DAX","ARSV","2025-10","phi_y","phi_h",-2.04865744369693e-05
"holdout","DAX","ARSV","2025-10","mu_h","phi_h",0.00020066736900374
"holdout","DAX","ARSV","2025-10","phi_h","phi_h",0.000212674020283231
"holdout","DAX","ARSV","2025-10","sigma_eta","phi_h",-0.000507458569196789
"holdout","DAX","ARSV","2025-10","nu","phi_h",-0.019453516306523
"holdout","DAX","ARSV","2025-10","mu_y","sigma_eta",3.62186828325452e-05
"holdout","DAX","ARSV","2025-10","phi_y","sigma_eta",6.38786115673217e-05
"holdout","DAX","ARSV","2025-10","mu_h","sigma_eta",-0.000882982156332184
"holdout","DAX","ARSV","2025-10","phi_h","sigma_eta",-0.000507458569196789
"holdout","DAX","ARSV","2025-10","sigma_eta","sigma_eta",0.00179444364961153
"holdout","DAX","ARSV","2025-10","nu","sigma_eta",0.0713421710305513
"holdout","DAX","ARSV","2025-10","mu_y","nu",-0.000413621391778282
"holdout","DAX","ARSV","2025-10","phi_y","nu",0.00615552725169692
"holdout","DAX","ARSV","2025-10","mu_h","nu",-0.110642651865173
"holdout","DAX","ARSV","2025-10","phi_h","nu",-0.019453516306523
"holdout","DAX","ARSV","2025-10","sigma_eta","nu",0.0713421710305513
"holdout","DAX","ARSV","2025-10","nu","nu",13.138319992739
"holdout","DAX","ARSV","2025-11","mu_y","mu_y",0.000317063033249872
"holdout","DAX","ARSV","2025-11","phi_y","mu_y",-5.46970878187819e-06
"holdout","DAX","ARSV","2025-11","mu_h","mu_y",-4.45534721813106e-06
"holdout","DAX","ARSV","2025-11","phi_h","mu_y",-1.30882786290607e-05
"holdout","DAX","ARSV","2025-11","sigma_eta","mu_y",5.32933704897194e-05
"holdout","DAX","ARSV","2025-11","nu","mu_y",-0.0018720917711234
"holdout","DAX","ARSV","2025-11","mu_y","phi_y",-5.46970878187819e-06
"holdout","DAX","ARSV","2025-11","phi_y","phi_y",0.000510023883512572
"holdout","DAX","ARSV","2025-11","mu_h","phi_y",-1.05357562270892e-05
"holdout","DAX","ARSV","2025-11","phi_h","phi_y",-2.7753322601773e-05
"holdout","DAX","ARSV","2025-11","sigma_eta","phi_y",9.20500045518039e-05
"holdout","DAX","ARSV","2025-11","nu","phi_y",0.0102168073240649
"holdout","DAX","ARSV","2025-11","mu_y","mu_h",-4.45534721813106e-06
"holdout","DAX","ARSV","2025-11","phi_y","mu_h",-1.05357562270892e-05
"holdout","DAX","ARSV","2025-11","mu_h","mu_h",0.0164653012204353
"holdout","DAX","ARSV","2025-11","phi_h","mu_h",0.000225609399015311
"holdout","DAX","ARSV","2025-11","sigma_eta","mu_h",-0.000827755947590094
"holdout","DAX","ARSV","2025-11","nu","mu_h",-0.0854290594713802
"holdout","DAX","ARSV","2025-11","mu_y","phi_h",-1.30882786290607e-05
"holdout","DAX","ARSV","2025-11","phi_y","phi_h",-2.7753322601773e-05
"holdout","DAX","ARSV","2025-11","mu_h","phi_h",0.000225609399015311
"holdout","DAX","ARSV","2025-11","phi_h","phi_h",0.000210864564048047
"holdout","DAX","ARSV","2025-11","sigma_eta","phi_h",-0.000501051868079742
"holdout","DAX","ARSV","2025-11","nu","phi_h",-0.0184289701836947
"holdout","DAX","ARSV","2025-11","mu_y","sigma_eta",5.32933704897194e-05
"holdout","DAX","ARSV","2025-11","phi_y","sigma_eta",9.20500045518039e-05
"holdout","DAX","ARSV","2025-11","mu_h","sigma_eta",-0.000827755947590094
"holdout","DAX","ARSV","2025-11","phi_h","sigma_eta",-0.000501051868079742
"holdout","DAX","ARSV","2025-11","sigma_eta","sigma_eta",0.00180685073038499
"holdout","DAX","ARSV","2025-11","nu","sigma_eta",0.0681197448925712
"holdout","DAX","ARSV","2025-11","mu_y","nu",-0.0018720917711234
"holdout","DAX","ARSV","2025-11","phi_y","nu",0.0102168073240649
"holdout","DAX","ARSV","2025-11","mu_h","nu",-0.0854290594713802
"holdout","DAX","ARSV","2025-11","phi_h","nu",-0.0184289701836947
"holdout","DAX","ARSV","2025-11","sigma_eta","nu",0.0681197448925712
"holdout","DAX","ARSV","2025-11","nu","nu",12.6748947065551
"holdout","DAX","ARSV","2025-12","mu_y","mu_y",0.000322130075077079
"holdout","DAX","ARSV","2025-12","phi_y","mu_y",1.30355096419105e-06
"holdout","DAX","ARSV","2025-12","mu_h","mu_y",-1.83988946513376e-05
"holdout","DAX","ARSV","2025-12","phi_h","mu_y",-8.88264905708648e-06
"holdout","DAX","ARSV","2025-12","sigma_eta","mu_y",5.73421082890355e-05
"holdout","DAX","ARSV","2025-12","nu","mu_y",-0.00176876652831509
"holdout","DAX","ARSV","2025-12","mu_y","phi_y",1.30355096419105e-06
"holdout","DAX","ARSV","2025-12","phi_y","phi_y",0.000514223986004772
"holdout","DAX","ARSV","2025-12","mu_h","phi_y",-6.02370281937007e-05
"holdout","DAX","ARSV","2025-12","phi_h","phi_y",-2.08237336967478e-05
"holdout","DAX","ARSV","2025-12","sigma_eta","phi_y",7.55467784047101e-05
"holdout","DAX","ARSV","2025-12","nu","phi_y",0.00720814801808721
"holdout","DAX","ARSV","2025-12","mu_y","mu_h",-1.83988946513376e-05
"holdout","DAX","ARSV","2025-12","phi_y","mu_h",-6.02370281937007e-05
"holdout","DAX","ARSV","2025-12","mu_h","mu_h",0.0162491919924512
"holdout","DAX","ARSV","2025-12","phi_h","mu_h",0.000228048335671913
"holdout","DAX","ARSV","2025-12","sigma_eta","mu_h",-0.000887139387140517
"holdout","DAX","ARSV","2025-12","nu","mu_h",-0.0936905238134335
"holdout","DAX","ARSV","2025-12","mu_y","phi_h",-8.88264905708648e-06
"holdout","DAX","ARSV","2025-12","phi_y","phi_h",-2.08237336967478e-05
"holdout","DAX","ARSV","2025-12","mu_h","phi_h",0.000228048335671913
"holdout","DAX","ARSV","2025-12","phi_h","phi_h",0.000207973774134191
"holdout","DAX","ARSV","2025-12","sigma_eta","phi_h",-0.00051238379168726
"holdout","DAX","ARSV","2025-12","nu","phi_h",-0.021141830679977
"holdout","DAX","ARSV","2025-12","mu_y","sigma_eta",5.73421082890355e-05
"holdout","DAX","ARSV","2025-12","phi_y","sigma_eta",7.55467784047101e-05
"holdout","DAX","ARSV","2025-12","mu_h","sigma_eta",-0.000887139387140517
"holdout","DAX","ARSV","2025-12","phi_h","sigma_eta",-0.00051238379168726
"holdout","DAX","ARSV","2025-12","sigma_eta","sigma_eta",0.00186763495597101
"holdout","DAX","ARSV","2025-12","nu","sigma_eta",0.0758812395055699
"holdout","DAX","ARSV","2025-12","mu_y","nu",-0.00176876652831509
"holdout","DAX","ARSV","2025-12","phi_y","nu",0.00720814801808721
"holdout","DAX","ARSV","2025-12","mu_h","nu",-0.0936905238134335
"holdout","DAX","ARSV","2025-12","phi_h","nu",-0.021141830679977
"holdout","DAX","ARSV","2025-12","sigma_eta","nu",0.0758812395055699
"holdout","DAX","ARSV","2025-12","nu","nu",13.6698052322698
"holdout","DAX","STAR_SV","2024-01","mu_y","mu_y",0.000323797937552462
"holdout","DAX","STAR_SV","2024-01","phi_y","mu_y",-5.69508202162324e-05
"holdout","DAX","STAR_SV","2024-01","mu_h","mu_y",0.000323625749118366
"holdout","DAX","STAR_SV","2024-01","phi_h","mu_y",2.38823727694706e-06
"holdout","DAX","STAR_SV","2024-01","sigma_eta","mu_y",0.000181230507157916
"holdout","DAX","STAR_SV","2024-01","nu","mu_y",0.000507753058740523
"holdout","DAX","STAR_SV","2024-01","gamma_severe","mu_y",0.000198183300875965
"holdout","DAX","STAR_SV","2024-01","gamma_mild","mu_y",0.000126374344422208
"holdout","DAX","STAR_SV","2024-01","mu_y","phi_y",-5.69508202162324e-05
"holdout","DAX","STAR_SV","2024-01","phi_y","phi_y",0.000493794209139622
"holdout","DAX","STAR_SV","2024-01","mu_h","phi_y",-0.000821079425894536
"holdout","DAX","STAR_SV","2024-01","phi_h","phi_y",-3.93583993395324e-06
"holdout","DAX","STAR_SV","2024-01","sigma_eta","phi_y",-0.000131971580219017
"holdout","DAX","STAR_SV","2024-01","nu","phi_y",-8.38150412253949e-05
"holdout","DAX","STAR_SV","2024-01","gamma_severe","phi_y",-0.000164999716464591
"holdout","DAX","STAR_SV","2024-01","gamma_mild","phi_y",-0.000216139929692633
"holdout","DAX","STAR_SV","2024-01","mu_y","mu_h",0.000323625749118366
"holdout","DAX","STAR_SV","2024-01","phi_y","mu_h",-0.000821079425894536
"holdout","DAX","STAR_SV","2024-01","mu_h","mu_h",0.0889208492783048
"holdout","DAX","STAR_SV","2024-01","phi_h","mu_h",-0.00173967505159748
"holdout","DAX","STAR_SV","2024-01","sigma_eta","mu_h",0.00800195825756972
"holdout","DAX","STAR_SV","2024-01","nu","mu_h",0.0564725485595012
"holdout","DAX","STAR_SV","2024-01","gamma_severe","mu_h",0.00720540347442404
"holdout","DAX","STAR_SV","2024-01","gamma_mild","mu_h",0.00506385835053358
"holdout","DAX","STAR_SV","2024-01","mu_y","phi_h",2.38823727694706e-06
"holdout","DAX","STAR_SV","2024-01","phi_y","phi_h",-3.93583993395324e-06
"holdout","DAX","STAR_SV","2024-01","mu_h","phi_h",-0.00173967505159748
"holdout","DAX","STAR_SV","2024-01","phi_h","phi_h",0.000121528923835042
"holdout","DAX","STAR_SV","2024-01","sigma_eta","phi_h",-0.000187105551251004
"holdout","DAX","STAR_SV","2024-01","nu","phi_h",-0.00104761774556835
"holdout","DAX","STAR_SV","2024-01","gamma_severe","phi_h",0.000232486824920432
"holdout","DAX","STAR_SV","2024-01","gamma_mild","phi_h",0.00028239625005741
"holdout","DAX","STAR_SV","2024-01","mu_y","sigma_eta",0.000181230507157916
"holdout","DAX","STAR_SV","2024-01","phi_y","sigma_eta",-0.000131971580219017
"holdout","DAX","STAR_SV","2024-01","mu_h","sigma_eta",0.00800195825756972
"holdout","DAX","STAR_SV","2024-01","phi_h","sigma_eta",-0.000187105551251004
"holdout","DAX","STAR_SV","2024-01","sigma_eta","sigma_eta",0.00230981749894135
"holdout","DAX","STAR_SV","2024-01","nu","sigma_eta",0.0173840813963287
"holdout","DAX","STAR_SV","2024-01","gamma_severe","sigma_eta",0.000898386535365564
"holdout","DAX","STAR_SV","2024-01","gamma_mild","sigma_eta",0.000541931608669785
"holdout","DAX","STAR_SV","2024-01","mu_y","nu",0.000507753058740523
"holdout","DAX","STAR_SV","2024-01","phi_y","nu",-8.38150412253949e-05
"holdout","DAX","STAR_SV","2024-01","mu_h","nu",0.0564725485595012
"holdout","DAX","STAR_SV","2024-01","phi_h","nu",-0.00104761774556835
"holdout","DAX","STAR_SV","2024-01","sigma_eta","nu",0.0173840813963287
"holdout","DAX","STAR_SV","2024-01","nu","nu",0.556173463550038
"holdout","DAX","STAR_SV","2024-01","gamma_severe","nu",0.0154831382539961
"holdout","DAX","STAR_SV","2024-01","gamma_mild","nu",0.011048397465896
"holdout","DAX","STAR_SV","2024-01","mu_y","gamma_severe",0.000198183300875965
"holdout","DAX","STAR_SV","2024-01","phi_y","gamma_severe",-0.000164999716464591
"holdout","DAX","STAR_SV","2024-01","mu_h","gamma_severe",0.00720540347442404
"holdout","DAX","STAR_SV","2024-01","phi_h","gamma_severe",0.000232486824920432
"holdout","DAX","STAR_SV","2024-01","sigma_eta","gamma_severe",0.000898386535365564
"holdout","DAX","STAR_SV","2024-01","nu","gamma_severe",0.0154831382539961
"holdout","DAX","STAR_SV","2024-01","gamma_severe","gamma_severe",0.00274491196335748
"holdout","DAX","STAR_SV","2024-01","gamma_mild","gamma_severe",0.0020716146771636
"holdout","DAX","STAR_SV","2024-01","mu_y","gamma_mild",0.000126374344422208
"holdout","DAX","STAR_SV","2024-01","phi_y","gamma_mild",-0.000216139929692633
"holdout","DAX","STAR_SV","2024-01","mu_h","gamma_mild",0.00506385835053358
"holdout","DAX","STAR_SV","2024-01","phi_h","gamma_mild",0.00028239625005741
"holdout","DAX","STAR_SV","2024-01","sigma_eta","gamma_mild",0.000541931608669785
"holdout","DAX","STAR_SV","2024-01","nu","gamma_mild",0.011048397465896
"holdout","DAX","STAR_SV","2024-01","gamma_severe","gamma_mild",0.0020716146771636
"holdout","DAX","STAR_SV","2024-01","gamma_mild","gamma_mild",0.0124175509351329
"holdout","DAX","STAR_SV","2024-02","mu_y","mu_y",0.000295317454378242
"holdout","DAX","STAR_SV","2024-02","phi_y","mu_y",-4.78316922343411e-05
"holdout","DAX","STAR_SV","2024-02","mu_h","mu_y",-0.00049169753636275
"holdout","DAX","STAR_SV","2024-02","phi_h","mu_y",8.19407764168729e-06
"holdout","DAX","STAR_SV","2024-02","sigma_eta","mu_y",0.000152688629374602
"holdout","DAX","STAR_SV","2024-02","nu","mu_y",-0.000322533905336519
"holdout","DAX","STAR_SV","2024-02","gamma_severe","mu_y",9.14966299325031e-05
"holdout","DAX","STAR_SV","2024-02","gamma_mild","mu_y",0.000155977223411754
"holdout","DAX","STAR_SV","2024-02","mu_y","phi_y",-4.78316922343411e-05
"holdout","DAX","STAR_SV","2024-02","phi_y","phi_y",0.000489154483485661
"holdout","DAX","STAR_SV","2024-02","mu_h","phi_y",-0.00084045720588918
"holdout","DAX","STAR_SV","2024-02","phi_h","phi_y",-4.33632743040314e-06
"holdout","DAX","STAR_SV","2024-02","sigma_eta","phi_y",-0.000138426903386553
"holdout","DAX","STAR_SV","2024-02","nu","phi_y",0.000285612955367965
"holdout","DAX","STAR_SV","2024-02","gamma_severe","phi_y",-0.000140972650066475
"holdout","DAX","STAR_SV","2024-02","gamma_mild","phi_y",-0.000103990300707376
"holdout","DAX","STAR_SV","2024-02","mu_y","mu_h",-0.00049169753636275
"holdout","DAX","STAR_SV","2024-02","phi_y","mu_h",-0.00084045720588918
"holdout","DAX","STAR_SV","2024-02","mu_h","mu_h",0.164927036716675
"holdout","DAX","STAR_SV","2024-02","phi_h","mu_h",-0.00262190798886562
"holdout","DAX","STAR_SV","2024-02","sigma_eta","mu_h",0.0116970181206568
"holdout","DAX","STAR_SV","2024-02","nu","mu_h",0.060968392470804
"holdout","DAX","STAR_SV","2024-02","gamma_severe","mu_h",0.00521620594938716
"holdout","DAX","STAR_SV","2024-02","gamma_mild","mu_h",0.00196284426506998
"holdout","DAX","STAR_SV","2024-02","mu_y","phi_h",8.19407764168729e-06
"holdout","DAX","STAR_SV","2024-02","phi_y","phi_h",-4.33632743040314e-06
"holdout","DAX","STAR_SV","2024-02","mu_h","phi_h",-0.00262190798886562
"holdout","DAX","STAR_SV","2024-02","phi_h","phi_h",8.12613384880209e-05
"holdout","DAX","STAR_SV","2024-02","sigma_eta","phi_h",-0.00014767938194553
"holdout","DAX","STAR_SV","2024-02","nu","phi_h",-0.00096878189838364
"holdout","DAX","STAR_SV","2024-02","gamma_severe","phi_h",0.000148351362209872
"holdout","DAX","STAR_SV","2024-02","gamma_mild","phi_h",0.000205936491423274
"holdout","DAX","STAR_SV","2024-02","mu_y","sigma_eta",0.000152688629374602
"holdout","DAX","STAR_SV","2024-02","phi_y","sigma_eta",-0.000138426903386553
"holdout","DAX","STAR_SV","2024-02","mu_h","sigma_eta",0.0116970181206568
"holdout","DAX","STAR_SV","2024-02","phi_h","sigma_eta",-0.00014767938194553
"holdout","DAX","STAR_SV","2024-02","sigma_eta","sigma_eta",0.0033469755670931
"holdout","DAX","STAR_SV","2024-02","nu","sigma_eta",0.0163431344280357
"holdout","DAX","STAR_SV","2024-02","gamma_severe","sigma_eta",0.000964385356513287
"holdout","DAX","STAR_SV","2024-02","gamma_mild","sigma_eta",0.00078607461623977
"holdout","DAX","STAR_SV","2024-02","mu_y","nu",-0.000322533905336519
"holdout","DAX","STAR_SV","2024-02","phi_y","nu",0.000285612955367965
"holdout","DAX","STAR_SV","2024-02","mu_h","nu",0.060968392470804
"holdout","DAX","STAR_SV","2024-02","phi_h","nu",-0.00096878189838364
"holdout","DAX","STAR_SV","2024-02","sigma_eta","nu",0.0163431344280357
"holdout","DAX","STAR_SV","2024-02","nu","nu",0.399378059796327
"holdout","DAX","STAR_SV","2024-02","gamma_severe","nu",0.0102950616758606
"holdout","DAX","STAR_SV","2024-02","gamma_mild","nu",0.00580939686648467
"holdout","DAX","STAR_SV","2024-02","mu_y","gamma_severe",9.14966299325031e-05
"holdout","DAX","STAR_SV","2024-02","phi_y","gamma_severe",-0.000140972650066475
"holdout","DAX","STAR_SV","2024-02","mu_h","gamma_severe",0.00521620594938716
"holdout","DAX","STAR_SV","2024-02","phi_h","gamma_severe",0.000148351362209872
"holdout","DAX","STAR_SV","2024-02","sigma_eta","gamma_severe",0.000964385356513287
"holdout","DAX","STAR_SV","2024-02","nu","gamma_severe",0.0102950616758606
"holdout","DAX","STAR_SV","2024-02","gamma_severe","gamma_severe",0.00195076297099743
"holdout","DAX","STAR_SV","2024-02","gamma_mild","gamma_severe",0.00135679307741965
"holdout","DAX","STAR_SV","2024-02","mu_y","gamma_mild",0.000155977223411754
"holdout","DAX","STAR_SV","2024-02","phi_y","gamma_mild",-0.000103990300707376
"holdout","DAX","STAR_SV","2024-02","mu_h","gamma_mild",0.00196284426506998
"holdout","DAX","STAR_SV","2024-02","phi_h","gamma_mild",0.000205936491423274
"holdout","DAX","STAR_SV","2024-02","sigma_eta","gamma_mild",0.00078607461623977
"holdout","DAX","STAR_SV","2024-02","nu","gamma_mild",0.00580939686648467
"holdout","DAX","STAR_SV","2024-02","gamma_severe","gamma_mild",0.00135679307741965
"holdout","DAX","STAR_SV","2024-02","gamma_mild","gamma_mild",0.0134663223563277
"holdout","DAX","STAR_SV","2024-03","mu_y","mu_y",0.000291765017115484
"holdout","DAX","STAR_SV","2024-03","phi_y","mu_y",-5.60180477675887e-05
"holdout","DAX","STAR_SV","2024-03","mu_h","mu_y",4.90000156139611e-05
"holdout","DAX","STAR_SV","2024-03","phi_h","mu_y",2.88396804094778e-06
"holdout","DAX","STAR_SV","2024-03","sigma_eta","mu_y",0.000130207902200054
"holdout","DAX","STAR_SV","2024-03","nu","mu_y",1.43704816279885e-05
"holdout","DAX","STAR_SV","2024-03","gamma_severe","mu_y",0.000132153297879739
"holdout","DAX","STAR_SV","2024-03","gamma_mild","mu_y",0.000119242700353655
"holdout","DAX","STAR_SV","2024-03","mu_y","phi_y",-5.60180477675887e-05
"holdout","DAX","STAR_SV","2024-03","phi_y","phi_y",0.000501405309564093
"holdout","DAX","STAR_SV","2024-03","mu_h","phi_y",-0.000760625303759702
"holdout","DAX","STAR_SV","2024-03","phi_h","phi_y",-4.72792572020888e-06
"holdout","DAX","STAR_SV","2024-03","sigma_eta","phi_y",-5.59754661866984e-05
"holdout","DAX","STAR_SV","2024-03","nu","phi_y",0.000479359071835529
"holdout","DAX","STAR_SV","2024-03","gamma_severe","phi_y",-0.000122732405992947
"holdout","DAX","STAR_SV","2024-03","gamma_mild","phi_y",-0.000170825463754513
"holdout","DAX","STAR_SV","2024-03","mu_y","mu_h",4.90000156139611e-05
"holdout","DAX","STAR_SV","2024-03","phi_y","mu_h",-0.000760625303759702
"holdout","DAX","STAR_SV","2024-03","mu_h","mu_h",0.0965239313620053
"holdout","DAX","STAR_SV","2024-03","phi_h","mu_h",-0.00175915870224743
"holdout","DAX","STAR_SV","2024-03","sigma_eta","mu_h",0.00681713405533143
"holdout","DAX","STAR_SV","2024-03","nu","mu_h",0.0383144445692639
"holdout","DAX","STAR_SV","2024-03","gamma_severe","mu_h",0.00409027318292822
"holdout","DAX","STAR_SV","2024-03","gamma_mild","mu_h",0.00262530795976667
"holdout","DAX","STAR_SV","2024-03","mu_y","phi_h",2.88396804094778e-06
"holdout","DAX","STAR_SV","2024-03","phi_y","phi_h",-4.72792572020888e-06
"holdout","DAX","STAR_SV","2024-03","mu_h","phi_h",-0.00175915870224743
"holdout","DAX","STAR_SV","2024-03","phi_h","phi_h",8.95675561159039e-05
"holdout","DAX","STAR_SV","2024-03","sigma_eta","phi_h",-0.000132055507501422
"holdout","DAX","STAR_SV","2024-03","nu","phi_h",-0.000827587062173358
"holdout","DAX","STAR_SV","2024-03","gamma_severe","phi_h",0.000210517722055358
"holdout","DAX","STAR_SV","2024-03","gamma_mild","phi_h",0.000244447254655773
"holdout","DAX","STAR_SV","2024-03","mu_y","sigma_eta",0.000130207902200054
"holdout","DAX","STAR_SV","2024-03","phi_y","sigma_eta",-5.59754661866984e-05
"holdout","DAX","STAR_SV","2024-03","mu_h","sigma_eta",0.00681713405533143
"holdout","DAX","STAR_SV","2024-03","phi_h","sigma_eta",-0.000132055507501422
"holdout","DAX","STAR_SV","2024-03","sigma_eta","sigma_eta",0.00197007182434923
"holdout","DAX","STAR_SV","2024-03","nu","sigma_eta",0.0112017063484804
"holdout","DAX","STAR_SV","2024-03","gamma_severe","sigma_eta",0.000501521897469023
"holdout","DAX","STAR_SV","2024-03","gamma_mild","sigma_eta",0.000330805284686987
"holdout","DAX","STAR_SV","2024-03","mu_y","nu",1.43704816279885e-05
"holdout","DAX","STAR_SV","2024-03","phi_y","nu",0.000479359071835529
"holdout","DAX","STAR_SV","2024-03","mu_h","nu",0.0383144445692639
"holdout","DAX","STAR_SV","2024-03","phi_h","nu",-0.000827587062173358
"holdout","DAX","STAR_SV","2024-03","sigma_eta","nu",0.0112017063484804
"holdout","DAX","STAR_SV","2024-03","nu","nu",0.407745470247749
"holdout","DAX","STAR_SV","2024-03","gamma_severe","nu",0.0093539100710679
"holdout","DAX","STAR_SV","2024-03","gamma_mild","nu",0.00552038615457376
"holdout","DAX","STAR_SV","2024-03","mu_y","gamma_severe",0.000132153297879739
"holdout","DAX","STAR_SV","2024-03","phi_y","gamma_severe",-0.000122732405992947
"holdout","DAX","STAR_SV","2024-03","mu_h","gamma_severe",0.00409027318292822
"holdout","DAX","STAR_SV","2024-03","phi_h","gamma_severe",0.000210517722055358
"holdout","DAX","STAR_SV","2024-03","sigma_eta","gamma_severe",0.000501521897469023
"holdout","DAX","STAR_SV","2024-03","nu","gamma_severe",0.0093539100710679
"holdout","DAX","STAR_SV","2024-03","gamma_severe","gamma_severe",0.00202434902080261
"holdout","DAX","STAR_SV","2024-03","gamma_mild","gamma_severe",0.00158789535945566
"holdout","DAX","STAR_SV","2024-03","mu_y","gamma_mild",0.000119242700353655
"holdout","DAX","STAR_SV","2024-03","phi_y","gamma_mild",-0.000170825463754513
"holdout","DAX","STAR_SV","2024-03","mu_h","gamma_mild",0.00262530795976667
"holdout","DAX","STAR_SV","2024-03","phi_h","gamma_mild",0.000244447254655773
"holdout","DAX","STAR_SV","2024-03","sigma_eta","gamma_mild",0.000330805284686987
"holdout","DAX","STAR_SV","2024-03","nu","gamma_mild",0.00552038615457376
"holdout","DAX","STAR_SV","2024-03","gamma_severe","gamma_mild",0.00158789535945566
"holdout","DAX","STAR_SV","2024-03","gamma_mild","gamma_mild",0.00964187586794539
"holdout","DAX","STAR_SV","2024-04","mu_y","mu_y",0.000290832591035493
"holdout","DAX","STAR_SV","2024-04","phi_y","mu_y",-4.577987592603e-05
"holdout","DAX","STAR_SV","2024-04","mu_h","mu_y",-0.000365740973544026
"holdout","DAX","STAR_SV","2024-04","phi_h","mu_y",4.01234656631099e-06
"holdout","DAX","STAR_SV","2024-04","sigma_eta","mu_y",0.000184623325641222
"holdout","DAX","STAR_SV","2024-04","nu","mu_y",0.000117604521230694
"holdout","DAX","STAR_SV","2024-04","gamma_severe","mu_y",0.000111984488708395
"holdout","DAX","STAR_SV","2024-04","gamma_mild","mu_y",0.000136215977715846
"holdout","DAX","STAR_SV","2024-04","mu_y","phi_y",-4.577987592603e-05
"holdout","DAX","STAR_SV","2024-04","phi_y","phi_y",0.000433835438897755
"holdout","DAX","STAR_SV","2024-04","mu_h","phi_y",-0.000696230590792768
"holdout","DAX","STAR_SV","2024-04","phi_h","phi_y",-3.19814414946331e-06
"holdout","DAX","STAR_SV","2024-04","sigma_eta","phi_y",-0.000154310748754694
"holdout","DAX","STAR_SV","2024-04","nu","phi_y",5.80670522301352e-05
"holdout","DAX","STAR_SV","2024-04","gamma_severe","phi_y",-0.000114732681367084
"holdout","DAX","STAR_SV","2024-04","gamma_mild","phi_y",-0.000148523544099673
"holdout","DAX","STAR_SV","2024-04","mu_y","mu_h",-0.000365740973544026
"holdout","DAX","STAR_SV","2024-04","phi_y","mu_h",-0.000696230590792768
"holdout","DAX","STAR_SV","2024-04","mu_h","mu_h",0.183361826183694
"holdout","DAX","STAR_SV","2024-04","phi_h","mu_h",-0.00276853336076029
"holdout","DAX","STAR_SV","2024-04","sigma_eta","mu_h",0.014458904353084
"holdout","DAX","STAR_SV","2024-04","nu","mu_h",0.0658481869730522
"holdout","DAX","STAR_SV","2024-04","gamma_severe","mu_h",0.00659564331596278
"holdout","DAX","STAR_SV","2024-04","gamma_mild","mu_h",0.00435980003202976
"holdout","DAX","STAR_SV","2024-04","mu_y","phi_h",4.01234656631099e-06
"holdout","DAX","STAR_SV","2024-04","phi_y","phi_h",-3.19814414946331e-06
"holdout","DAX","STAR_SV","2024-04","mu_h","phi_h",-0.00276853336076029
"holdout","DAX","STAR_SV","2024-04","phi_h","phi_h",7.87661531044374e-05
"holdout","DAX","STAR_SV","2024-04","sigma_eta","phi_h",-0.000175668896304182
"holdout","DAX","STAR_SV","2024-04","nu","phi_h",-0.00101913130764422
"holdout","DAX","STAR_SV","2024-04","gamma_severe","phi_h",0.000120183448064027
"holdout","DAX","STAR_SV","2024-04","gamma_mild","phi_h",0.000172168188027384
"holdout","DAX","STAR_SV","2024-04","mu_y","sigma_eta",0.000184623325641222
"holdout","DAX","STAR_SV","2024-04","phi_y","sigma_eta",-0.000154310748754694
"holdout","DAX","STAR_SV","2024-04","mu_h","sigma_eta",0.014458904353084
"holdout","DAX","STAR_SV","2024-04","phi_h","sigma_eta",-0.000175668896304182
"holdout","DAX","STAR_SV","2024-04","sigma_eta","sigma_eta",0.00400281984962735
"holdout","DAX","STAR_SV","2024-04","nu","sigma_eta",0.0180603393766627
"holdout","DAX","STAR_SV","2024-04","gamma_severe","sigma_eta",0.00120777909539668
"holdout","DAX","STAR_SV","2024-04","gamma_mild","sigma_eta",0.000895068126204242
"holdout","DAX","STAR_SV","2024-04","mu_y","nu",0.000117604521230694
"holdout","DAX","STAR_SV","2024-04","phi_y","nu",5.80670522301352e-05
"holdout","DAX","STAR_SV","2024-04","mu_h","nu",0.0658481869730522
"holdout","DAX","STAR_SV","2024-04","phi_h","nu",-0.00101913130764422
"holdout","DAX","STAR_SV","2024-04","sigma_eta","nu",0.0180603393766627
"holdout","DAX","STAR_SV","2024-04","nu","nu",0.412804673361266
"holdout","DAX","STAR_SV","2024-04","gamma_severe","nu",0.0113489703394118
"holdout","DAX","STAR_SV","2024-04","gamma_mild","nu",0.00811667358846166
"holdout","DAX","STAR_SV","2024-04","mu_y","gamma_severe",0.000111984488708395
"holdout","DAX","STAR_SV","2024-04","phi_y","gamma_severe",-0.000114732681367084
"holdout","DAX","STAR_SV","2024-04","mu_h","gamma_severe",0.00659564331596278
"holdout","DAX","STAR_SV","2024-04","phi_h","gamma_severe",0.000120183448064027
"holdout","DAX","STAR_SV","2024-04","sigma_eta","gamma_severe",0.00120777909539668
"holdout","DAX","STAR_SV","2024-04","nu","gamma_severe",0.0113489703394118
"holdout","DAX","STAR_SV","2024-04","gamma_severe","gamma_severe",0.00204330203359254
"holdout","DAX","STAR_SV","2024-04","gamma_mild","gamma_severe",0.00162066247066042
"holdout","DAX","STAR_SV","2024-04","mu_y","gamma_mild",0.000136215977715846
"holdout","DAX","STAR_SV","2024-04","phi_y","gamma_mild",-0.000148523544099673
"holdout","DAX","STAR_SV","2024-04","mu_h","gamma_mild",0.00435980003202976
"holdout","DAX","STAR_SV","2024-04","phi_h","gamma_mild",0.000172168188027384
"holdout","DAX","STAR_SV","2024-04","sigma_eta","gamma_mild",0.000895068126204242
"holdout","DAX","STAR_SV","2024-04","nu","gamma_mild",0.00811667358846166
"holdout","DAX","STAR_SV","2024-04","gamma_severe","gamma_mild",0.00162066247066042
"holdout","DAX","STAR_SV","2024-04","gamma_mild","gamma_mild",0.0123239664232024
"holdout","DAX","STAR_SV","2024-05","mu_y","mu_y",0.000302514951529118
"holdout","DAX","STAR_SV","2024-05","phi_y","mu_y",-3.89688437151693e-05
"holdout","DAX","STAR_SV","2024-05","mu_h","mu_y",-0.00032941478707403
"holdout","DAX","STAR_SV","2024-05","phi_h","mu_y",9.63118798136616e-06
"holdout","DAX","STAR_SV","2024-05","sigma_eta","mu_y",7.82934314571274e-05
"holdout","DAX","STAR_SV","2024-05","nu","mu_y",3.97444437911683e-05
"holdout","DAX","STAR_SV","2024-05","gamma_severe","mu_y",0.000111737268847199
"holdout","DAX","STAR_SV","2024-05","gamma_mild","mu_y",3.67997310675916e-05
"holdout","DAX","STAR_SV","2024-05","mu_y","phi_y",-3.89688437151693e-05
"holdout","DAX","STAR_SV","2024-05","phi_y","phi_y",0.000452769556871886
"holdout","DAX","STAR_SV","2024-05","mu_h","phi_y",-0.000408175290152369
"holdout","DAX","STAR_SV","2024-05","phi_h","phi_y",-4.34035318911073e-06
"holdout","DAX","STAR_SV","2024-05","sigma_eta","phi_y",-2.14069400231995e-05
"holdout","DAX","STAR_SV","2024-05","nu","phi_y",0.00078586182479214
"holdout","DAX","STAR_SV","2024-05","gamma_severe","phi_y",-7.33504147923387e-05
"holdout","DAX","STAR_SV","2024-05","gamma_mild","phi_y",-0.000114277039541645
"holdout","DAX","STAR_SV","2024-05","mu_y","mu_h",-0.00032941478707403
"holdout","DAX","STAR_SV","2024-05","phi_y","mu_h",-0.000408175290152369
"holdout","DAX","STAR_SV","2024-05","mu_h","mu_h",0.0671480327410779
"holdout","DAX","STAR_SV","2024-05","phi_h","mu_h",-0.00153281687531866
"holdout","DAX","STAR_SV","2024-05","sigma_eta","mu_h",0.00444123473711986
"holdout","DAX","STAR_SV","2024-05","nu","mu_h",0.0195421842208056
"holdout","DAX","STAR_SV","2024-05","gamma_severe","mu_h",0.00296113222114619
"holdout","DAX","STAR_SV","2024-05","gamma_mild","mu_h",0.00313016115913392
"holdout","DAX","STAR_SV","2024-05","mu_y","phi_h",9.63118798136616e-06
"holdout","DAX","STAR_SV","2024-05","phi_y","phi_h",-4.34035318911073e-06
"holdout","DAX","STAR_SV","2024-05","mu_h","phi_h",-0.00153281687531866
"holdout","DAX","STAR_SV","2024-05","phi_h","phi_h",0.000114538813776733
"holdout","DAX","STAR_SV","2024-05","sigma_eta","phi_h",-0.000183074789492745
"holdout","DAX","STAR_SV","2024-05","nu","phi_h",-0.00110806748167578
"holdout","DAX","STAR_SV","2024-05","gamma_severe","phi_h",0.000245825300468507
"holdout","DAX","STAR_SV","2024-05","gamma_mild","phi_h",0.00026212975238285
"holdout","DAX","STAR_SV","2024-05","mu_y","sigma_eta",7.82934314571274e-05
"holdout","DAX","STAR_SV","2024-05","phi_y","sigma_eta",-2.14069400231995e-05
"holdout","DAX","STAR_SV","2024-05","mu_h","sigma_eta",0.00444123473711986
"holdout","DAX","STAR_SV","2024-05","phi_h","sigma_eta",-0.000183074789492745
"holdout","DAX","STAR_SV","2024-05","sigma_eta","sigma_eta",0.00163531839385464
"holdout","DAX","STAR_SV","2024-05","nu","sigma_eta",0.0108468996103845
"holdout","DAX","STAR_SV","2024-05","gamma_severe","sigma_eta",0.000108037477945538
"holdout","DAX","STAR_SV","2024-05","gamma_mild","sigma_eta",-3.56084667311261e-05
"holdout","DAX","STAR_SV","2024-05","mu_y","nu",3.97444437911683e-05
"holdout","DAX","STAR_SV","2024-05","phi_y","nu",0.00078586182479214
"holdout","DAX","STAR_SV","2024-05","mu_h","nu",0.0195421842208056
"holdout","DAX","STAR_SV","2024-05","phi_h","nu",-0.00110806748167578
"holdout","DAX","STAR_SV","2024-05","sigma_eta","nu",0.0108468996103845
"holdout","DAX","STAR_SV","2024-05","nu","nu",0.430507785331846
"holdout","DAX","STAR_SV","2024-05","gamma_severe","nu",0.00704966238276095
"holdout","DAX","STAR_SV","2024-05","gamma_mild","nu",0.00248975431524316
"holdout","DAX","STAR_SV","2024-05","mu_y","gamma_severe",0.000111737268847199
"holdout","DAX","STAR_SV","2024-05","phi_y","gamma_severe",-7.33504147923387e-05
"holdout","DAX","STAR_SV","2024-05","mu_h","gamma_severe",0.00296113222114619
"holdout","DAX","STAR_SV","2024-05","phi_h","gamma_severe",0.000245825300468507
"holdout","DAX","STAR_SV","2024-05","sigma_eta","gamma_severe",0.000108037477945538
"holdout","DAX","STAR_SV","2024-05","nu","gamma_severe",0.00704966238276095
"holdout","DAX","STAR_SV","2024-05","gamma_severe","gamma_severe",0.00186088749759901
"holdout","DAX","STAR_SV","2024-05","gamma_mild","gamma_severe",0.00135777950582025
"holdout","DAX","STAR_SV","2024-05","mu_y","gamma_mild",3.67997310675916e-05
"holdout","DAX","STAR_SV","2024-05","phi_y","gamma_mild",-0.000114277039541645
"holdout","DAX","STAR_SV","2024-05","mu_h","gamma_mild",0.00313016115913392
"holdout","DAX","STAR_SV","2024-05","phi_h","gamma_mild",0.00026212975238285
"holdout","DAX","STAR_SV","2024-05","sigma_eta","gamma_mild",-3.56084667311261e-05
"holdout","DAX","STAR_SV","2024-05","nu","gamma_mild",0.00248975431524316
"holdout","DAX","STAR_SV","2024-05","gamma_severe","gamma_mild",0.00135777950582025
"holdout","DAX","STAR_SV","2024-05","gamma_mild","gamma_mild",0.013116596436989
"holdout","DAX","STAR_SV","2024-06","mu_y","mu_y",0.000264644618627038
"holdout","DAX","STAR_SV","2024-06","phi_y","mu_y",-4.53663920550712e-05
"holdout","DAX","STAR_SV","2024-06","mu_h","mu_y",-0.000927091184775715
"holdout","DAX","STAR_SV","2024-06","phi_h","mu_y",1.29839385234609e-05
"holdout","DAX","STAR_SV","2024-06","sigma_eta","mu_y",0.000117536479479008
"holdout","DAX","STAR_SV","2024-06","nu","mu_y",-0.000323057003576885
"holdout","DAX","STAR_SV","2024-06","gamma_severe","mu_y",8.37439749363969e-05
"holdout","DAX","STAR_SV","2024-06","gamma_mild","mu_y",4.59667840200352e-05
"holdout","DAX","STAR_SV","2024-06","mu_y","phi_y",-4.53663920550712e-05
"holdout","DAX","STAR_SV","2024-06","phi_y","phi_y",0.000482986724152099
"holdout","DAX","STAR_SV","2024-06","mu_h","phi_y",-0.000671381373989136
"holdout","DAX","STAR_SV","2024-06","phi_h","phi_y",-1.04657063251292e-05
"holdout","DAX","STAR_SV","2024-06","sigma_eta","phi_y",-0.000146733112434766
"holdout","DAX","STAR_SV","2024-06","nu","phi_y",0.000519311414299365
"holdout","DAX","STAR_SV","2024-06","gamma_severe","phi_y",-0.00015259303799813
"holdout","DAX","STAR_SV","2024-06","gamma_mild","phi_y",-0.000136440063176458
"holdout","DAX","STAR_SV","2024-06","mu_y","mu_h",-0.000927091184775715
"holdout","DAX","STAR_SV","2024-06","phi_y","mu_h",-0.000671381373989136
"holdout","DAX","STAR_SV","2024-06","mu_h","mu_h",0.191796540369845
"holdout","DAX","STAR_SV","2024-06","phi_h","mu_h",-0.00259122901129892
"holdout","DAX","STAR_SV","2024-06","sigma_eta","mu_h",0.0129128935643012
"holdout","DAX","STAR_SV","2024-06","nu","mu_h",0.0604680504453138
"holdout","DAX","STAR_SV","2024-06","gamma_severe","mu_h",0.00580403863681234
"holdout","DAX","STAR_SV","2024-06","gamma_mild","mu_h",-0.000595614195244395
"holdout","DAX","STAR_SV","2024-06","mu_y","phi_h",1.29839385234609e-05
"holdout","DAX","STAR_SV","2024-06","phi_y","phi_h",-1.04657063251292e-05
"holdout","DAX","STAR_SV","2024-06","mu_h","phi_h",-0.00259122901129892
"holdout","DAX","STAR_SV","2024-06","phi_h","phi_h",6.99978568775935e-05
"holdout","DAX","STAR_SV","2024-06","sigma_eta","phi_h",-0.000123208477926125
"holdout","DAX","STAR_SV","2024-06","nu","phi_h",-0.000784792458615626
"holdout","DAX","STAR_SV","2024-06","gamma_severe","phi_h",0.000146675981032805
"holdout","DAX","STAR_SV","2024-06","gamma_mild","phi_h",0.000215178824903683
"holdout","DAX","STAR_SV","2024-06","mu_y","sigma_eta",0.000117536479479008
"holdout","DAX","STAR_SV","2024-06","phi_y","sigma_eta",-0.000146733112434766
"holdout","DAX","STAR_SV","2024-06","mu_h","sigma_eta",0.0129128935643012
"holdout","DAX","STAR_SV","2024-06","phi_h","sigma_eta",-0.000123208477926125
"holdout","DAX","STAR_SV","2024-06","sigma_eta","sigma_eta",0.00389239060701475
"holdout","DAX","STAR_SV","2024-06","nu","sigma_eta",0.0159235764126763
"holdout","DAX","STAR_SV","2024-06","gamma_severe","sigma_eta",0.00114849400239328
"holdout","DAX","STAR_SV","2024-06","gamma_mild","sigma_eta",6.89434966479915e-05
"holdout","DAX","STAR_SV","2024-06","mu_y","nu",-0.000323057003576885
"holdout","DAX","STAR_SV","2024-06","phi_y","nu",0.000519311414299365
"holdout","DAX","STAR_SV","2024-06","mu_h","nu",0.0604680504453138
"holdout","DAX","STAR_SV","2024-06","phi_h","nu",-0.000784792458615626
"holdout","DAX","STAR_SV","2024-06","sigma_eta","nu",0.0159235764126763
"holdout","DAX","STAR_SV","2024-06","nu","nu",0.378183312704068
"holdout","DAX","STAR_SV","2024-06","gamma_severe","nu",0.0100595349072821
"holdout","DAX","STAR_SV","2024-06","gamma_mild","nu",0.00222335234755801
"holdout","DAX","STAR_SV","2024-06","mu_y","gamma_severe",8.37439749363969e-05
"holdout","DAX","STAR_SV","2024-06","phi_y","gamma_severe",-0.00015259303799813
"holdout","DAX","STAR_SV","2024-06","mu_h","gamma_severe",0.00580403863681234
"holdout","DAX","STAR_SV","2024-06","phi_h","gamma_severe",0.000146675981032805
"holdout","DAX","STAR_SV","2024-06","sigma_eta","gamma_severe",0.00114849400239328
"holdout","DAX","STAR_SV","2024-06","nu","gamma_severe",0.0100595349072821
"holdout","DAX","STAR_SV","2024-06","gamma_severe","gamma_severe",0.00206044405319431
"holdout","DAX","STAR_SV","2024-06","gamma_mild","gamma_severe",0.000801485677873068
"holdout","DAX","STAR_SV","2024-06","mu_y","gamma_mild",4.59667840200352e-05
"holdout","DAX","STAR_SV","2024-06","phi_y","gamma_mild",-0.000136440063176458
"holdout","DAX","STAR_SV","2024-06","mu_h","gamma_mild",-0.000595614195244395
"holdout","DAX","STAR_SV","2024-06","phi_h","gamma_mild",0.000215178824903683
"holdout","DAX","STAR_SV","2024-06","sigma_eta","gamma_mild",6.89434966479915e-05
"holdout","DAX","STAR_SV","2024-06","nu","gamma_mild",0.00222335234755801
"holdout","DAX","STAR_SV","2024-06","gamma_severe","gamma_mild",0.000801485677873068
"holdout","DAX","STAR_SV","2024-06","gamma_mild","gamma_mild",0.019545719979415
"holdout","DAX","STAR_SV","2024-07","mu_y","mu_y",0.000270388762997009
"holdout","DAX","STAR_SV","2024-07","phi_y","mu_y",-5.39675994407342e-05
"holdout","DAX","STAR_SV","2024-07","mu_h","mu_y",-0.000617476510347547
"holdout","DAX","STAR_SV","2024-07","phi_h","mu_y",6.4613194471815e-06
"holdout","DAX","STAR_SV","2024-07","sigma_eta","mu_y",0.000156818223075839
"holdout","DAX","STAR_SV","2024-07","nu","mu_y",-0.000384685582114108
"holdout","DAX","STAR_SV","2024-07","gamma_severe","mu_y",7.99484988642058e-05
"holdout","DAX","STAR_SV","2024-07","gamma_mild","mu_y",5.49030371478053e-05
"holdout","DAX","STAR_SV","2024-07","mu_y","phi_y",-5.39675994407342e-05
"holdout","DAX","STAR_SV","2024-07","phi_y","phi_y",0.000483219799281985
"holdout","DAX","STAR_SV","2024-07","mu_h","phi_y",-0.000305241656828328
"holdout","DAX","STAR_SV","2024-07","phi_h","phi_y",-1.85829488298827e-05
"holdout","DAX","STAR_SV","2024-07","sigma_eta","phi_y",-0.000117275797624606
"holdout","DAX","STAR_SV","2024-07","nu","phi_y",0.000354992467751588
"holdout","DAX","STAR_SV","2024-07","gamma_severe","phi_y",-0.00016129092552374
"holdout","DAX","STAR_SV","2024-07","gamma_mild","phi_y",-0.000258677506116765
"holdout","DAX","STAR_SV","2024-07","mu_y","mu_h",-0.000617476510347547
"holdout","DAX","STAR_SV","2024-07","phi_y","mu_h",-0.000305241656828328
"holdout","DAX","STAR_SV","2024-07","mu_h","mu_h",0.166101351783469
"holdout","DAX","STAR_SV","2024-07","phi_h","mu_h",-0.00237144259596114
"holdout","DAX","STAR_SV","2024-07","sigma_eta","mu_h",0.0107287982759859
"holdout","DAX","STAR_SV","2024-07","nu","mu_h",0.0373550306958596
"holdout","DAX","STAR_SV","2024-07","gamma_severe","mu_h",0.00296582316970378
"holdout","DAX","STAR_SV","2024-07","gamma_mild","mu_h",-0.00369684564238544
"holdout","DAX","STAR_SV","2024-07","mu_y","phi_h",6.4613194471815e-06
"holdout","DAX","STAR_SV","2024-07","phi_y","phi_h",-1.85829488298827e-05
"holdout","DAX","STAR_SV","2024-07","mu_h","phi_h",-0.00237144259596114
"holdout","DAX","STAR_SV","2024-07","phi_h","phi_h",6.72818933092008e-05
"holdout","DAX","STAR_SV","2024-07","sigma_eta","phi_h",-0.00010980270903857
"holdout","DAX","STAR_SV","2024-07","nu","phi_h",-0.000367453117522972
"holdout","DAX","STAR_SV","2024-07","gamma_severe","phi_h",0.000176859196110606
"holdout","DAX","STAR_SV","2024-07","gamma_mild","phi_h",0.000263345277520714
"holdout","DAX","STAR_SV","2024-07","mu_y","sigma_eta",0.000156818223075839
"holdout","DAX","STAR_SV","2024-07","phi_y","sigma_eta",-0.000117275797624606
"holdout","DAX","STAR_SV","2024-07","mu_h","sigma_eta",0.0107287982759859
"holdout","DAX","STAR_SV","2024-07","phi_h","sigma_eta",-0.00010980270903857
"holdout","DAX","STAR_SV","2024-07","sigma_eta","sigma_eta",0.00385642945764828
"holdout","DAX","STAR_SV","2024-07","nu","sigma_eta",0.0147022600021502
"holdout","DAX","STAR_SV","2024-07","gamma_severe","sigma_eta",0.000843010574279221
"holdout","DAX","STAR_SV","2024-07","gamma_mild","sigma_eta",6.26682525847527e-05
"holdout","DAX","STAR_SV","2024-07","mu_y","nu",-0.000384685582114108
"holdout","DAX","STAR_SV","2024-07","phi_y","nu",0.000354992467751588
"holdout","DAX","STAR_SV","2024-07","mu_h","nu",0.0373550306958596
"holdout","DAX","STAR_SV","2024-07","phi_h","nu",-0.000367453117522972
"holdout","DAX","STAR_SV","2024-07","sigma_eta","nu",0.0147022600021502
"holdout","DAX","STAR_SV","2024-07","nu","nu",0.410651380491734
"holdout","DAX","STAR_SV","2024-07","gamma_severe","nu",0.00960496280362247
"holdout","DAX","STAR_SV","2024-07","gamma_mild","nu",0.00171442927060399
"holdout","DAX","STAR_SV","2024-07","mu_y","gamma_severe",7.99484988642058e-05
"holdout","DAX","STAR_SV","2024-07","phi_y","gamma_severe",-0.00016129092552374
"holdout","DAX","STAR_SV","2024-07","mu_h","gamma_severe",0.00296582316970378
"holdout","DAX","STAR_SV","2024-07","phi_h","gamma_severe",0.000176859196110606
"holdout","DAX","STAR_SV","2024-07","sigma_eta","gamma_severe",0.000843010574279221
"holdout","DAX","STAR_SV","2024-07","nu","gamma_severe",0.00960496280362247
"holdout","DAX","STAR_SV","2024-07","gamma_severe","gamma_severe",0.0018885985107902
"holdout","DAX","STAR_SV","2024-07","gamma_mild","gamma_severe",0.000764530818274411
"holdout","DAX","STAR_SV","2024-07","mu_y","gamma_mild",5.49030371478053e-05
"holdout","DAX","STAR_SV","2024-07","phi_y","gamma_mild",-0.000258677506116765
"holdout","DAX","STAR_SV","2024-07","mu_h","gamma_mild",-0.00369684564238544
"holdout","DAX","STAR_SV","2024-07","phi_h","gamma_mild",0.000263345277520714
"holdout","DAX","STAR_SV","2024-07","sigma_eta","gamma_mild",6.26682525847527e-05
"holdout","DAX","STAR_SV","2024-07","nu","gamma_mild",0.00171442927060399
"holdout","DAX","STAR_SV","2024-07","gamma_severe","gamma_mild",0.000764530818274411
"holdout","DAX","STAR_SV","2024-07","gamma_mild","gamma_mild",0.0200251646237719
"holdout","DAX","STAR_SV","2024-08","mu_y","mu_y",0.000282162350234908
"holdout","DAX","STAR_SV","2024-08","phi_y","mu_y",-4.76366040165074e-05
"holdout","DAX","STAR_SV","2024-08","mu_h","mu_y",-0.000706323272226557
"holdout","DAX","STAR_SV","2024-08","phi_h","mu_y",7.18278083818633e-06
"holdout","DAX","STAR_SV","2024-08","sigma_eta","mu_y",0.000153520243381408
"holdout","DAX","STAR_SV","2024-08","nu","mu_y",-0.000115973211299646
"holdout","DAX","STAR_SV","2024-08","gamma_severe","mu_y",9.03125957676122e-05
"holdout","DAX","STAR_SV","2024-08","gamma_mild","mu_y",5.76096082126665e-05
"holdout","DAX","STAR_SV","2024-08","mu_y","phi_y",-4.76366040165074e-05
"holdout","DAX","STAR_SV","2024-08","phi_y","phi_y",0.000479974742064157
"holdout","DAX","STAR_SV","2024-08","mu_h","phi_y",-0.000567837888352491
"holdout","DAX","STAR_SV","2024-08","phi_h","phi_y",-1.39594246368803e-05
"holdout","DAX","STAR_SV","2024-08","sigma_eta","phi_y",-0.000149454972984421
"holdout","DAX","STAR_SV","2024-08","nu","phi_y",9.98487467570928e-05
"holdout","DAX","STAR_SV","2024-08","gamma_severe","phi_y",-0.000165215164261433
"holdout","DAX","STAR_SV","2024-08","gamma_mild","phi_y",-0.000184567834615899
"holdout","DAX","STAR_SV","2024-08","mu_y","mu_h",-0.000706323272226557
"holdout","DAX","STAR_SV","2024-08","phi_y","mu_h",-0.000567837888352491
"holdout","DAX","STAR_SV","2024-08","mu_h","mu_h",0.22196605507767
"holdout","DAX","STAR_SV","2024-08","phi_h","mu_h",-0.00327119048621296
"holdout","DAX","STAR_SV","2024-08","sigma_eta","mu_h",0.0173177841758488
"holdout","DAX","STAR_SV","2024-08","nu","mu_h",0.0832686595601083
"holdout","DAX","STAR_SV","2024-08","gamma_severe","mu_h",0.00570419323405815
"holdout","DAX","STAR_SV","2024-08","gamma_mild","mu_h",-0.00185444473293093
"holdout","DAX","STAR_SV","2024-08","mu_y","phi_h",7.18278083818633e-06
"holdout","DAX","STAR_SV","2024-08","phi_y","phi_h",-1.39594246368803e-05
"holdout","DAX","STAR_SV","2024-08","mu_h","phi_h",-0.00327119048621296
"holdout","DAX","STAR_SV","2024-08","phi_h","phi_h",8.50859509802696e-05
"holdout","DAX","STAR_SV","2024-08","sigma_eta","phi_h",-0.000212968014351771
"holdout","DAX","STAR_SV","2024-08","nu","phi_h",-0.00126726083364506
"holdout","DAX","STAR_SV","2024-08","gamma_severe","phi_h",0.000142377075980721
"holdout","DAX","STAR_SV","2024-08","gamma_mild","phi_h",0.000265103954241663
"holdout","DAX","STAR_SV","2024-08","mu_y","sigma_eta",0.000153520243381408
"holdout","DAX","STAR_SV","2024-08","phi_y","sigma_eta",-0.000149454972984421
"holdout","DAX","STAR_SV","2024-08","mu_h","sigma_eta",0.0173177841758488
"holdout","DAX","STAR_SV","2024-08","phi_h","sigma_eta",-0.000212968014351771
"holdout","DAX","STAR_SV","2024-08","sigma_eta","sigma_eta",0.00450686446665234
"holdout","DAX","STAR_SV","2024-08","nu","sigma_eta",0.0185955599910601
"holdout","DAX","STAR_SV","2024-08","gamma_severe","sigma_eta",0.00114798643338168
"holdout","DAX","STAR_SV","2024-08","gamma_mild","sigma_eta",9.64754898343915e-05
"holdout","DAX","STAR_SV","2024-08","mu_y","nu",-0.000115973211299646
"holdout","DAX","STAR_SV","2024-08","phi_y","nu",9.98487467570928e-05
"holdout","DAX","STAR_SV","2024-08","mu_h","nu",0.0832686595601083
"holdout","DAX","STAR_SV","2024-08","phi_h","nu",-0.00126726083364506
"holdout","DAX","STAR_SV","2024-08","sigma_eta","nu",0.0185955599910601
"holdout","DAX","STAR_SV","2024-08","nu","nu",0.379742757697526
"holdout","DAX","STAR_SV","2024-08","gamma_severe","nu",0.00980412371522944
"holdout","DAX","STAR_SV","2024-08","gamma_mild","nu",0.00403037408755157
"holdout","DAX","STAR_SV","2024-08","mu_y","gamma_severe",9.03125957676122e-05
"holdout","DAX","STAR_SV","2024-08","phi_y","gamma_severe",-0.000165215164261433
"holdout","DAX","STAR_SV","2024-08","mu_h","gamma_severe",0.00570419323405815
"holdout","DAX","STAR_SV","2024-08","phi_h","gamma_severe",0.000142377075980721
"holdout","DAX","STAR_SV","2024-08","sigma_eta","gamma_severe",0.00114798643338168
"holdout","DAX","STAR_SV","2024-08","nu","gamma_severe",0.00980412371522944
"holdout","DAX","STAR_SV","2024-08","gamma_severe","gamma_severe",0.00199684326068617
"holdout","DAX","STAR_SV","2024-08","gamma_mild","gamma_severe",0.00102430637713218
"holdout","DAX","STAR_SV","2024-08","mu_y","gamma_mild",5.76096082126665e-05
"holdout","DAX","STAR_SV","2024-08","phi_y","gamma_mild",-0.000184567834615899
"holdout","DAX","STAR_SV","2024-08","mu_h","gamma_mild",-0.00185444473293093
"holdout","DAX","STAR_SV","2024-08","phi_h","gamma_mild",0.000265103954241663
"holdout","DAX","STAR_SV","2024-08","sigma_eta","gamma_mild",9.64754898343915e-05
"holdout","DAX","STAR_SV","2024-08","nu","gamma_mild",0.00403037408755157
"holdout","DAX","STAR_SV","2024-08","gamma_severe","gamma_mild",0.00102430637713218
"holdout","DAX","STAR_SV","2024-08","gamma_mild","gamma_mild",0.0198449687993466
"holdout","DAX","STAR_SV","2024-09","mu_y","mu_y",0.000277996896878982
"holdout","DAX","STAR_SV","2024-09","phi_y","mu_y",-3.23368571111031e-05
"holdout","DAX","STAR_SV","2024-09","mu_h","mu_y",-0.000759563016999707
"holdout","DAX","STAR_SV","2024-09","phi_h","mu_y",8.52848418403055e-06
"holdout","DAX","STAR_SV","2024-09","sigma_eta","mu_y",0.00015081111165081
"holdout","DAX","STAR_SV","2024-09","nu","mu_y",-0.00055459954644466
"holdout","DAX","STAR_SV","2024-09","gamma_severe","mu_y",7.49106383553158e-05
"holdout","DAX","STAR_SV","2024-09","gamma_mild","mu_y",3.06044275675225e-05
"holdout","DAX","STAR_SV","2024-09","mu_y","phi_y",-3.23368571111031e-05
"holdout","DAX","STAR_SV","2024-09","phi_y","phi_y",0.000485131405378705
"holdout","DAX","STAR_SV","2024-09","mu_h","phi_y",-0.000341590846887682
"holdout","DAX","STAR_SV","2024-09","phi_h","phi_y",-1.54189932767747e-05
"holdout","DAX","STAR_SV","2024-09","sigma_eta","phi_y",-0.000123693516750024
"holdout","DAX","STAR_SV","2024-09","nu","phi_y",0.000490795164526172
"holdout","DAX","STAR_SV","2024-09","gamma_severe","phi_y",-0.000133331765751427
"holdout","DAX","STAR_SV","2024-09","gamma_mild","phi_y",-4.70424732250492e-05
"holdout","DAX","STAR_SV","2024-09","mu_y","mu_h",-0.000759563016999707
"holdout","DAX","STAR_SV","2024-09","phi_y","mu_h",-0.000341590846887682
"holdout","DAX","STAR_SV","2024-09","mu_h","mu_h",0.173446726023198
"holdout","DAX","STAR_SV","2024-09","phi_h","mu_h",-0.00256667158088087
"holdout","DAX","STAR_SV","2024-09","sigma_eta","mu_h",0.0115964133334031
"holdout","DAX","STAR_SV","2024-09","nu","mu_h",0.0646040391830411
"holdout","DAX","STAR_SV","2024-09","gamma_severe","mu_h",0.0041086835137154
"holdout","DAX","STAR_SV","2024-09","gamma_mild","mu_h",0.00147580926398927
"holdout","DAX","STAR_SV","2024-09","mu_y","phi_h",8.52848418403055e-06
"holdout","DAX","STAR_SV","2024-09","phi_y","phi_h",-1.54189932767747e-05
"holdout","DAX","STAR_SV","2024-09","mu_h","phi_h",-0.00256667158088087
"holdout","DAX","STAR_SV","2024-09","phi_h","phi_h",7.68595611489744e-05
"holdout","DAX","STAR_SV","2024-09","sigma_eta","phi_h",-0.000125480968191413
"holdout","DAX","STAR_SV","2024-09","nu","phi_h",-0.000948497970853498
"holdout","DAX","STAR_SV","2024-09","gamma_severe","phi_h",0.000180367764891394
"holdout","DAX","STAR_SV","2024-09","gamma_mild","phi_h",0.000210846205046882
"holdout","DAX","STAR_SV","2024-09","mu_y","sigma_eta",0.00015081111165081
"holdout","DAX","STAR_SV","2024-09","phi_y","sigma_eta",-0.000123693516750024
"holdout","DAX","STAR_SV","2024-09","mu_h","sigma_eta",0.0115964133334031
"holdout","DAX","STAR_SV","2024-09","phi_h","sigma_eta",-0.000125480968191413
"holdout","DAX","STAR_SV","2024-09","sigma_eta","sigma_eta",0.00371930009274422
"holdout","DAX","STAR_SV","2024-09","nu","sigma_eta",0.0158121643649141
"holdout","DAX","STAR_SV","2024-09","gamma_severe","sigma_eta",0.000941601603172032
"holdout","DAX","STAR_SV","2024-09","gamma_mild","sigma_eta",0.000247611678310233
"holdout","DAX","STAR_SV","2024-09","mu_y","nu",-0.00055459954644466
"holdout","DAX","STAR_SV","2024-09","phi_y","nu",0.000490795164526172
"holdout","DAX","STAR_SV","2024-09","mu_h","nu",0.0646040391830411
"holdout","DAX","STAR_SV","2024-09","phi_h","nu",-0.000948497970853498
"holdout","DAX","STAR_SV","2024-09","sigma_eta","nu",0.0158121643649141
"holdout","DAX","STAR_SV","2024-09","nu","nu",0.415502947497796
"holdout","DAX","STAR_SV","2024-09","gamma_severe","nu",0.00957073796996308
"holdout","DAX","STAR_SV","2024-09","gamma_mild","nu",0.00346433467212458
"holdout","DAX","STAR_SV","2024-09","mu_y","gamma_severe",7.49106383553158e-05
"holdout","DAX","STAR_SV","2024-09","phi_y","gamma_severe",-0.000133331765751427
"holdout","DAX","STAR_SV","2024-09","mu_h","gamma_severe",0.0041086835137154
"holdout","DAX","STAR_SV","2024-09","phi_h","gamma_severe",0.000180367764891394
"holdout","DAX","STAR_SV","2024-09","sigma_eta","gamma_severe",0.000941601603172032
"holdout","DAX","STAR_SV","2024-09","nu","gamma_severe",0.00957073796996308
"holdout","DAX","STAR_SV","2024-09","gamma_severe","gamma_severe",0.00200984432282836
"holdout","DAX","STAR_SV","2024-09","gamma_mild","gamma_severe",0.00112104349220552
"holdout","DAX","STAR_SV","2024-09","mu_y","gamma_mild",3.06044275675225e-05
"holdout","DAX","STAR_SV","2024-09","phi_y","gamma_mild",-4.70424732250492e-05
"holdout","DAX","STAR_SV","2024-09","mu_h","gamma_mild",0.00147580926398927
"holdout","DAX","STAR_SV","2024-09","phi_h","gamma_mild",0.000210846205046882
"holdout","DAX","STAR_SV","2024-09","sigma_eta","gamma_mild",0.000247611678310233
"holdout","DAX","STAR_SV","2024-09","nu","gamma_mild",0.00346433467212458
"holdout","DAX","STAR_SV","2024-09","gamma_severe","gamma_mild",0.00112104349220552
"holdout","DAX","STAR_SV","2024-09","gamma_mild","gamma_mild",0.0184194308722643
"holdout","DAX","STAR_SV","2024-10","mu_y","mu_y",0.000293273877261261
"holdout","DAX","STAR_SV","2024-10","phi_y","mu_y",-4.59401205696037e-05
"holdout","DAX","STAR_SV","2024-10","mu_h","mu_y",-0.000680104160841328
"holdout","DAX","STAR_SV","2024-10","phi_h","mu_y",7.24202704653846e-06
"holdout","DAX","STAR_SV","2024-10","sigma_eta","mu_y",0.000145941247535396
"holdout","DAX","STAR_SV","2024-10","nu","mu_y",-0.000735753189216827
"holdout","DAX","STAR_SV","2024-10","gamma_severe","mu_y",7.61095005686192e-05
"holdout","DAX","STAR_SV","2024-10","gamma_mild","mu_y",5.9677609914433e-05
"holdout","DAX","STAR_SV","2024-10","mu_y","phi_y",-4.59401205696037e-05
"holdout","DAX","STAR_SV","2024-10","phi_y","phi_y",0.000477610121329039
"holdout","DAX","STAR_SV","2024-10","mu_h","phi_y",-0.000313387849794654
"holdout","DAX","STAR_SV","2024-10","phi_h","phi_y",-1.34965027739321e-05
"holdout","DAX","STAR_SV","2024-10","sigma_eta","phi_y",-8.75240538758547e-05
"holdout","DAX","STAR_SV","2024-10","nu","phi_y",0.000117827962573
"holdout","DAX","STAR_SV","2024-10","gamma_severe","phi_y",-0.000132862269932494
"holdout","DAX","STAR_SV","2024-10","gamma_mild","phi_y",-7.35398608500946e-05
"holdout","DAX","STAR_SV","2024-10","mu_y","mu_h",-0.000680104160841328
"holdout","DAX","STAR_SV","2024-10","phi_y","mu_h",-0.000313387849794654
"holdout","DAX","STAR_SV","2024-10","mu_h","mu_h",0.152595554914968
"holdout","DAX","STAR_SV","2024-10","phi_h","mu_h",-0.00223862751003648
"holdout","DAX","STAR_SV","2024-10","sigma_eta","mu_h",0.00875933024922867
"holdout","DAX","STAR_SV","2024-10","nu","mu_h",0.0433587475495963
"holdout","DAX","STAR_SV","2024-10","gamma_severe","mu_h",0.00233662565682922
"holdout","DAX","STAR_SV","2024-10","gamma_mild","mu_h",0.000183549576114928
"holdout","DAX","STAR_SV","2024-10","mu_y","phi_h",7.24202704653846e-06
"holdout","DAX","STAR_SV","2024-10","phi_y","phi_h",-1.34965027739321e-05
"holdout","DAX","STAR_SV","2024-10","mu_h","phi_h",-0.00223862751003648
"holdout","DAX","STAR_SV","2024-10","phi_h","phi_h",6.82693169038126e-05
"holdout","DAX","STAR_SV","2024-10","sigma_eta","phi_h",-9.51788779149616e-05
"holdout","DAX","STAR_SV","2024-10","nu","phi_h",-0.000592932707250319
"holdout","DAX","STAR_SV","2024-10","gamma_severe","phi_h",0.000186648508132762
"holdout","DAX","STAR_SV","2024-10","gamma_mild","phi_h",0.000199595455321504
"holdout","DAX","STAR_SV","2024-10","mu_y","sigma_eta",0.000145941247535396
"holdout","DAX","STAR_SV","2024-10","phi_y","sigma_eta",-8.75240538758547e-05
"holdout","DAX","STAR_SV","2024-10","mu_h","sigma_eta",0.00875933024922867
"holdout","DAX","STAR_SV","2024-10","phi_h","sigma_eta",-9.51788779149616e-05
"holdout","DAX","STAR_SV","2024-10","sigma_eta","sigma_eta",0.00288321299836544
"holdout","DAX","STAR_SV","2024-10","nu","sigma_eta",0.0129602595725772
"holdout","DAX","STAR_SV","2024-10","gamma_severe","sigma_eta",0.000650738158200475
"holdout","DAX","STAR_SV","2024-10","gamma_mild","sigma_eta",0.000392088973585537
"holdout","DAX","STAR_SV","2024-10","mu_y","nu",-0.000735753189216827
"holdout","DAX","STAR_SV","2024-10","phi_y","nu",0.000117827962573
"holdout","DAX","STAR_SV","2024-10","mu_h","nu",0.0433587475495963
"holdout","DAX","STAR_SV","2024-10","phi_h","nu",-0.000592932707250319
"holdout","DAX","STAR_SV","2024-10","sigma_eta","nu",0.0129602595725772
"holdout","DAX","STAR_SV","2024-10","nu","nu",0.444346284375187
"holdout","DAX","STAR_SV","2024-10","gamma_severe","nu",0.00831224371407217
"holdout","DAX","STAR_SV","2024-10","gamma_mild","nu",0.00305963494250439
"holdout","DAX","STAR_SV","2024-10","mu_y","gamma_severe",7.61095005686192e-05
"holdout","DAX","STAR_SV","2024-10","phi_y","gamma_severe",-0.000132862269932494
"holdout","DAX","STAR_SV","2024-10","mu_h","gamma_severe",0.00233662565682922
"holdout","DAX","STAR_SV","2024-10","phi_h","gamma_severe",0.000186648508132762
"holdout","DAX","STAR_SV","2024-10","sigma_eta","gamma_severe",0.000650738158200475
"holdout","DAX","STAR_SV","2024-10","nu","gamma_severe",0.00831224371407217
"holdout","DAX","STAR_SV","2024-10","gamma_severe","gamma_severe",0.00176475236100407
"holdout","DAX","STAR_SV","2024-10","gamma_mild","gamma_severe",0.000975488652926312
"holdout","DAX","STAR_SV","2024-10","mu_y","gamma_mild",5.9677609914433e-05
"holdout","DAX","STAR_SV","2024-10","phi_y","gamma_mild",-7.35398608500946e-05
"holdout","DAX","STAR_SV","2024-10","mu_h","gamma_mild",0.000183549576114928
"holdout","DAX","STAR_SV","2024-10","phi_h","gamma_mild",0.000199595455321504
"holdout","DAX","STAR_SV","2024-10","sigma_eta","gamma_mild",0.000392088973585537
"holdout","DAX","STAR_SV","2024-10","nu","gamma_mild",0.00305963494250439
"holdout","DAX","STAR_SV","2024-10","gamma_severe","gamma_mild",0.000975488652926312
"holdout","DAX","STAR_SV","2024-10","gamma_mild","gamma_mild",0.0141541225907058
"holdout","DAX","STAR_SV","2024-11","mu_y","mu_y",0.000271389078340923
"holdout","DAX","STAR_SV","2024-11","phi_y","mu_y",-3.33354355804184e-05
"holdout","DAX","STAR_SV","2024-11","mu_h","mu_y",-0.00114869227909581
"holdout","DAX","STAR_SV","2024-11","phi_h","mu_y",1.0743086566941e-05
"holdout","DAX","STAR_SV","2024-11","sigma_eta","mu_y",0.000121358096227323
"holdout","DAX","STAR_SV","2024-11","nu","mu_y",-0.00037386306669408
"holdout","DAX","STAR_SV","2024-11","gamma_severe","mu_y",6.3528887716588e-05
"holdout","DAX","STAR_SV","2024-11","gamma_mild","mu_y",9.92101264832918e-05
"holdout","DAX","STAR_SV","2024-11","mu_y","phi_y",-3.33354355804184e-05
"holdout","DAX","STAR_SV","2024-11","phi_y","phi_y",0.000474759594319554
"holdout","DAX","STAR_SV","2024-11","mu_h","phi_y",-0.000357124133188403
"holdout","DAX","STAR_SV","2024-11","phi_h","phi_y",-1.28621273229698e-05
"holdout","DAX","STAR_SV","2024-11","sigma_eta","phi_y",-9.0406236949777e-05
"holdout","DAX","STAR_SV","2024-11","nu","phi_y",0.00059333026873152
"holdout","DAX","STAR_SV","2024-11","gamma_severe","phi_y",-0.000132272794972397
"holdout","DAX","STAR_SV","2024-11","gamma_mild","phi_y",-8.23841455122096e-05
"holdout","DAX","STAR_SV","2024-11","mu_y","mu_h",-0.00114869227909581
"holdout","DAX","STAR_SV","2024-11","phi_y","mu_h",-0.000357124133188403
"holdout","DAX","STAR_SV","2024-11","mu_h","mu_h",0.147281674333042
"holdout","DAX","STAR_SV","2024-11","phi_h","mu_h",-0.00178011629065454
"holdout","DAX","STAR_SV","2024-11","sigma_eta","mu_h",0.00596882551155506
"holdout","DAX","STAR_SV","2024-11","nu","mu_h",0.0253180869657557
"holdout","DAX","STAR_SV","2024-11","gamma_severe","mu_h",0.00147019110683729
"holdout","DAX","STAR_SV","2024-11","gamma_mild","mu_h",-0.0019969293616236
"holdout","DAX","STAR_SV","2024-11","mu_y","phi_h",1.0743086566941e-05
"holdout","DAX","STAR_SV","2024-11","phi_y","phi_h",-1.28621273229698e-05
"holdout","DAX","STAR_SV","2024-11","mu_h","phi_h",-0.00178011629065454
"holdout","DAX","STAR_SV","2024-11","phi_h","phi_h",4.69153611893071e-05
"holdout","DAX","STAR_SV","2024-11","sigma_eta","phi_h",-2.08527318792598e-05
"holdout","DAX","STAR_SV","2024-11","nu","phi_h",-0.000197965108201818
"holdout","DAX","STAR_SV","2024-11","gamma_severe","phi_h",0.000162010266416925
"holdout","DAX","STAR_SV","2024-11","gamma_mild","phi_h",0.000193638810779941
"holdout","DAX","STAR_SV","2024-11","mu_y","sigma_eta",0.000121358096227323
"holdout","DAX","STAR_SV","2024-11","phi_y","sigma_eta",-9.0406236949777e-05
"holdout","DAX","STAR_SV","2024-11","mu_h","sigma_eta",0.00596882551155506
"holdout","DAX","STAR_SV","2024-11","phi_h","sigma_eta",-2.08527318792598e-05
"holdout","DAX","STAR_SV","2024-11","sigma_eta","sigma_eta",0.00338014783154525
"holdout","DAX","STAR_SV","2024-11","nu","sigma_eta",0.0119830751659941
"holdout","DAX","STAR_SV","2024-11","gamma_severe","sigma_eta",0.000709484135487451
"holdout","DAX","STAR_SV","2024-11","gamma_mild","sigma_eta",0.0003031223280526
"holdout","DAX","STAR_SV","2024-11","mu_y","nu",-0.00037386306669408
"holdout","DAX","STAR_SV","2024-11","phi_y","nu",0.00059333026873152
"holdout","DAX","STAR_SV","2024-11","mu_h","nu",0.0253180869657557
"holdout","DAX","STAR_SV","2024-11","phi_h","nu",-0.000197965108201818
"holdout","DAX","STAR_SV","2024-11","sigma_eta","nu",0.0119830751659941
"holdout","DAX","STAR_SV","2024-11","nu","nu",0.359806683584172
"holdout","DAX","STAR_SV","2024-11","gamma_severe","nu",0.00719951280304175
"holdout","DAX","STAR_SV","2024-11","gamma_mild","nu",0.000647442419536223
"holdout","DAX","STAR_SV","2024-11","mu_y","gamma_severe",6.3528887716588e-05
"holdout","DAX","STAR_SV","2024-11","phi_y","gamma_severe",-0.000132272794972397
"holdout","DAX","STAR_SV","2024-11","mu_h","gamma_severe",0.00147019110683729
"holdout","DAX","STAR_SV","2024-11","phi_h","gamma_severe",0.000162010266416925
"holdout","DAX","STAR_SV","2024-11","sigma_eta","gamma_severe",0.000709484135487451
"holdout","DAX","STAR_SV","2024-11","nu","gamma_severe",0.00719951280304175
"holdout","DAX","STAR_SV","2024-11","gamma_severe","gamma_severe",0.00158182095677408
"holdout","DAX","STAR_SV","2024-11","gamma_mild","gamma_severe",0.000683625699525753
"holdout","DAX","STAR_SV","2024-11","mu_y","gamma_mild",9.92101264832918e-05
"holdout","DAX","STAR_SV","2024-11","phi_y","gamma_mild",-8.23841455122096e-05
"holdout","DAX","STAR_SV","2024-11","mu_h","gamma_mild",-0.0019969293616236
"holdout","DAX","STAR_SV","2024-11","phi_h","gamma_mild",0.000193638810779941
"holdout","DAX","STAR_SV","2024-11","sigma_eta","gamma_mild",0.0003031223280526
"holdout","DAX","STAR_SV","2024-11","nu","gamma_mild",0.000647442419536223
"holdout","DAX","STAR_SV","2024-11","gamma_severe","gamma_mild",0.000683625699525753
"holdout","DAX","STAR_SV","2024-11","gamma_mild","gamma_mild",0.0174683523693064
"holdout","DAX","STAR_SV","2024-12","mu_y","mu_y",0.000284276228586268
"holdout","DAX","STAR_SV","2024-12","phi_y","mu_y",-3.2020441014347e-05
"holdout","DAX","STAR_SV","2024-12","mu_h","mu_y",-0.000610975400707801
"holdout","DAX","STAR_SV","2024-12","phi_h","mu_y",5.46033800913326e-06
"holdout","DAX","STAR_SV","2024-12","sigma_eta","mu_y",0.00012724868860183
"holdout","DAX","STAR_SV","2024-12","nu","mu_y",-0.000150763725256329
"holdout","DAX","STAR_SV","2024-12","gamma_severe","mu_y",7.13471188378532e-05
"holdout","DAX","STAR_SV","2024-12","gamma_mild","mu_y",-6.02662535603807e-06
"holdout","DAX","STAR_SV","2024-12","mu_y","phi_y",-3.2020441014347e-05
"holdout","DAX","STAR_SV","2024-12","phi_y","phi_y",0.000493802998271878
"holdout","DAX","STAR_SV","2024-12","mu_h","phi_y",-0.000692771998253952
"holdout","DAX","STAR_SV","2024-12","phi_h","phi_y",-8.82349143455955e-06
"holdout","DAX","STAR_SV","2024-12","sigma_eta","phi_y",-8.87091431688258e-05
"holdout","DAX","STAR_SV","2024-12","nu","phi_y",7.16895610357483e-05
"holdout","DAX","STAR_SV","2024-12","gamma_severe","phi_y",-0.000140849481607796
"holdout","DAX","STAR_SV","2024-12","gamma_mild","phi_y",-0.000212501256028426
"holdout","DAX","STAR_SV","2024-12","mu_y","mu_h",-0.000610975400707801
"holdout","DAX","STAR_SV","2024-12","phi_y","mu_h",-0.000692771998253952
"holdout","DAX","STAR_SV","2024-12","mu_h","mu_h",0.144976729136149
"holdout","DAX","STAR_SV","2024-12","phi_h","mu_h",-0.00212844103395157
"holdout","DAX","STAR_SV","2024-12","sigma_eta","mu_h",0.00905626873444335
"holdout","DAX","STAR_SV","2024-12","nu","mu_h",0.0370020935441213
"holdout","DAX","STAR_SV","2024-12","gamma_severe","mu_h",0.00383001887501284
"holdout","DAX","STAR_SV","2024-12","gamma_mild","mu_h",0.00128636091999723
"holdout","DAX","STAR_SV","2024-12","mu_y","phi_h",5.46033800913326e-06
"holdout","DAX","STAR_SV","2024-12","phi_y","phi_h",-8.82349143455955e-06
"holdout","DAX","STAR_SV","2024-12","mu_h","phi_h",-0.00212844103395157
"holdout","DAX","STAR_SV","2024-12","phi_h","phi_h",7.25791059251279e-05
"holdout","DAX","STAR_SV","2024-12","sigma_eta","phi_h",-9.58155391698136e-05
"holdout","DAX","STAR_SV","2024-12","nu","phi_h",-0.000363007550182875
"holdout","DAX","STAR_SV","2024-12","gamma_severe","phi_h",0.000189842813411423
"holdout","DAX","STAR_SV","2024-12","gamma_mild","phi_h",0.000209671383412639
"holdout","DAX","STAR_SV","2024-12","mu_y","sigma_eta",0.00012724868860183
"holdout","DAX","STAR_SV","2024-12","phi_y","sigma_eta",-8.87091431688258e-05
"holdout","DAX","STAR_SV","2024-12","mu_h","sigma_eta",0.00905626873444335
"holdout","DAX","STAR_SV","2024-12","phi_h","sigma_eta",-9.58155391698136e-05
"holdout","DAX","STAR_SV","2024-12","sigma_eta","sigma_eta",0.00282230460528389
"holdout","DAX","STAR_SV","2024-12","nu","sigma_eta",0.0145150534294633
"holdout","DAX","STAR_SV","2024-12","gamma_severe","sigma_eta",0.00077147059034419
"holdout","DAX","STAR_SV","2024-12","gamma_mild","sigma_eta",0.000349867909411237
"holdout","DAX","STAR_SV","2024-12","mu_y","nu",-0.000150763725256329
"holdout","DAX","STAR_SV","2024-12","phi_y","nu",7.16895610357483e-05
"holdout","DAX","STAR_SV","2024-12","mu_h","nu",0.0370020935441213
"holdout","DAX","STAR_SV","2024-12","phi_h","nu",-0.000363007550182875
"holdout","DAX","STAR_SV","2024-12","sigma_eta","nu",0.0145150534294633
"holdout","DAX","STAR_SV","2024-12","nu","nu",0.49571214234553
"holdout","DAX","STAR_SV","2024-12","gamma_severe","nu",0.00994514041804872
"holdout","DAX","STAR_SV","2024-12","gamma_mild","nu",0.00687574069219027
"holdout","DAX","STAR_SV","2024-12","mu_y","gamma_severe",7.13471188378532e-05
"holdout","DAX","STAR_SV","2024-12","phi_y","gamma_severe",-0.000140849481607796
"holdout","DAX","STAR_SV","2024-12","mu_h","gamma_severe",0.00383001887501284
"holdout","DAX","STAR_SV","2024-12","phi_h","gamma_severe",0.000189842813411423
"holdout","DAX","STAR_SV","2024-12","sigma_eta","gamma_severe",0.00077147059034419
"holdout","DAX","STAR_SV","2024-12","nu","gamma_severe",0.00994514041804872
"holdout","DAX","STAR_SV","2024-12","gamma_severe","gamma_severe",0.00191943175445769
"holdout","DAX","STAR_SV","2024-12","gamma_mild","gamma_severe",0.00103716447701824
"holdout","DAX","STAR_SV","2024-12","mu_y","gamma_mild",-6.02662535603807e-06
"holdout","DAX","STAR_SV","2024-12","phi_y","gamma_mild",-0.000212501256028426
"holdout","DAX","STAR_SV","2024-12","mu_h","gamma_mild",0.00128636091999723
"holdout","DAX","STAR_SV","2024-12","phi_h","gamma_mild",0.000209671383412639
"holdout","DAX","STAR_SV","2024-12","sigma_eta","gamma_mild",0.000349867909411237
"holdout","DAX","STAR_SV","2024-12","nu","gamma_mild",0.00687574069219027
"holdout","DAX","STAR_SV","2024-12","gamma_severe","gamma_mild",0.00103716447701824
"holdout","DAX","STAR_SV","2024-12","gamma_mild","gamma_mild",0.0173057666642468
"holdout","DAX","STAR_SV","2025-01","mu_y","mu_y",0.000284817741759723
"holdout","DAX","STAR_SV","2025-01","phi_y","mu_y",-3.37028141705544e-05
"holdout","DAX","STAR_SV","2025-01","mu_h","mu_y",-0.00049940930683025
"holdout","DAX","STAR_SV","2025-01","phi_h","mu_y",6.18315575171312e-06
"holdout","DAX","STAR_SV","2025-01","sigma_eta","mu_y",0.000129627808120388
"holdout","DAX","STAR_SV","2025-01","nu","mu_y",-7.5712559324721e-05
"holdout","DAX","STAR_SV","2025-01","gamma_severe","mu_y",8.26152783137506e-05
"holdout","DAX","STAR_SV","2025-01","gamma_mild","mu_y",7.95175968818337e-05
"holdout","DAX","STAR_SV","2025-01","mu_y","phi_y",-3.37028141705544e-05
"holdout","DAX","STAR_SV","2025-01","phi_y","phi_y",0.000510742564385896
"holdout","DAX","STAR_SV","2025-01","mu_h","phi_y",-0.000478812916874545
"holdout","DAX","STAR_SV","2025-01","phi_h","phi_y",-1.11157090349348e-05
"holdout","DAX","STAR_SV","2025-01","sigma_eta","phi_y",-4.62852688497424e-05
"holdout","DAX","STAR_SV","2025-01","nu","phi_y",0.000417064404272203
"holdout","DAX","STAR_SV","2025-01","gamma_severe","phi_y",-0.000115207544940575
"holdout","DAX","STAR_SV","2025-01","gamma_mild","phi_y",-0.000122620244526485
"holdout","DAX","STAR_SV","2025-01","mu_y","mu_h",-0.00049940930683025
"holdout","DAX","STAR_SV","2025-01","phi_y","mu_h",-0.000478812916874545
"holdout","DAX","STAR_SV","2025-01","mu_h","mu_h",0.108918783099221
"holdout","DAX","STAR_SV","2025-01","phi_h","mu_h",-0.00167215610067184
"holdout","DAX","STAR_SV","2025-01","sigma_eta","mu_h",0.0063449362393952
"holdout","DAX","STAR_SV","2025-01","nu","mu_h",0.038155581840363
"holdout","DAX","STAR_SV","2025-01","gamma_severe","mu_h",0.00249129768719667
"holdout","DAX","STAR_SV","2025-01","gamma_mild","mu_h",-0.000927360824043495
"holdout","DAX","STAR_SV","2025-01","mu_y","phi_h",6.18315575171312e-06
"holdout","DAX","STAR_SV","2025-01","phi_y","phi_h",-1.11157090349348e-05
"holdout","DAX","STAR_SV","2025-01","mu_h","phi_h",-0.00167215610067184
"holdout","DAX","STAR_SV","2025-01","phi_h","phi_h",6.59238699040356e-05
"holdout","DAX","STAR_SV","2025-01","sigma_eta","phi_h",-7.46460628746748e-05
"holdout","DAX","STAR_SV","2025-01","nu","phi_h",-0.000659861425937455
"holdout","DAX","STAR_SV","2025-01","gamma_severe","phi_h",0.000198251179353889
"holdout","DAX","STAR_SV","2025-01","gamma_mild","phi_h",0.000220473903981862
"holdout","DAX","STAR_SV","2025-01","mu_y","sigma_eta",0.000129627808120388
"holdout","DAX","STAR_SV","2025-01","phi_y","sigma_eta",-4.62852688497424e-05
"holdout","DAX","STAR_SV","2025-01","mu_h","sigma_eta",0.0063449362393952
"holdout","DAX","STAR_SV","2025-01","phi_h","sigma_eta",-7.46460628746748e-05
"holdout","DAX","STAR_SV","2025-01","sigma_eta","sigma_eta",0.00223366288747554
"holdout","DAX","STAR_SV","2025-01","nu","sigma_eta",0.0119665610487535
"holdout","DAX","STAR_SV","2025-01","gamma_severe","sigma_eta",0.000527105974415271
"holdout","DAX","STAR_SV","2025-01","gamma_mild","sigma_eta",7.69801135149783e-05
"holdout","DAX","STAR_SV","2025-01","mu_y","nu",-7.5712559324721e-05
"holdout","DAX","STAR_SV","2025-01","phi_y","nu",0.000417064404272203
"holdout","DAX","STAR_SV","2025-01","mu_h","nu",0.038155581840363
"holdout","DAX","STAR_SV","2025-01","phi_h","nu",-0.000659861425937455
"holdout","DAX","STAR_SV","2025-01","sigma_eta","nu",0.0119665610487535
"holdout","DAX","STAR_SV","2025-01","nu","nu",0.438102828324245
"holdout","DAX","STAR_SV","2025-01","gamma_severe","nu",0.00739913974787984
"holdout","DAX","STAR_SV","2025-01","gamma_mild","nu",0.00159008865179142
"holdout","DAX","STAR_SV","2025-01","mu_y","gamma_severe",8.26152783137506e-05
"holdout","DAX","STAR_SV","2025-01","phi_y","gamma_severe",-0.000115207544940575
"holdout","DAX","STAR_SV","2025-01","mu_h","gamma_severe",0.00249129768719667
"holdout","DAX","STAR_SV","2025-01","phi_h","gamma_severe",0.000198251179353889
"holdout","DAX","STAR_SV","2025-01","sigma_eta","gamma_severe",0.000527105974415271
"holdout","DAX","STAR_SV","2025-01","nu","gamma_severe",0.00739913974787984
"holdout","DAX","STAR_SV","2025-01","gamma_severe","gamma_severe",0.00177737528406627
"holdout","DAX","STAR_SV","2025-01","gamma_mild","gamma_severe",0.000794240438291456
"holdout","DAX","STAR_SV","2025-01","mu_y","gamma_mild",7.95175968818337e-05
"holdout","DAX","STAR_SV","2025-01","phi_y","gamma_mild",-0.000122620244526485
"holdout","DAX","STAR_SV","2025-01","mu_h","gamma_mild",-0.000927360824043495
"holdout","DAX","STAR_SV","2025-01","phi_h","gamma_mild",0.000220473903981862
"holdout","DAX","STAR_SV","2025-01","sigma_eta","gamma_mild",7.69801135149783e-05
"holdout","DAX","STAR_SV","2025-01","nu","gamma_mild",0.00159008865179142
"holdout","DAX","STAR_SV","2025-01","gamma_severe","gamma_mild",0.000794240438291456
"holdout","DAX","STAR_SV","2025-01","gamma_mild","gamma_mild",0.0166381218520694
"holdout","DAX","STAR_SV","2025-02","mu_y","mu_y",0.000287210969068164
"holdout","DAX","STAR_SV","2025-02","phi_y","mu_y",-5.37048719362266e-05
"holdout","DAX","STAR_SV","2025-02","mu_h","mu_y",-0.000810614254116599
"holdout","DAX","STAR_SV","2025-02","phi_h","mu_y",6.97800036781996e-06
"holdout","DAX","STAR_SV","2025-02","sigma_eta","mu_y",0.000148055508051474
"holdout","DAX","STAR_SV","2025-02","nu","mu_y",-0.000469440246016162
"holdout","DAX","STAR_SV","2025-02","gamma_severe","mu_y",6.0951501044088e-05
"holdout","DAX","STAR_SV","2025-02","gamma_mild","mu_y",4.95906832940878e-05
"holdout","DAX","STAR_SV","2025-02","mu_y","phi_y",-5.37048719362266e-05
"holdout","DAX","STAR_SV","2025-02","phi_y","phi_y",0.00052567376001252
"holdout","DAX","STAR_SV","2025-02","mu_h","phi_y",-8.11760022604186e-05
"holdout","DAX","STAR_SV","2025-02","phi_h","phi_y",-1.65907114725359e-05
"holdout","DAX","STAR_SV","2025-02","sigma_eta","phi_y",-9.95826820119837e-05
"holdout","DAX","STAR_SV","2025-02","nu","phi_y",0.000467271945575179
"holdout","DAX","STAR_SV","2025-02","gamma_severe","phi_y",-0.000124575437838923
"holdout","DAX","STAR_SV","2025-02","gamma_mild","phi_y",-0.000178234608858244
"holdout","DAX","STAR_SV","2025-02","mu_y","mu_h",-0.000810614254116599
"holdout","DAX","STAR_SV","2025-02","phi_y","mu_h",-8.11760022604186e-05
"holdout","DAX","STAR_SV","2025-02","mu_h","mu_h",0.143677177686801
"holdout","DAX","STAR_SV","2025-02","phi_h","mu_h",-0.00208913894188571
"holdout","DAX","STAR_SV","2025-02","sigma_eta","mu_h",0.00798599955472324
"holdout","DAX","STAR_SV","2025-02","nu","mu_h",0.0270746336657155
"holdout","DAX","STAR_SV","2025-02","gamma_severe","mu_h",0.00183254972813677
"holdout","DAX","STAR_SV","2025-02","gamma_mild","mu_h",0.000114528139427394
"holdout","DAX","STAR_SV","2025-02","mu_y","phi_h",6.97800036781996e-06
"holdout","DAX","STAR_SV","2025-02","phi_y","phi_h",-1.65907114725359e-05
"holdout","DAX","STAR_SV","2025-02","mu_h","phi_h",-0.00208913894188571
"holdout","DAX","STAR_SV","2025-02","phi_h","phi_h",6.44832402502748e-05
"holdout","DAX","STAR_SV","2025-02","sigma_eta","phi_h",-6.25207719299764e-05
"holdout","DAX","STAR_SV","2025-02","nu","phi_h",-0.000265458043812244
"holdout","DAX","STAR_SV","2025-02","gamma_severe","phi_h",0.00019049682776024
"holdout","DAX","STAR_SV","2025-02","gamma_mild","phi_h",0.000200017936242775
"holdout","DAX","STAR_SV","2025-02","mu_y","sigma_eta",0.000148055508051474
"holdout","DAX","STAR_SV","2025-02","phi_y","sigma_eta",-9.95826820119837e-05
"holdout","DAX","STAR_SV","2025-02","mu_h","sigma_eta",0.00798599955472324
"holdout","DAX","STAR_SV","2025-02","phi_h","sigma_eta",-6.25207719299764e-05
"holdout","DAX","STAR_SV","2025-02","sigma_eta","sigma_eta",0.00346527572067679
"holdout","DAX","STAR_SV","2025-02","nu","sigma_eta",0.0146635420826685
"holdout","DAX","STAR_SV","2025-02","gamma_severe","sigma_eta",0.000756713514736886
"holdout","DAX","STAR_SV","2025-02","gamma_mild","sigma_eta",0.000362930938527105
"holdout","DAX","STAR_SV","2025-02","mu_y","nu",-0.000469440246016162
"holdout","DAX","STAR_SV","2025-02","phi_y","nu",0.000467271945575179
"holdout","DAX","STAR_SV","2025-02","mu_h","nu",0.0270746336657155
"holdout","DAX","STAR_SV","2025-02","phi_h","nu",-0.000265458043812244
"holdout","DAX","STAR_SV","2025-02","sigma_eta","nu",0.0146635420826685
"holdout","DAX","STAR_SV","2025-02","nu","nu",0.521916028484401
"holdout","DAX","STAR_SV","2025-02","gamma_severe","nu",0.00850152923137075
"holdout","DAX","STAR_SV","2025-02","gamma_mild","nu",0.0100730052052196
"holdout","DAX","STAR_SV","2025-02","mu_y","gamma_severe",6.0951501044088e-05
"holdout","DAX","STAR_SV","2025-02","phi_y","gamma_severe",-0.000124575437838923
"holdout","DAX","STAR_SV","2025-02","mu_h","gamma_severe",0.00183254972813677
"holdout","DAX","STAR_SV","2025-02","phi_h","gamma_severe",0.00019049682776024
"holdout","DAX","STAR_SV","2025-02","sigma_eta","gamma_severe",0.000756713514736886
"holdout","DAX","STAR_SV","2025-02","nu","gamma_severe",0.00850152923137075
"holdout","DAX","STAR_SV","2025-02","gamma_severe","gamma_severe",0.00172161920737704
"holdout","DAX","STAR_SV","2025-02","gamma_mild","gamma_severe",0.000943424806419241
"holdout","DAX","STAR_SV","2025-02","mu_y","gamma_mild",4.95906832940878e-05
"holdout","DAX","STAR_SV","2025-02","phi_y","gamma_mild",-0.000178234608858244
"holdout","DAX","STAR_SV","2025-02","mu_h","gamma_mild",0.000114528139427394
"holdout","DAX","STAR_SV","2025-02","phi_h","gamma_mild",0.000200017936242775
"holdout","DAX","STAR_SV","2025-02","sigma_eta","gamma_mild",0.000362930938527105
"holdout","DAX","STAR_SV","2025-02","nu","gamma_mild",0.0100730052052196
"holdout","DAX","STAR_SV","2025-02","gamma_severe","gamma_mild",0.000943424806419241
"holdout","DAX","STAR_SV","2025-02","gamma_mild","gamma_mild",0.0170729426178497
"holdout","DAX","STAR_SV","2025-03","mu_y","mu_y",0.000279058310309253
"holdout","DAX","STAR_SV","2025-03","phi_y","mu_y",-2.99472964676588e-05
"holdout","DAX","STAR_SV","2025-03","mu_h","mu_y",-0.000576991568236308
"holdout","DAX","STAR_SV","2025-03","phi_h","mu_y",6.35366926486621e-06
"holdout","DAX","STAR_SV","2025-03","sigma_eta","mu_y",0.000102493545253518
"holdout","DAX","STAR_SV","2025-03","nu","mu_y",-0.000243937138228183
"holdout","DAX","STAR_SV","2025-03","gamma_severe","mu_y",7.3367261095524e-05
"holdout","DAX","STAR_SV","2025-03","gamma_mild","mu_y",6.55437910415329e-05
"holdout","DAX","STAR_SV","2025-03","mu_y","phi_y",-2.99472964676588e-05
"holdout","DAX","STAR_SV","2025-03","phi_y","phi_y",0.000488644517754197
"holdout","DAX","STAR_SV","2025-03","mu_h","phi_y",-0.000318896239430057
"holdout","DAX","STAR_SV","2025-03","phi_h","phi_y",-1.86530827644236e-05
"holdout","DAX","STAR_SV","2025-03","sigma_eta","phi_y",-4.99951715899397e-05
"holdout","DAX","STAR_SV","2025-03","nu","phi_y",0.000304848339950922
"holdout","DAX","STAR_SV","2025-03","gamma_severe","phi_y",-0.000149102743688177
"holdout","DAX","STAR_SV","2025-03","gamma_mild","phi_y",-5.77840615583203e-05
"holdout","DAX","STAR_SV","2025-03","mu_y","mu_h",-0.000576991568236308
"holdout","DAX","STAR_SV","2025-03","phi_y","mu_h",-0.000318896239430057
"holdout","DAX","STAR_SV","2025-03","mu_h","mu_h",0.160004483207007
"holdout","DAX","STAR_SV","2025-03","phi_h","mu_h",-0.00245109207606306
"holdout","DAX","STAR_SV","2025-03","sigma_eta","mu_h",0.00736621589175889
"holdout","DAX","STAR_SV","2025-03","nu","mu_h",0.0395212073556189
"holdout","DAX","STAR_SV","2025-03","gamma_severe","mu_h",0.00171811323995912
"holdout","DAX","STAR_SV","2025-03","gamma_mild","mu_h",0.000549990643078066
"holdout","DAX","STAR_SV","2025-03","mu_y","phi_h",6.35366926486621e-06
"holdout","DAX","STAR_SV","2025-03","phi_y","phi_h",-1.86530827644236e-05
"holdout","DAX","STAR_SV","2025-03","mu_h","phi_h",-0.00245109207606306
"holdout","DAX","STAR_SV","2025-03","phi_h","phi_h",7.57486378082072e-05
"holdout","DAX","STAR_SV","2025-03","sigma_eta","phi_h",-9.00184437591356e-05
"holdout","DAX","STAR_SV","2025-03","nu","phi_h",-0.000643250407736547
"holdout","DAX","STAR_SV","2025-03","gamma_severe","phi_h",0.000202004579883683
"holdout","DAX","STAR_SV","2025-03","gamma_mild","phi_h",0.000197819990192679
"holdout","DAX","STAR_SV","2025-03","mu_y","sigma_eta",0.000102493545253518
"holdout","DAX","STAR_SV","2025-03","phi_y","sigma_eta",-4.99951715899397e-05
"holdout","DAX","STAR_SV","2025-03","mu_h","sigma_eta",0.00736621589175889
"holdout","DAX","STAR_SV","2025-03","phi_h","sigma_eta",-9.00184437591356e-05
"holdout","DAX","STAR_SV","2025-03","sigma_eta","sigma_eta",0.00206020038455965
"holdout","DAX","STAR_SV","2025-03","nu","sigma_eta",0.011329859054146
"holdout","DAX","STAR_SV","2025-03","gamma_severe","sigma_eta",0.000431054873346858
"holdout","DAX","STAR_SV","2025-03","gamma_mild","sigma_eta",0.000215136494039784
"holdout","DAX","STAR_SV","2025-03","mu_y","nu",-0.000243937138228183
"holdout","DAX","STAR_SV","2025-03","phi_y","nu",0.000304848339950922
"holdout","DAX","STAR_SV","2025-03","mu_h","nu",0.0395212073556189
"holdout","DAX","STAR_SV","2025-03","phi_h","nu",-0.000643250407736547
"holdout","DAX","STAR_SV","2025-03","sigma_eta","nu",0.011329859054146
"holdout","DAX","STAR_SV","2025-03","nu","nu",0.473350150977279
"holdout","DAX","STAR_SV","2025-03","gamma_severe","nu",0.00716973124970797
"holdout","DAX","STAR_SV","2025-03","gamma_mild","nu",0.00320659125386498
"holdout","DAX","STAR_SV","2025-03","mu_y","gamma_severe",7.3367261095524e-05
"holdout","DAX","STAR_SV","2025-03","phi_y","gamma_severe",-0.000149102743688177
"holdout","DAX","STAR_SV","2025-03","mu_h","gamma_severe",0.00171811323995912
"holdout","DAX","STAR_SV","2025-03","phi_h","gamma_severe",0.000202004579883683
"holdout","DAX","STAR_SV","2025-03","sigma_eta","gamma_severe",0.000431054873346858
"holdout","DAX","STAR_SV","2025-03","nu","gamma_severe",0.00716973124970797
"holdout","DAX","STAR_SV","2025-03","gamma_severe","gamma_severe",0.00169224150052135
"holdout","DAX","STAR_SV","2025-03","gamma_mild","gamma_severe",0.000859498674895951
"holdout","DAX","STAR_SV","2025-03","mu_y","gamma_mild",6.55437910415329e-05
"holdout","DAX","STAR_SV","2025-03","phi_y","gamma_mild",-5.77840615583203e-05
"holdout","DAX","STAR_SV","2025-03","mu_h","gamma_mild",0.000549990643078066
"holdout","DAX","STAR_SV","2025-03","phi_h","gamma_mild",0.000197819990192679
"holdout","DAX","STAR_SV","2025-03","sigma_eta","gamma_mild",0.000215136494039784
"holdout","DAX","STAR_SV","2025-03","nu","gamma_mild",0.00320659125386498
"holdout","DAX","STAR_SV","2025-03","gamma_severe","gamma_mild",0.000859498674895951
"holdout","DAX","STAR_SV","2025-03","gamma_mild","gamma_mild",0.0155898735420741
"holdout","DAX","STAR_SV","2025-04","mu_y","mu_y",0.000303026372743325
"holdout","DAX","STAR_SV","2025-04","phi_y","mu_y",-4.47125496351804e-05
"holdout","DAX","STAR_SV","2025-04","mu_h","mu_y",-0.000655449535393208
"holdout","DAX","STAR_SV","2025-04","phi_h","mu_y",9.99572323695176e-06
"holdout","DAX","STAR_SV","2025-04","sigma_eta","mu_y",9.62089444551256e-05
"holdout","DAX","STAR_SV","2025-04","nu","mu_y",-0.000915973397567694
"holdout","DAX","STAR_SV","2025-04","gamma_severe","mu_y",8.55267376690991e-05
"holdout","DAX","STAR_SV","2025-04","gamma_mild","mu_y",6.75781001101469e-05
"holdout","DAX","STAR_SV","2025-04","mu_y","phi_y",-4.47125496351804e-05
"holdout","DAX","STAR_SV","2025-04","phi_y","phi_y",0.000517835306547752
"holdout","DAX","STAR_SV","2025-04","mu_h","phi_y",-0.000380947319542233
"holdout","DAX","STAR_SV","2025-04","phi_h","phi_y",-1.42559543320455e-05
"holdout","DAX","STAR_SV","2025-04","sigma_eta","phi_y",-2.08788193349164e-05
"holdout","DAX","STAR_SV","2025-04","nu","phi_y",0.000397924563595923
"holdout","DAX","STAR_SV","2025-04","gamma_severe","phi_y",-0.000129706684295396
"holdout","DAX","STAR_SV","2025-04","gamma_mild","phi_y",-0.000105285558566356
"holdout","DAX","STAR_SV","2025-04","mu_y","mu_h",-0.000655449535393208
"holdout","DAX","STAR_SV","2025-04","phi_y","mu_h",-0.000380947319542233
"holdout","DAX","STAR_SV","2025-04","mu_h","mu_h",0.162352173045829
"holdout","DAX","STAR_SV","2025-04","phi_h","mu_h",-0.00268658767323481
"holdout","DAX","STAR_SV","2025-04","sigma_eta","mu_h",0.00745078655567407
"holdout","DAX","STAR_SV","2025-04","nu","mu_h",0.0753292895560369
"holdout","DAX","STAR_SV","2025-04","gamma_severe","mu_h",0.00239526836843451
"holdout","DAX","STAR_SV","2025-04","gamma_mild","mu_h",-0.00045327566390773
"holdout","DAX","STAR_SV","2025-04","mu_y","phi_h",9.99572323695176e-06
"holdout","DAX","STAR_SV","2025-04","phi_y","phi_h",-1.42559543320455e-05
"holdout","DAX","STAR_SV","2025-04","mu_h","phi_h",-0.00268658767323481
"holdout","DAX","STAR_SV","2025-04","phi_h","phi_h",8.59075586566642e-05
"holdout","DAX","STAR_SV","2025-04","sigma_eta","phi_h",-0.000116181180672933
"holdout","DAX","STAR_SV","2025-04","nu","phi_h",-0.00105765991891123
"holdout","DAX","STAR_SV","2025-04","gamma_severe","phi_h",0.000196204272345886
"holdout","DAX","STAR_SV","2025-04","gamma_mild","phi_h",0.000207143748174029
"holdout","DAX","STAR_SV","2025-04","mu_y","sigma_eta",9.62089444551256e-05
"holdout","DAX","STAR_SV","2025-04","phi_y","sigma_eta",-2.08788193349164e-05
"holdout","DAX","STAR_SV","2025-04","mu_h","sigma_eta",0.00745078655567407
"holdout","DAX","STAR_SV","2025-04","phi_h","sigma_eta",-0.000116181180672933
"holdout","DAX","STAR_SV","2025-04","sigma_eta","sigma_eta",0.00158650378937514
"holdout","DAX","STAR_SV","2025-04","nu","sigma_eta",0.0139548934084885
"holdout","DAX","STAR_SV","2025-04","gamma_severe","sigma_eta",0.000364008279375482
"holdout","DAX","STAR_SV","2025-04","gamma_mild","sigma_eta",6.43739901490358e-05
"holdout","DAX","STAR_SV","2025-04","mu_y","nu",-0.000915973397567694
"holdout","DAX","STAR_SV","2025-04","phi_y","nu",0.000397924563595923
"holdout","DAX","STAR_SV","2025-04","mu_h","nu",0.0753292895560369
"holdout","DAX","STAR_SV","2025-04","phi_h","nu",-0.00105765991891123
"holdout","DAX","STAR_SV","2025-04","sigma_eta","nu",0.0139548934084885
"holdout","DAX","STAR_SV","2025-04","nu","nu",0.675827558816668
"holdout","DAX","STAR_SV","2025-04","gamma_severe","nu",0.00962132671991949
"holdout","DAX","STAR_SV","2025-04","gamma_mild","nu",0.00412801834592605
"holdout","DAX","STAR_SV","2025-04","mu_y","gamma_severe",8.55267376690991e-05
"holdout","DAX","STAR_SV","2025-04","phi_y","gamma_severe",-0.000129706684295396
"holdout","DAX","STAR_SV","2025-04","mu_h","gamma_severe",0.00239526836843451
"holdout","DAX","STAR_SV","2025-04","phi_h","gamma_severe",0.000196204272345886
"holdout","DAX","STAR_SV","2025-04","sigma_eta","gamma_severe",0.000364008279375482
"holdout","DAX","STAR_SV","2025-04","nu","gamma_severe",0.00962132671991949
"holdout","DAX","STAR_SV","2025-04","gamma_severe","gamma_severe",0.00170071254576923
"holdout","DAX","STAR_SV","2025-04","gamma_mild","gamma_severe",0.000637124737288971
"holdout","DAX","STAR_SV","2025-04","mu_y","gamma_mild",6.75781001101469e-05
"holdout","DAX","STAR_SV","2025-04","phi_y","gamma_mild",-0.000105285558566356
"holdout","DAX","STAR_SV","2025-04","mu_h","gamma_mild",-0.00045327566390773
"holdout","DAX","STAR_SV","2025-04","phi_h","gamma_mild",0.000207143748174029
"holdout","DAX","STAR_SV","2025-04","sigma_eta","gamma_mild",6.43739901490358e-05
"holdout","DAX","STAR_SV","2025-04","nu","gamma_mild",0.00412801834592605
"holdout","DAX","STAR_SV","2025-04","gamma_severe","gamma_mild",0.000637124737288971
"holdout","DAX","STAR_SV","2025-04","gamma_mild","gamma_mild",0.016996449374715
"holdout","DAX","STAR_SV","2025-05","mu_y","mu_y",0.00031021645799422
"holdout","DAX","STAR_SV","2025-05","phi_y","mu_y",-5.97302831480702e-05
"holdout","DAX","STAR_SV","2025-05","mu_h","mu_y",-0.000426562897895776
"holdout","DAX","STAR_SV","2025-05","phi_h","mu_y",7.41657234942814e-06
"holdout","DAX","STAR_SV","2025-05","sigma_eta","mu_y",0.000113927241564889
"holdout","DAX","STAR_SV","2025-05","nu","mu_y",-0.00102735138750196
"holdout","DAX","STAR_SV","2025-05","gamma_severe","mu_y",8.35213548177053e-05
"holdout","DAX","STAR_SV","2025-05","gamma_mild","mu_y",5.20650875054758e-05
"holdout","DAX","STAR_SV","2025-05","mu_y","phi_y",-5.97302831480702e-05
"holdout","DAX","STAR_SV","2025-05","phi_y","phi_y",0.000525240677617199
"holdout","DAX","STAR_SV","2025-05","mu_h","phi_y",-0.000374519402098398
"holdout","DAX","STAR_SV","2025-05","phi_h","phi_y",-1.97429547340703e-05
"holdout","DAX","STAR_SV","2025-05","sigma_eta","phi_y",-6.25715645070892e-05
"holdout","DAX","STAR_SV","2025-05","nu","phi_y",-7.17129415782834e-05
"holdout","DAX","STAR_SV","2025-05","gamma_severe","phi_y",-0.000166105752987765
"holdout","DAX","STAR_SV","2025-05","gamma_mild","phi_y",-0.000201602192193165
"holdout","DAX","STAR_SV","2025-05","mu_y","mu_h",-0.000426562897895776
"holdout","DAX","STAR_SV","2025-05","phi_y","mu_h",-0.000374519402098398
"holdout","DAX","STAR_SV","2025-05","mu_h","mu_h",0.101879398371418
"holdout","DAX","STAR_SV","2025-05","phi_h","mu_h",-0.00206313175087537
"holdout","DAX","STAR_SV","2025-05","sigma_eta","mu_h",0.00569514697720104
"holdout","DAX","STAR_SV","2025-05","nu","mu_h",0.0572969301227886
"holdout","DAX","STAR_SV","2025-05","gamma_severe","mu_h",0.00323214340081938
"holdout","DAX","STAR_SV","2025-05","gamma_mild","mu_h",0.001757299206779
"holdout","DAX","STAR_SV","2025-05","mu_y","phi_h",7.41657234942814e-06
"holdout","DAX","STAR_SV","2025-05","phi_y","phi_h",-1.97429547340703e-05
"holdout","DAX","STAR_SV","2025-05","mu_h","phi_h",-0.00206313175087537
"holdout","DAX","STAR_SV","2025-05","phi_h","phi_h",0.000102417191831253
"holdout","DAX","STAR_SV","2025-05","sigma_eta","phi_h",-0.00010221008753248
"holdout","DAX","STAR_SV","2025-05","nu","phi_h",-0.000810148778381884
"holdout","DAX","STAR_SV","2025-05","gamma_severe","phi_h",0.000233352534879213
"holdout","DAX","STAR_SV","2025-05","gamma_mild","phi_h",0.000260089947484409
"holdout","DAX","STAR_SV","2025-05","mu_y","sigma_eta",0.000113927241564889
"holdout","DAX","STAR_SV","2025-05","phi_y","sigma_eta",-6.25715645070892e-05
"holdout","DAX","STAR_SV","2025-05","mu_h","sigma_eta",0.00569514697720104
"holdout","DAX","STAR_SV","2025-05","phi_h","sigma_eta",-0.00010221008753248
"holdout","DAX","STAR_SV","2025-05","sigma_eta","sigma_eta",0.00161491721459862
"holdout","DAX","STAR_SV","2025-05","nu","sigma_eta",0.0155597443283959
"holdout","DAX","STAR_SV","2025-05","gamma_severe","sigma_eta",0.000479190811723203
"holdout","DAX","STAR_SV","2025-05","gamma_mild","sigma_eta",0.000171168034844759
"holdout","DAX","STAR_SV","2025-05","mu_y","nu",-0.00102735138750196
"holdout","DAX","STAR_SV","2025-05","phi_y","nu",-7.17129415782834e-05
"holdout","DAX","STAR_SV","2025-05","mu_h","nu",0.0572969301227886
"holdout","DAX","STAR_SV","2025-05","phi_h","nu",-0.000810148778381884
"holdout","DAX","STAR_SV","2025-05","sigma_eta","nu",0.0155597443283959
"holdout","DAX","STAR_SV","2025-05","nu","nu",0.88692475992717
"holdout","DAX","STAR_SV","2025-05","gamma_severe","nu",0.0127043798626153
"holdout","DAX","STAR_SV","2025-05","gamma_mild","nu",0.00665092409130777
"holdout","DAX","STAR_SV","2025-05","mu_y","gamma_severe",8.35213548177053e-05
"holdout","DAX","STAR_SV","2025-05","phi_y","gamma_severe",-0.000166105752987765
"holdout","DAX","STAR_SV","2025-05","mu_h","gamma_severe",0.00323214340081938
"holdout","DAX","STAR_SV","2025-05","phi_h","gamma_severe",0.000233352534879213
"holdout","DAX","STAR_SV","2025-05","sigma_eta","gamma_severe",0.000479190811723203
"holdout","DAX","STAR_SV","2025-05","nu","gamma_severe",0.0127043798626153
"holdout","DAX","STAR_SV","2025-05","gamma_severe","gamma_severe",0.00194785969937578
"holdout","DAX","STAR_SV","2025-05","gamma_mild","gamma_severe",0.00128452565120239
"holdout","DAX","STAR_SV","2025-05","mu_y","gamma_mild",5.20650875054758e-05
"holdout","DAX","STAR_SV","2025-05","phi_y","gamma_mild",-0.000201602192193165
"holdout","DAX","STAR_SV","2025-05","mu_h","gamma_mild",0.001757299206779
"holdout","DAX","STAR_SV","2025-05","phi_h","gamma_mild",0.000260089947484409
"holdout","DAX","STAR_SV","2025-05","sigma_eta","gamma_mild",0.000171168034844759
"holdout","DAX","STAR_SV","2025-05","nu","gamma_mild",0.00665092409130777
"holdout","DAX","STAR_SV","2025-05","gamma_severe","gamma_mild",0.00128452565120239
"holdout","DAX","STAR_SV","2025-05","gamma_mild","gamma_mild",0.0145507789596743
"holdout","DAX","STAR_SV","2025-06","mu_y","mu_y",0.000305932042076225
"holdout","DAX","STAR_SV","2025-06","phi_y","mu_y",-4.93630129549419e-05
"holdout","DAX","STAR_SV","2025-06","mu_h","mu_y",-0.000324791707678973
"holdout","DAX","STAR_SV","2025-06","phi_h","mu_y",5.60185979645727e-06
"holdout","DAX","STAR_SV","2025-06","sigma_eta","mu_y",0.000123320445871822
"holdout","DAX","STAR_SV","2025-06","nu","mu_y",0.000219039467146552
"holdout","DAX","STAR_SV","2025-06","gamma_severe","mu_y",0.000104690456729552
"holdout","DAX","STAR_SV","2025-06","gamma_mild","mu_y",2.53817812062295e-06
"holdout","DAX","STAR_SV","2025-06","mu_y","phi_y",-4.93630129549419e-05
"holdout","DAX","STAR_SV","2025-06","phi_y","phi_y",0.000527170040631935
"holdout","DAX","STAR_SV","2025-06","mu_h","phi_y",-0.00035861962987354
"holdout","DAX","STAR_SV","2025-06","phi_h","phi_y",-2.46645319970052e-05
"holdout","DAX","STAR_SV","2025-06","sigma_eta","phi_y",-7.71508638758931e-05
"holdout","DAX","STAR_SV","2025-06","nu","phi_y",-0.000125620726300022
"holdout","DAX","STAR_SV","2025-06","gamma_severe","phi_y",-0.000200787567518291
"holdout","DAX","STAR_SV","2025-06","gamma_mild","phi_y",-0.000166945677551414
"holdout","DAX","STAR_SV","2025-06","mu_y","mu_h",-0.000324791707678973
"holdout","DAX","STAR_SV","2025-06","phi_y","mu_h",-0.00035861962987354
"holdout","DAX","STAR_SV","2025-06","mu_h","mu_h",0.113552951463656
"holdout","DAX","STAR_SV","2025-06","phi_h","mu_h",-0.00218417488739673
"holdout","DAX","STAR_SV","2025-06","sigma_eta","mu_h",0.00763944303615248
"holdout","DAX","STAR_SV","2025-06","nu","mu_h",0.0796665129424058
"holdout","DAX","STAR_SV","2025-06","gamma_severe","mu_h",0.00402832311793816
"holdout","DAX","STAR_SV","2025-06","gamma_mild","mu_h",0.00158332052482068
"holdout","DAX","STAR_SV","2025-06","mu_y","phi_h",5.60185979645727e-06
"holdout","DAX","STAR_SV","2025-06","phi_y","phi_h",-2.46645319970052e-05
"holdout","DAX","STAR_SV","2025-06","mu_h","phi_h",-0.00218417488739673
"holdout","DAX","STAR_SV","2025-06","phi_h","phi_h",0.000101795642756236
"holdout","DAX","STAR_SV","2025-06","sigma_eta","phi_h",-0.000128252107597887
"holdout","DAX","STAR_SV","2025-06","nu","phi_h",-0.00127071845098256
"holdout","DAX","STAR_SV","2025-06","gamma_severe","phi_h",0.000231714771879158
"holdout","DAX","STAR_SV","2025-06","gamma_mild","phi_h",0.000247842519215456
"holdout","DAX","STAR_SV","2025-06","mu_y","sigma_eta",0.000123320445871822
"holdout","DAX","STAR_SV","2025-06","phi_y","sigma_eta",-7.71508638758931e-05
"holdout","DAX","STAR_SV","2025-06","mu_h","sigma_eta",0.00763944303615248
"holdout","DAX","STAR_SV","2025-06","phi_h","sigma_eta",-0.000128252107597887
"holdout","DAX","STAR_SV","2025-06","sigma_eta","sigma_eta",0.00205147470640288
"holdout","DAX","STAR_SV","2025-06","nu","sigma_eta",0.018778153679074
"holdout","DAX","STAR_SV","2025-06","gamma_severe","sigma_eta",0.00065561127600641
"holdout","DAX","STAR_SV","2025-06","gamma_mild","sigma_eta",0.000256151319757002
"holdout","DAX","STAR_SV","2025-06","mu_y","nu",0.000219039467146552
"holdout","DAX","STAR_SV","2025-06","phi_y","nu",-0.000125620726300022
"holdout","DAX","STAR_SV","2025-06","mu_h","nu",0.0796665129424058
"holdout","DAX","STAR_SV","2025-06","phi_h","nu",-0.00127071845098256
"holdout","DAX","STAR_SV","2025-06","sigma_eta","nu",0.018778153679074
"holdout","DAX","STAR_SV","2025-06","nu","nu",0.776248343942174
"holdout","DAX","STAR_SV","2025-06","gamma_severe","nu",0.0138270574345462
"holdout","DAX","STAR_SV","2025-06","gamma_mild","nu",0.007115601646129
"holdout","DAX","STAR_SV","2025-06","mu_y","gamma_severe",0.000104690456729552
"holdout","DAX","STAR_SV","2025-06","phi_y","gamma_severe",-0.000200787567518291
"holdout","DAX","STAR_SV","2025-06","mu_h","gamma_severe",0.00402832311793816
"holdout","DAX","STAR_SV","2025-06","phi_h","gamma_severe",0.000231714771879158
"holdout","DAX","STAR_SV","2025-06","sigma_eta","gamma_severe",0.00065561127600641
"holdout","DAX","STAR_SV","2025-06","nu","gamma_severe",0.0138270574345462
"holdout","DAX","STAR_SV","2025-06","gamma_severe","gamma_severe",0.0021447279902745
"holdout","DAX","STAR_SV","2025-06","gamma_mild","gamma_severe",0.00122702005364709
"holdout","DAX","STAR_SV","2025-06","mu_y","gamma_mild",2.53817812062295e-06
"holdout","DAX","STAR_SV","2025-06","phi_y","gamma_mild",-0.000166945677551414
"holdout","DAX","STAR_SV","2025-06","mu_h","gamma_mild",0.00158332052482068
"holdout","DAX","STAR_SV","2025-06","phi_h","gamma_mild",0.000247842519215456
"holdout","DAX","STAR_SV","2025-06","sigma_eta","gamma_mild",0.000256151319757002
"holdout","DAX","STAR_SV","2025-06","nu","gamma_mild",0.007115601646129
"holdout","DAX","STAR_SV","2025-06","gamma_severe","gamma_mild",0.00122702005364709
"holdout","DAX","STAR_SV","2025-06","gamma_mild","gamma_mild",0.015864654114237
"holdout","DAX","STAR_SV","2025-07","mu_y","mu_y",0.00033398971975208
"holdout","DAX","STAR_SV","2025-07","phi_y","mu_y",-5.30301340547324e-05
"holdout","DAX","STAR_SV","2025-07","mu_h","mu_y",-0.000343687904839072
"holdout","DAX","STAR_SV","2025-07","phi_h","mu_y",6.80559277453811e-06
"holdout","DAX","STAR_SV","2025-07","sigma_eta","mu_y",0.000121721712053869
"holdout","DAX","STAR_SV","2025-07","nu","mu_y",-0.000869179069221825
"holdout","DAX","STAR_SV","2025-07","gamma_severe","mu_y",0.000115116419611446
"holdout","DAX","STAR_SV","2025-07","gamma_mild","mu_y",4.25570868443528e-05
"holdout","DAX","STAR_SV","2025-07","mu_y","phi_y",-5.30301340547324e-05
"holdout","DAX","STAR_SV","2025-07","phi_y","phi_y",0.000541036304029243
"holdout","DAX","STAR_SV","2025-07","mu_h","phi_y",-0.000618815899879086
"holdout","DAX","STAR_SV","2025-07","phi_h","phi_y",-2.57446746065856e-05
"holdout","DAX","STAR_SV","2025-07","sigma_eta","phi_y",-7.191973992399e-05
"holdout","DAX","STAR_SV","2025-07","nu","phi_y",0.000881987624047288
"holdout","DAX","STAR_SV","2025-07","gamma_severe","phi_y",-0.00022458623058496
"holdout","DAX","STAR_SV","2025-07","gamma_mild","phi_y",-0.000231733263175366
"holdout","DAX","STAR_SV","2025-07","mu_y","mu_h",-0.000343687904839072
"holdout","DAX","STAR_SV","2025-07","phi_y","mu_h",-0.000618815899879086
"holdout","DAX","STAR_SV","2025-07","mu_h","mu_h",0.137791812178181
"holdout","DAX","STAR_SV","2025-07","phi_h","mu_h",-0.00246076048269374
"holdout","DAX","STAR_SV","2025-07","sigma_eta","mu_h",0.00893863545117461
"holdout","DAX","STAR_SV","2025-07","nu","mu_h",0.0774502272565716
"holdout","DAX","STAR_SV","2025-07","gamma_severe","mu_h",0.00420671602479208
"holdout","DAX","STAR_SV","2025-07","gamma_mild","mu_h",0.0024686805594203
"holdout","DAX","STAR_SV","2025-07","mu_y","phi_h",6.80559277453811e-06
"holdout","DAX","STAR_SV","2025-07","phi_y","phi_h",-2.57446746065856e-05
"holdout","DAX","STAR_SV","2025-07","mu_h","phi_h",-0.00246076048269374
"holdout","DAX","STAR_SV","2025-07","phi_h","phi_h",9.37982433999972e-05
"holdout","DAX","STAR_SV","2025-07","sigma_eta","phi_h",-0.000137548012153252
"holdout","DAX","STAR_SV","2025-07","nu","phi_h",-0.00103902979964274
"holdout","DAX","STAR_SV","2025-07","gamma_severe","phi_h",0.000199000137798117
"holdout","DAX","STAR_SV","2025-07","gamma_mild","phi_h",0.000224633856388155
"holdout","DAX","STAR_SV","2025-07","mu_y","sigma_eta",0.000121721712053869
"holdout","DAX","STAR_SV","2025-07","phi_y","sigma_eta",-7.191973992399e-05
"holdout","DAX","STAR_SV","2025-07","mu_h","sigma_eta",0.00893863545117461
"holdout","DAX","STAR_SV","2025-07","phi_h","sigma_eta",-0.000137548012153252
"holdout","DAX","STAR_SV","2025-07","sigma_eta","sigma_eta",0.00229823405992757
"holdout","DAX","STAR_SV","2025-07","nu","sigma_eta",0.0203813555434694
"holdout","DAX","STAR_SV","2025-07","gamma_severe","sigma_eta",0.00070248263560079
"holdout","DAX","STAR_SV","2025-07","gamma_mild","sigma_eta",0.000270615618135398
"holdout","DAX","STAR_SV","2025-07","mu_y","nu",-0.000869179069221825
"holdout","DAX","STAR_SV","2025-07","phi_y","nu",0.000881987624047288
"holdout","DAX","STAR_SV","2025-07","mu_h","nu",0.0774502272565716
"holdout","DAX","STAR_SV","2025-07","phi_h","nu",-0.00103902979964274
"holdout","DAX","STAR_SV","2025-07","sigma_eta","nu",0.0203813555434694
"holdout","DAX","STAR_SV","2025-07","nu","nu",0.833029222132835
"holdout","DAX","STAR_SV","2025-07","gamma_severe","nu",0.0136833413748342
"holdout","DAX","STAR_SV","2025-07","gamma_mild","nu",0.00971310340914451
"holdout","DAX","STAR_SV","2025-07","mu_y","gamma_severe",0.000115116419611446
"holdout","DAX","STAR_SV","2025-07","phi_y","gamma_severe",-0.00022458623058496
"holdout","DAX","STAR_SV","2025-07","mu_h","gamma_severe",0.00420671602479208
"holdout","DAX","STAR_SV","2025-07","phi_h","gamma_severe",0.000199000137798117
"holdout","DAX","STAR_SV","2025-07","sigma_eta","gamma_severe",0.00070248263560079
"holdout","DAX","STAR_SV","2025-07","nu","gamma_severe",0.0136833413748342
"holdout","DAX","STAR_SV","2025-07","gamma_severe","gamma_severe",0.0020168414143758
"holdout","DAX","STAR_SV","2025-07","gamma_mild","gamma_severe",0.00137020074865166
"holdout","DAX","STAR_SV","2025-07","mu_y","gamma_mild",4.25570868443528e-05
"holdout","DAX","STAR_SV","2025-07","phi_y","gamma_mild",-0.000231733263175366
"holdout","DAX","STAR_SV","2025-07","mu_h","gamma_mild",0.0024686805594203
"holdout","DAX","STAR_SV","2025-07","phi_h","gamma_mild",0.000224633856388155
"holdout","DAX","STAR_SV","2025-07","sigma_eta","gamma_mild",0.000270615618135398
"holdout","DAX","STAR_SV","2025-07","nu","gamma_mild",0.00971310340914451
"holdout","DAX","STAR_SV","2025-07","gamma_severe","gamma_mild",0.00137020074865166
"holdout","DAX","STAR_SV","2025-07","gamma_mild","gamma_mild",0.0124741503315502
"holdout","DAX","STAR_SV","2025-08","mu_y","mu_y",0.000302424917485988
"holdout","DAX","STAR_SV","2025-08","phi_y","mu_y",-5.03924264128676e-05
"holdout","DAX","STAR_SV","2025-08","mu_h","mu_y",-0.00125748667734642
"holdout","DAX","STAR_SV","2025-08","phi_h","mu_y",1.81819264330066e-05
"holdout","DAX","STAR_SV","2025-08","sigma_eta","mu_y",8.89404674664821e-05
"holdout","DAX","STAR_SV","2025-08","nu","mu_y",-0.000269685793215847
"holdout","DAX","STAR_SV","2025-08","gamma_severe","mu_y",0.000100672376960363
"holdout","DAX","STAR_SV","2025-08","gamma_mild","mu_y",6.23821596685287e-05
"holdout","DAX","STAR_SV","2025-08","mu_y","phi_y",-5.03924264128676e-05
"holdout","DAX","STAR_SV","2025-08","phi_y","phi_y",0.000511833314494433
"holdout","DAX","STAR_SV","2025-08","mu_h","phi_y",-0.000107979102825419
"holdout","DAX","STAR_SV","2025-08","phi_h","phi_y",-2.3861043440839e-05
"holdout","DAX","STAR_SV","2025-08","sigma_eta","phi_y",-0.000117551100906213
"holdout","DAX","STAR_SV","2025-08","nu","phi_y",-7.16258820021769e-05
"holdout","DAX","STAR_SV","2025-08","gamma_severe","phi_y",-0.000179064551369078
"holdout","DAX","STAR_SV","2025-08","gamma_mild","phi_y",-0.000317304842729767
"holdout","DAX","STAR_SV","2025-08","mu_y","mu_h",-0.00125748667734642
"holdout","DAX","STAR_SV","2025-08","phi_y","mu_h",-0.000107979102825419
"holdout","DAX","STAR_SV","2025-08","mu_h","mu_h",0.120644412294627
"holdout","DAX","STAR_SV","2025-08","phi_h","mu_h",-0.00183755468399449
"holdout","DAX","STAR_SV","2025-08","sigma_eta","mu_h",0.00387882826084662
"holdout","DAX","STAR_SV","2025-08","nu","mu_h",0.0263482913606808
"holdout","DAX","STAR_SV","2025-08","gamma_severe","mu_h",0.000736092539678212
"holdout","DAX","STAR_SV","2025-08","gamma_mild","mu_h",0.000386743370203739
"holdout","DAX","STAR_SV","2025-08","mu_y","phi_h",1.81819264330066e-05
"holdout","DAX","STAR_SV","2025-08","phi_y","phi_h",-2.3861043440839e-05
"holdout","DAX","STAR_SV","2025-08","mu_h","phi_h",-0.00183755468399449
"holdout","DAX","STAR_SV","2025-08","phi_h","phi_h",6.10688657470934e-05
"holdout","DAX","STAR_SV","2025-08","sigma_eta","phi_h",4.70733092942499e-06
"holdout","DAX","STAR_SV","2025-08","nu","phi_h",9.56507180731336e-05
"holdout","DAX","STAR_SV","2025-08","gamma_severe","phi_h",0.000208201435255282
"holdout","DAX","STAR_SV","2025-08","gamma_mild","phi_h",0.00019235269479785
"holdout","DAX","STAR_SV","2025-08","mu_y","sigma_eta",8.89404674664821e-05
"holdout","DAX","STAR_SV","2025-08","phi_y","sigma_eta",-0.000117551100906213
"holdout","DAX","STAR_SV","2025-08","mu_h","sigma_eta",0.00387882826084662
"holdout","DAX","STAR_SV","2025-08","phi_h","sigma_eta",4.70733092942499e-06
"holdout","DAX","STAR_SV","2025-08","sigma_eta","sigma_eta",0.00283540922775059
"holdout","DAX","STAR_SV","2025-08","nu","sigma_eta",0.0193304328259786
"holdout","DAX","STAR_SV","2025-08","gamma_severe","sigma_eta",0.000784361930378485
"holdout","DAX","STAR_SV","2025-08","gamma_mild","sigma_eta",0.000360948676139505
"holdout","DAX","STAR_SV","2025-08","mu_y","nu",-0.000269685793215847
"holdout","DAX","STAR_SV","2025-08","phi_y","nu",-7.16258820021769e-05
"holdout","DAX","STAR_SV","2025-08","mu_h","nu",0.0263482913606808
"holdout","DAX","STAR_SV","2025-08","phi_h","nu",9.56507180731336e-05
"holdout","DAX","STAR_SV","2025-08","sigma_eta","nu",0.0193304328259786
"holdout","DAX","STAR_SV","2025-08","nu","nu",0.677318092742578
"holdout","DAX","STAR_SV","2025-08","gamma_severe","nu",0.0119118417089485
"holdout","DAX","STAR_SV","2025-08","gamma_mild","nu",0.00568035574813231
"holdout","DAX","STAR_SV","2025-08","mu_y","gamma_severe",0.000100672376960363
"holdout","DAX","STAR_SV","2025-08","phi_y","gamma_severe",-0.000179064551369078
"holdout","DAX","STAR_SV","2025-08","mu_h","gamma_severe",0.000736092539678212
"holdout","DAX","STAR_SV","2025-08","phi_h","gamma_severe",0.000208201435255282
"holdout","DAX","STAR_SV","2025-08","sigma_eta","gamma_severe",0.000784361930378485
"holdout","DAX","STAR_SV","2025-08","nu","gamma_severe",0.0119118417089485
"holdout","DAX","STAR_SV","2025-08","gamma_severe","gamma_severe",0.00178152254392286
"holdout","DAX","STAR_SV","2025-08","gamma_mild","gamma_severe",0.00100608687281778
"holdout","DAX","STAR_SV","2025-08","mu_y","gamma_mild",6.23821596685287e-05
"holdout","DAX","STAR_SV","2025-08","phi_y","gamma_mild",-0.000317304842729767
"holdout","DAX","STAR_SV","2025-08","mu_h","gamma_mild",0.000386743370203739
"holdout","DAX","STAR_SV","2025-08","phi_h","gamma_mild",0.00019235269479785
"holdout","DAX","STAR_SV","2025-08","sigma_eta","gamma_mild",0.000360948676139505
"holdout","DAX","STAR_SV","2025-08","nu","gamma_mild",0.00568035574813231
"holdout","DAX","STAR_SV","2025-08","gamma_severe","gamma_mild",0.00100608687281778
"holdout","DAX","STAR_SV","2025-08","gamma_mild","gamma_mild",0.0140421279750009
"holdout","DAX","STAR_SV","2025-09","mu_y","mu_y",0.000305718012402047
"holdout","DAX","STAR_SV","2025-09","phi_y","mu_y",-5.39426598403415e-05
"holdout","DAX","STAR_SV","2025-09","mu_h","mu_y",-0.000975972862901804
"holdout","DAX","STAR_SV","2025-09","phi_h","mu_y",1.16473737682871e-05
"holdout","DAX","STAR_SV","2025-09","sigma_eta","mu_y",7.35970696299506e-05
"holdout","DAX","STAR_SV","2025-09","nu","mu_y",-0.00117341431991965
"holdout","DAX","STAR_SV","2025-09","gamma_severe","mu_y",7.44034214053683e-05
"holdout","DAX","STAR_SV","2025-09","gamma_mild","mu_y",-2.87639669772431e-05
"holdout","DAX","STAR_SV","2025-09","mu_y","phi_y",-5.39426598403415e-05
"holdout","DAX","STAR_SV","2025-09","phi_y","phi_y",0.000548225897226298
"holdout","DAX","STAR_SV","2025-09","mu_h","phi_y",-2.50000952602629e-06
"holdout","DAX","STAR_SV","2025-09","phi_h","phi_y",-2.62292162587398e-05
"holdout","DAX","STAR_SV","2025-09","sigma_eta","phi_y",-7.93781796212058e-05
"holdout","DAX","STAR_SV","2025-09","nu","phi_y",-0.000238816586385238
"holdout","DAX","STAR_SV","2025-09","gamma_severe","phi_y",-0.000175521187042977
"holdout","DAX","STAR_SV","2025-09","gamma_mild","phi_y",-0.000152593743850164
"holdout","DAX","STAR_SV","2025-09","mu_y","mu_h",-0.000975972862901804
"holdout","DAX","STAR_SV","2025-09","phi_y","mu_h",-2.50000952602629e-06
"holdout","DAX","STAR_SV","2025-09","mu_h","mu_h",0.138836724077907
"holdout","DAX","STAR_SV","2025-09","phi_h","mu_h",-0.00233333604022337
"holdout","DAX","STAR_SV","2025-09","sigma_eta","mu_h",0.00568646446198741
"holdout","DAX","STAR_SV","2025-09","nu","mu_h",0.0519879630905096
"holdout","DAX","STAR_SV","2025-09","gamma_severe","mu_h",0.00176986366412959
"holdout","DAX","STAR_SV","2025-09","gamma_mild","mu_h",-0.000147418226199818
"holdout","DAX","STAR_SV","2025-09","mu_y","phi_h",1.16473737682871e-05
"holdout","DAX","STAR_SV","2025-09","phi_y","phi_h",-2.62292162587398e-05
"holdout","DAX","STAR_SV","2025-09","mu_h","phi_h",-0.00233333604022337
"holdout","DAX","STAR_SV","2025-09","phi_h","phi_h",7.83062101427728e-05
"holdout","DAX","STAR_SV","2025-09","sigma_eta","phi_h",-5.69173678360318e-05
"holdout","DAX","STAR_SV","2025-09","nu","phi_h",-0.000456519078012305
"holdout","DAX","STAR_SV","2025-09","gamma_severe","phi_h",0.000207222208816287
"holdout","DAX","STAR_SV","2025-09","gamma_mild","phi_h",0.0002270198002909
"holdout","DAX","STAR_SV","2025-09","mu_y","sigma_eta",7.35970696299506e-05
"holdout","DAX","STAR_SV","2025-09","phi_y","sigma_eta",-7.93781796212058e-05
"holdout","DAX","STAR_SV","2025-09","mu_h","sigma_eta",0.00568646446198741
"holdout","DAX","STAR_SV","2025-09","phi_h","sigma_eta",-5.69173678360318e-05
"holdout","DAX","STAR_SV","2025-09","sigma_eta","sigma_eta",0.00245236068655259
"holdout","DAX","STAR_SV","2025-09","nu","sigma_eta",0.02108235730279
"holdout","DAX","STAR_SV","2025-09","gamma_severe","sigma_eta",0.000655470566179731
"holdout","DAX","STAR_SV","2025-09","gamma_mild","sigma_eta",0.000368381730463135
"holdout","DAX","STAR_SV","2025-09","mu_y","nu",-0.00117341431991965
"holdout","DAX","STAR_SV","2025-09","phi_y","nu",-0.000238816586385238
"holdout","DAX","STAR_SV","2025-09","mu_h","nu",0.0519879630905096
"holdout","DAX","STAR_SV","2025-09","phi_h","nu",-0.000456519078012305
"holdout","DAX","STAR_SV","2025-09","sigma_eta","nu",0.02108235730279
"holdout","DAX","STAR_SV","2025-09","nu","nu",0.748439585757782
"holdout","DAX","STAR_SV","2025-09","gamma_severe","nu",0.0118181925345761
"holdout","DAX","STAR_SV","2025-09","gamma_mild","nu",0.0103411559454557
"holdout","DAX","STAR_SV","2025-09","mu_y","gamma_severe",7.44034214053683e-05
"holdout","DAX","STAR_SV","2025-09","phi_y","gamma_severe",-0.000175521187042977
"holdout","DAX","STAR_SV","2025-09","mu_h","gamma_severe",0.00176986366412959
"holdout","DAX","STAR_SV","2025-09","phi_h","gamma_severe",0.000207222208816287
"holdout","DAX","STAR_SV","2025-09","sigma_eta","gamma_severe",0.000655470566179731
"holdout","DAX","STAR_SV","2025-09","nu","gamma_severe",0.0118181925345761
"holdout","DAX","STAR_SV","2025-09","gamma_severe","gamma_severe",0.00180365147492288
"holdout","DAX","STAR_SV","2025-09","gamma_mild","gamma_severe",0.00120058438982916
"holdout","DAX","STAR_SV","2025-09","mu_y","gamma_mild",-2.87639669772431e-05
"holdout","DAX","STAR_SV","2025-09","phi_y","gamma_mild",-0.000152593743850164
"holdout","DAX","STAR_SV","2025-09","mu_h","gamma_mild",-0.000147418226199818
"holdout","DAX","STAR_SV","2025-09","phi_h","gamma_mild",0.0002270198002909
"holdout","DAX","STAR_SV","2025-09","sigma_eta","gamma_mild",0.000368381730463135
"holdout","DAX","STAR_SV","2025-09","nu","gamma_mild",0.0103411559454557
"holdout","DAX","STAR_SV","2025-09","gamma_severe","gamma_mild",0.00120058438982916
"holdout","DAX","STAR_SV","2025-09","gamma_mild","gamma_mild",0.0128164739114852
"holdout","DAX","STAR_SV","2025-10","mu_y","mu_y",0.000337314354105825
"holdout","DAX","STAR_SV","2025-10","phi_y","mu_y",-5.66204523793138e-05
"holdout","DAX","STAR_SV","2025-10","mu_h","mu_y",-0.000543956654312735
"holdout","DAX","STAR_SV","2025-10","phi_h","mu_y",1.03447519489196e-05
"holdout","DAX","STAR_SV","2025-10","sigma_eta","mu_y",0.000126103375915013
"holdout","DAX","STAR_SV","2025-10","nu","mu_y",-0.0013293108224085
"holdout","DAX","STAR_SV","2025-10","gamma_severe","mu_y",0.000106526127383094
"holdout","DAX","STAR_SV","2025-10","gamma_mild","mu_y",6.9657026428393e-05
"holdout","DAX","STAR_SV","2025-10","mu_y","phi_y",-5.66204523793138e-05
"holdout","DAX","STAR_SV","2025-10","phi_y","phi_y",0.000510012858618362
"holdout","DAX","STAR_SV","2025-10","mu_h","phi_y",-0.000158569459432503
"holdout","DAX","STAR_SV","2025-10","phi_h","phi_y",-2.59997060752749e-05
"holdout","DAX","STAR_SV","2025-10","sigma_eta","phi_y",-5.72193505728967e-05
"holdout","DAX","STAR_SV","2025-10","nu","phi_y",-0.000279691172438329
"holdout","DAX","STAR_SV","2025-10","gamma_severe","phi_y",-0.000177746855880412
"holdout","DAX","STAR_SV","2025-10","gamma_mild","phi_y",-0.000195745567745829
"holdout","DAX","STAR_SV","2025-10","mu_y","mu_h",-0.000543956654312735
"holdout","DAX","STAR_SV","2025-10","phi_y","mu_h",-0.000158569459432503
"holdout","DAX","STAR_SV","2025-10","mu_h","mu_h",0.115231466496948
"holdout","DAX","STAR_SV","2025-10","phi_h","mu_h",-0.00214976622917457
"holdout","DAX","STAR_SV","2025-10","sigma_eta","mu_h",0.005411175468688
"holdout","DAX","STAR_SV","2025-10","nu","mu_h",0.0436874621405399
"holdout","DAX","STAR_SV","2025-10","gamma_severe","mu_h",0.00268261313274025
"holdout","DAX","STAR_SV","2025-10","gamma_mild","mu_h",2.98070928318247e-05
"holdout","DAX","STAR_SV","2025-10","mu_y","phi_h",1.03447519489196e-05
"holdout","DAX","STAR_SV","2025-10","phi_y","phi_h",-2.59997060752749e-05
"holdout","DAX","STAR_SV","2025-10","mu_h","phi_h",-0.00214976622917457
"holdout","DAX","STAR_SV","2025-10","phi_h","phi_h",8.72533513903398e-05
"holdout","DAX","STAR_SV","2025-10","sigma_eta","phi_h",-8.14851958313373e-05
"holdout","DAX","STAR_SV","2025-10","nu","phi_h",-0.000433638997073364
"holdout","DAX","STAR_SV","2025-10","gamma_severe","phi_h",0.000206331248829098
"holdout","DAX","STAR_SV","2025-10","gamma_mild","phi_h",0.000248245221462177
"holdout","DAX","STAR_SV","2025-10","mu_y","sigma_eta",0.000126103375915013
"holdout","DAX","STAR_SV","2025-10","phi_y","sigma_eta",-5.72193505728967e-05
"holdout","DAX","STAR_SV","2025-10","mu_h","sigma_eta",0.005411175468688
"holdout","DAX","STAR_SV","2025-10","phi_h","sigma_eta",-8.14851958313373e-05
"holdout","DAX","STAR_SV","2025-10","sigma_eta","sigma_eta",0.00180613263823638
"holdout","DAX","STAR_SV","2025-10","nu","sigma_eta",0.0162328011176942
"holdout","DAX","STAR_SV","2025-10","gamma_severe","sigma_eta",0.000471505439587081
"holdout","DAX","STAR_SV","2025-10","gamma_mild","sigma_eta",0.000362097131387332
"holdout","DAX","STAR_SV","2025-10","mu_y","nu",-0.0013293108224085
"holdout","DAX","STAR_SV","2025-10","phi_y","nu",-0.000279691172438329
"holdout","DAX","STAR_SV","2025-10","mu_h","nu",0.0436874621405399
"holdout","DAX","STAR_SV","2025-10","phi_h","nu",-0.000433638997073364
"holdout","DAX","STAR_SV","2025-10","sigma_eta","nu",0.0162328011176942
"holdout","DAX","STAR_SV","2025-10","nu","nu",0.903876993299022
"holdout","DAX","STAR_SV","2025-10","gamma_severe","nu",0.0118101426858772
"holdout","DAX","STAR_SV","2025-10","gamma_mild","nu",0.00840583604030114
"holdout","DAX","STAR_SV","2025-10","mu_y","gamma_severe",0.000106526127383094
"holdout","DAX","STAR_SV","2025-10","phi_y","gamma_severe",-0.000177746855880412
"holdout","DAX","STAR_SV","2025-10","mu_h","gamma_severe",0.00268261313274025
"holdout","DAX","STAR_SV","2025-10","phi_h","gamma_severe",0.000206331248829098
"holdout","DAX","STAR_SV","2025-10","sigma_eta","gamma_severe",0.000471505439587081
"holdout","DAX","STAR_SV","2025-10","nu","gamma_severe",0.0118101426858772
"holdout","DAX","STAR_SV","2025-10","gamma_severe","gamma_severe",0.001775128298132
"holdout","DAX","STAR_SV","2025-10","gamma_mild","gamma_severe",0.00143996980645176
"holdout","DAX","STAR_SV","2025-10","mu_y","gamma_mild",6.9657026428393e-05
"holdout","DAX","STAR_SV","2025-10","phi_y","gamma_mild",-0.000195745567745829
"holdout","DAX","STAR_SV","2025-10","mu_h","gamma_mild",2.98070928318247e-05
"holdout","DAX","STAR_SV","2025-10","phi_h","gamma_mild",0.000248245221462177
"holdout","DAX","STAR_SV","2025-10","sigma_eta","gamma_mild",0.000362097131387332
"holdout","DAX","STAR_SV","2025-10","nu","gamma_mild",0.00840583604030114
"holdout","DAX","STAR_SV","2025-10","gamma_severe","gamma_mild",0.00143996980645176
"holdout","DAX","STAR_SV","2025-10","gamma_mild","gamma_mild",0.0070622646906029
"holdout","DAX","STAR_SV","2025-11","mu_y","mu_y",0.000335392828000098
"holdout","DAX","STAR_SV","2025-11","phi_y","mu_y",-4.6582312921567e-05
"holdout","DAX","STAR_SV","2025-11","mu_h","mu_y",-0.000268136652603564
"holdout","DAX","STAR_SV","2025-11","phi_h","mu_y",1.15371784878421e-05
"holdout","DAX","STAR_SV","2025-11","sigma_eta","mu_y",0.000136345756184742
"holdout","DAX","STAR_SV","2025-11","nu","mu_y",-0.00106109727514488
"holdout","DAX","STAR_SV","2025-11","gamma_severe","mu_y",0.000134727855915029
"holdout","DAX","STAR_SV","2025-11","gamma_mild","mu_y",6.75695402731457e-05
"holdout","DAX","STAR_SV","2025-11","mu_y","phi_y",-4.6582312921567e-05
"holdout","DAX","STAR_SV","2025-11","phi_y","phi_y",0.000507452562625424
"holdout","DAX","STAR_SV","2025-11","mu_h","phi_y",-0.000295500602945693
"holdout","DAX","STAR_SV","2025-11","phi_h","phi_y",-2.5418254951149e-05
"holdout","DAX","STAR_SV","2025-11","sigma_eta","phi_y",-6.5585318617528e-05
"holdout","DAX","STAR_SV","2025-11","nu","phi_y",-0.000526721987965434
"holdout","DAX","STAR_SV","2025-11","gamma_severe","phi_y",-0.000179680917078157
"holdout","DAX","STAR_SV","2025-11","gamma_mild","phi_y",-0.000166854271335888
"holdout","DAX","STAR_SV","2025-11","mu_y","mu_h",-0.000268136652603564
"holdout","DAX","STAR_SV","2025-11","phi_y","mu_h",-0.000295500602945693
"holdout","DAX","STAR_SV","2025-11","mu_h","mu_h",0.0935364689636871
"holdout","DAX","STAR_SV","2025-11","phi_h","mu_h",-0.002044766671634
"holdout","DAX","STAR_SV","2025-11","sigma_eta","mu_h",0.00636409906838889
"holdout","DAX","STAR_SV","2025-11","nu","mu_h",0.0630670590854587
"holdout","DAX","STAR_SV","2025-11","gamma_severe","mu_h",0.00356124508076759
"holdout","DAX","STAR_SV","2025-11","gamma_mild","mu_h",0.00313218190474012
"holdout","DAX","STAR_SV","2025-11","mu_y","phi_h",1.15371784878421e-05
"holdout","DAX","STAR_SV","2025-11","phi_y","phi_h",-2.5418254951149e-05
"holdout","DAX","STAR_SV","2025-11","mu_h","phi_h",-0.002044766671634
"holdout","DAX","STAR_SV","2025-11","phi_h","phi_h",0.000108338698228031
"holdout","DAX","STAR_SV","2025-11","sigma_eta","phi_h",-0.000121383512544652
"holdout","DAX","STAR_SV","2025-11","nu","phi_h",-0.000812550109237569
"holdout","DAX","STAR_SV","2025-11","gamma_severe","phi_h",0.000220875353920955
"holdout","DAX","STAR_SV","2025-11","gamma_mild","phi_h",0.000212944773038852
"holdout","DAX","STAR_SV","2025-11","mu_y","sigma_eta",0.000136345756184742
"holdout","DAX","STAR_SV","2025-11","phi_y","sigma_eta",-6.5585318617528e-05
"holdout","DAX","STAR_SV","2025-11","mu_h","sigma_eta",0.00636409906838889
"holdout","DAX","STAR_SV","2025-11","phi_h","sigma_eta",-0.000121383512544652
"holdout","DAX","STAR_SV","2025-11","sigma_eta","sigma_eta",0.00194750529458062
"holdout","DAX","STAR_SV","2025-11","nu","sigma_eta",0.0191582637747052
"holdout","DAX","STAR_SV","2025-11","gamma_severe","sigma_eta",0.000597609036317319
"holdout","DAX","STAR_SV","2025-11","gamma_mild","sigma_eta",0.000495071418362718
"holdout","DAX","STAR_SV","2025-11","mu_y","nu",-0.00106109727514488
"holdout","DAX","STAR_SV","2025-11","phi_y","nu",-0.000526721987965434
"holdout","DAX","STAR_SV","2025-11","mu_h","nu",0.0630670590854587
"holdout","DAX","STAR_SV","2025-11","phi_h","nu",-0.000812550109237569
"holdout","DAX","STAR_SV","2025-11","sigma_eta","nu",0.0191582637747052
"holdout","DAX","STAR_SV","2025-11","nu","nu",0.961525590434566
"holdout","DAX","STAR_SV","2025-11","gamma_severe","nu",0.0150744417544473
"holdout","DAX","STAR_SV","2025-11","gamma_mild","nu",0.013113909985408
"holdout","DAX","STAR_SV","2025-11","mu_y","gamma_severe",0.000134727855915029
"holdout","DAX","STAR_SV","2025-11","phi_y","gamma_severe",-0.000179680917078157
"holdout","DAX","STAR_SV","2025-11","mu_h","gamma_severe",0.00356124508076759
"holdout","DAX","STAR_SV","2025-11","phi_h","gamma_severe",0.000220875353920955
"holdout","DAX","STAR_SV","2025-11","sigma_eta","gamma_severe",0.000597609036317319
"holdout","DAX","STAR_SV","2025-11","nu","gamma_severe",0.0150744417544473
"holdout","DAX","STAR_SV","2025-11","gamma_severe","gamma_severe",0.0018992429312465
"holdout","DAX","STAR_SV","2025-11","gamma_mild","gamma_severe",0.00160234630676982
"holdout","DAX","STAR_SV","2025-11","mu_y","gamma_mild",6.75695402731457e-05
"holdout","DAX","STAR_SV","2025-11","phi_y","gamma_mild",-0.000166854271335888
"holdout","DAX","STAR_SV","2025-11","mu_h","gamma_mild",0.00313218190474012
"holdout","DAX","STAR_SV","2025-11","phi_h","gamma_mild",0.000212944773038852
"holdout","DAX","STAR_SV","2025-11","sigma_eta","gamma_mild",0.000495071418362718
"holdout","DAX","STAR_SV","2025-11","nu","gamma_mild",0.013113909985408
"holdout","DAX","STAR_SV","2025-11","gamma_severe","gamma_mild",0.00160234630676982
"holdout","DAX","STAR_SV","2025-11","gamma_mild","gamma_mild",0.00563937294985598
"holdout","DAX","STAR_SV","2025-12","mu_y","mu_y",0.000331531123024317
"holdout","DAX","STAR_SV","2025-12","phi_y","mu_y",-3.30031514959668e-05
"holdout","DAX","STAR_SV","2025-12","mu_h","mu_y",-0.000339197754530348
"holdout","DAX","STAR_SV","2025-12","phi_h","mu_y",2.40231172210426e-06
"holdout","DAX","STAR_SV","2025-12","sigma_eta","mu_y",0.000118586298332951
"holdout","DAX","STAR_SV","2025-12","nu","mu_y",-0.000650047641140547
"holdout","DAX","STAR_SV","2025-12","gamma_severe","mu_y",8.4426028405766e-05
"holdout","DAX","STAR_SV","2025-12","gamma_mild","mu_y",4.2399360557644e-05
"holdout","DAX","STAR_SV","2025-12","mu_y","phi_y",-3.30031514959668e-05
"holdout","DAX","STAR_SV","2025-12","phi_y","phi_y",0.000533426200202334
"holdout","DAX","STAR_SV","2025-12","mu_h","phi_y",-0.000295364287582547
"holdout","DAX","STAR_SV","2025-12","phi_h","phi_y",-3.18357837914222e-05
"holdout","DAX","STAR_SV","2025-12","sigma_eta","phi_y",-5.54980532866698e-05
"holdout","DAX","STAR_SV","2025-12","nu","phi_y",0.000450161032919524
"holdout","DAX","STAR_SV","2025-12","gamma_severe","phi_y",-0.000197628955313197
"holdout","DAX","STAR_SV","2025-12","gamma_mild","phi_y",-0.000171432382848002
"holdout","DAX","STAR_SV","2025-12","mu_y","mu_h",-0.000339197754530348
"holdout","DAX","STAR_SV","2025-12","phi_y","mu_h",-0.000295364287582547
"holdout","DAX","STAR_SV","2025-12","mu_h","mu_h",0.0884377750867966
"holdout","DAX","STAR_SV","2025-12","phi_h","mu_h",-0.00194125731349485
"holdout","DAX","STAR_SV","2025-12","sigma_eta","mu_h",0.0053911264419125
"holdout","DAX","STAR_SV","2025-12","nu","mu_h",0.0448679388046552
"holdout","DAX","STAR_SV","2025-12","gamma_severe","mu_h",0.00376531595806142
"holdout","DAX","STAR_SV","2025-12","gamma_mild","mu_h",0.00325831754871049
"holdout","DAX","STAR_SV","2025-12","mu_y","phi_h",2.40231172210426e-06
"holdout","DAX","STAR_SV","2025-12","phi_y","phi_h",-3.18357837914222e-05
"holdout","DAX","STAR_SV","2025-12","mu_h","phi_h",-0.00194125731349485
"holdout","DAX","STAR_SV","2025-12","phi_h","phi_h",0.000112452885584451
"holdout","DAX","STAR_SV","2025-12","sigma_eta","phi_h",-0.000113938813838562
"holdout","DAX","STAR_SV","2025-12","nu","phi_h",-0.00058185117347376
"holdout","DAX","STAR_SV","2025-12","gamma_severe","phi_h",0.000231708808367188
"holdout","DAX","STAR_SV","2025-12","gamma_mild","phi_h",0.000245653507741914
"holdout","DAX","STAR_SV","2025-12","mu_y","sigma_eta",0.000118586298332951
"holdout","DAX","STAR_SV","2025-12","phi_y","sigma_eta",-5.54980532866698e-05
"holdout","DAX","STAR_SV","2025-12","mu_h","sigma_eta",0.0053911264419125
"holdout","DAX","STAR_SV","2025-12","phi_h","sigma_eta",-0.000113938813838562
"holdout","DAX","STAR_SV","2025-12","sigma_eta","sigma_eta",0.00174456787379454
"holdout","DAX","STAR_SV","2025-12","nu","sigma_eta",0.0188171038851214
"holdout","DAX","STAR_SV","2025-12","gamma_severe","sigma_eta",0.000520375347396794
"holdout","DAX","STAR_SV","2025-12","gamma_mild","sigma_eta",0.000443385557061542
"holdout","DAX","STAR_SV","2025-12","mu_y","nu",-0.000650047641140547
"holdout","DAX","STAR_SV","2025-12","phi_y","nu",0.000450161032919524
"holdout","DAX","STAR_SV","2025-12","mu_h","nu",0.0448679388046552
"holdout","DAX","STAR_SV","2025-12","phi_h","nu",-0.00058185117347376
"holdout","DAX","STAR_SV","2025-12","sigma_eta","nu",0.0188171038851214
"holdout","DAX","STAR_SV","2025-12","nu","nu",1.10077533481848
"holdout","DAX","STAR_SV","2025-12","gamma_severe","nu",0.0142340119726522
"holdout","DAX","STAR_SV","2025-12","gamma_mild","nu",0.0104708784648089
"holdout","DAX","STAR_SV","2025-12","mu_y","gamma_severe",8.4426028405766e-05
"holdout","DAX","STAR_SV","2025-12","phi_y","gamma_severe",-0.000197628955313197
"holdout","DAX","STAR_SV","2025-12","mu_h","gamma_severe",0.00376531595806142
"holdout","DAX","STAR_SV","2025-12","phi_h","gamma_severe",0.000231708808367188
"holdout","DAX","STAR_SV","2025-12","sigma_eta","gamma_severe",0.000520375347396794
"holdout","DAX","STAR_SV","2025-12","nu","gamma_severe",0.0142340119726522
"holdout","DAX","STAR_SV","2025-12","gamma_severe","gamma_severe",0.00194905846254962
"holdout","DAX","STAR_SV","2025-12","gamma_mild","gamma_severe",0.00171809158194204
"holdout","DAX","STAR_SV","2025-12","mu_y","gamma_mild",4.2399360557644e-05
"holdout","DAX","STAR_SV","2025-12","phi_y","gamma_mild",-0.000171432382848002
"holdout","DAX","STAR_SV","2025-12","mu_h","gamma_mild",0.00325831754871049
"holdout","DAX","STAR_SV","2025-12","phi_h","gamma_mild",0.000245653507741914
"holdout","DAX","STAR_SV","2025-12","sigma_eta","gamma_mild",0.000443385557061542
"holdout","DAX","STAR_SV","2025-12","nu","gamma_mild",0.0104708784648089
"holdout","DAX","STAR_SV","2025-12","gamma_severe","gamma_mild",0.00171809158194204
"holdout","DAX","STAR_SV","2025-12","gamma_mild","gamma_mild",0.00681602204193514
"holdout","NIKKEI","ARSV","2024-01","mu_y","mu_y",0.000427843661086242
"holdout","NIKKEI","ARSV","2024-01","phi_y","mu_y",-1.80683027262782e-06
"holdout","NIKKEI","ARSV","2024-01","mu_h","mu_y",-9.14196823010786e-05
"holdout","NIKKEI","ARSV","2024-01","phi_h","mu_y",-2.21282198553803e-05
"holdout","NIKKEI","ARSV","2024-01","sigma_eta","mu_y",8.89277025793302e-05
"holdout","NIKKEI","ARSV","2024-01","nu","mu_y",0.00394611813984451
"holdout","NIKKEI","ARSV","2024-01","mu_y","phi_y",-1.80683027262782e-06
"holdout","NIKKEI","ARSV","2024-01","phi_y","phi_y",0.00053370631414521
"holdout","NIKKEI","ARSV","2024-01","mu_h","phi_y",5.4388281669931e-05
"holdout","NIKKEI","ARSV","2024-01","phi_h","phi_y",2.16436242752333e-05
"holdout","NIKKEI","ARSV","2024-01","sigma_eta","phi_y",-6.58098947561425e-05
"holdout","NIKKEI","ARSV","2024-01","nu","phi_y",-0.00283996077647951
"holdout","NIKKEI","ARSV","2024-01","mu_y","mu_h",-9.14196823010786e-05
"holdout","NIKKEI","ARSV","2024-01","phi_y","mu_h",5.4388281669931e-05
"holdout","NIKKEI","ARSV","2024-01","mu_h","mu_h",0.014623749102816
"holdout","NIKKEI","ARSV","2024-01","phi_h","mu_h",0.00055686115009924
"holdout","NIKKEI","ARSV","2024-01","sigma_eta","mu_h",-0.00176624465057983
"holdout","NIKKEI","ARSV","2024-01","nu","mu_h",-0.117909112052615
"holdout","NIKKEI","ARSV","2024-01","mu_y","phi_h",-2.21282198553803e-05
"holdout","NIKKEI","ARSV","2024-01","phi_y","phi_h",2.16436242752333e-05
"holdout","NIKKEI","ARSV","2024-01","mu_h","phi_h",0.00055686115009924
"holdout","NIKKEI","ARSV","2024-01","phi_h","phi_h",0.000378970518544924
"holdout","NIKKEI","ARSV","2024-01","sigma_eta","phi_h",-0.000999871763442433
"holdout","NIKKEI","ARSV","2024-01","nu","phi_h",-0.0393712643167661
"holdout","NIKKEI","ARSV","2024-01","mu_y","sigma_eta",8.89277025793302e-05
"holdout","NIKKEI","ARSV","2024-01","phi_y","sigma_eta",-6.58098947561425e-05
"holdout","NIKKEI","ARSV","2024-01","mu_h","sigma_eta",-0.00176624465057983
"holdout","NIKKEI","ARSV","2024-01","phi_h","sigma_eta",-0.000999871763442433
"holdout","NIKKEI","ARSV","2024-01","sigma_eta","sigma_eta",0.00319737927684679
"holdout","NIKKEI","ARSV","2024-01","nu","sigma_eta",0.125267344862028
"holdout","NIKKEI","ARSV","2024-01","mu_y","nu",0.00394611813984451
"holdout","NIKKEI","ARSV","2024-01","phi_y","nu",-0.00283996077647951
"holdout","NIKKEI","ARSV","2024-01","mu_h","nu",-0.117909112052615
"holdout","NIKKEI","ARSV","2024-01","phi_h","nu",-0.0393712643167661
"holdout","NIKKEI","ARSV","2024-01","sigma_eta","nu",0.125267344862028
"holdout","NIKKEI","ARSV","2024-01","nu","nu",13.1536740709962
"holdout","NIKKEI","ARSV","2024-02","mu_y","mu_y",0.000435636415112374
"holdout","NIKKEI","ARSV","2024-02","phi_y","mu_y",-1.94944147346773e-05
"holdout","NIKKEI","ARSV","2024-02","mu_h","mu_y",-8.17896956285873e-05
"holdout","NIKKEI","ARSV","2024-02","phi_h","mu_y",-1.52393338663856e-05
"holdout","NIKKEI","ARSV","2024-02","sigma_eta","mu_y",6.94837322090599e-05
"holdout","NIKKEI","ARSV","2024-02","nu","mu_y",0.00301610294402539
"holdout","NIKKEI","ARSV","2024-02","mu_y","phi_y",-1.94944147346773e-05
"holdout","NIKKEI","ARSV","2024-02","phi_y","phi_y",0.000517742670832113
"holdout","NIKKEI","ARSV","2024-02","mu_h","phi_y",2.87005202864561e-05
"holdout","NIKKEI","ARSV","2024-02","phi_h","phi_y",1.67369741191401e-05
"holdout","NIKKEI","ARSV","2024-02","sigma_eta","phi_y",-4.55284858338203e-05
"holdout","NIKKEI","ARSV","2024-02","nu","phi_y",-0.00299808085532988
"holdout","NIKKEI","ARSV","2024-02","mu_y","mu_h",-8.17896956285873e-05
"holdout","NIKKEI","ARSV","2024-02","phi_y","mu_h",2.87005202864561e-05
"holdout","NIKKEI","ARSV","2024-02","mu_h","mu_h",0.0152314602614421
"holdout","NIKKEI","ARSV","2024-02","phi_h","mu_h",0.000490126270801785
"holdout","NIKKEI","ARSV","2024-02","sigma_eta","mu_h",-0.00159710103340467
"holdout","NIKKEI","ARSV","2024-02","nu","mu_h",-0.118566554984192
"holdout","NIKKEI","ARSV","2024-02","mu_y","phi_h",-1.52393338663856e-05
"holdout","NIKKEI","ARSV","2024-02","phi_y","phi_h",1.67369741191401e-05
"holdout","NIKKEI","ARSV","2024-02","mu_h","phi_h",0.000490126270801785
"holdout","NIKKEI","ARSV","2024-02","phi_h","phi_h",0.000343768337140578
"holdout","NIKKEI","ARSV","2024-02","sigma_eta","phi_h",-0.000904410505870653
"holdout","NIKKEI","ARSV","2024-02","nu","phi_h",-0.0351402824665429
"holdout","NIKKEI","ARSV","2024-02","mu_y","sigma_eta",6.94837322090599e-05
"holdout","NIKKEI","ARSV","2024-02","phi_y","sigma_eta",-4.55284858338203e-05
"holdout","NIKKEI","ARSV","2024-02","mu_h","sigma_eta",-0.00159710103340467
"holdout","NIKKEI","ARSV","2024-02","phi_h","sigma_eta",-0.000904410505870653
"holdout","NIKKEI","ARSV","2024-02","sigma_eta","sigma_eta",0.00290176953525542
"holdout","NIKKEI","ARSV","2024-02","nu","sigma_eta",0.112684387709515
"holdout","NIKKEI","ARSV","2024-02","mu_y","nu",0.00301610294402539
"holdout","NIKKEI","ARSV","2024-02","phi_y","nu",-0.00299808085532988
"holdout","NIKKEI","ARSV","2024-02","mu_h","nu",-0.118566554984192
"holdout","NIKKEI","ARSV","2024-02","phi_h","nu",-0.0351402824665429
"holdout","NIKKEI","ARSV","2024-02","sigma_eta","nu",0.112684387709515
"holdout","NIKKEI","ARSV","2024-02","nu","nu",12.9321195923986
"holdout","NIKKEI","ARSV","2024-03","mu_y","mu_y",0.000452093850069666
"holdout","NIKKEI","ARSV","2024-03","phi_y","mu_y",-2.19973429945578e-05
"holdout","NIKKEI","ARSV","2024-03","mu_h","mu_y",-9.92048405089384e-05
"holdout","NIKKEI","ARSV","2024-03","phi_h","mu_y",-2.85075183659283e-05
"holdout","NIKKEI","ARSV","2024-03","sigma_eta","mu_y",9.20101228083823e-05
"holdout","NIKKEI","ARSV","2024-03","nu","mu_y",0.00466823783732322
"holdout","NIKKEI","ARSV","2024-03","mu_y","phi_y",-2.19973429945578e-05
"holdout","NIKKEI","ARSV","2024-03","phi_y","phi_y",0.000544677074001165
"holdout","NIKKEI","ARSV","2024-03","mu_h","phi_y",1.66835198664688e-05
"holdout","NIKKEI","ARSV","2024-03","phi_h","phi_y",2.17140092716973e-05
"holdout","NIKKEI","ARSV","2024-03","sigma_eta","phi_y",-6.26005270712477e-05
"holdout","NIKKEI","ARSV","2024-03","nu","phi_y",-0.00146571914464155
"holdout","NIKKEI","ARSV","2024-03","mu_y","mu_h",-9.92048405089384e-05
"holdout","NIKKEI","ARSV","2024-03","phi_y","mu_h",1.66835198664688e-05
"holdout","NIKKEI","ARSV","2024-03","mu_h","mu_h",0.014866438126712
"holdout","NIKKEI","ARSV","2024-03","phi_h","mu_h",0.000628096687080359
"holdout","NIKKEI","ARSV","2024-03","sigma_eta","mu_h",-0.00192788443891811
"holdout","NIKKEI","ARSV","2024-03","nu","mu_h",-0.109282596789385
"holdout","NIKKEI","ARSV","2024-03","mu_y","phi_h",-2.85075183659283e-05
"holdout","NIKKEI","ARSV","2024-03","phi_y","phi_h",2.17140092716973e-05
"holdout","NIKKEI","ARSV","2024-03","mu_h","phi_h",0.000628096687080359
"holdout","NIKKEI","ARSV","2024-03","phi_h","phi_h",0.000403644992426188
"holdout","NIKKEI","ARSV","2024-03","sigma_eta","phi_h",-0.00106848767301783
"holdout","NIKKEI","ARSV","2024-03","nu","phi_h",-0.0351120794654526
"holdout","NIKKEI","ARSV","2024-03","mu_y","sigma_eta",9.20101228083823e-05
"holdout","NIKKEI","ARSV","2024-03","phi_y","sigma_eta",-6.26005270712477e-05
"holdout","NIKKEI","ARSV","2024-03","mu_h","sigma_eta",-0.00192788443891811
"holdout","NIKKEI","ARSV","2024-03","phi_h","sigma_eta",-0.00106848767301783
"holdout","NIKKEI","ARSV","2024-03","sigma_eta","sigma_eta",0.00336766776545023
"holdout","NIKKEI","ARSV","2024-03","nu","sigma_eta",0.109247575957846
"holdout","NIKKEI","ARSV","2024-03","mu_y","nu",0.00466823783732322
"holdout","NIKKEI","ARSV","2024-03","phi_y","nu",-0.00146571914464155
"holdout","NIKKEI","ARSV","2024-03","mu_h","nu",-0.109282596789385
"holdout","NIKKEI","ARSV","2024-03","phi_h","nu",-0.0351120794654526
"holdout","NIKKEI","ARSV","2024-03","sigma_eta","nu",0.109247575957846
"holdout","NIKKEI","ARSV","2024-03","nu","nu",9.7960977476323
"holdout","NIKKEI","ARSV","2024-05","mu_y","mu_y",0.000439066622170672
"holdout","NIKKEI","ARSV","2024-05","phi_y","mu_y",-1.36151869517348e-05
"holdout","NIKKEI","ARSV","2024-05","mu_h","mu_y",-5.94057590645337e-05
"holdout","NIKKEI","ARSV","2024-05","phi_h","mu_y",-2.22095166919145e-05
"holdout","NIKKEI","ARSV","2024-05","sigma_eta","mu_y",7.2710142160097e-05
"holdout","NIKKEI","ARSV","2024-05","nu","mu_y",0.00244797093823731
"holdout","NIKKEI","ARSV","2024-05","mu_y","phi_y",-1.36151869517348e-05
"holdout","NIKKEI","ARSV","2024-05","phi_y","phi_y",0.000528827091120394
"holdout","NIKKEI","ARSV","2024-05","mu_h","phi_y",4.11465814179263e-05
"holdout","NIKKEI","ARSV","2024-05","phi_h","phi_y",1.34552190992141e-05
"holdout","NIKKEI","ARSV","2024-05","sigma_eta","phi_y",-3.31113005496212e-05
"holdout","NIKKEI","ARSV","2024-05","nu","phi_y",0.000716993738819544
"holdout","NIKKEI","ARSV","2024-05","mu_y","mu_h",-5.94057590645337e-05
"holdout","NIKKEI","ARSV","2024-05","phi_y","mu_h",4.11465814179263e-05
"holdout","NIKKEI","ARSV","2024-05","mu_h","mu_h",0.0150984823095994
"holdout","NIKKEI","ARSV","2024-05","phi_h","mu_h",0.00058077347667309
"holdout","NIKKEI","ARSV","2024-05","sigma_eta","mu_h",-0.00179101577745349
"holdout","NIKKEI","ARSV","2024-05","nu","mu_h",-0.0852217272018659
"holdout","NIKKEI","ARSV","2024-05","mu_y","phi_h",-2.22095166919145e-05
"holdout","NIKKEI","ARSV","2024-05","phi_y","phi_h",1.34552190992141e-05
"holdout","NIKKEI","ARSV","2024-05","mu_h","phi_h",0.00058077347667309
"holdout","NIKKEI","ARSV","2024-05","phi_h","phi_h",0.00036130011762484
"holdout","NIKKEI","ARSV","2024-05","sigma_eta","phi_h",-0.00093832602724282
"holdout","NIKKEI","ARSV","2024-05","nu","phi_h",-0.0248070037531192
"holdout","NIKKEI","ARSV","2024-05","mu_y","sigma_eta",7.2710142160097e-05
"holdout","NIKKEI","ARSV","2024-05","phi_y","sigma_eta",-3.31113005496212e-05
"holdout","NIKKEI","ARSV","2024-05","mu_h","sigma_eta",-0.00179101577745349
"holdout","NIKKEI","ARSV","2024-05","phi_h","sigma_eta",-0.00093832602724282
"holdout","NIKKEI","ARSV","2024-05","sigma_eta","sigma_eta",0.00290943329754069
"holdout","NIKKEI","ARSV","2024-05","nu","sigma_eta",0.0774999003688213
"holdout","NIKKEI","ARSV","2024-05","mu_y","nu",0.00244797093823731
"holdout","NIKKEI","ARSV","2024-05","phi_y","nu",0.000716993738819544
"holdout","NIKKEI","ARSV","2024-05","mu_h","nu",-0.0852217272018659
"holdout","NIKKEI","ARSV","2024-05","phi_h","nu",-0.0248070037531192
"holdout","NIKKEI","ARSV","2024-05","sigma_eta","nu",0.0774999003688213
"holdout","NIKKEI","ARSV","2024-05","nu","nu",6.17322254875687
"holdout","NIKKEI","ARSV","2024-06","mu_y","mu_y",0.000455491150328654
"holdout","NIKKEI","ARSV","2024-06","phi_y","mu_y",-1.7259755254021e-05
"holdout","NIKKEI","ARSV","2024-06","mu_h","mu_y",-8.46133282954752e-05
"holdout","NIKKEI","ARSV","2024-06","phi_h","mu_y",-3.3736768063063e-05
"holdout","NIKKEI","ARSV","2024-06","sigma_eta","mu_y",9.61432350205622e-05
"holdout","NIKKEI","ARSV","2024-06","nu","mu_y",0.004793169020832
"holdout","NIKKEI","ARSV","2024-06","mu_y","phi_y",-1.7259755254021e-05
"holdout","NIKKEI","ARSV","2024-06","phi_y","phi_y",0.00050750965422716
"holdout","NIKKEI","ARSV","2024-06","mu_h","phi_y",2.58534590224803e-05
"holdout","NIKKEI","ARSV","2024-06","phi_h","phi_y",2.25480418058589e-05
"holdout","NIKKEI","ARSV","2024-06","sigma_eta","phi_y",-5.5095593325428e-05
"holdout","NIKKEI","ARSV","2024-06","nu","phi_y",-0.00199693861710307
"holdout","NIKKEI","ARSV","2024-06","mu_y","mu_h",-8.46133282954752e-05
"holdout","NIKKEI","ARSV","2024-06","phi_y","mu_h",2.58534590224803e-05
"holdout","NIKKEI","ARSV","2024-06","mu_h","mu_h",0.0134990737018617
"holdout","NIKKEI","ARSV","2024-06","phi_h","mu_h",0.000632265290808767
"holdout","NIKKEI","ARSV","2024-06","sigma_eta","mu_h",-0.00185302278260414
"holdout","NIKKEI","ARSV","2024-06","nu","mu_h",-0.106655057003052
"holdout","NIKKEI","ARSV","2024-06","mu_y","phi_h",-3.3736768063063e-05
"holdout","NIKKEI","ARSV","2024-06","phi_y","phi_h",2.25480418058589e-05
"holdout","NIKKEI","ARSV","2024-06","mu_h","phi_h",0.000632265290808767
"holdout","NIKKEI","ARSV","2024-06","phi_h","phi_h",0.000451327651344108
"holdout","NIKKEI","ARSV","2024-06","sigma_eta","phi_h",-0.00113853535285707
"holdout","NIKKEI","ARSV","2024-06","nu","phi_h",-0.035836938216398
"holdout","NIKKEI","ARSV","2024-06","mu_y","sigma_eta",9.61432350205622e-05
"holdout","NIKKEI","ARSV","2024-06","phi_y","sigma_eta",-5.5095593325428e-05
"holdout","NIKKEI","ARSV","2024-06","mu_h","sigma_eta",-0.00185302278260414
"holdout","NIKKEI","ARSV","2024-06","phi_h","sigma_eta",-0.00113853535285707
"holdout","NIKKEI","ARSV","2024-06","sigma_eta","sigma_eta",0.00335778395258066
"holdout","NIKKEI","ARSV","2024-06","nu","sigma_eta",0.104928268797761
"holdout","NIKKEI","ARSV","2024-06","mu_y","nu",0.004793169020832
"holdout","NIKKEI","ARSV","2024-06","phi_y","nu",-0.00199693861710307
"holdout","NIKKEI","ARSV","2024-06","mu_h","nu",-0.106655057003052
"holdout","NIKKEI","ARSV","2024-06","phi_h","nu",-0.035836938216398
"holdout","NIKKEI","ARSV","2024-06","sigma_eta","nu",0.104928268797761
"holdout","NIKKEI","ARSV","2024-06","nu","nu",9.34463627005681
"holdout","NIKKEI","ARSV","2024-07","mu_y","mu_y",0.000445264159386293
"holdout","NIKKEI","ARSV","2024-07","phi_y","mu_y",-1.19409836099936e-06
"holdout","NIKKEI","ARSV","2024-07","mu_h","mu_y",-4.56213695075408e-05
"holdout","NIKKEI","ARSV","2024-07","phi_h","mu_y",-2.04612262625227e-05
"holdout","NIKKEI","ARSV","2024-07","sigma_eta","mu_y",6.9266417205121e-05
"holdout","NIKKEI","ARSV","2024-07","nu","mu_y",0.00189365246080335
"holdout","NIKKEI","ARSV","2024-07","mu_y","phi_y",-1.19409836099936e-06
"holdout","NIKKEI","ARSV","2024-07","phi_y","phi_y",0.000511848026742615
"holdout","NIKKEI","ARSV","2024-07","mu_h","phi_y",-5.83541996383681e-06
"holdout","NIKKEI","ARSV","2024-07","phi_h","phi_y",1.97935124008634e-05
"holdout","NIKKEI","ARSV","2024-07","sigma_eta","phi_y",-5.2328715143246e-05
"holdout","NIKKEI","ARSV","2024-07","nu","phi_y",0.0011226100007893
"holdout","NIKKEI","ARSV","2024-07","mu_y","mu_h",-4.56213695075408e-05
"holdout","NIKKEI","ARSV","2024-07","phi_y","mu_h",-5.83541996383681e-06
"holdout","NIKKEI","ARSV","2024-07","mu_h","mu_h",0.0132964255051865
"holdout","NIKKEI","ARSV","2024-07","phi_h","mu_h",0.000549211621679688
"holdout","NIKKEI","ARSV","2024-07","sigma_eta","mu_h",-0.00165933753080059
"holdout","NIKKEI","ARSV","2024-07","nu","mu_h",-0.0914090009054181
"holdout","NIKKEI","ARSV","2024-07","mu_y","phi_h",-2.04612262625227e-05
"holdout","NIKKEI","ARSV","2024-07","phi_y","phi_h",1.97935124008634e-05
"holdout","NIKKEI","ARSV","2024-07","mu_h","phi_h",0.000549211621679688
"holdout","NIKKEI","ARSV","2024-07","phi_h","phi_h",0.000424406317852349
"holdout","NIKKEI","ARSV","2024-07","sigma_eta","phi_h",-0.00105606559128388
"holdout","NIKKEI","ARSV","2024-07","nu","phi_h",-0.0307006980023054
"holdout","NIKKEI","ARSV","2024-07","mu_y","sigma_eta",6.9266417205121e-05
"holdout","NIKKEI","ARSV","2024-07","phi_y","sigma_eta",-5.2328715143246e-05
"holdout","NIKKEI","ARSV","2024-07","mu_h","sigma_eta",-0.00165933753080059
"holdout","NIKKEI","ARSV","2024-07","phi_h","sigma_eta",-0.00105606559128388
"holdout","NIKKEI","ARSV","2024-07","sigma_eta","sigma_eta",0.00311092578406246
"holdout","NIKKEI","ARSV","2024-07","nu","sigma_eta",0.0904263741711537
"holdout","NIKKEI","ARSV","2024-07","mu_y","nu",0.00189365246080335
"holdout","NIKKEI","ARSV","2024-07","phi_y","nu",0.0011226100007893
"holdout","NIKKEI","ARSV","2024-07","mu_h","nu",-0.0914090009054181
"holdout","NIKKEI","ARSV","2024-07","phi_h","nu",-0.0307006980023054
"holdout","NIKKEI","ARSV","2024-07","sigma_eta","nu",0.0904263741711537
"holdout","NIKKEI","ARSV","2024-07","nu","nu",7.56301567474365
"holdout","NIKKEI","ARSV","2024-08","mu_y","mu_y",0.000433695652526069
"holdout","NIKKEI","ARSV","2024-08","phi_y","mu_y",-8.60771551432794e-06
"holdout","NIKKEI","ARSV","2024-08","mu_h","mu_y",-7.08880316157714e-07
"holdout","NIKKEI","ARSV","2024-08","phi_h","mu_y",-1.61025172131405e-05
"holdout","NIKKEI","ARSV","2024-08","sigma_eta","mu_y",5.83499807456001e-05
"holdout","NIKKEI","ARSV","2024-08","nu","mu_y",0.00152340907185044
"holdout","NIKKEI","ARSV","2024-08","mu_y","phi_y",-8.60771551432794e-06
"holdout","NIKKEI","ARSV","2024-08","phi_y","phi_y",0.000514841851877602
"holdout","NIKKEI","ARSV","2024-08","mu_h","phi_y",-1.63306177344347e-05
"holdout","NIKKEI","ARSV","2024-08","phi_h","phi_y",1.1909030301775e-05
"holdout","NIKKEI","ARSV","2024-08","sigma_eta","phi_y",-2.50086547637795e-05
"holdout","NIKKEI","ARSV","2024-08","nu","phi_y",-5.23733544455842e-05
"holdout","NIKKEI","ARSV","2024-08","mu_y","mu_h",-7.08880316157714e-07
"holdout","NIKKEI","ARSV","2024-08","phi_y","mu_h",-1.63306177344347e-05
"holdout","NIKKEI","ARSV","2024-08","mu_h","mu_h",0.0139399956790388
"holdout","NIKKEI","ARSV","2024-08","phi_h","mu_h",0.000474105549909019
"holdout","NIKKEI","ARSV","2024-08","sigma_eta","mu_h",-0.00131053964351565
"holdout","NIKKEI","ARSV","2024-08","nu","mu_h",-0.0799605482039686
"holdout","NIKKEI","ARSV","2024-08","mu_y","phi_h",-1.61025172131405e-05
"holdout","NIKKEI","ARSV","2024-08","phi_y","phi_h",1.1909030301775e-05
"holdout","NIKKEI","ARSV","2024-08","mu_h","phi_h",0.000474105549909019
"holdout","NIKKEI","ARSV","2024-08","phi_h","phi_h",0.000300431143912915
"holdout","NIKKEI","ARSV","2024-08","sigma_eta","phi_h",-0.000742130516656152
"holdout","NIKKEI","ARSV","2024-08","nu","phi_h",-0.020081028026186
"holdout","NIKKEI","ARSV","2024-08","mu_y","sigma_eta",5.83499807456001e-05
"holdout","NIKKEI","ARSV","2024-08","phi_y","sigma_eta",-2.50086547637795e-05
"holdout","NIKKEI","ARSV","2024-08","mu_h","sigma_eta",-0.00131053964351565
"holdout","NIKKEI","ARSV","2024-08","phi_h","sigma_eta",-0.000742130516656152
"holdout","NIKKEI","ARSV","2024-08","sigma_eta","sigma_eta",0.00227207878834159
"holdout","NIKKEI","ARSV","2024-08","nu","sigma_eta",0.0606859146277488
"holdout","NIKKEI","ARSV","2024-08","mu_y","nu",0.00152340907185044
"holdout","NIKKEI","ARSV","2024-08","phi_y","nu",-5.23733544455842e-05
"holdout","NIKKEI","ARSV","2024-08","mu_h","nu",-0.0799605482039686
"holdout","NIKKEI","ARSV","2024-08","phi_h","nu",-0.020081028026186
"holdout","NIKKEI","ARSV","2024-08","sigma_eta","nu",0.0606859146277488
"holdout","NIKKEI","ARSV","2024-08","nu","nu",6.50920655863922
"holdout","NIKKEI","ARSV","2024-09","mu_y","mu_y",0.000414048917193745
"holdout","NIKKEI","ARSV","2024-09","phi_y","mu_y",-2.82201635318733e-06
"holdout","NIKKEI","ARSV","2024-09","mu_h","mu_y",-2.98608417127084e-05
"holdout","NIKKEI","ARSV","2024-09","phi_h","mu_y",-1.83708770304745e-05
"holdout","NIKKEI","ARSV","2024-09","sigma_eta","mu_y",6.66444343909069e-05
"holdout","NIKKEI","ARSV","2024-09","nu","mu_y",0.00718228448371247
"holdout","NIKKEI","ARSV","2024-09","mu_y","phi_y",-2.82201635318733e-06
"holdout","NIKKEI","ARSV","2024-09","phi_y","phi_y",0.000535367659931259
"holdout","NIKKEI","ARSV","2024-09","mu_h","phi_y",7.06248980491083e-05
"holdout","NIKKEI","ARSV","2024-09","phi_h","phi_y",3.54292288337063e-05
"holdout","NIKKEI","ARSV","2024-09","sigma_eta","phi_y",-7.56135097868617e-05
"holdout","NIKKEI","ARSV","2024-09","nu","phi_y",-0.00821545109855682
"holdout","NIKKEI","ARSV","2024-09","mu_y","mu_h",-2.98608417127084e-05
"holdout","NIKKEI","ARSV","2024-09","phi_y","mu_h",7.06248980491083e-05
"holdout","NIKKEI","ARSV","2024-09","mu_h","mu_h",0.0103956120483275
"holdout","NIKKEI","ARSV","2024-09","phi_h","mu_h",0.000997984080624252
"holdout","NIKKEI","ARSV","2024-09","sigma_eta","mu_h",-0.00257737806106744
"holdout","NIKKEI","ARSV","2024-09","nu","mu_h",-0.33766186512155
"holdout","NIKKEI","ARSV","2024-09","mu_y","phi_h",-1.83708770304745e-05
"holdout","NIKKEI","ARSV","2024-09","phi_y","phi_h",3.54292288337063e-05
"holdout","NIKKEI","ARSV","2024-09","mu_h","phi_h",0.000997984080624252
"holdout","NIKKEI","ARSV","2024-09","phi_h","phi_h",0.000858633287929614
"holdout","NIKKEI","ARSV","2024-09","sigma_eta","phi_h",-0.00185191254858951
"holdout","NIKKEI","ARSV","2024-09","nu","phi_h",-0.172647869919915
"holdout","NIKKEI","ARSV","2024-09","mu_y","sigma_eta",6.66444343909069e-05
"holdout","NIKKEI","ARSV","2024-09","phi_y","sigma_eta",-7.56135097868617e-05
"holdout","NIKKEI","ARSV","2024-09","mu_h","sigma_eta",-0.00257737806106744
"holdout","NIKKEI","ARSV","2024-09","phi_h","sigma_eta",-0.00185191254858951
"holdout","NIKKEI","ARSV","2024-09","sigma_eta","sigma_eta",0.00473157283818584
"holdout","NIKKEI","ARSV","2024-09","nu","sigma_eta",0.437086330714019
"holdout","NIKKEI","ARSV","2024-09","mu_y","nu",0.00718228448371247
"holdout","NIKKEI","ARSV","2024-09","phi_y","nu",-0.00821545109855682
"holdout","NIKKEI","ARSV","2024-09","mu_h","nu",-0.33766186512155
"holdout","NIKKEI","ARSV","2024-09","phi_h","nu",-0.172647869919915
"holdout","NIKKEI","ARSV","2024-09","sigma_eta","nu",0.437086330714019
"holdout","NIKKEI","ARSV","2024-09","nu","nu",99.7320822551215
"holdout","NIKKEI","ARSV","2024-11","mu_y","mu_y",0.000435621730731526
"holdout","NIKKEI","ARSV","2024-11","phi_y","mu_y",4.24279973468975e-06
"holdout","NIKKEI","ARSV","2024-11","mu_h","mu_y",-0.000118399850818368
"holdout","NIKKEI","ARSV","2024-11","phi_h","mu_y",-3.35764078215407e-05
"holdout","NIKKEI","ARSV","2024-11","sigma_eta","mu_y",9.80879323467511e-05
"holdout","NIKKEI","ARSV","2024-11","nu","mu_y",0.00592086573134082
"holdout","NIKKEI","ARSV","2024-11","mu_y","phi_y",4.24279973468975e-06
"holdout","NIKKEI","ARSV","2024-11","phi_y","phi_y",0.000538654930877963
"holdout","NIKKEI","ARSV","2024-11","mu_h","phi_y",-1.2643535633965e-05
"holdout","NIKKEI","ARSV","2024-11","phi_h","phi_y",3.46106424398684e-05
"holdout","NIKKEI","ARSV","2024-11","sigma_eta","phi_y",-6.91730263386882e-05
"holdout","NIKKEI","ARSV","2024-11","nu","phi_y",-0.0039632477196591
"holdout","NIKKEI","ARSV","2024-11","mu_y","mu_h",-0.000118399850818368
"holdout","NIKKEI","ARSV","2024-11","phi_y","mu_h",-1.2643535633965e-05
"holdout","NIKKEI","ARSV","2024-11","mu_h","mu_h",0.0106540099472128
"holdout","NIKKEI","ARSV","2024-11","phi_h","mu_h",0.000903543056534259
"holdout","NIKKEI","ARSV","2024-11","sigma_eta","mu_h",-0.00243525194365097
"holdout","NIKKEI","ARSV","2024-11","nu","mu_h",-0.22651100414519
"holdout","NIKKEI","ARSV","2024-11","mu_y","phi_h",-3.35764078215407e-05
"holdout","NIKKEI","ARSV","2024-11","phi_y","phi_h",3.46106424398684e-05
"holdout","NIKKEI","ARSV","2024-11","mu_h","phi_h",0.000903543056534259
"holdout","NIKKEI","ARSV","2024-11","phi_h","phi_h",0.000826005218647886
"holdout","NIKKEI","ARSV","2024-11","sigma_eta","phi_h",-0.00188952206558917
"holdout","NIKKEI","ARSV","2024-11","nu","phi_h",-0.117876371227928
"holdout","NIKKEI","ARSV","2024-11","mu_y","sigma_eta",9.80879323467511e-05
"holdout","NIKKEI","ARSV","2024-11","phi_y","sigma_eta",-6.91730263386882e-05
"holdout","NIKKEI","ARSV","2024-11","mu_h","sigma_eta",-0.00243525194365097
"holdout","NIKKEI","ARSV","2024-11","phi_h","sigma_eta",-0.00188952206558917
"holdout","NIKKEI","ARSV","2024-11","sigma_eta","sigma_eta",0.00500835830095087
"holdout","NIKKEI","ARSV","2024-11","nu","sigma_eta",0.311035743564231
"holdout","NIKKEI","ARSV","2024-11","mu_y","nu",0.00592086573134082
"holdout","NIKKEI","ARSV","2024-11","phi_y","nu",-0.0039632477196591
"holdout","NIKKEI","ARSV","2024-11","mu_h","nu",-0.22651100414519
"holdout","NIKKEI","ARSV","2024-11","phi_h","nu",-0.117876371227928
"holdout","NIKKEI","ARSV","2024-11","sigma_eta","nu",0.311035743564231
"holdout","NIKKEI","ARSV","2024-11","nu","nu",45.0610895669464
"holdout","NIKKEI","ARSV","2024-12","mu_y","mu_y",0.000407218749635293
"holdout","NIKKEI","ARSV","2024-12","phi_y","mu_y",1.0174282582808e-05
"holdout","NIKKEI","ARSV","2024-12","mu_h","mu_y",-3.29008515022524e-05
"holdout","NIKKEI","ARSV","2024-12","phi_h","mu_y",-2.12892696635063e-05
"holdout","NIKKEI","ARSV","2024-12","sigma_eta","mu_y",6.8529424154994e-05
"holdout","NIKKEI","ARSV","2024-12","nu","mu_y",0.00541681848879809
"holdout","NIKKEI","ARSV","2024-12","mu_y","phi_y",1.0174282582808e-05
"holdout","NIKKEI","ARSV","2024-12","phi_y","phi_y",0.000546644998596964
"holdout","NIKKEI","ARSV","2024-12","mu_h","phi_y",6.1056047885062e-05
"holdout","NIKKEI","ARSV","2024-12","phi_h","phi_y",2.34317434498012e-05
"holdout","NIKKEI","ARSV","2024-12","sigma_eta","phi_y",-6.16164550259068e-05
"holdout","NIKKEI","ARSV","2024-12","nu","phi_y",-0.00323398469500752
"holdout","NIKKEI","ARSV","2024-12","mu_y","mu_h",-3.29008515022524e-05
"holdout","NIKKEI","ARSV","2024-12","phi_y","mu_h",6.1056047885062e-05
"holdout","NIKKEI","ARSV","2024-12","mu_h","mu_h",0.0115753907431588
"holdout","NIKKEI","ARSV","2024-12","phi_h","mu_h",0.000999957176628019
"holdout","NIKKEI","ARSV","2024-12","sigma_eta","mu_h",-0.00267107309085029
"holdout","NIKKEI","ARSV","2024-12","nu","mu_h",-0.250412859032394
"holdout","NIKKEI","ARSV","2024-12","mu_y","phi_h",-2.12892696635063e-05
"holdout","NIKKEI","ARSV","2024-12","phi_y","phi_h",2.34317434498012e-05
"holdout","NIKKEI","ARSV","2024-12","mu_h","phi_h",0.000999957176628019
"holdout","NIKKEI","ARSV","2024-12","phi_h","phi_h",0.000854664549804538
"holdout","NIKKEI","ARSV","2024-12","sigma_eta","phi_h",-0.00196980552655738
"holdout","NIKKEI","ARSV","2024-12","nu","phi_h",-0.126330631660584
"holdout","NIKKEI","ARSV","2024-12","mu_y","sigma_eta",6.8529424154994e-05
"holdout","NIKKEI","ARSV","2024-12","phi_y","sigma_eta",-6.16164550259068e-05
"holdout","NIKKEI","ARSV","2024-12","mu_h","sigma_eta",-0.00267107309085029
"holdout","NIKKEI","ARSV","2024-12","phi_h","sigma_eta",-0.00196980552655738
"holdout","NIKKEI","ARSV","2024-12","sigma_eta","sigma_eta",0.0052125962305914
"holdout","NIKKEI","ARSV","2024-12","nu","sigma_eta",0.332185905320335
"holdout","NIKKEI","ARSV","2024-12","mu_y","nu",0.00541681848879809
"holdout","NIKKEI","ARSV","2024-12","phi_y","nu",-0.00323398469500752
"holdout","NIKKEI","ARSV","2024-12","mu_h","nu",-0.250412859032394
"holdout","NIKKEI","ARSV","2024-12","phi_h","nu",-0.126330631660584
"holdout","NIKKEI","ARSV","2024-12","sigma_eta","nu",0.332185905320335
"holdout","NIKKEI","ARSV","2024-12","nu","nu",45.8876769811864
"holdout","NIKKEI","ARSV","2025-01","mu_y","mu_y",0.0004344192940567
"holdout","NIKKEI","ARSV","2025-01","phi_y","mu_y",-1.06360577741179e-06
"holdout","NIKKEI","ARSV","2025-01","mu_h","mu_y",-7.68354577716658e-05
"holdout","NIKKEI","ARSV","2025-01","phi_h","mu_y",-1.56134731021498e-05
"holdout","NIKKEI","ARSV","2025-01","sigma_eta","mu_y",6.0141913164714e-05
"holdout","NIKKEI","ARSV","2025-01","nu","mu_y",0.0053334371153322
"holdout","NIKKEI","ARSV","2025-01","mu_y","phi_y",-1.06360577741179e-06
"holdout","NIKKEI","ARSV","2025-01","phi_y","phi_y",0.00052386615087903
"holdout","NIKKEI","ARSV","2025-01","mu_h","phi_y",2.50641072270197e-05
"holdout","NIKKEI","ARSV","2025-01","phi_h","phi_y",2.40843504242445e-05
"holdout","NIKKEI","ARSV","2025-01","sigma_eta","phi_y",-6.6613527100201e-05
"holdout","NIKKEI","ARSV","2025-01","nu","phi_y",-0.00141561883583088
"holdout","NIKKEI","ARSV","2025-01","mu_y","mu_h",-7.68354577716658e-05
"holdout","NIKKEI","ARSV","2025-01","phi_y","mu_h",2.50641072270197e-05
"holdout","NIKKEI","ARSV","2025-01","mu_h","mu_h",0.0126484097763895
"holdout","NIKKEI","ARSV","2025-01","phi_h","mu_h",0.000789569728068103
"holdout","NIKKEI","ARSV","2025-01","sigma_eta","mu_h",-0.00225706096663797
"holdout","NIKKEI","ARSV","2025-01","nu","mu_h",-0.174767854019269
"holdout","NIKKEI","ARSV","2025-01","mu_y","phi_h",-1.56134731021498e-05
"holdout","NIKKEI","ARSV","2025-01","phi_y","phi_h",2.40843504242445e-05
"holdout","NIKKEI","ARSV","2025-01","mu_h","phi_h",0.000789569728068103
"holdout","NIKKEI","ARSV","2025-01","phi_h","phi_h",0.000613443513055371
"holdout","NIKKEI","ARSV","2025-01","sigma_eta","phi_h",-0.00145879493552994
"holdout","NIKKEI","ARSV","2025-01","nu","phi_h",-0.0681984566638296
"holdout","NIKKEI","ARSV","2025-01","mu_y","sigma_eta",6.0141913164714e-05
"holdout","NIKKEI","ARSV","2025-01","phi_y","sigma_eta",-6.6613527100201e-05
"holdout","NIKKEI","ARSV","2025-01","mu_h","sigma_eta",-0.00225706096663797
"holdout","NIKKEI","ARSV","2025-01","phi_h","sigma_eta",-0.00145879493552994
"holdout","NIKKEI","ARSV","2025-01","sigma_eta","sigma_eta",0.00410051549784379
"holdout","NIKKEI","ARSV","2025-01","nu","sigma_eta",0.192078889160402
"holdout","NIKKEI","ARSV","2025-01","mu_y","nu",0.0053334371153322
"holdout","NIKKEI","ARSV","2025-01","phi_y","nu",-0.00141561883583088
"holdout","NIKKEI","ARSV","2025-01","mu_h","nu",-0.174767854019269
"holdout","NIKKEI","ARSV","2025-01","phi_h","nu",-0.0681984566638296
"holdout","NIKKEI","ARSV","2025-01","sigma_eta","nu",0.192078889160402
"holdout","NIKKEI","ARSV","2025-01","nu","nu",22.556614713333
"holdout","NIKKEI","ARSV","2025-02","mu_y","mu_y",0.00045143059031291
"holdout","NIKKEI","ARSV","2025-02","phi_y","mu_y",9.39585987627343e-06
"holdout","NIKKEI","ARSV","2025-02","mu_h","mu_y",-0.000139968787889923
"holdout","NIKKEI","ARSV","2025-02","phi_h","mu_y",-1.05314803262644e-05
"holdout","NIKKEI","ARSV","2025-02","sigma_eta","mu_y",4.31839036070089e-05
"holdout","NIKKEI","ARSV","2025-02","nu","mu_y",0.00366027826151761
"holdout","NIKKEI","ARSV","2025-02","mu_y","phi_y",9.39585987627343e-06
"holdout","NIKKEI","ARSV","2025-02","phi_y","phi_y",0.000530585643021038
"holdout","NIKKEI","ARSV","2025-02","mu_h","phi_y",-0.000106571313604284
"holdout","NIKKEI","ARSV","2025-02","phi_h","phi_y",7.58396745037275e-06
"holdout","NIKKEI","ARSV","2025-02","sigma_eta","phi_y",-1.73190635751742e-05
"holdout","NIKKEI","ARSV","2025-02","nu","phi_y",0.00405068507700874
"holdout","NIKKEI","ARSV","2025-02","mu_y","mu_h",-0.000139968787889923
"holdout","NIKKEI","ARSV","2025-02","phi_y","mu_h",-0.000106571313604284
"holdout","NIKKEI","ARSV","2025-02","mu_h","mu_h",0.0134015856564085
"holdout","NIKKEI","ARSV","2025-02","phi_h","mu_h",0.000384540811414879
"holdout","NIKKEI","ARSV","2025-02","sigma_eta","mu_h",-0.00119415928919442
"holdout","NIKKEI","ARSV","2025-02","nu","mu_h",-0.126050420912501
"holdout","NIKKEI","ARSV","2025-02","mu_y","phi_h",-1.05314803262644e-05
"holdout","NIKKEI","ARSV","2025-02","phi_y","phi_h",7.58396745037275e-06
"holdout","NIKKEI","ARSV","2025-02","mu_h","phi_h",0.000384540811414879
"holdout","NIKKEI","ARSV","2025-02","phi_h","phi_h",0.000403878990297676
"holdout","NIKKEI","ARSV","2025-02","sigma_eta","phi_h",-0.000974700246317034
"holdout","NIKKEI","ARSV","2025-02","nu","phi_h",-0.0450715881120081
"holdout","NIKKEI","ARSV","2025-02","mu_y","sigma_eta",4.31839036070089e-05
"holdout","NIKKEI","ARSV","2025-02","phi_y","sigma_eta",-1.73190635751742e-05
"holdout","NIKKEI","ARSV","2025-02","mu_h","sigma_eta",-0.00119415928919442
"holdout","NIKKEI","ARSV","2025-02","phi_h","sigma_eta",-0.000974700246317034
"holdout","NIKKEI","ARSV","2025-02","sigma_eta","sigma_eta",0.00286370042163284
"holdout","NIKKEI","ARSV","2025-02","nu","sigma_eta",0.134218108255481
"holdout","NIKKEI","ARSV","2025-02","mu_y","nu",0.00366027826151761
"holdout","NIKKEI","ARSV","2025-02","phi_y","nu",0.00405068507700874
"holdout","NIKKEI","ARSV","2025-02","mu_h","nu",-0.126050420912501
"holdout","NIKKEI","ARSV","2025-02","phi_h","nu",-0.0450715881120081
"holdout","NIKKEI","ARSV","2025-02","sigma_eta","nu",0.134218108255481
"holdout","NIKKEI","ARSV","2025-02","nu","nu",21.7548571914388
"holdout","NIKKEI","ARSV","2025-03","mu_y","mu_y",0.000406972903685435
"holdout","NIKKEI","ARSV","2025-03","phi_y","mu_y",-2.3519838774635e-05
"holdout","NIKKEI","ARSV","2025-03","mu_h","mu_y",7.03243179501348e-06
"holdout","NIKKEI","ARSV","2025-03","phi_h","mu_y",-1.7883418504104e-05
"holdout","NIKKEI","ARSV","2025-03","sigma_eta","mu_y",5.18964515385126e-05
"holdout","NIKKEI","ARSV","2025-03","nu","mu_y",0.00112802307863492
"holdout","NIKKEI","ARSV","2025-03","mu_y","phi_y",-2.3519838774635e-05
"holdout","NIKKEI","ARSV","2025-03","phi_y","phi_y",0.000532276885223612
"holdout","NIKKEI","ARSV","2025-03","mu_h","phi_y",1.33207119880751e-05
"holdout","NIKKEI","ARSV","2025-03","phi_h","phi_y",1.29531451765589e-05
"holdout","NIKKEI","ARSV","2025-03","sigma_eta","phi_y",-4.19946580134966e-05
"holdout","NIKKEI","ARSV","2025-03","nu","phi_y",0.00113077010801214
"holdout","NIKKEI","ARSV","2025-03","mu_y","mu_h",7.03243179501348e-06
"holdout","NIKKEI","ARSV","2025-03","phi_y","mu_h",1.33207119880751e-05
"holdout","NIKKEI","ARSV","2025-03","mu_h","mu_h",0.0136747512167095
"holdout","NIKKEI","ARSV","2025-03","phi_h","mu_h",0.000424931372871807
"holdout","NIKKEI","ARSV","2025-03","sigma_eta","mu_h",-0.00130020675770947
"holdout","NIKKEI","ARSV","2025-03","nu","mu_h",-0.0977405285515094
"holdout","NIKKEI","ARSV","2025-03","mu_y","phi_h",-1.7883418504104e-05
"holdout","NIKKEI","ARSV","2025-03","phi_y","phi_h",1.29531451765589e-05
"holdout","NIKKEI","ARSV","2025-03","mu_h","phi_h",0.000424931372871807
"holdout","NIKKEI","ARSV","2025-03","phi_h","phi_h",0.000354501781737335
"holdout","NIKKEI","ARSV","2025-03","sigma_eta","phi_h",-0.000849631219580305
"holdout","NIKKEI","ARSV","2025-03","nu","phi_h",-0.0314718728686133
"holdout","NIKKEI","ARSV","2025-03","mu_y","sigma_eta",5.18964515385126e-05
"holdout","NIKKEI","ARSV","2025-03","phi_y","sigma_eta",-4.19946580134966e-05
"holdout","NIKKEI","ARSV","2025-03","mu_h","sigma_eta",-0.00130020675770947
"holdout","NIKKEI","ARSV","2025-03","phi_h","sigma_eta",-0.000849631219580305
"holdout","NIKKEI","ARSV","2025-03","sigma_eta","sigma_eta",0.00251174291713173
"holdout","NIKKEI","ARSV","2025-03","nu","sigma_eta",0.093721988753153
"holdout","NIKKEI","ARSV","2025-03","mu_y","nu",0.00112802307863492
"holdout","NIKKEI","ARSV","2025-03","phi_y","nu",0.00113077010801214
"holdout","NIKKEI","ARSV","2025-03","mu_h","nu",-0.0977405285515094
"holdout","NIKKEI","ARSV","2025-03","phi_h","nu",-0.0314718728686133
"holdout","NIKKEI","ARSV","2025-03","sigma_eta","nu",0.093721988753153
"holdout","NIKKEI","ARSV","2025-03","nu","nu",12.8159557933058
"holdout","NIKKEI","ARSV","2025-04","mu_y","mu_y",0.000447357154143665
"holdout","NIKKEI","ARSV","2025-04","phi_y","mu_y",-2.93371461240443e-06
"holdout","NIKKEI","ARSV","2025-04","mu_h","mu_y",-8.01581778685047e-05
"holdout","NIKKEI","ARSV","2025-04","phi_h","mu_y",-1.5519753706544e-05
"holdout","NIKKEI","ARSV","2025-04","sigma_eta","mu_y",4.63972147100853e-05
"holdout","NIKKEI","ARSV","2025-04","nu","mu_y",0.00301890349366831
"holdout","NIKKEI","ARSV","2025-04","mu_y","phi_y",-2.93371461240443e-06
"holdout","NIKKEI","ARSV","2025-04","phi_y","phi_y",0.000527389723122736
"holdout","NIKKEI","ARSV","2025-04","mu_h","phi_y",-4.30439557423902e-05
"holdout","NIKKEI","ARSV","2025-04","phi_h","phi_y",6.94659674636386e-06
"holdout","NIKKEI","ARSV","2025-04","sigma_eta","phi_y",-2.14680621810781e-05
"holdout","NIKKEI","ARSV","2025-04","nu","phi_y",0.0011830888294445
"holdout","NIKKEI","ARSV","2025-04","mu_y","mu_h",-8.01581778685047e-05
"holdout","NIKKEI","ARSV","2025-04","phi_y","mu_h",-4.30439557423902e-05
"holdout","NIKKEI","ARSV","2025-04","mu_h","mu_h",0.0126072374731412
"holdout","NIKKEI","ARSV","2025-04","phi_h","mu_h",0.000590529274806219
"holdout","NIKKEI","ARSV","2025-04","sigma_eta","mu_h",-0.00169338550325584
"holdout","NIKKEI","ARSV","2025-04","nu","mu_h",-0.111961215923345
"holdout","NIKKEI","ARSV","2025-04","mu_y","phi_h",-1.5519753706544e-05
"holdout","NIKKEI","ARSV","2025-04","phi_y","phi_h",6.94659674636386e-06
"holdout","NIKKEI","ARSV","2025-04","mu_h","phi_h",0.000590529274806219
"holdout","NIKKEI","ARSV","2025-04","phi_h","phi_h",0.000426208422576866
"holdout","NIKKEI","ARSV","2025-04","sigma_eta","phi_h",-0.00105174265069991
"holdout","NIKKEI","ARSV","2025-04","nu","phi_h",-0.0401005584863787
"holdout","NIKKEI","ARSV","2025-04","mu_y","sigma_eta",4.63972147100853e-05
"holdout","NIKKEI","ARSV","2025-04","phi_y","sigma_eta",-2.14680621810781e-05
"holdout","NIKKEI","ARSV","2025-04","mu_h","sigma_eta",-0.00169338550325584
"holdout","NIKKEI","ARSV","2025-04","phi_h","sigma_eta",-0.00105174265069991
"holdout","NIKKEI","ARSV","2025-04","sigma_eta","sigma_eta",0.00312543737340382
"holdout","NIKKEI","ARSV","2025-04","nu","sigma_eta",0.118750911767888
"holdout","NIKKEI","ARSV","2025-04","mu_y","nu",0.00301890349366831
"holdout","NIKKEI","ARSV","2025-04","phi_y","nu",0.0011830888294445
"holdout","NIKKEI","ARSV","2025-04","mu_h","nu",-0.111961215923345
"holdout","NIKKEI","ARSV","2025-04","phi_h","nu",-0.0401005584863787
"holdout","NIKKEI","ARSV","2025-04","sigma_eta","nu",0.118750911767888
"holdout","NIKKEI","ARSV","2025-04","nu","nu",13.8942772511608
"holdout","NIKKEI","ARSV","2025-05","mu_y","mu_y",0.000445969550126238
"holdout","NIKKEI","ARSV","2025-05","phi_y","mu_y",-1.32640550657612e-05
"holdout","NIKKEI","ARSV","2025-05","mu_h","mu_y",-3.32373243511478e-06
"holdout","NIKKEI","ARSV","2025-05","phi_h","mu_y",-2.2165273634826e-05
"holdout","NIKKEI","ARSV","2025-05","sigma_eta","mu_y",5.69918226615038e-05
"holdout","NIKKEI","ARSV","2025-05","nu","mu_y",0.00118817219435728
"holdout","NIKKEI","ARSV","2025-05","mu_y","phi_y",-1.32640550657612e-05
"holdout","NIKKEI","ARSV","2025-05","phi_y","phi_y",0.000555254509522473
"holdout","NIKKEI","ARSV","2025-05","mu_h","phi_y",-2.45813814833417e-06
"holdout","NIKKEI","ARSV","2025-05","phi_h","phi_y",1.2053057352832e-05
"holdout","NIKKEI","ARSV","2025-05","sigma_eta","phi_y",-1.70468054612259e-05
"holdout","NIKKEI","ARSV","2025-05","nu","phi_y",0.00437034680973321
"holdout","NIKKEI","ARSV","2025-05","mu_y","mu_h",-3.32373243511478e-06
"holdout","NIKKEI","ARSV","2025-05","phi_y","mu_h",-2.45813814833417e-06
"holdout","NIKKEI","ARSV","2025-05","mu_h","mu_h",0.0115379845272356
"holdout","NIKKEI","ARSV","2025-05","phi_h","mu_h",0.000650814282108684
"holdout","NIKKEI","ARSV","2025-05","sigma_eta","mu_h",-0.00179346308676701
"holdout","NIKKEI","ARSV","2025-05","nu","mu_h",-0.198054973670151
"holdout","NIKKEI","ARSV","2025-05","mu_y","phi_h",-2.2165273634826e-05
"holdout","NIKKEI","ARSV","2025-05","phi_y","phi_h",1.2053057352832e-05
"holdout","NIKKEI","ARSV","2025-05","mu_h","phi_h",0.000650814282108684
"holdout","NIKKEI","ARSV","2025-05","phi_h","phi_h",0.000596297529149919
"holdout","NIKKEI","ARSV","2025-05","sigma_eta","phi_h",-0.00132767783437095
"holdout","NIKKEI","ARSV","2025-05","nu","phi_h",-0.0851133599051573
"holdout","NIKKEI","ARSV","2025-05","mu_y","sigma_eta",5.69918226615038e-05
"holdout","NIKKEI","ARSV","2025-05","phi_y","sigma_eta",-1.70468054612259e-05
"holdout","NIKKEI","ARSV","2025-05","mu_h","sigma_eta",-0.00179346308676701
"holdout","NIKKEI","ARSV","2025-05","phi_h","sigma_eta",-0.00132767783437095
"holdout","NIKKEI","ARSV","2025-05","sigma_eta","sigma_eta",0.00359207794503892
"holdout","NIKKEI","ARSV","2025-05","nu","sigma_eta",0.231839905252209
"holdout","NIKKEI","ARSV","2025-05","mu_y","nu",0.00118817219435728
"holdout","NIKKEI","ARSV","2025-05","phi_y","nu",0.00437034680973321
"holdout","NIKKEI","ARSV","2025-05","mu_h","nu",-0.198054973670151
"holdout","NIKKEI","ARSV","2025-05","phi_h","nu",-0.0851133599051573
"holdout","NIKKEI","ARSV","2025-05","sigma_eta","nu",0.231839905252209
"holdout","NIKKEI","ARSV","2025-05","nu","nu",48.7037704746771
"holdout","NIKKEI","ARSV","2025-06","mu_y","mu_y",0.000436229426041632
"holdout","NIKKEI","ARSV","2025-06","phi_y","mu_y",-6.4290071980914e-06
"holdout","NIKKEI","ARSV","2025-06","mu_h","mu_y",6.9434203927332e-05
"holdout","NIKKEI","ARSV","2025-06","phi_h","mu_y",-5.34539742859351e-06
"holdout","NIKKEI","ARSV","2025-06","sigma_eta","mu_y",2.29059937693999e-05
"holdout","NIKKEI","ARSV","2025-06","nu","mu_y",0.00302122175780716
"holdout","NIKKEI","ARSV","2025-06","mu_y","phi_y",-6.4290071980914e-06
"holdout","NIKKEI","ARSV","2025-06","phi_y","phi_y",0.000565925822614294
"holdout","NIKKEI","ARSV","2025-06","mu_h","phi_y",-3.6130711231262e-05
"holdout","NIKKEI","ARSV","2025-06","phi_h","phi_y",2.21643426261473e-06
"holdout","NIKKEI","ARSV","2025-06","sigma_eta","phi_y",-1.29632910337404e-05
"holdout","NIKKEI","ARSV","2025-06","nu","phi_y",0.00655733945507887
"holdout","NIKKEI","ARSV","2025-06","mu_y","mu_h",6.9434203927332e-05
"holdout","NIKKEI","ARSV","2025-06","phi_y","mu_h",-3.6130711231262e-05
"holdout","NIKKEI","ARSV","2025-06","mu_h","mu_h",0.0102175609969105
"holdout","NIKKEI","ARSV","2025-06","phi_h","mu_h",0.000435991733098579
"holdout","NIKKEI","ARSV","2025-06","sigma_eta","mu_h",-0.00124244056098563
"holdout","NIKKEI","ARSV","2025-06","nu","mu_h",-0.205966631941129
"holdout","NIKKEI","ARSV","2025-06","mu_y","phi_h",-5.34539742859351e-06
"holdout","NIKKEI","ARSV","2025-06","phi_y","phi_h",2.21643426261473e-06
"holdout","NIKKEI","ARSV","2025-06","mu_h","phi_h",0.000435991733098579
"holdout","NIKKEI","ARSV","2025-06","phi_h","phi_h",0.000558844386561
"holdout","NIKKEI","ARSV","2025-06","sigma_eta","phi_h",-0.00119052642817262
"holdout","NIKKEI","ARSV","2025-06","nu","phi_h",-0.0954032778969091
"holdout","NIKKEI","ARSV","2025-06","mu_y","sigma_eta",2.29059937693999e-05
"holdout","NIKKEI","ARSV","2025-06","phi_y","sigma_eta",-1.29632910337404e-05
"holdout","NIKKEI","ARSV","2025-06","mu_h","sigma_eta",-0.00124244056098563
"holdout","NIKKEI","ARSV","2025-06","phi_h","sigma_eta",-0.00119052642817262
"holdout","NIKKEI","ARSV","2025-06","sigma_eta","sigma_eta",0.00318800741190903
"holdout","NIKKEI","ARSV","2025-06","nu","sigma_eta",0.263572471252721
"holdout","NIKKEI","ARSV","2025-06","mu_y","nu",0.00302122175780716
"holdout","NIKKEI","ARSV","2025-06","phi_y","nu",0.00655733945507887
"holdout","NIKKEI","ARSV","2025-06","mu_h","nu",-0.205966631941129
"holdout","NIKKEI","ARSV","2025-06","phi_h","nu",-0.0954032778969091
"holdout","NIKKEI","ARSV","2025-06","sigma_eta","nu",0.263572471252721
"holdout","NIKKEI","ARSV","2025-06","nu","nu",73.4197459003022
"holdout","NIKKEI","ARSV","2025-07","mu_y","mu_y",0.000429429815919622
"holdout","NIKKEI","ARSV","2025-07","phi_y","mu_y",6.07403069813197e-06
"holdout","NIKKEI","ARSV","2025-07","mu_h","mu_y",1.46679522026318e-05
"holdout","NIKKEI","ARSV","2025-07","phi_h","mu_y",-1.74180890867523e-05
"holdout","NIKKEI","ARSV","2025-07","sigma_eta","mu_y",5.13080934637926e-05
"holdout","NIKKEI","ARSV","2025-07","nu","mu_y",-5.20846708678068e-05
"holdout","NIKKEI","ARSV","2025-07","mu_y","phi_y",6.07403069813197e-06
"holdout","NIKKEI","ARSV","2025-07","phi_y","phi_y",0.000587346090005708
"holdout","NIKKEI","ARSV","2025-07","mu_h","phi_y",2.96158964514143e-05
"holdout","NIKKEI","ARSV","2025-07","phi_h","phi_y",3.94893360271969e-06
"holdout","NIKKEI","ARSV","2025-07","sigma_eta","phi_y",-2.15535692915597e-06
"holdout","NIKKEI","ARSV","2025-07","nu","phi_y",0.00318692405981297
"holdout","NIKKEI","ARSV","2025-07","mu_y","mu_h",1.46679522026318e-05
"holdout","NIKKEI","ARSV","2025-07","phi_y","mu_h",2.96158964514143e-05
"holdout","NIKKEI","ARSV","2025-07","mu_h","mu_h",0.0104682553071106
"holdout","NIKKEI","ARSV","2025-07","phi_h","mu_h",0.000608862126873257
"holdout","NIKKEI","ARSV","2025-07","sigma_eta","mu_h",-0.00166026185303293
"holdout","NIKKEI","ARSV","2025-07","nu","mu_h",-0.285918780175823
"holdout","NIKKEI","ARSV","2025-07","mu_y","phi_h",-1.74180890867523e-05
"holdout","NIKKEI","ARSV","2025-07","phi_y","phi_h",3.94893360271969e-06
"holdout","NIKKEI","ARSV","2025-07","mu_h","phi_h",0.000608862126873257
"holdout","NIKKEI","ARSV","2025-07","phi_h","phi_h",0.000610016856510503
"holdout","NIKKEI","ARSV","2025-07","sigma_eta","phi_h",-0.00131145914195514
"holdout","NIKKEI","ARSV","2025-07","nu","phi_h",-0.119193220425392
"holdout","NIKKEI","ARSV","2025-07","mu_y","sigma_eta",5.13080934637926e-05
"holdout","NIKKEI","ARSV","2025-07","phi_y","sigma_eta",-2.15535692915597e-06
"holdout","NIKKEI","ARSV","2025-07","mu_h","sigma_eta",-0.00166026185303293
"holdout","NIKKEI","ARSV","2025-07","phi_h","sigma_eta",-0.00131145914195514
"holdout","NIKKEI","ARSV","2025-07","sigma_eta","sigma_eta",0.00347826420644779
"holdout","NIKKEI","ARSV","2025-07","nu","sigma_eta",0.317752119963832
"holdout","NIKKEI","ARSV","2025-07","mu_y","nu",-5.20846708678068e-05
"holdout","NIKKEI","ARSV","2025-07","phi_y","nu",0.00318692405981297
"holdout","NIKKEI","ARSV","2025-07","mu_h","nu",-0.285918780175823
"holdout","NIKKEI","ARSV","2025-07","phi_h","nu",-0.119193220425392
"holdout","NIKKEI","ARSV","2025-07","sigma_eta","nu",0.317752119963832
"holdout","NIKKEI","ARSV","2025-07","nu","nu",89.0389670965986
"holdout","NIKKEI","ARSV","2025-09","mu_y","mu_y",0.00045009862907917
"holdout","NIKKEI","ARSV","2025-09","phi_y","mu_y",8.76288380758345e-06
"holdout","NIKKEI","ARSV","2025-09","mu_h","mu_y",-4.32685121924933e-05
"holdout","NIKKEI","ARSV","2025-09","phi_h","mu_y",-1.00039376091273e-05
"holdout","NIKKEI","ARSV","2025-09","sigma_eta","mu_y",2.86529428196237e-05
"holdout","NIKKEI","ARSV","2025-09","nu","mu_y",0.00809656009512654
"holdout","NIKKEI","ARSV","2025-09","mu_y","phi_y",8.76288380758345e-06
"holdout","NIKKEI","ARSV","2025-09","phi_y","phi_y",0.000572825782267352
"holdout","NIKKEI","ARSV","2025-09","mu_h","phi_y",-5.85746596564584e-05
"holdout","NIKKEI","ARSV","2025-09","phi_h","phi_y",2.53425165595394e-06
"holdout","NIKKEI","ARSV","2025-09","sigma_eta","phi_y",9.3775900635083e-07
"holdout","NIKKEI","ARSV","2025-09","nu","phi_y",0.0133653917163239
"holdout","NIKKEI","ARSV","2025-09","mu_y","mu_h",-4.32685121924933e-05
"holdout","NIKKEI","ARSV","2025-09","phi_y","mu_h",-5.85746596564584e-05
"holdout","NIKKEI","ARSV","2025-09","mu_h","mu_h",0.00962027194816497
"holdout","NIKKEI","ARSV","2025-09","phi_h","mu_h",0.00053832898217588
"holdout","NIKKEI","ARSV","2025-09","sigma_eta","mu_h",-0.0014755950464078
"holdout","NIKKEI","ARSV","2025-09","nu","mu_h",-0.350616533328494
"holdout","NIKKEI","ARSV","2025-09","mu_y","phi_h",-1.00039376091273e-05
"holdout","NIKKEI","ARSV","2025-09","phi_y","phi_h",2.53425165595394e-06
"holdout","NIKKEI","ARSV","2025-09","mu_h","phi_h",0.00053832898217588
"holdout","NIKKEI","ARSV","2025-09","phi_h","phi_h",0.000734105099107457
"holdout","NIKKEI","ARSV","2025-09","sigma_eta","phi_h",-0.00146655125732584
"holdout","NIKKEI","ARSV","2025-09","nu","phi_h",-0.188914584543445
"holdout","NIKKEI","ARSV","2025-09","mu_y","sigma_eta",2.86529428196237e-05
"holdout","NIKKEI","ARSV","2025-09","phi_y","sigma_eta",9.3775900635083e-07
"holdout","NIKKEI","ARSV","2025-09","mu_h","sigma_eta",-0.0014755950464078
"holdout","NIKKEI","ARSV","2025-09","phi_h","sigma_eta",-0.00146655125732584
"holdout","NIKKEI","ARSV","2025-09","sigma_eta","sigma_eta",0.0036535177486918
"holdout","NIKKEI","ARSV","2025-09","nu","sigma_eta",0.475062758836044
"holdout","NIKKEI","ARSV","2025-09","mu_y","nu",0.00809656009512654
"holdout","NIKKEI","ARSV","2025-09","phi_y","nu",0.0133653917163239
"holdout","NIKKEI","ARSV","2025-09","mu_h","nu",-0.350616533328494
"holdout","NIKKEI","ARSV","2025-09","phi_h","nu",-0.188914584543445
"holdout","NIKKEI","ARSV","2025-09","sigma_eta","nu",0.475062758836044
"holdout","NIKKEI","ARSV","2025-09","nu","nu",204.650899490056
"holdout","NIKKEI","ARSV","2025-10","mu_y","mu_y",0.000450711953307934
"holdout","NIKKEI","ARSV","2025-10","phi_y","mu_y",-4.12393595966902e-06
"holdout","NIKKEI","ARSV","2025-10","mu_h","mu_y",1.086228105734e-05
"holdout","NIKKEI","ARSV","2025-10","phi_h","mu_y",3.09268918369255e-06
"holdout","NIKKEI","ARSV","2025-10","sigma_eta","mu_y",7.21594301361902e-06
"holdout","NIKKEI","ARSV","2025-10","nu","mu_y",0.0111076029438986
"holdout","NIKKEI","ARSV","2025-10","mu_y","phi_y",-4.12393595966902e-06
"holdout","NIKKEI","ARSV","2025-10","phi_y","phi_y",0.000545847070098504
"holdout","NIKKEI","ARSV","2025-10","mu_h","phi_y",2.37561355706977e-05
"holdout","NIKKEI","ARSV","2025-10","phi_h","phi_y",4.40223218998512e-06
"holdout","NIKKEI","ARSV","2025-10","sigma_eta","phi_y",-1.06493666349753e-05
"holdout","NIKKEI","ARSV","2025-10","nu","phi_y",0.0048776520537157
"holdout","NIKKEI","ARSV","2025-10","mu_y","mu_h",1.086228105734e-05
"holdout","NIKKEI","ARSV","2025-10","phi_y","mu_h",2.37561355706977e-05
"holdout","NIKKEI","ARSV","2025-10","mu_h","mu_h",0.00878767208596666
"holdout","NIKKEI","ARSV","2025-10","phi_h","mu_h",0.000592143176635487
"holdout","NIKKEI","ARSV","2025-10","sigma_eta","mu_h",-0.00150655385005068
"holdout","NIKKEI","ARSV","2025-10","nu","mu_h",-0.415183917634017
"holdout","NIKKEI","ARSV","2025-10","mu_y","phi_h",3.09268918369255e-06
"holdout","NIKKEI","ARSV","2025-10","phi_y","phi_h",4.40223218998512e-06
"holdout","NIKKEI","ARSV","2025-10","mu_h","phi_h",0.000592143176635487
"holdout","NIKKEI","ARSV","2025-10","phi_h","phi_h",0.00077664754012183
"holdout","NIKKEI","ARSV","2025-10","sigma_eta","phi_h",-0.00145308223590405
"holdout","NIKKEI","ARSV","2025-10","nu","phi_h",-0.19838849948087
"holdout","NIKKEI","ARSV","2025-10","mu_y","sigma_eta",7.21594301361902e-06
"holdout","NIKKEI","ARSV","2025-10","phi_y","sigma_eta",-1.06493666349753e-05
"holdout","NIKKEI","ARSV","2025-10","mu_h","sigma_eta",-0.00150655385005068
"holdout","NIKKEI","ARSV","2025-10","phi_h","sigma_eta",-0.00145308223590405
"holdout","NIKKEI","ARSV","2025-10","sigma_eta","sigma_eta",0.0034870077056756
"holdout","NIKKEI","ARSV","2025-10","nu","sigma_eta",0.497457984802201
"holdout","NIKKEI","ARSV","2025-10","mu_y","nu",0.0111076029438986
"holdout","NIKKEI","ARSV","2025-10","phi_y","nu",0.0048776520537157
"holdout","NIKKEI","ARSV","2025-10","mu_h","nu",-0.415183917634017
"holdout","NIKKEI","ARSV","2025-10","phi_h","nu",-0.19838849948087
"holdout","NIKKEI","ARSV","2025-10","sigma_eta","nu",0.497457984802201
"holdout","NIKKEI","ARSV","2025-10","nu","nu",303.108792509523
"holdout","NIKKEI","ARSV","2025-11","mu_y","mu_y",0.000457521343700644
"holdout","NIKKEI","ARSV","2025-11","phi_y","mu_y",2.98783179266032e-06
"holdout","NIKKEI","ARSV","2025-11","mu_h","mu_y",-6.6819072043726e-05
"holdout","NIKKEI","ARSV","2025-11","phi_h","mu_y",1.92861610149441e-05
"holdout","NIKKEI","ARSV","2025-11","sigma_eta","mu_y",-1.20757527006204e-05
"holdout","NIKKEI","ARSV","2025-11","nu","mu_y",0.00661104342633801
"holdout","NIKKEI","ARSV","2025-11","mu_y","phi_y",2.98783179266032e-06
"holdout","NIKKEI","ARSV","2025-11","phi_y","phi_y",0.000583473199243365
"holdout","NIKKEI","ARSV","2025-11","mu_h","phi_y",3.27750999666365e-05
"holdout","NIKKEI","ARSV","2025-11","phi_h","phi_y",2.63330534950629e-05
"holdout","NIKKEI","ARSV","2025-11","sigma_eta","phi_y",-2.92400468927469e-05
"holdout","NIKKEI","ARSV","2025-11","nu","phi_y",0.0199631301120492
"holdout","NIKKEI","ARSV","2025-11","mu_y","mu_h",-6.6819072043726e-05
"holdout","NIKKEI","ARSV","2025-11","phi_y","mu_h",3.27750999666365e-05
"holdout","NIKKEI","ARSV","2025-11","mu_h","mu_h",0.0084687574399689
"holdout","NIKKEI","ARSV","2025-11","phi_h","mu_h",0.000661472657571773
"holdout","NIKKEI","ARSV","2025-11","sigma_eta","mu_h",-0.00163227717127819
"holdout","NIKKEI","ARSV","2025-11","nu","mu_h",-0.408427619046377
"holdout","NIKKEI","ARSV","2025-11","mu_y","phi_h",1.92861610149441e-05
"holdout","NIKKEI","ARSV","2025-11","phi_y","phi_h",2.63330534950629e-05
"holdout","NIKKEI","ARSV","2025-11","mu_h","phi_h",0.000661472657571773
"holdout","NIKKEI","ARSV","2025-11","phi_h","phi_h",0.000817775453956739
"holdout","NIKKEI","ARSV","2025-11","sigma_eta","phi_h",-0.00153004059515307
"holdout","NIKKEI","ARSV","2025-11","nu","phi_h",-0.224096292424997
"holdout","NIKKEI","ARSV","2025-11","mu_y","sigma_eta",-1.20757527006204e-05
"holdout","NIKKEI","ARSV","2025-11","phi_y","sigma_eta",-2.92400468927469e-05
"holdout","NIKKEI","ARSV","2025-11","mu_h","sigma_eta",-0.00163227717127819
"holdout","NIKKEI","ARSV","2025-11","phi_h","sigma_eta",-0.00153004059515307
"holdout","NIKKEI","ARSV","2025-11","sigma_eta","sigma_eta",0.00363398303797798
"holdout","NIKKEI","ARSV","2025-11","nu","sigma_eta",0.541445435077303
"holdout","NIKKEI","ARSV","2025-11","mu_y","nu",0.00661104342633801
"holdout","NIKKEI","ARSV","2025-11","phi_y","nu",0.0199631301120492
"holdout","NIKKEI","ARSV","2025-11","mu_h","nu",-0.408427619046377
"holdout","NIKKEI","ARSV","2025-11","phi_h","nu",-0.224096292424997
"holdout","NIKKEI","ARSV","2025-11","sigma_eta","nu",0.541445435077303
"holdout","NIKKEI","ARSV","2025-11","nu","nu",301.364967822262
"holdout","NIKKEI","ARSV","2025-12","mu_y","mu_y",0.000469535059586209
"holdout","NIKKEI","ARSV","2025-12","phi_y","mu_y",-3.43667993429907e-06
"holdout","NIKKEI","ARSV","2025-12","mu_h","mu_y",-1.29949227932524e-06
"holdout","NIKKEI","ARSV","2025-12","phi_h","mu_y",8.67003178945987e-06
"holdout","NIKKEI","ARSV","2025-12","sigma_eta","mu_y",2.39746853588677e-05
"holdout","NIKKEI","ARSV","2025-12","nu","mu_y",0.00968805977838995
"holdout","NIKKEI","ARSV","2025-12","mu_y","phi_y",-3.43667993429907e-06
"holdout","NIKKEI","ARSV","2025-12","phi_y","phi_y",0.000525546805427501
"holdout","NIKKEI","ARSV","2025-12","mu_h","phi_y",-2.06270391992983e-05
"holdout","NIKKEI","ARSV","2025-12","phi_h","phi_y",1.37034877356485e-06
"holdout","NIKKEI","ARSV","2025-12","sigma_eta","phi_y",-4.29295557508513e-06
"holdout","NIKKEI","ARSV","2025-12","nu","phi_y",0.0174513514131995
"holdout","NIKKEI","ARSV","2025-12","mu_y","mu_h",-1.29949227932524e-06
"holdout","NIKKEI","ARSV","2025-12","phi_y","mu_h",-2.06270391992983e-05
"holdout","NIKKEI","ARSV","2025-12","mu_h","mu_h",0.00841741911119801
"holdout","NIKKEI","ARSV","2025-12","phi_h","mu_h",0.000558761180035959
"holdout","NIKKEI","ARSV","2025-12","sigma_eta","mu_h",-0.00142020254143576
"holdout","NIKKEI","ARSV","2025-12","nu","mu_h",-0.455698801315044
"holdout","NIKKEI","ARSV","2025-12","mu_y","phi_h",8.67003178945987e-06
"holdout","NIKKEI","ARSV","2025-12","phi_y","phi_h",1.37034877356485e-06
"holdout","NIKKEI","ARSV","2025-12","mu_h","phi_h",0.000558761180035959
"holdout","NIKKEI","ARSV","2025-12","phi_h","phi_h",0.000807367040808444
"holdout","NIKKEI","ARSV","2025-12","sigma_eta","phi_h",-0.00150382583693155
"holdout","NIKKEI","ARSV","2025-12","nu","phi_h",-0.234795879938303
"holdout","NIKKEI","ARSV","2025-12","mu_y","sigma_eta",2.39746853588677e-05
"holdout","NIKKEI","ARSV","2025-12","phi_y","sigma_eta",-4.29295557508513e-06
"holdout","NIKKEI","ARSV","2025-12","mu_h","sigma_eta",-0.00142020254143576
"holdout","NIKKEI","ARSV","2025-12","phi_h","sigma_eta",-0.00150382583693155
"holdout","NIKKEI","ARSV","2025-12","sigma_eta","sigma_eta",0.0035636332935366
"holdout","NIKKEI","ARSV","2025-12","nu","sigma_eta",0.574518006504841
"holdout","NIKKEI","ARSV","2025-12","mu_y","nu",0.00968805977838995
"holdout","NIKKEI","ARSV","2025-12","phi_y","nu",0.0174513514131995
"holdout","NIKKEI","ARSV","2025-12","mu_h","nu",-0.455698801315044
"holdout","NIKKEI","ARSV","2025-12","phi_h","nu",-0.234795879938303
"holdout","NIKKEI","ARSV","2025-12","sigma_eta","nu",0.574518006504841
"holdout","NIKKEI","ARSV","2025-12","nu","nu",335.582459446463
"holdout","NIKKEI","STAR_SV","2024-01","mu_y","mu_y",0.00044324706691971
"holdout","NIKKEI","STAR_SV","2024-01","phi_y","mu_y",-5.07947689994935e-05
"holdout","NIKKEI","STAR_SV","2024-01","mu_h","mu_y",-0.000356291661564758
"holdout","NIKKEI","STAR_SV","2024-01","phi_h","mu_y",8.05236020724847e-06
"holdout","NIKKEI","STAR_SV","2024-01","sigma_eta","mu_y",8.86529508757013e-05
"holdout","NIKKEI","STAR_SV","2024-01","nu","mu_y",-0.000761794536684498
"holdout","NIKKEI","STAR_SV","2024-01","gamma_severe","mu_y",0.000116427451882885
"holdout","NIKKEI","STAR_SV","2024-01","gamma_mild","mu_y",0.000105870864816403
"holdout","NIKKEI","STAR_SV","2024-01","mu_y","phi_y",-5.07947689994935e-05
"holdout","NIKKEI","STAR_SV","2024-01","phi_y","phi_y",0.000545382717211472
"holdout","NIKKEI","STAR_SV","2024-01","mu_h","phi_y",-0.000192744881740187
"holdout","NIKKEI","STAR_SV","2024-01","phi_h","phi_y",-1.8000057604756e-05
"holdout","NIKKEI","STAR_SV","2024-01","sigma_eta","phi_y",-8.67498022670997e-05
"holdout","NIKKEI","STAR_SV","2024-01","nu","phi_y",-0.00188505153149008
"holdout","NIKKEI","STAR_SV","2024-01","gamma_severe","phi_y",-0.0001406948329902
"holdout","NIKKEI","STAR_SV","2024-01","gamma_mild","phi_y",-8.16745345653884e-05
"holdout","NIKKEI","STAR_SV","2024-01","mu_y","mu_h",-0.000356291661564758
"holdout","NIKKEI","STAR_SV","2024-01","phi_y","mu_h",-0.000192744881740187
"holdout","NIKKEI","STAR_SV","2024-01","mu_h","mu_h",0.0688615775426266
"holdout","NIKKEI","STAR_SV","2024-01","phi_h","mu_h",-0.00257678286408354
"holdout","NIKKEI","STAR_SV","2024-01","sigma_eta","mu_h",0.00447722790051275
"holdout","NIKKEI","STAR_SV","2024-01","nu","mu_h",0.0526360043843581
"holdout","NIKKEI","STAR_SV","2024-01","gamma_severe","mu_h",0.00194196740145808
"holdout","NIKKEI","STAR_SV","2024-01","gamma_mild","mu_h",0.00174960504533215
"holdout","NIKKEI","STAR_SV","2024-01","mu_y","phi_h",8.05236020724847e-06
"holdout","NIKKEI","STAR_SV","2024-01","phi_y","phi_h",-1.8000057604756e-05
"holdout","NIKKEI","STAR_SV","2024-01","mu_h","phi_h",-0.00257678286408354
"holdout","NIKKEI","STAR_SV","2024-01","phi_h","phi_h",0.000209182841743178
"holdout","NIKKEI","STAR_SV","2024-01","sigma_eta","phi_h",-0.000252210463645915
"holdout","NIKKEI","STAR_SV","2024-01","nu","phi_h",-0.00272015164276871
"holdout","NIKKEI","STAR_SV","2024-01","gamma_severe","phi_h",0.000343194036669075
"holdout","NIKKEI","STAR_SV","2024-01","gamma_mild","phi_h",0.000353718087663927
"holdout","NIKKEI","STAR_SV","2024-01","mu_y","sigma_eta",8.86529508757013e-05
"holdout","NIKKEI","STAR_SV","2024-01","phi_y","sigma_eta",-8.67498022670997e-05
"holdout","NIKKEI","STAR_SV","2024-01","mu_h","sigma_eta",0.00447722790051275
"holdout","NIKKEI","STAR_SV","2024-01","phi_h","sigma_eta",-0.000252210463645915
"holdout","NIKKEI","STAR_SV","2024-01","sigma_eta","sigma_eta",0.0017176952300535
"holdout","NIKKEI","STAR_SV","2024-01","nu","sigma_eta",0.0235254352918523
"holdout","NIKKEI","STAR_SV","2024-01","gamma_severe","sigma_eta",3.95774615112824e-05
"holdout","NIKKEI","STAR_SV","2024-01","gamma_mild","sigma_eta",7.90775372024246e-05
"holdout","NIKKEI","STAR_SV","2024-01","mu_y","nu",-0.000761794536684498
"holdout","NIKKEI","STAR_SV","2024-01","phi_y","nu",-0.00188505153149008
"holdout","NIKKEI","STAR_SV","2024-01","mu_h","nu",0.0526360043843581
"holdout","NIKKEI","STAR_SV","2024-01","phi_h","nu",-0.00272015164276871
"holdout","NIKKEI","STAR_SV","2024-01","sigma_eta","nu",0.0235254352918523
"holdout","NIKKEI","STAR_SV","2024-01","nu","nu",2.30928918083503
"holdout","NIKKEI","STAR_SV","2024-01","gamma_severe","nu",0.0129029750563927
"holdout","NIKKEI","STAR_SV","2024-01","gamma_mild","nu",0.0100741756528958
"holdout","NIKKEI","STAR_SV","2024-01","mu_y","gamma_severe",0.000116427451882885
"holdout","NIKKEI","STAR_SV","2024-01","phi_y","gamma_severe",-0.0001406948329902
"holdout","NIKKEI","STAR_SV","2024-01","mu_h","gamma_severe",0.00194196740145808
"holdout","NIKKEI","STAR_SV","2024-01","phi_h","gamma_severe",0.000343194036669075
"holdout","NIKKEI","STAR_SV","2024-01","sigma_eta","gamma_severe",3.95774615112824e-05
"holdout","NIKKEI","STAR_SV","2024-01","nu","gamma_severe",0.0129029750563927
"holdout","NIKKEI","STAR_SV","2024-01","gamma_severe","gamma_severe",0.00199158370446604
"holdout","NIKKEI","STAR_SV","2024-01","gamma_mild","gamma_severe",0.00189414201453803
"holdout","NIKKEI","STAR_SV","2024-01","mu_y","gamma_mild",0.000105870864816403
"holdout","NIKKEI","STAR_SV","2024-01","phi_y","gamma_mild",-8.16745345653884e-05
"holdout","NIKKEI","STAR_SV","2024-01","mu_h","gamma_mild",0.00174960504533215
"holdout","NIKKEI","STAR_SV","2024-01","phi_h","gamma_mild",0.000353718087663927
"holdout","NIKKEI","STAR_SV","2024-01","sigma_eta","gamma_mild",7.90775372024246e-05
"holdout","NIKKEI","STAR_SV","2024-01","nu","gamma_mild",0.0100741756528958
"holdout","NIKKEI","STAR_SV","2024-01","gamma_severe","gamma_mild",0.00189414201453803
"holdout","NIKKEI","STAR_SV","2024-01","gamma_mild","gamma_mild",0.00565670636081688
"holdout","NIKKEI","STAR_SV","2024-02","mu_y","mu_y",0.000467356494328218
"holdout","NIKKEI","STAR_SV","2024-02","phi_y","mu_y",-5.48618694483759e-05
"holdout","NIKKEI","STAR_SV","2024-02","mu_h","mu_y",-0.000328146395565452
"holdout","NIKKEI","STAR_SV","2024-02","phi_h","mu_y",8.17338485559805e-06
"holdout","NIKKEI","STAR_SV","2024-02","sigma_eta","mu_y",6.81197904466208e-05
"holdout","NIKKEI","STAR_SV","2024-02","nu","mu_y",3.99300461936592e-05
"holdout","NIKKEI","STAR_SV","2024-02","gamma_severe","mu_y",0.000140756945762049
"holdout","NIKKEI","STAR_SV","2024-02","gamma_mild","mu_y",0.000120409788709358
"holdout","NIKKEI","STAR_SV","2024-02","mu_y","phi_y",-5.48618694483759e-05
"holdout","NIKKEI","STAR_SV","2024-02","phi_y","phi_y",0.000527266369448488
"holdout","NIKKEI","STAR_SV","2024-02","mu_h","phi_y",-0.000681900954688474
"holdout","NIKKEI","STAR_SV","2024-02","phi_h","phi_y",-3.17976453216175e-06
"holdout","NIKKEI","STAR_SV","2024-02","sigma_eta","phi_y",-9.57300816968399e-05
"holdout","NIKKEI","STAR_SV","2024-02","nu","phi_y",-0.00163084793405204
"holdout","NIKKEI","STAR_SV","2024-02","gamma_severe","phi_y",-0.000155314706048843
"holdout","NIKKEI","STAR_SV","2024-02","gamma_mild","phi_y",-0.000161956994908767
"holdout","NIKKEI","STAR_SV","2024-02","mu_y","mu_h",-0.000328146395565452
"holdout","NIKKEI","STAR_SV","2024-02","phi_y","mu_h",-0.000681900954688474
"holdout","NIKKEI","STAR_SV","2024-02","mu_h","mu_h",0.0782255892593197
"holdout","NIKKEI","STAR_SV","2024-02","phi_h","mu_h",-0.00267730505135688
"holdout","NIKKEI","STAR_SV","2024-02","sigma_eta","mu_h",0.00427060962622521
"holdout","NIKKEI","STAR_SV","2024-02","nu","mu_h",0.042330904054116
"holdout","NIKKEI","STAR_SV","2024-02","gamma_severe","mu_h",0.00187658294654064
"holdout","NIKKEI","STAR_SV","2024-02","gamma_mild","mu_h",0.00145946435418978
"holdout","NIKKEI","STAR_SV","2024-02","mu_y","phi_h",8.17338485559805e-06
"holdout","NIKKEI","STAR_SV","2024-02","phi_y","phi_h",-3.17976453216175e-06
"holdout","NIKKEI","STAR_SV","2024-02","mu_h","phi_h",-0.00267730505135688
"holdout","NIKKEI","STAR_SV","2024-02","phi_h","phi_h",0.00018506525281165
"holdout","NIKKEI","STAR_SV","2024-02","sigma_eta","phi_h",-0.000218984148676867
"holdout","NIKKEI","STAR_SV","2024-02","nu","phi_h",-0.00158058607875632
"holdout","NIKKEI","STAR_SV","2024-02","gamma_severe","phi_h",0.000299625155852528
"holdout","NIKKEI","STAR_SV","2024-02","gamma_mild","phi_h",0.000307628095741988
"holdout","NIKKEI","STAR_SV","2024-02","mu_y","sigma_eta",6.81197904466208e-05
"holdout","NIKKEI","STAR_SV","2024-02","phi_y","sigma_eta",-9.57300816968399e-05
"holdout","NIKKEI","STAR_SV","2024-02","mu_h","sigma_eta",0.00427060962622521
"holdout","NIKKEI","STAR_SV","2024-02","phi_h","sigma_eta",-0.000218984148676867
"holdout","NIKKEI","STAR_SV","2024-02","sigma_eta","sigma_eta",0.00162135829969864
"holdout","NIKKEI","STAR_SV","2024-02","nu","sigma_eta",0.02349527962208
"holdout","NIKKEI","STAR_SV","2024-02","gamma_severe","sigma_eta",1.03773326297499e-05
"holdout","NIKKEI","STAR_SV","2024-02","gamma_mild","sigma_eta",8.67112045257969e-05
"holdout","NIKKEI","STAR_SV","2024-02","mu_y","nu",3.99300461936592e-05
"holdout","NIKKEI","STAR_SV","2024-02","phi_y","nu",-0.00163084793405204
"holdout","NIKKEI","STAR_SV","2024-02","mu_h","nu",0.042330904054116
"holdout","NIKKEI","STAR_SV","2024-02","phi_h","nu",-0.00158058607875632
"holdout","NIKKEI","STAR_SV","2024-02","sigma_eta","nu",0.02349527962208
"holdout","NIKKEI","STAR_SV","2024-02","nu","nu",2.57375303813023
"holdout","NIKKEI","STAR_SV","2024-02","gamma_severe","nu",0.0137978108211777
"holdout","NIKKEI","STAR_SV","2024-02","gamma_mild","nu",0.0122129472159834
"holdout","NIKKEI","STAR_SV","2024-02","mu_y","gamma_severe",0.000140756945762049
"holdout","NIKKEI","STAR_SV","2024-02","phi_y","gamma_severe",-0.000155314706048843
"holdout","NIKKEI","STAR_SV","2024-02","mu_h","gamma_severe",0.00187658294654064
"holdout","NIKKEI","STAR_SV","2024-02","phi_h","gamma_severe",0.000299625155852528
"holdout","NIKKEI","STAR_SV","2024-02","sigma_eta","gamma_severe",1.03773326297499e-05
"holdout","NIKKEI","STAR_SV","2024-02","nu","gamma_severe",0.0137978108211777
"holdout","NIKKEI","STAR_SV","2024-02","gamma_severe","gamma_severe",0.00185076418529579
"holdout","NIKKEI","STAR_SV","2024-02","gamma_mild","gamma_severe",0.0017142136659628
"holdout","NIKKEI","STAR_SV","2024-02","mu_y","gamma_mild",0.000120409788709358
"holdout","NIKKEI","STAR_SV","2024-02","phi_y","gamma_mild",-0.000161956994908767
"holdout","NIKKEI","STAR_SV","2024-02","mu_h","gamma_mild",0.00145946435418978
"holdout","NIKKEI","STAR_SV","2024-02","phi_h","gamma_mild",0.000307628095741988
"holdout","NIKKEI","STAR_SV","2024-02","sigma_eta","gamma_mild",8.67112045257969e-05
"holdout","NIKKEI","STAR_SV","2024-02","nu","gamma_mild",0.0122129472159834
"holdout","NIKKEI","STAR_SV","2024-02","gamma_severe","gamma_mild",0.0017142136659628
"holdout","NIKKEI","STAR_SV","2024-02","gamma_mild","gamma_mild",0.00551671079763693
"holdout","NIKKEI","STAR_SV","2024-03","mu_y","mu_y",0.000432887105405547
"holdout","NIKKEI","STAR_SV","2024-03","phi_y","mu_y",-3.11496812661578e-05
"holdout","NIKKEI","STAR_SV","2024-03","mu_h","mu_y",-0.000558156142457122
"holdout","NIKKEI","STAR_SV","2024-03","phi_h","mu_y",1.67182528206235e-05
"holdout","NIKKEI","STAR_SV","2024-03","sigma_eta","mu_y",4.33816342549808e-05
"holdout","NIKKEI","STAR_SV","2024-03","nu","mu_y",-0.000781281718608693
"holdout","NIKKEI","STAR_SV","2024-03","gamma_severe","mu_y",0.000124282963773376
"holdout","NIKKEI","STAR_SV","2024-03","gamma_mild","mu_y",8.79886932823427e-05
"holdout","NIKKEI","STAR_SV","2024-03","mu_y","phi_y",-3.11496812661578e-05
"holdout","NIKKEI","STAR_SV","2024-03","phi_y","phi_y",0.000520525148123069
"holdout","NIKKEI","STAR_SV","2024-03","mu_h","phi_y",-0.000883245084227654
"holdout","NIKKEI","STAR_SV","2024-03","phi_h","phi_y",1.27190160617646e-05
"holdout","NIKKEI","STAR_SV","2024-03","sigma_eta","phi_y",-9.72225870538573e-05
"holdout","NIKKEI","STAR_SV","2024-03","nu","phi_y",-0.0017966509645419
"holdout","NIKKEI","STAR_SV","2024-03","gamma_severe","phi_y",-0.000118104261826874
"holdout","NIKKEI","STAR_SV","2024-03","gamma_mild","phi_y",-0.000113314151291212
"holdout","NIKKEI","STAR_SV","2024-03","mu_y","mu_h",-0.000558156142457122
"holdout","NIKKEI","STAR_SV","2024-03","phi_y","mu_h",-0.000883245084227654
"holdout","NIKKEI","STAR_SV","2024-03","mu_h","mu_h",0.0880984594615333
"holdout","NIKKEI","STAR_SV","2024-03","phi_h","mu_h",-0.00307724654545793
"holdout","NIKKEI","STAR_SV","2024-03","sigma_eta","mu_h",0.00484791209193115
"holdout","NIKKEI","STAR_SV","2024-03","nu","mu_h",0.0510722021393083
"holdout","NIKKEI","STAR_SV","2024-03","gamma_severe","mu_h",0.00147329405027249
"holdout","NIKKEI","STAR_SV","2024-03","gamma_mild","mu_h",0.000626453570089163
"holdout","NIKKEI","STAR_SV","2024-03","mu_y","phi_h",1.67182528206235e-05
"holdout","NIKKEI","STAR_SV","2024-03","phi_y","phi_h",1.27190160617646e-05
"holdout","NIKKEI","STAR_SV","2024-03","mu_h","phi_h",-0.00307724654545793
"holdout","NIKKEI","STAR_SV","2024-03","phi_h","phi_h",0.000200905217190153
"holdout","NIKKEI","STAR_SV","2024-03","sigma_eta","phi_h",-0.000248061359635736
"holdout","NIKKEI","STAR_SV","2024-03","nu","phi_h",-0.00259660127181158
"holdout","NIKKEI","STAR_SV","2024-03","gamma_severe","phi_h",0.000315317112172827
"holdout","NIKKEI","STAR_SV","2024-03","gamma_mild","phi_h",0.000335599483734355
"holdout","NIKKEI","STAR_SV","2024-03","mu_y","sigma_eta",4.33816342549808e-05
"holdout","NIKKEI","STAR_SV","2024-03","phi_y","sigma_eta",-9.72225870538573e-05
"holdout","NIKKEI","STAR_SV","2024-03","mu_h","sigma_eta",0.00484791209193115
"holdout","NIKKEI","STAR_SV","2024-03","phi_h","sigma_eta",-0.000248061359635736
"holdout","NIKKEI","STAR_SV","2024-03","sigma_eta","sigma_eta",0.00167006388271825
"holdout","NIKKEI","STAR_SV","2024-03","nu","sigma_eta",0.0201193924895999
"holdout","NIKKEI","STAR_SV","2024-03","gamma_severe","sigma_eta",-1.88966679392897e-05
"holdout","NIKKEI","STAR_SV","2024-03","gamma_mild","sigma_eta",1.97333591521347e-05
"holdout","NIKKEI","STAR_SV","2024-03","mu_y","nu",-0.000781281718608693
"holdout","NIKKEI","STAR_SV","2024-03","phi_y","nu",-0.0017966509645419
"holdout","NIKKEI","STAR_SV","2024-03","mu_h","nu",0.0510722021393083
"holdout","NIKKEI","STAR_SV","2024-03","phi_h","nu",-0.00259660127181158
"holdout","NIKKEI","STAR_SV","2024-03","sigma_eta","nu",0.0201193924895999
"holdout","NIKKEI","STAR_SV","2024-03","nu","nu",1.53278464172015
"holdout","NIKKEI","STAR_SV","2024-03","gamma_severe","nu",0.00858073173173253
"holdout","NIKKEI","STAR_SV","2024-03","gamma_mild","nu",0.0112359903447517
"holdout","NIKKEI","STAR_SV","2024-03","mu_y","gamma_severe",0.000124282963773376
"holdout","NIKKEI","STAR_SV","2024-03","phi_y","gamma_severe",-0.000118104261826874
"holdout","NIKKEI","STAR_SV","2024-03","mu_h","gamma_severe",0.00147329405027249
"holdout","NIKKEI","STAR_SV","2024-03","phi_h","gamma_severe",0.000315317112172827
"holdout","NIKKEI","STAR_SV","2024-03","sigma_eta","gamma_severe",-1.88966679392897e-05
"holdout","NIKKEI","STAR_SV","2024-03","nu","gamma_severe",0.00858073173173253
"holdout","NIKKEI","STAR_SV","2024-03","gamma_severe","gamma_severe",0.00185978654987109
"holdout","NIKKEI","STAR_SV","2024-03","gamma_mild","gamma_severe",0.00176524374358067
"holdout","NIKKEI","STAR_SV","2024-03","mu_y","gamma_mild",8.79886932823427e-05
"holdout","NIKKEI","STAR_SV","2024-03","phi_y","gamma_mild",-0.000113314151291212
"holdout","NIKKEI","STAR_SV","2024-03","mu_h","gamma_mild",0.000626453570089163
"holdout","NIKKEI","STAR_SV","2024-03","phi_h","gamma_mild",0.000335599483734355
"holdout","NIKKEI","STAR_SV","2024-03","sigma_eta","gamma_mild",1.97333591521347e-05
"holdout","NIKKEI","STAR_SV","2024-03","nu","gamma_mild",0.0112359903447517
"holdout","NIKKEI","STAR_SV","2024-03","gamma_severe","gamma_mild",0.00176524374358067
"holdout","NIKKEI","STAR_SV","2024-03","gamma_mild","gamma_mild",0.00503914431350026
"holdout","NIKKEI","STAR_SV","2024-05","mu_y","mu_y",0.00045353675359051
"holdout","NIKKEI","STAR_SV","2024-05","phi_y","mu_y",-5.52521886708354e-05
"holdout","NIKKEI","STAR_SV","2024-05","mu_h","mu_y",-0.000186178436183775
"holdout","NIKKEI","STAR_SV","2024-05","phi_h","mu_y",1.51427428481656e-05
"holdout","NIKKEI","STAR_SV","2024-05","sigma_eta","mu_y",4.67852555108384e-05
"holdout","NIKKEI","STAR_SV","2024-05","nu","mu_y",0.00032896533953686
"holdout","NIKKEI","STAR_SV","2024-05","gamma_severe","mu_y",0.000161016366530759
"holdout","NIKKEI","STAR_SV","2024-05","gamma_mild","mu_y",0.000145715339427015
"holdout","NIKKEI","STAR_SV","2024-05","mu_y","phi_y",-5.52521886708354e-05
"holdout","NIKKEI","STAR_SV","2024-05","phi_y","phi_y",0.000550887067084929
"holdout","NIKKEI","STAR_SV","2024-05","mu_h","phi_y",-0.000650434778675446
"holdout","NIKKEI","STAR_SV","2024-05","phi_h","phi_y",3.88721238054241e-06
"holdout","NIKKEI","STAR_SV","2024-05","sigma_eta","phi_y",-6.66976239587662e-05
"holdout","NIKKEI","STAR_SV","2024-05","nu","phi_y",-0.000971680867507316
"holdout","NIKKEI","STAR_SV","2024-05","gamma_severe","phi_y",-0.000139337367078311
"holdout","NIKKEI","STAR_SV","2024-05","gamma_mild","phi_y",-0.000137468604424986
"holdout","NIKKEI","STAR_SV","2024-05","mu_y","mu_h",-0.000186178436183775
"holdout","NIKKEI","STAR_SV","2024-05","phi_y","mu_h",-0.000650434778675446
"holdout","NIKKEI","STAR_SV","2024-05","mu_h","mu_h",0.0579127304573913
"holdout","NIKKEI","STAR_SV","2024-05","phi_h","mu_h",-0.00239730591058406
"holdout","NIKKEI","STAR_SV","2024-05","sigma_eta","mu_h",0.00379975771223089
"holdout","NIKKEI","STAR_SV","2024-05","nu","mu_h",0.0390687063771826
"holdout","NIKKEI","STAR_SV","2024-05","gamma_severe","mu_h",0.00274658563970309
"holdout","NIKKEI","STAR_SV","2024-05","gamma_mild","mu_h",0.00180040962919288
"holdout","NIKKEI","STAR_SV","2024-05","mu_y","phi_h",1.51427428481656e-05
"holdout","NIKKEI","STAR_SV","2024-05","phi_y","phi_h",3.88721238054241e-06
"holdout","NIKKEI","STAR_SV","2024-05","mu_h","phi_h",-0.00239730591058406
"holdout","NIKKEI","STAR_SV","2024-05","phi_h","phi_h",0.000254152932100151
"holdout","NIKKEI","STAR_SV","2024-05","sigma_eta","phi_h",-0.000297270006755364
"holdout","NIKKEI","STAR_SV","2024-05","nu","phi_h",-0.00307701607399672
"holdout","NIKKEI","STAR_SV","2024-05","gamma_severe","phi_h",0.000374137413570346
"holdout","NIKKEI","STAR_SV","2024-05","gamma_mild","phi_h",0.000416739437181661
"holdout","NIKKEI","STAR_SV","2024-05","mu_y","sigma_eta",4.67852555108384e-05
"holdout","NIKKEI","STAR_SV","2024-05","phi_y","sigma_eta",-6.66976239587662e-05
"holdout","NIKKEI","STAR_SV","2024-05","mu_h","sigma_eta",0.00379975771223089
"holdout","NIKKEI","STAR_SV","2024-05","phi_h","sigma_eta",-0.000297270006755364
"holdout","NIKKEI","STAR_SV","2024-05","sigma_eta","sigma_eta",0.00169124459030023
"holdout","NIKKEI","STAR_SV","2024-05","nu","sigma_eta",0.0244672485874185
"holdout","NIKKEI","STAR_SV","2024-05","gamma_severe","sigma_eta",-4.57620451499074e-05
"holdout","NIKKEI","STAR_SV","2024-05","gamma_mild","sigma_eta",-2.32570610408529e-05
"holdout","NIKKEI","STAR_SV","2024-05","mu_y","nu",0.00032896533953686
"holdout","NIKKEI","STAR_SV","2024-05","phi_y","nu",-0.000971680867507316
"holdout","NIKKEI","STAR_SV","2024-05","mu_h","nu",0.0390687063771826
"holdout","NIKKEI","STAR_SV","2024-05","phi_h","nu",-0.00307701607399672
"holdout","NIKKEI","STAR_SV","2024-05","sigma_eta","nu",0.0244672485874185
"holdout","NIKKEI","STAR_SV","2024-05","nu","nu",2.20851414391776
"holdout","NIKKEI","STAR_SV","2024-05","gamma_severe","nu",0.0111889577862303
"holdout","NIKKEI","STAR_SV","2024-05","gamma_mild","nu",0.00906791330781719
"holdout","NIKKEI","STAR_SV","2024-05","mu_y","gamma_severe",0.000161016366530759
"holdout","NIKKEI","STAR_SV","2024-05","phi_y","gamma_severe",-0.000139337367078311
"holdout","NIKKEI","STAR_SV","2024-05","mu_h","gamma_severe",0.00274658563970309
"holdout","NIKKEI","STAR_SV","2024-05","phi_h","gamma_severe",0.000374137413570346
"holdout","NIKKEI","STAR_SV","2024-05","sigma_eta","gamma_severe",-4.57620451499074e-05
"holdout","NIKKEI","STAR_SV","2024-05","nu","gamma_severe",0.0111889577862303
"holdout","NIKKEI","STAR_SV","2024-05","gamma_severe","gamma_severe",0.00208481027297503
"holdout","NIKKEI","STAR_SV","2024-05","gamma_mild","gamma_severe",0.00193750961226622
"holdout","NIKKEI","STAR_SV","2024-05","mu_y","gamma_mild",0.000145715339427015
"holdout","NIKKEI","STAR_SV","2024-05","phi_y","gamma_mild",-0.000137468604424986
"holdout","NIKKEI","STAR_SV","2024-05","mu_h","gamma_mild",0.00180040962919288
"holdout","NIKKEI","STAR_SV","2024-05","phi_h","gamma_mild",0.000416739437181661
"holdout","NIKKEI","STAR_SV","2024-05","sigma_eta","gamma_mild",-2.32570610408529e-05
"holdout","NIKKEI","STAR_SV","2024-05","nu","gamma_mild",0.00906791330781719
"holdout","NIKKEI","STAR_SV","2024-05","gamma_severe","gamma_mild",0.00193750961226622
"holdout","NIKKEI","STAR_SV","2024-05","gamma_mild","gamma_mild",0.00652512172613731
"holdout","NIKKEI","STAR_SV","2024-06","mu_y","mu_y",0.000423756306004506
"holdout","NIKKEI","STAR_SV","2024-06","phi_y","mu_y",-5.94434318514072e-05
"holdout","NIKKEI","STAR_SV","2024-06","mu_h","mu_y",-0.00039552178727882
"holdout","NIKKEI","STAR_SV","2024-06","phi_h","mu_y",9.08287297951307e-06
"holdout","NIKKEI","STAR_SV","2024-06","sigma_eta","mu_y",1.43852678912881e-05
"holdout","NIKKEI","STAR_SV","2024-06","nu","mu_y",-0.00111307757192464
"holdout","NIKKEI","STAR_SV","2024-06","gamma_severe","mu_y",8.9862179099053e-05
"holdout","NIKKEI","STAR_SV","2024-06","gamma_mild","mu_y",5.65885759404417e-05
"holdout","NIKKEI","STAR_SV","2024-06","mu_y","phi_y",-5.94434318514072e-05
"holdout","NIKKEI","STAR_SV","2024-06","phi_y","phi_y",0.000555057769626032
"holdout","NIKKEI","STAR_SV","2024-06","mu_h","phi_y",-0.00050405839897909
"holdout","NIKKEI","STAR_SV","2024-06","phi_h","phi_y",2.3869045383726e-06
"holdout","NIKKEI","STAR_SV","2024-06","sigma_eta","phi_y",-7.47000550736059e-05
"holdout","NIKKEI","STAR_SV","2024-06","nu","phi_y",-0.000259225168386846
"holdout","NIKKEI","STAR_SV","2024-06","gamma_severe","phi_y",-0.00012016555735494
"holdout","NIKKEI","STAR_SV","2024-06","gamma_mild","phi_y",-0.000145185925445783
"holdout","NIKKEI","STAR_SV","2024-06","mu_y","mu_h",-0.00039552178727882
"holdout","NIKKEI","STAR_SV","2024-06","phi_y","mu_h",-0.00050405839897909
"holdout","NIKKEI","STAR_SV","2024-06","mu_h","mu_h",0.057784592501645
"holdout","NIKKEI","STAR_SV","2024-06","phi_h","mu_h",-0.00258598332797146
"holdout","NIKKEI","STAR_SV","2024-06","sigma_eta","mu_h",0.00422938562535177
"holdout","NIKKEI","STAR_SV","2024-06","nu","mu_h",0.0382721397025181
"holdout","NIKKEI","STAR_SV","2024-06","gamma_severe","mu_h",0.00209435833102991
"holdout","NIKKEI","STAR_SV","2024-06","gamma_mild","mu_h",0.00222960711064595
"holdout","NIKKEI","STAR_SV","2024-06","mu_y","phi_h",9.08287297951307e-06
"holdout","NIKKEI","STAR_SV","2024-06","phi_y","phi_h",2.3869045383726e-06
"holdout","NIKKEI","STAR_SV","2024-06","mu_h","phi_h",-0.00258598332797146
"holdout","NIKKEI","STAR_SV","2024-06","phi_h","phi_h",0.000262756096043933
"holdout","NIKKEI","STAR_SV","2024-06","sigma_eta","phi_h",-0.000317183073089621
"holdout","NIKKEI","STAR_SV","2024-06","nu","phi_h",-0.00353146980255732
"holdout","NIKKEI","STAR_SV","2024-06","gamma_severe","phi_h",0.000361819674064613
"holdout","NIKKEI","STAR_SV","2024-06","gamma_mild","phi_h",0.000377245281898033
"holdout","NIKKEI","STAR_SV","2024-06","mu_y","sigma_eta",1.43852678912881e-05
"holdout","NIKKEI","STAR_SV","2024-06","phi_y","sigma_eta",-7.47000550736059e-05
"holdout","NIKKEI","STAR_SV","2024-06","mu_h","sigma_eta",0.00422938562535177
"holdout","NIKKEI","STAR_SV","2024-06","phi_h","sigma_eta",-0.000317183073089621
"holdout","NIKKEI","STAR_SV","2024-06","sigma_eta","sigma_eta",0.00176235241751933
"holdout","NIKKEI","STAR_SV","2024-06","nu","sigma_eta",0.0272111839869268
"holdout","NIKKEI","STAR_SV","2024-06","gamma_severe","sigma_eta",-1.42141288423593e-05
"holdout","NIKKEI","STAR_SV","2024-06","gamma_mild","sigma_eta",2.36293972955435e-05
"holdout","NIKKEI","STAR_SV","2024-06","mu_y","nu",-0.00111307757192464
"holdout","NIKKEI","STAR_SV","2024-06","phi_y","nu",-0.000259225168386846
"holdout","NIKKEI","STAR_SV","2024-06","mu_h","nu",0.0382721397025181
"holdout","NIKKEI","STAR_SV","2024-06","phi_h","nu",-0.00353146980255732
"holdout","NIKKEI","STAR_SV","2024-06","sigma_eta","nu",0.0272111839869268
"holdout","NIKKEI","STAR_SV","2024-06","nu","nu",2.33993147982127
"holdout","NIKKEI","STAR_SV","2024-06","gamma_severe","nu",0.00912025271381277
"holdout","NIKKEI","STAR_SV","2024-06","gamma_mild","nu",0.0118651463312603
"holdout","NIKKEI","STAR_SV","2024-06","mu_y","gamma_severe",8.9862179099053e-05
"holdout","NIKKEI","STAR_SV","2024-06","phi_y","gamma_severe",-0.00012016555735494
"holdout","NIKKEI","STAR_SV","2024-06","mu_h","gamma_severe",0.00209435833102991
"holdout","NIKKEI","STAR_SV","2024-06","phi_h","gamma_severe",0.000361819674064613
"holdout","NIKKEI","STAR_SV","2024-06","sigma_eta","gamma_severe",-1.42141288423593e-05
"holdout","NIKKEI","STAR_SV","2024-06","nu","gamma_severe",0.00912025271381277
"holdout","NIKKEI","STAR_SV","2024-06","gamma_severe","gamma_severe",0.00190343480616931
"holdout","NIKKEI","STAR_SV","2024-06","gamma_mild","gamma_severe",0.00191071446141228
"holdout","NIKKEI","STAR_SV","2024-06","mu_y","gamma_mild",5.65885759404417e-05
"holdout","NIKKEI","STAR_SV","2024-06","phi_y","gamma_mild",-0.000145185925445783
"holdout","NIKKEI","STAR_SV","2024-06","mu_h","gamma_mild",0.00222960711064595
"holdout","NIKKEI","STAR_SV","2024-06","phi_h","gamma_mild",0.000377245281898033
"holdout","NIKKEI","STAR_SV","2024-06","sigma_eta","gamma_mild",2.36293972955435e-05
"holdout","NIKKEI","STAR_SV","2024-06","nu","gamma_mild",0.0118651463312603
"holdout","NIKKEI","STAR_SV","2024-06","gamma_severe","gamma_mild",0.00191071446141228
"holdout","NIKKEI","STAR_SV","2024-06","gamma_mild","gamma_mild",0.00616838211663828
"holdout","NIKKEI","STAR_SV","2024-07","mu_y","mu_y",0.000413004045534483
"holdout","NIKKEI","STAR_SV","2024-07","phi_y","mu_y",-3.94893558792375e-05
"holdout","NIKKEI","STAR_SV","2024-07","mu_h","mu_y",-0.000230757201503466
"holdout","NIKKEI","STAR_SV","2024-07","phi_h","mu_y",2.37613295206726e-06
"holdout","NIKKEI","STAR_SV","2024-07","sigma_eta","mu_y",6.60970689926302e-05
"holdout","NIKKEI","STAR_SV","2024-07","nu","mu_y",-0.000410912946149938
"holdout","NIKKEI","STAR_SV","2024-07","gamma_severe","mu_y",0.00011169833385605
"holdout","NIKKEI","STAR_SV","2024-07","gamma_mild","mu_y",0.000134297657525583
"holdout","NIKKEI","STAR_SV","2024-07","mu_y","phi_y",-3.94893558792375e-05
"holdout","NIKKEI","STAR_SV","2024-07","phi_y","phi_y",0.000519504347791253
"holdout","NIKKEI","STAR_SV","2024-07","mu_h","phi_y",-0.000430589186976216
"holdout","NIKKEI","STAR_SV","2024-07","phi_h","phi_y",1.04868656930915e-07
"holdout","NIKKEI","STAR_SV","2024-07","sigma_eta","phi_y",-7.43337186658311e-05
"holdout","NIKKEI","STAR_SV","2024-07","nu","phi_y",-0.000883392464377428
"holdout","NIKKEI","STAR_SV","2024-07","gamma_severe","phi_y",-0.000106678893371878
"holdout","NIKKEI","STAR_SV","2024-07","gamma_mild","phi_y",-0.000170098416399809
"holdout","NIKKEI","STAR_SV","2024-07","mu_y","mu_h",-0.000230757201503466
"holdout","NIKKEI","STAR_SV","2024-07","phi_y","mu_h",-0.000430589186976216
"holdout","NIKKEI","STAR_SV","2024-07","mu_h","mu_h",0.0566591355855938
"holdout","NIKKEI","STAR_SV","2024-07","phi_h","mu_h",-0.00273230373302114
"holdout","NIKKEI","STAR_SV","2024-07","sigma_eta","mu_h",0.00427892599727604
"holdout","NIKKEI","STAR_SV","2024-07","nu","mu_h",0.0327872658989297
"holdout","NIKKEI","STAR_SV","2024-07","gamma_severe","mu_h",0.00169060315813066
"holdout","NIKKEI","STAR_SV","2024-07","gamma_mild","mu_h",0.00117412269305273
"holdout","NIKKEI","STAR_SV","2024-07","mu_y","phi_h",2.37613295206726e-06
"holdout","NIKKEI","STAR_SV","2024-07","phi_y","phi_h",1.04868656930915e-07
"holdout","NIKKEI","STAR_SV","2024-07","mu_h","phi_h",-0.00273230373302114
"holdout","NIKKEI","STAR_SV","2024-07","phi_h","phi_h",0.000292391225764928
"holdout","NIKKEI","STAR_SV","2024-07","sigma_eta","phi_h",-0.000342050692159554
"holdout","NIKKEI","STAR_SV","2024-07","nu","phi_h",-0.00371329886122381
"holdout","NIKKEI","STAR_SV","2024-07","gamma_severe","phi_h",0.000398780843238047
"holdout","NIKKEI","STAR_SV","2024-07","gamma_mild","phi_h",0.000465414612473942
"holdout","NIKKEI","STAR_SV","2024-07","mu_y","sigma_eta",6.60970689926302e-05
"holdout","NIKKEI","STAR_SV","2024-07","phi_y","sigma_eta",-7.43337186658311e-05
"holdout","NIKKEI","STAR_SV","2024-07","mu_h","sigma_eta",0.00427892599727604
"holdout","NIKKEI","STAR_SV","2024-07","phi_h","sigma_eta",-0.000342050692159554
"holdout","NIKKEI","STAR_SV","2024-07","sigma_eta","sigma_eta",0.00184006969261075
"holdout","NIKKEI","STAR_SV","2024-07","nu","sigma_eta",0.0241607755096384
"holdout","NIKKEI","STAR_SV","2024-07","gamma_severe","sigma_eta",-4.81159817380208e-05
"holdout","NIKKEI","STAR_SV","2024-07","gamma_mild","sigma_eta",1.77499255468491e-05
"holdout","NIKKEI","STAR_SV","2024-07","mu_y","nu",-0.000410912946149938
"holdout","NIKKEI","STAR_SV","2024-07","phi_y","nu",-0.000883392464377428
"holdout","NIKKEI","STAR_SV","2024-07","mu_h","nu",0.0327872658989297
"holdout","NIKKEI","STAR_SV","2024-07","phi_h","nu",-0.00371329886122381
"holdout","NIKKEI","STAR_SV","2024-07","sigma_eta","nu",0.0241607755096384
"holdout","NIKKEI","STAR_SV","2024-07","nu","nu",1.99825157477474
"holdout","NIKKEI","STAR_SV","2024-07","gamma_severe","nu",0.0071621339688082
"holdout","NIKKEI","STAR_SV","2024-07","gamma_mild","nu",0.0044111864637911
"holdout","NIKKEI","STAR_SV","2024-07","mu_y","gamma_severe",0.00011169833385605
"holdout","NIKKEI","STAR_SV","2024-07","phi_y","gamma_severe",-0.000106678893371878
"holdout","NIKKEI","STAR_SV","2024-07","mu_h","gamma_severe",0.00169060315813066
"holdout","NIKKEI","STAR_SV","2024-07","phi_h","gamma_severe",0.000398780843238047
"holdout","NIKKEI","STAR_SV","2024-07","sigma_eta","gamma_severe",-4.81159817380208e-05
"holdout","NIKKEI","STAR_SV","2024-07","nu","gamma_severe",0.0071621339688082
"holdout","NIKKEI","STAR_SV","2024-07","gamma_severe","gamma_severe",0.00189384622175798
"holdout","NIKKEI","STAR_SV","2024-07","gamma_mild","gamma_severe",0.00188128817252891
"holdout","NIKKEI","STAR_SV","2024-07","mu_y","gamma_mild",0.000134297657525583
"holdout","NIKKEI","STAR_SV","2024-07","phi_y","gamma_mild",-0.000170098416399809
"holdout","NIKKEI","STAR_SV","2024-07","mu_h","gamma_mild",0.00117412269305273
"holdout","NIKKEI","STAR_SV","2024-07","phi_h","gamma_mild",0.000465414612473942
"holdout","NIKKEI","STAR_SV","2024-07","sigma_eta","gamma_mild",1.77499255468491e-05
"holdout","NIKKEI","STAR_SV","2024-07","nu","gamma_mild",0.0044111864637911
"holdout","NIKKEI","STAR_SV","2024-07","gamma_severe","gamma_mild",0.00188128817252891
"holdout","NIKKEI","STAR_SV","2024-07","gamma_mild","gamma_mild",0.00726806352593968
"holdout","NIKKEI","STAR_SV","2024-08","mu_y","mu_y",0.000430297089220774
"holdout","NIKKEI","STAR_SV","2024-08","phi_y","mu_y",-5.39401741866881e-05
"holdout","NIKKEI","STAR_SV","2024-08","mu_h","mu_y",-7.1177886217742e-05
"holdout","NIKKEI","STAR_SV","2024-08","phi_h","mu_y",7.07950052752937e-06
"holdout","NIKKEI","STAR_SV","2024-08","sigma_eta","mu_y",5.87468569794963e-05
"holdout","NIKKEI","STAR_SV","2024-08","nu","mu_y",-0.000457546001904179
"holdout","NIKKEI","STAR_SV","2024-08","gamma_severe","mu_y",0.000142135980678002
"holdout","NIKKEI","STAR_SV","2024-08","gamma_mild","mu_y",9.57476577286255e-05
"holdout","NIKKEI","STAR_SV","2024-08","mu_y","phi_y",-5.39401741866881e-05
"holdout","NIKKEI","STAR_SV","2024-08","phi_y","phi_y",0.000522450606901835
"holdout","NIKKEI","STAR_SV","2024-08","mu_h","phi_y",-0.000420138577788464
"holdout","NIKKEI","STAR_SV","2024-08","phi_h","phi_y",-1.14901862568565e-06
"holdout","NIKKEI","STAR_SV","2024-08","sigma_eta","phi_y",-8.54046884350194e-05
"holdout","NIKKEI","STAR_SV","2024-08","nu","phi_y",-0.000315911745349113
"holdout","NIKKEI","STAR_SV","2024-08","gamma_severe","phi_y",-9.919446084473e-05
"holdout","NIKKEI","STAR_SV","2024-08","gamma_mild","phi_y",-9.12826650078987e-05
"holdout","NIKKEI","STAR_SV","2024-08","mu_y","mu_h",-7.1177886217742e-05
"holdout","NIKKEI","STAR_SV","2024-08","phi_y","mu_h",-0.000420138577788464
"holdout","NIKKEI","STAR_SV","2024-08","mu_h","mu_h",0.0462330752367426
"holdout","NIKKEI","STAR_SV","2024-08","phi_h","mu_h",-0.00216137693120861
"holdout","NIKKEI","STAR_SV","2024-08","sigma_eta","mu_h",0.00379488055700198
"holdout","NIKKEI","STAR_SV","2024-08","nu","mu_h",0.0397599329720862
"holdout","NIKKEI","STAR_SV","2024-08","gamma_severe","mu_h",0.00271581937857923
"holdout","NIKKEI","STAR_SV","2024-08","gamma_mild","mu_h",0.00223841704359154
"holdout","NIKKEI","STAR_SV","2024-08","mu_y","phi_h",7.07950052752937e-06
"holdout","NIKKEI","STAR_SV","2024-08","phi_y","phi_h",-1.14901862568565e-06
"holdout","NIKKEI","STAR_SV","2024-08","mu_h","phi_h",-0.00216137693120861
"holdout","NIKKEI","STAR_SV","2024-08","phi_h","phi_h",0.00028921171281958
"holdout","NIKKEI","STAR_SV","2024-08","sigma_eta","phi_h",-0.000348574595389459
"holdout","NIKKEI","STAR_SV","2024-08","nu","phi_h",-0.00472088073592761
"holdout","NIKKEI","STAR_SV","2024-08","gamma_severe","phi_h",0.000383071439635059
"holdout","NIKKEI","STAR_SV","2024-08","gamma_mild","phi_h",0.000430878104353132
"holdout","NIKKEI","STAR_SV","2024-08","mu_y","sigma_eta",5.87468569794963e-05
"holdout","NIKKEI","STAR_SV","2024-08","phi_y","sigma_eta",-8.54046884350194e-05
"holdout","NIKKEI","STAR_SV","2024-08","mu_h","sigma_eta",0.00379488055700198
"holdout","NIKKEI","STAR_SV","2024-08","phi_h","sigma_eta",-0.000348574595389459
"holdout","NIKKEI","STAR_SV","2024-08","sigma_eta","sigma_eta",0.00182688703953596
"holdout","NIKKEI","STAR_SV","2024-08","nu","sigma_eta",0.0299193980941595
"holdout","NIKKEI","STAR_SV","2024-08","gamma_severe","sigma_eta",-2.21839908000235e-05
"holdout","NIKKEI","STAR_SV","2024-08","gamma_mild","sigma_eta",2.92002866413338e-05
"holdout","NIKKEI","STAR_SV","2024-08","mu_y","nu",-0.000457546001904179
"holdout","NIKKEI","STAR_SV","2024-08","phi_y","nu",-0.000315911745349113
"holdout","NIKKEI","STAR_SV","2024-08","mu_h","nu",0.0397599329720862
"holdout","NIKKEI","STAR_SV","2024-08","phi_h","nu",-0.00472088073592761
"holdout","NIKKEI","STAR_SV","2024-08","sigma_eta","nu",0.0299193980941595
"holdout","NIKKEI","STAR_SV","2024-08","nu","nu",2.85212669154103
"holdout","NIKKEI","STAR_SV","2024-08","gamma_severe","nu",0.00940762200842326
"holdout","NIKKEI","STAR_SV","2024-08","gamma_mild","nu",0.0108062328489693
"holdout","NIKKEI","STAR_SV","2024-08","mu_y","gamma_severe",0.000142135980678002
"holdout","NIKKEI","STAR_SV","2024-08","phi_y","gamma_severe",-9.919446084473e-05
"holdout","NIKKEI","STAR_SV","2024-08","mu_h","gamma_severe",0.00271581937857923
"holdout","NIKKEI","STAR_SV","2024-08","phi_h","gamma_severe",0.000383071439635059
"holdout","NIKKEI","STAR_SV","2024-08","sigma_eta","gamma_severe",-2.21839908000235e-05
"holdout","NIKKEI","STAR_SV","2024-08","nu","gamma_severe",0.00940762200842326
"holdout","NIKKEI","STAR_SV","2024-08","gamma_severe","gamma_severe",0.00194181766632046
"holdout","NIKKEI","STAR_SV","2024-08","gamma_mild","gamma_severe",0.00190077703024912
"holdout","NIKKEI","STAR_SV","2024-08","mu_y","gamma_mild",9.57476577286255e-05
"holdout","NIKKEI","STAR_SV","2024-08","phi_y","gamma_mild",-9.12826650078987e-05
"holdout","NIKKEI","STAR_SV","2024-08","mu_h","gamma_mild",0.00223841704359154
"holdout","NIKKEI","STAR_SV","2024-08","phi_h","gamma_mild",0.000430878104353132
"holdout","NIKKEI","STAR_SV","2024-08","sigma_eta","gamma_mild",2.92002866413338e-05
"holdout","NIKKEI","STAR_SV","2024-08","nu","gamma_mild",0.0108062328489693
"holdout","NIKKEI","STAR_SV","2024-08","gamma_severe","gamma_mild",0.00190077703024912
"holdout","NIKKEI","STAR_SV","2024-08","gamma_mild","gamma_mild",0.00708721347966536
"holdout","NIKKEI","STAR_SV","2024-09","mu_y","mu_y",0.000444919523442545
"holdout","NIKKEI","STAR_SV","2024-09","phi_y","mu_y",-4.47616556356638e-05
"holdout","NIKKEI","STAR_SV","2024-09","mu_h","mu_y",-0.000521631814094701
"holdout","NIKKEI","STAR_SV","2024-09","phi_h","mu_y",2.28258556821843e-05
"holdout","NIKKEI","STAR_SV","2024-09","sigma_eta","mu_y",3.61177087351506e-05
"holdout","NIKKEI","STAR_SV","2024-09","nu","mu_y",-0.00135302439585137
"holdout","NIKKEI","STAR_SV","2024-09","gamma_severe","mu_y",0.000114049704614422
"holdout","NIKKEI","STAR_SV","2024-09","gamma_mild","mu_y",0.00013921167238586
"holdout","NIKKEI","STAR_SV","2024-09","mu_y","phi_y",-4.47616556356638e-05
"holdout","NIKKEI","STAR_SV","2024-09","phi_y","phi_y",0.000538356416193372
"holdout","NIKKEI","STAR_SV","2024-09","mu_h","phi_y",-0.000474111612653958
"holdout","NIKKEI","STAR_SV","2024-09","phi_h","phi_y",1.22957170314522e-05
"holdout","NIKKEI","STAR_SV","2024-09","sigma_eta","phi_y",-7.04362913896533e-05
"holdout","NIKKEI","STAR_SV","2024-09","nu","phi_y",-0.0014629741713953
"holdout","NIKKEI","STAR_SV","2024-09","gamma_severe","phi_y",-0.000104313390642959
"holdout","NIKKEI","STAR_SV","2024-09","gamma_mild","phi_y",-7.95849400263137e-05
"holdout","NIKKEI","STAR_SV","2024-09","mu_y","mu_h",-0.000521631814094701
"holdout","NIKKEI","STAR_SV","2024-09","phi_y","mu_h",-0.000474111612653958
"holdout","NIKKEI","STAR_SV","2024-09","mu_h","mu_h",0.0435716506834532
"holdout","NIKKEI","STAR_SV","2024-09","phi_h","mu_h",-0.00229519016591987
"holdout","NIKKEI","STAR_SV","2024-09","sigma_eta","mu_h",0.00314227627357828
"holdout","NIKKEI","STAR_SV","2024-09","nu","mu_h",0.0366419233959264
"holdout","NIKKEI","STAR_SV","2024-09","gamma_severe","mu_h",0.00197131693106896
"holdout","NIKKEI","STAR_SV","2024-09","gamma_mild","mu_h",0.00126660702373481
"holdout","NIKKEI","STAR_SV","2024-09","mu_y","phi_h",2.28258556821843e-05
"holdout","NIKKEI","STAR_SV","2024-09","phi_y","phi_h",1.22957170314522e-05
"holdout","NIKKEI","STAR_SV","2024-09","mu_h","phi_h",-0.00229519016591987
"holdout","NIKKEI","STAR_SV","2024-09","phi_h","phi_h",0.00029527255220514
"holdout","NIKKEI","STAR_SV","2024-09","sigma_eta","phi_h",-0.000297401248792297
"holdout","NIKKEI","STAR_SV","2024-09","nu","phi_h",-0.00508085649960121
"holdout","NIKKEI","STAR_SV","2024-09","gamma_severe","phi_h",0.00038997754896406
"holdout","NIKKEI","STAR_SV","2024-09","gamma_mild","phi_h",0.000441226195727566
"holdout","NIKKEI","STAR_SV","2024-09","mu_y","sigma_eta",3.61177087351506e-05
"holdout","NIKKEI","STAR_SV","2024-09","phi_y","sigma_eta",-7.04362913896533e-05
"holdout","NIKKEI","STAR_SV","2024-09","mu_h","sigma_eta",0.00314227627357828
"holdout","NIKKEI","STAR_SV","2024-09","phi_h","sigma_eta",-0.000297401248792297
"holdout","NIKKEI","STAR_SV","2024-09","sigma_eta","sigma_eta",0.00200317050944695
"holdout","NIKKEI","STAR_SV","2024-09","nu","sigma_eta",0.037239031588599
"holdout","NIKKEI","STAR_SV","2024-09","gamma_severe","sigma_eta",9.98653410822462e-05
"holdout","NIKKEI","STAR_SV","2024-09","gamma_mild","sigma_eta",0.000106529161091719
"holdout","NIKKEI","STAR_SV","2024-09","mu_y","nu",-0.00135302439585137
"holdout","NIKKEI","STAR_SV","2024-09","phi_y","nu",-0.0014629741713953
"holdout","NIKKEI","STAR_SV","2024-09","mu_h","nu",0.0366419233959264
"holdout","NIKKEI","STAR_SV","2024-09","phi_h","nu",-0.00508085649960121
"holdout","NIKKEI","STAR_SV","2024-09","sigma_eta","nu",0.037239031588599
"holdout","NIKKEI","STAR_SV","2024-09","nu","nu",3.25915797984156
"holdout","NIKKEI","STAR_SV","2024-09","gamma_severe","nu",0.0117571990546993
"holdout","NIKKEI","STAR_SV","2024-09","gamma_mild","nu",0.0117852261111867
"holdout","NIKKEI","STAR_SV","2024-09","mu_y","gamma_severe",0.000114049704614422
"holdout","NIKKEI","STAR_SV","2024-09","phi_y","gamma_severe",-0.000104313390642959
"holdout","NIKKEI","STAR_SV","2024-09","mu_h","gamma_severe",0.00197131693106896
"holdout","NIKKEI","STAR_SV","2024-09","phi_h","gamma_severe",0.00038997754896406
"holdout","NIKKEI","STAR_SV","2024-09","sigma_eta","gamma_severe",9.98653410822462e-05
"holdout","NIKKEI","STAR_SV","2024-09","nu","gamma_severe",0.0117571990546993
"holdout","NIKKEI","STAR_SV","2024-09","gamma_severe","gamma_severe",0.00201469294176036
"holdout","NIKKEI","STAR_SV","2024-09","gamma_mild","gamma_severe",0.00196506844837208
"holdout","NIKKEI","STAR_SV","2024-09","mu_y","gamma_mild",0.00013921167238586
"holdout","NIKKEI","STAR_SV","2024-09","phi_y","gamma_mild",-7.95849400263137e-05
"holdout","NIKKEI","STAR_SV","2024-09","mu_h","gamma_mild",0.00126660702373481
"holdout","NIKKEI","STAR_SV","2024-09","phi_h","gamma_mild",0.000441226195727566
"holdout","NIKKEI","STAR_SV","2024-09","sigma_eta","gamma_mild",0.000106529161091719
"holdout","NIKKEI","STAR_SV","2024-09","nu","gamma_mild",0.0117852261111867
"holdout","NIKKEI","STAR_SV","2024-09","gamma_severe","gamma_mild",0.00196506844837208
"holdout","NIKKEI","STAR_SV","2024-09","gamma_mild","gamma_mild",0.00659216893710417
"holdout","NIKKEI","STAR_SV","2024-11","mu_y","mu_y",0.000463654553028188
"holdout","NIKKEI","STAR_SV","2024-11","phi_y","mu_y",-5.03345827899849e-05
"holdout","NIKKEI","STAR_SV","2024-11","mu_h","mu_y",-0.000276404061601864
"holdout","NIKKEI","STAR_SV","2024-11","phi_h","mu_y",3.58153270897131e-06
"holdout","NIKKEI","STAR_SV","2024-11","sigma_eta","mu_y",4.25310617416681e-05
"holdout","NIKKEI","STAR_SV","2024-11","nu","mu_y",-0.000578273458526735
"holdout","NIKKEI","STAR_SV","2024-11","gamma_severe","mu_y",0.000116655640915133
"holdout","NIKKEI","STAR_SV","2024-11","gamma_mild","mu_y",8.41835564445182e-05
"holdout","NIKKEI","STAR_SV","2024-11","mu_y","phi_y",-5.03345827899849e-05
"holdout","NIKKEI","STAR_SV","2024-11","phi_y","phi_y",0.000522036400924687
"holdout","NIKKEI","STAR_SV","2024-11","mu_h","phi_y",-0.000780408530585032
"holdout","NIKKEI","STAR_SV","2024-11","phi_h","phi_y",2.00769821068201e-05
"holdout","NIKKEI","STAR_SV","2024-11","sigma_eta","phi_y",-9.06562772261503e-05
"holdout","NIKKEI","STAR_SV","2024-11","nu","phi_y",-0.00142108152963683
"holdout","NIKKEI","STAR_SV","2024-11","gamma_severe","phi_y",-0.000112194482681718
"holdout","NIKKEI","STAR_SV","2024-11","gamma_mild","phi_y",-0.000104715569240263
"holdout","NIKKEI","STAR_SV","2024-11","mu_y","mu_h",-0.000276404061601864
"holdout","NIKKEI","STAR_SV","2024-11","phi_y","mu_h",-0.000780408530585032
"holdout","NIKKEI","STAR_SV","2024-11","mu_h","mu_h",0.0590989682367361
"holdout","NIKKEI","STAR_SV","2024-11","phi_h","mu_h",-0.00265225080551552
"holdout","NIKKEI","STAR_SV","2024-11","sigma_eta","mu_h",0.00470174422992968
"holdout","NIKKEI","STAR_SV","2024-11","nu","mu_h",0.0462709272210851
"holdout","NIKKEI","STAR_SV","2024-11","gamma_severe","mu_h",0.0020581347750572
"holdout","NIKKEI","STAR_SV","2024-11","gamma_mild","mu_h",0.000870261759195633
"holdout","NIKKEI","STAR_SV","2024-11","mu_y","phi_h",3.58153270897131e-06
"holdout","NIKKEI","STAR_SV","2024-11","phi_y","phi_h",2.00769821068201e-05
"holdout","NIKKEI","STAR_SV","2024-11","mu_h","phi_h",-0.00265225080551552
"holdout","NIKKEI","STAR_SV","2024-11","phi_h","phi_h",0.000255658362420044
"holdout","NIKKEI","STAR_SV","2024-11","sigma_eta","phi_h",-0.000346020326098538
"holdout","NIKKEI","STAR_SV","2024-11","nu","phi_h",-0.00328757259128286
"holdout","NIKKEI","STAR_SV","2024-11","gamma_severe","phi_h",0.000334629515862745
"holdout","NIKKEI","STAR_SV","2024-11","gamma_mild","phi_h",0.000397121067994158
"holdout","NIKKEI","STAR_SV","2024-11","mu_y","sigma_eta",4.25310617416681e-05
"holdout","NIKKEI","STAR_SV","2024-11","phi_y","sigma_eta",-9.06562772261503e-05
"holdout","NIKKEI","STAR_SV","2024-11","mu_h","sigma_eta",0.00470174422992968
"holdout","NIKKEI","STAR_SV","2024-11","phi_h","sigma_eta",-0.000346020326098538
"holdout","NIKKEI","STAR_SV","2024-11","sigma_eta","sigma_eta",0.00186852688441135
"holdout","NIKKEI","STAR_SV","2024-11","nu","sigma_eta",0.0253988787496019
"holdout","NIKKEI","STAR_SV","2024-11","gamma_severe","sigma_eta",-1.70797735602232e-05
"holdout","NIKKEI","STAR_SV","2024-11","gamma_mild","sigma_eta",-5.22292051763098e-06
"holdout","NIKKEI","STAR_SV","2024-11","mu_y","nu",-0.000578273458526735
"holdout","NIKKEI","STAR_SV","2024-11","phi_y","nu",-0.00142108152963683
"holdout","NIKKEI","STAR_SV","2024-11","mu_h","nu",0.0462709272210851
"holdout","NIKKEI","STAR_SV","2024-11","phi_h","nu",-0.00328757259128286
"holdout","NIKKEI","STAR_SV","2024-11","sigma_eta","nu",0.0253988787496019
"holdout","NIKKEI","STAR_SV","2024-11","nu","nu",1.88083911491927
"holdout","NIKKEI","STAR_SV","2024-11","gamma_severe","nu",0.0116885573838457
"holdout","NIKKEI","STAR_SV","2024-11","gamma_mild","nu",0.00891785320578197
"holdout","NIKKEI","STAR_SV","2024-11","mu_y","gamma_severe",0.000116655640915133
"holdout","NIKKEI","STAR_SV","2024-11","phi_y","gamma_severe",-0.000112194482681718
"holdout","NIKKEI","STAR_SV","2024-11","mu_h","gamma_severe",0.0020581347750572
"holdout","NIKKEI","STAR_SV","2024-11","phi_h","gamma_severe",0.000334629515862745
"holdout","NIKKEI","STAR_SV","2024-11","sigma_eta","gamma_severe",-1.70797735602232e-05
"holdout","NIKKEI","STAR_SV","2024-11","nu","gamma_severe",0.0116885573838457
"holdout","NIKKEI","STAR_SV","2024-11","gamma_severe","gamma_severe",0.0018670897391849
"holdout","NIKKEI","STAR_SV","2024-11","gamma_mild","gamma_severe",0.0017541749033591
"holdout","NIKKEI","STAR_SV","2024-11","mu_y","gamma_mild",8.41835564445182e-05
"holdout","NIKKEI","STAR_SV","2024-11","phi_y","gamma_mild",-0.000104715569240263
"holdout","NIKKEI","STAR_SV","2024-11","mu_h","gamma_mild",0.000870261759195633
"holdout","NIKKEI","STAR_SV","2024-11","phi_h","gamma_mild",0.000397121067994158
"holdout","NIKKEI","STAR_SV","2024-11","sigma_eta","gamma_mild",-5.22292051763098e-06
"holdout","NIKKEI","STAR_SV","2024-11","nu","gamma_mild",0.00891785320578197
"holdout","NIKKEI","STAR_SV","2024-11","gamma_severe","gamma_mild",0.0017541749033591
"holdout","NIKKEI","STAR_SV","2024-11","gamma_mild","gamma_mild",0.0063952215889919
"holdout","NIKKEI","STAR_SV","2024-12","mu_y","mu_y",0.000446649458814014
"holdout","NIKKEI","STAR_SV","2024-12","phi_y","mu_y",-6.6395021174481e-05
"holdout","NIKKEI","STAR_SV","2024-12","mu_h","mu_y",-0.000209567179513931
"holdout","NIKKEI","STAR_SV","2024-12","phi_h","mu_y",5.48229409494699e-06
"holdout","NIKKEI","STAR_SV","2024-12","sigma_eta","mu_y",3.31298760991386e-05
"holdout","NIKKEI","STAR_SV","2024-12","nu","mu_y",-0.000664252509353016
"holdout","NIKKEI","STAR_SV","2024-12","gamma_severe","mu_y",0.000117710413715963
"holdout","NIKKEI","STAR_SV","2024-12","gamma_mild","mu_y",0.000102287255316835
"holdout","NIKKEI","STAR_SV","2024-12","mu_y","phi_y",-6.6395021174481e-05
"holdout","NIKKEI","STAR_SV","2024-12","phi_y","phi_y",0.000533869638061947
"holdout","NIKKEI","STAR_SV","2024-12","mu_h","phi_y",-0.000453271974029897
"holdout","NIKKEI","STAR_SV","2024-12","phi_h","phi_y",2.7808586332383e-06
"holdout","NIKKEI","STAR_SV","2024-12","sigma_eta","phi_y",-7.39715547855443e-05
"holdout","NIKKEI","STAR_SV","2024-12","nu","phi_y",-0.00221770396283997
"holdout","NIKKEI","STAR_SV","2024-12","gamma_severe","phi_y",-0.000113457856951103
"holdout","NIKKEI","STAR_SV","2024-12","gamma_mild","phi_y",-7.01182967414202e-05
"holdout","NIKKEI","STAR_SV","2024-12","mu_y","mu_h",-0.000209567179513931
"holdout","NIKKEI","STAR_SV","2024-12","phi_y","mu_h",-0.000453271974029897
"holdout","NIKKEI","STAR_SV","2024-12","mu_h","mu_h",0.0517491582574663
"holdout","NIKKEI","STAR_SV","2024-12","phi_h","mu_h",-0.00245598010375551
"holdout","NIKKEI","STAR_SV","2024-12","sigma_eta","mu_h",0.00403958021825482
"holdout","NIKKEI","STAR_SV","2024-12","nu","mu_h",0.0450096656519115
"holdout","NIKKEI","STAR_SV","2024-12","gamma_severe","mu_h",0.0019439617260327
"holdout","NIKKEI","STAR_SV","2024-12","gamma_mild","mu_h",0.000853430758921217
"holdout","NIKKEI","STAR_SV","2024-12","mu_y","phi_h",5.48229409494699e-06
"holdout","NIKKEI","STAR_SV","2024-12","phi_y","phi_h",2.7808586332383e-06
"holdout","NIKKEI","STAR_SV","2024-12","mu_h","phi_h",-0.00245598010375551
"holdout","NIKKEI","STAR_SV","2024-12","phi_h","phi_h",0.000270109584316634
"holdout","NIKKEI","STAR_SV","2024-12","sigma_eta","phi_h",-0.000333832494928953
"holdout","NIKKEI","STAR_SV","2024-12","nu","phi_h",-0.00339404730111956
"holdout","NIKKEI","STAR_SV","2024-12","gamma_severe","phi_h",0.000362054931039658
"holdout","NIKKEI","STAR_SV","2024-12","gamma_mild","phi_h",0.000406701824462096
"holdout","NIKKEI","STAR_SV","2024-12","mu_y","sigma_eta",3.31298760991386e-05
"holdout","NIKKEI","STAR_SV","2024-12","phi_y","sigma_eta",-7.39715547855443e-05
"holdout","NIKKEI","STAR_SV","2024-12","mu_h","sigma_eta",0.00403958021825482
"holdout","NIKKEI","STAR_SV","2024-12","phi_h","sigma_eta",-0.000333832494928953
"holdout","NIKKEI","STAR_SV","2024-12","sigma_eta","sigma_eta",0.00184000571103944
"holdout","NIKKEI","STAR_SV","2024-12","nu","sigma_eta",0.0255216262305681
"holdout","NIKKEI","STAR_SV","2024-12","gamma_severe","sigma_eta",-3.21918802382362e-05
"holdout","NIKKEI","STAR_SV","2024-12","gamma_mild","sigma_eta",7.88976253387915e-06
"holdout","NIKKEI","STAR_SV","2024-12","mu_y","nu",-0.000664252509353016
"holdout","NIKKEI","STAR_SV","2024-12","phi_y","nu",-0.00221770396283997
"holdout","NIKKEI","STAR_SV","2024-12","mu_h","nu",0.0450096656519115
"holdout","NIKKEI","STAR_SV","2024-12","phi_h","nu",-0.00339404730111956
"holdout","NIKKEI","STAR_SV","2024-12","sigma_eta","nu",0.0255216262305681
"holdout","NIKKEI","STAR_SV","2024-12","nu","nu",2.11435962523544
"holdout","NIKKEI","STAR_SV","2024-12","gamma_severe","nu",0.0120514159521186
"holdout","NIKKEI","STAR_SV","2024-12","gamma_mild","nu",0.0135049804542452
"holdout","NIKKEI","STAR_SV","2024-12","mu_y","gamma_severe",0.000117710413715963
"holdout","NIKKEI","STAR_SV","2024-12","phi_y","gamma_severe",-0.000113457856951103
"holdout","NIKKEI","STAR_SV","2024-12","mu_h","gamma_severe",0.0019439617260327
"holdout","NIKKEI","STAR_SV","2024-12","phi_h","gamma_severe",0.000362054931039658
"holdout","NIKKEI","STAR_SV","2024-12","sigma_eta","gamma_severe",-3.21918802382362e-05
"holdout","NIKKEI","STAR_SV","2024-12","nu","gamma_severe",0.0120514159521186
"holdout","NIKKEI","STAR_SV","2024-12","gamma_severe","gamma_severe",0.00185740993303638
"holdout","NIKKEI","STAR_SV","2024-12","gamma_mild","gamma_severe",0.00170018975176753
"holdout","NIKKEI","STAR_SV","2024-12","mu_y","gamma_mild",0.000102287255316835
"holdout","NIKKEI","STAR_SV","2024-12","phi_y","gamma_mild",-7.01182967414202e-05
"holdout","NIKKEI","STAR_SV","2024-12","mu_h","gamma_mild",0.000853430758921217
"holdout","NIKKEI","STAR_SV","2024-12","phi_h","gamma_mild",0.000406701824462096
"holdout","NIKKEI","STAR_SV","2024-12","sigma_eta","gamma_mild",7.88976253387915e-06
"holdout","NIKKEI","STAR_SV","2024-12","nu","gamma_mild",0.0135049804542452
"holdout","NIKKEI","STAR_SV","2024-12","gamma_severe","gamma_mild",0.00170018975176753
"holdout","NIKKEI","STAR_SV","2024-12","gamma_mild","gamma_mild",0.00646192404903734
"holdout","NIKKEI","STAR_SV","2025-01","mu_y","mu_y",0.000445797078581959
"holdout","NIKKEI","STAR_SV","2025-01","phi_y","mu_y",-4.67888094896096e-05
"holdout","NIKKEI","STAR_SV","2025-01","mu_h","mu_y",-0.000356772468229408
"holdout","NIKKEI","STAR_SV","2025-01","phi_h","mu_y",2.04171717875427e-05
"holdout","NIKKEI","STAR_SV","2025-01","sigma_eta","mu_y",2.76267635471747e-05
"holdout","NIKKEI","STAR_SV","2025-01","nu","mu_y",-0.000838313014287173
"holdout","NIKKEI","STAR_SV","2025-01","gamma_severe","mu_y",0.000134028177605782
"holdout","NIKKEI","STAR_SV","2025-01","gamma_mild","mu_y",0.000154680725433965
"holdout","NIKKEI","STAR_SV","2025-01","mu_y","phi_y",-4.67888094896096e-05
"holdout","NIKKEI","STAR_SV","2025-01","phi_y","phi_y",0.000530221467370723
"holdout","NIKKEI","STAR_SV","2025-01","mu_h","phi_y",-0.000653236341571668
"holdout","NIKKEI","STAR_SV","2025-01","phi_h","phi_y",1.74210880291822e-06
"holdout","NIKKEI","STAR_SV","2025-01","sigma_eta","phi_y",-8.12019252862111e-05
"holdout","NIKKEI","STAR_SV","2025-01","nu","phi_y",-0.000539568300166333
"holdout","NIKKEI","STAR_SV","2025-01","gamma_severe","phi_y",-0.000137316735088984
"holdout","NIKKEI","STAR_SV","2025-01","gamma_mild","phi_y",-0.000136127140446378
"holdout","NIKKEI","STAR_SV","2025-01","mu_y","mu_h",-0.000356772468229408
"holdout","NIKKEI","STAR_SV","2025-01","phi_y","mu_h",-0.000653236341571668
"holdout","NIKKEI","STAR_SV","2025-01","mu_h","mu_h",0.0685450623343969
"holdout","NIKKEI","STAR_SV","2025-01","phi_h","mu_h",-0.00290379840824172
"holdout","NIKKEI","STAR_SV","2025-01","sigma_eta","mu_h",0.00473243329153975
"holdout","NIKKEI","STAR_SV","2025-01","nu","mu_h",0.0403903491915789
"holdout","NIKKEI","STAR_SV","2025-01","gamma_severe","mu_h",0.00227719684761944
"holdout","NIKKEI","STAR_SV","2025-01","gamma_mild","mu_h",0.00136581839464541
"holdout","NIKKEI","STAR_SV","2025-01","mu_y","phi_h",2.04171717875427e-05
"holdout","NIKKEI","STAR_SV","2025-01","phi_y","phi_h",1.74210880291822e-06
"holdout","NIKKEI","STAR_SV","2025-01","mu_h","phi_h",-0.00290379840824172
"holdout","NIKKEI","STAR_SV","2025-01","phi_h","phi_h",0.000252037888217922
"holdout","NIKKEI","STAR_SV","2025-01","sigma_eta","phi_h",-0.000331026235559259
"holdout","NIKKEI","STAR_SV","2025-01","nu","phi_h",-0.00335178665322854
"holdout","NIKKEI","STAR_SV","2025-01","gamma_severe","phi_h",0.000314205315641643
"holdout","NIKKEI","STAR_SV","2025-01","gamma_mild","phi_h",0.00036683115184343
"holdout","NIKKEI","STAR_SV","2025-01","mu_y","sigma_eta",2.76267635471747e-05
"holdout","NIKKEI","STAR_SV","2025-01","phi_y","sigma_eta",-8.12019252862111e-05
"holdout","NIKKEI","STAR_SV","2025-01","mu_h","sigma_eta",0.00473243329153975
"holdout","NIKKEI","STAR_SV","2025-01","phi_h","sigma_eta",-0.000331026235559259
"holdout","NIKKEI","STAR_SV","2025-01","sigma_eta","sigma_eta",0.00170414889559925
"holdout","NIKKEI","STAR_SV","2025-01","nu","sigma_eta",0.0233841285062275
"holdout","NIKKEI","STAR_SV","2025-01","gamma_severe","sigma_eta",-5.29426318720693e-05
"holdout","NIKKEI","STAR_SV","2025-01","gamma_mild","sigma_eta",-2.63201910911823e-05
"holdout","NIKKEI","STAR_SV","2025-01","mu_y","nu",-0.000838313014287173
"holdout","NIKKEI","STAR_SV","2025-01","phi_y","nu",-0.000539568300166333
"holdout","NIKKEI","STAR_SV","2025-01","mu_h","nu",0.0403903491915789
"holdout","NIKKEI","STAR_SV","2025-01","phi_h","nu",-0.00335178665322854
"holdout","NIKKEI","STAR_SV","2025-01","sigma_eta","nu",0.0233841285062275
"holdout","NIKKEI","STAR_SV","2025-01","nu","nu",1.86572088992234
"holdout","NIKKEI","STAR_SV","2025-01","gamma_severe","nu",0.0089839354066569
"holdout","NIKKEI","STAR_SV","2025-01","gamma_mild","nu",0.0101509958652511
"holdout","NIKKEI","STAR_SV","2025-01","mu_y","gamma_severe",0.000134028177605782
"holdout","NIKKEI","STAR_SV","2025-01","phi_y","gamma_severe",-0.000137316735088984
"holdout","NIKKEI","STAR_SV","2025-01","mu_h","gamma_severe",0.00227719684761944
"holdout","NIKKEI","STAR_SV","2025-01","phi_h","gamma_severe",0.000314205315641643
"holdout","NIKKEI","STAR_SV","2025-01","sigma_eta","gamma_severe",-5.29426318720693e-05
"holdout","NIKKEI","STAR_SV","2025-01","nu","gamma_severe",0.0089839354066569
"holdout","NIKKEI","STAR_SV","2025-01","gamma_severe","gamma_severe",0.00180436580696349
"holdout","NIKKEI","STAR_SV","2025-01","gamma_mild","gamma_severe",0.00173990935823137
"holdout","NIKKEI","STAR_SV","2025-01","mu_y","gamma_mild",0.000154680725433965
"holdout","NIKKEI","STAR_SV","2025-01","phi_y","gamma_mild",-0.000136127140446378
"holdout","NIKKEI","STAR_SV","2025-01","mu_h","gamma_mild",0.00136581839464541
"holdout","NIKKEI","STAR_SV","2025-01","phi_h","gamma_mild",0.00036683115184343
"holdout","NIKKEI","STAR_SV","2025-01","sigma_eta","gamma_mild",-2.63201910911823e-05
"holdout","NIKKEI","STAR_SV","2025-01","nu","gamma_mild",0.0101509958652511
"holdout","NIKKEI","STAR_SV","2025-01","gamma_severe","gamma_mild",0.00173990935823137
"holdout","NIKKEI","STAR_SV","2025-01","gamma_mild","gamma_mild",0.0064899796946043
"holdout","NIKKEI","STAR_SV","2025-02","mu_y","mu_y",0.000438741350223112
"holdout","NIKKEI","STAR_SV","2025-02","phi_y","mu_y",-4.09039288403204e-05
"holdout","NIKKEI","STAR_SV","2025-02","mu_h","mu_y",-0.00054462443388712
"holdout","NIKKEI","STAR_SV","2025-02","phi_h","mu_y",1.66059154757465e-05
"holdout","NIKKEI","STAR_SV","2025-02","sigma_eta","mu_y",1.46281052664257e-05
"holdout","NIKKEI","STAR_SV","2025-02","nu","mu_y",-0.000406528666403404
"holdout","NIKKEI","STAR_SV","2025-02","gamma_severe","mu_y",0.000107571293803525
"holdout","NIKKEI","STAR_SV","2025-02","gamma_mild","mu_y",5.15435477180279e-05
"holdout","NIKKEI","STAR_SV","2025-02","mu_y","phi_y",-4.09039288403204e-05
"holdout","NIKKEI","STAR_SV","2025-02","phi_y","phi_y",0.00052860914221206
"holdout","NIKKEI","STAR_SV","2025-02","mu_h","phi_y",-0.000580079646529073
"holdout","NIKKEI","STAR_SV","2025-02","phi_h","phi_y",-1.21851606376828e-06
"holdout","NIKKEI","STAR_SV","2025-02","sigma_eta","phi_y",-7.30424738582805e-05
"holdout","NIKKEI","STAR_SV","2025-02","nu","phi_y",-0.000386728259741934
"holdout","NIKKEI","STAR_SV","2025-02","gamma_severe","phi_y",-0.000122039043061687
"holdout","NIKKEI","STAR_SV","2025-02","gamma_mild","phi_y",-5.37228004254506e-05
"holdout","NIKKEI","STAR_SV","2025-02","mu_y","mu_h",-0.00054462443388712
"holdout","NIKKEI","STAR_SV","2025-02","phi_y","mu_h",-0.000580079646529073
"holdout","NIKKEI","STAR_SV","2025-02","mu_h","mu_h",0.0771616902471985
"holdout","NIKKEI","STAR_SV","2025-02","phi_h","mu_h",-0.00246823190403132
"holdout","NIKKEI","STAR_SV","2025-02","sigma_eta","mu_h",0.00345070125421928
"holdout","NIKKEI","STAR_SV","2025-02","nu","mu_h",0.0256660164475931
"holdout","NIKKEI","STAR_SV","2025-02","gamma_severe","mu_h",0.00210619345815915
"holdout","NIKKEI","STAR_SV","2025-02","gamma_mild","mu_h",0.0011498904853739
"holdout","NIKKEI","STAR_SV","2025-02","mu_y","phi_h",1.66059154757465e-05
"holdout","NIKKEI","STAR_SV","2025-02","phi_y","phi_h",-1.21851606376828e-06
"holdout","NIKKEI","STAR_SV","2025-02","mu_h","phi_h",-0.00246823190403132
"holdout","NIKKEI","STAR_SV","2025-02","phi_h","phi_h",0.000182898699885826
"holdout","NIKKEI","STAR_SV","2025-02","sigma_eta","phi_h",-0.000193467228405219
"holdout","NIKKEI","STAR_SV","2025-02","nu","phi_h",-0.000552353334733285
"holdout","NIKKEI","STAR_SV","2025-02","gamma_severe","phi_h",0.000314373841243344
"holdout","NIKKEI","STAR_SV","2025-02","gamma_mild","phi_h",0.00034106323852092
"holdout","NIKKEI","STAR_SV","2025-02","mu_y","sigma_eta",1.46281052664257e-05
"holdout","NIKKEI","STAR_SV","2025-02","phi_y","sigma_eta",-7.30424738582805e-05
"holdout","NIKKEI","STAR_SV","2025-02","mu_h","sigma_eta",0.00345070125421928
"holdout","NIKKEI","STAR_SV","2025-02","phi_h","sigma_eta",-0.000193467228405219
"holdout","NIKKEI","STAR_SV","2025-02","sigma_eta","sigma_eta",0.00124639372677526
"holdout","NIKKEI","STAR_SV","2025-02","nu","sigma_eta",0.0176509616704557
"holdout","NIKKEI","STAR_SV","2025-02","gamma_severe","sigma_eta",-6.1449281031106e-05
"holdout","NIKKEI","STAR_SV","2025-02","gamma_mild","sigma_eta",-1.05349355929106e-05
"holdout","NIKKEI","STAR_SV","2025-02","mu_y","nu",-0.000406528666403404
"holdout","NIKKEI","STAR_SV","2025-02","phi_y","nu",-0.000386728259741934
"holdout","NIKKEI","STAR_SV","2025-02","mu_h","nu",0.0256660164475931
"holdout","NIKKEI","STAR_SV","2025-02","phi_h","nu",-0.000552353334733285
"holdout","NIKKEI","STAR_SV","2025-02","sigma_eta","nu",0.0176509616704557
"holdout","NIKKEI","STAR_SV","2025-02","nu","nu",2.32718431189487
"holdout","NIKKEI","STAR_SV","2025-02","gamma_severe","nu",0.0129586098540803
"holdout","NIKKEI","STAR_SV","2025-02","gamma_mild","nu",0.0130640646787256
"holdout","NIKKEI","STAR_SV","2025-02","mu_y","gamma_severe",0.000107571293803525
"holdout","NIKKEI","STAR_SV","2025-02","phi_y","gamma_severe",-0.000122039043061687
"holdout","NIKKEI","STAR_SV","2025-02","mu_h","gamma_severe",0.00210619345815915
"holdout","NIKKEI","STAR_SV","2025-02","phi_h","gamma_severe",0.000314373841243344
"holdout","NIKKEI","STAR_SV","2025-02","sigma_eta","gamma_severe",-6.1449281031106e-05
"holdout","NIKKEI","STAR_SV","2025-02","nu","gamma_severe",0.0129586098540803
"holdout","NIKKEI","STAR_SV","2025-02","gamma_severe","gamma_severe",0.00177329560586021
"holdout","NIKKEI","STAR_SV","2025-02","gamma_mild","gamma_severe",0.00161857615028026
"holdout","NIKKEI","STAR_SV","2025-02","mu_y","gamma_mild",5.15435477180279e-05
"holdout","NIKKEI","STAR_SV","2025-02","phi_y","gamma_mild",-5.37228004254506e-05
"holdout","NIKKEI","STAR_SV","2025-02","mu_h","gamma_mild",0.0011498904853739
"holdout","NIKKEI","STAR_SV","2025-02","phi_h","gamma_mild",0.00034106323852092
"holdout","NIKKEI","STAR_SV","2025-02","sigma_eta","gamma_mild",-1.05349355929106e-05
"holdout","NIKKEI","STAR_SV","2025-02","nu","gamma_mild",0.0130640646787256
"holdout","NIKKEI","STAR_SV","2025-02","gamma_severe","gamma_mild",0.00161857615028026
"holdout","NIKKEI","STAR_SV","2025-02","gamma_mild","gamma_mild",0.00647977493399642
"holdout","NIKKEI","STAR_SV","2025-03","mu_y","mu_y",0.000431835132782719
"holdout","NIKKEI","STAR_SV","2025-03","phi_y","mu_y",-6.97854580458419e-05
"holdout","NIKKEI","STAR_SV","2025-03","mu_h","mu_y",-0.000310621661115585
"holdout","NIKKEI","STAR_SV","2025-03","phi_h","mu_y",2.79027614868608e-06
"holdout","NIKKEI","STAR_SV","2025-03","sigma_eta","mu_y",4.13466829753741e-05
"holdout","NIKKEI","STAR_SV","2025-03","nu","mu_y",-0.000893686955657762
"holdout","NIKKEI","STAR_SV","2025-03","gamma_severe","mu_y",9.05633197246674e-05
"holdout","NIKKEI","STAR_SV","2025-03","gamma_mild","mu_y",7.6751522401808e-05
"holdout","NIKKEI","STAR_SV","2025-03","mu_y","phi_y",-6.97854580458419e-05
"holdout","NIKKEI","STAR_SV","2025-03","phi_y","phi_y",0.000542560695258644
"holdout","NIKKEI","STAR_SV","2025-03","mu_h","phi_y",-0.000737418525901298
"holdout","NIKKEI","STAR_SV","2025-03","phi_h","phi_y",8.80842424758336e-06
"holdout","NIKKEI","STAR_SV","2025-03","sigma_eta","phi_y",-7.43608156126088e-05
"holdout","NIKKEI","STAR_SV","2025-03","nu","phi_y",-0.000702877106487373
"holdout","NIKKEI","STAR_SV","2025-03","gamma_severe","phi_y",-0.000102023535973041
"holdout","NIKKEI","STAR_SV","2025-03","gamma_mild","phi_y",-7.98112875704985e-05
"holdout","NIKKEI","STAR_SV","2025-03","mu_y","mu_h",-0.000310621661115585
"holdout","NIKKEI","STAR_SV","2025-03","phi_y","mu_h",-0.000737418525901298
"holdout","NIKKEI","STAR_SV","2025-03","mu_h","mu_h",0.0859055318124345
"holdout","NIKKEI","STAR_SV","2025-03","phi_h","mu_h",-0.00280293697624764
"holdout","NIKKEI","STAR_SV","2025-03","sigma_eta","mu_h",0.00414299345746925
"holdout","NIKKEI","STAR_SV","2025-03","nu","mu_h",0.0406428530060922
"holdout","NIKKEI","STAR_SV","2025-03","gamma_severe","mu_h",0.00187581290489859
"holdout","NIKKEI","STAR_SV","2025-03","gamma_mild","mu_h",0.00188223834228031
"holdout","NIKKEI","STAR_SV","2025-03","mu_y","phi_h",2.79027614868608e-06
"holdout","NIKKEI","STAR_SV","2025-03","phi_y","phi_h",8.80842424758336e-06
"holdout","NIKKEI","STAR_SV","2025-03","mu_h","phi_h",-0.00280293697624764
"holdout","NIKKEI","STAR_SV","2025-03","phi_h","phi_h",0.000190506931914783
"holdout","NIKKEI","STAR_SV","2025-03","sigma_eta","phi_h",-0.000209604621141398
"holdout","NIKKEI","STAR_SV","2025-03","nu","phi_h",-0.00185559913409806
"holdout","NIKKEI","STAR_SV","2025-03","gamma_severe","phi_h",0.000296286518057311
"holdout","NIKKEI","STAR_SV","2025-03","gamma_mild","phi_h",0.000285844181306357
"holdout","NIKKEI","STAR_SV","2025-03","mu_y","sigma_eta",4.13466829753741e-05
"holdout","NIKKEI","STAR_SV","2025-03","phi_y","sigma_eta",-7.43608156126088e-05
"holdout","NIKKEI","STAR_SV","2025-03","mu_h","sigma_eta",0.00414299345746925
"holdout","NIKKEI","STAR_SV","2025-03","phi_h","sigma_eta",-0.000209604621141398
"holdout","NIKKEI","STAR_SV","2025-03","sigma_eta","sigma_eta",0.00122023001444143
"holdout","NIKKEI","STAR_SV","2025-03","nu","sigma_eta",0.0173216983986739
"holdout","NIKKEI","STAR_SV","2025-03","gamma_severe","sigma_eta",-2.6046748280095e-05
"holdout","NIKKEI","STAR_SV","2025-03","gamma_mild","sigma_eta",2.22273413104906e-05
"holdout","NIKKEI","STAR_SV","2025-03","mu_y","nu",-0.000893686955657762
"holdout","NIKKEI","STAR_SV","2025-03","phi_y","nu",-0.000702877106487373
"holdout","NIKKEI","STAR_SV","2025-03","mu_h","nu",0.0406428530060922
"holdout","NIKKEI","STAR_SV","2025-03","phi_h","nu",-0.00185559913409806
"holdout","NIKKEI","STAR_SV","2025-03","sigma_eta","nu",0.0173216983986739
"holdout","NIKKEI","STAR_SV","2025-03","nu","nu",1.98269980109627
"holdout","NIKKEI","STAR_SV","2025-03","gamma_severe","nu",0.00917319219424325
"holdout","NIKKEI","STAR_SV","2025-03","gamma_mild","nu",0.00736046686065386
"holdout","NIKKEI","STAR_SV","2025-03","mu_y","gamma_severe",9.05633197246674e-05
"holdout","NIKKEI","STAR_SV","2025-03","phi_y","gamma_severe",-0.000102023535973041
"holdout","NIKKEI","STAR_SV","2025-03","mu_h","gamma_severe",0.00187581290489859
"holdout","NIKKEI","STAR_SV","2025-03","phi_h","gamma_severe",0.000296286518057311
"holdout","NIKKEI","STAR_SV","2025-03","sigma_eta","gamma_severe",-2.6046748280095e-05
"holdout","NIKKEI","STAR_SV","2025-03","nu","gamma_severe",0.00917319219424325
"holdout","NIKKEI","STAR_SV","2025-03","gamma_severe","gamma_severe",0.00163950516657511
"holdout","NIKKEI","STAR_SV","2025-03","gamma_mild","gamma_severe",0.00153571674217363
"holdout","NIKKEI","STAR_SV","2025-03","mu_y","gamma_mild",7.6751522401808e-05
"holdout","NIKKEI","STAR_SV","2025-03","phi_y","gamma_mild",-7.98112875704985e-05
"holdout","NIKKEI","STAR_SV","2025-03","mu_h","gamma_mild",0.00188223834228031
"holdout","NIKKEI","STAR_SV","2025-03","phi_h","gamma_mild",0.000285844181306357
"holdout","NIKKEI","STAR_SV","2025-03","sigma_eta","gamma_mild",2.22273413104906e-05
"holdout","NIKKEI","STAR_SV","2025-03","nu","gamma_mild",0.00736046686065386
"holdout","NIKKEI","STAR_SV","2025-03","gamma_severe","gamma_mild",0.00153571674217363
"holdout","NIKKEI","STAR_SV","2025-03","gamma_mild","gamma_mild",0.00490356706418303
"holdout","NIKKEI","STAR_SV","2025-04","mu_y","mu_y",0.000421311208076461
"holdout","NIKKEI","STAR_SV","2025-04","phi_y","mu_y",-5.92139268053379e-05
"holdout","NIKKEI","STAR_SV","2025-04","mu_h","mu_y",-0.000399327773591776
"holdout","NIKKEI","STAR_SV","2025-04","phi_h","mu_y",2.06875689245061e-05
"holdout","NIKKEI","STAR_SV","2025-04","sigma_eta","mu_y",4.7124541028071e-05
"holdout","NIKKEI","STAR_SV","2025-04","nu","mu_y",0.00123681363163227
"holdout","NIKKEI","STAR_SV","2025-04","gamma_severe","mu_y",0.000129141616080738
"holdout","NIKKEI","STAR_SV","2025-04","gamma_mild","mu_y",0.000115528647629947
"holdout","NIKKEI","STAR_SV","2025-04","mu_y","phi_y",-5.92139268053379e-05
"holdout","NIKKEI","STAR_SV","2025-04","phi_y","phi_y",0.000567208828816682
"holdout","NIKKEI","STAR_SV","2025-04","mu_h","phi_y",-0.000560959630710087
"holdout","NIKKEI","STAR_SV","2025-04","phi_h","phi_y",-3.95559223440744e-06
"holdout","NIKKEI","STAR_SV","2025-04","sigma_eta","phi_y",-7.22208085817306e-05
"holdout","NIKKEI","STAR_SV","2025-04","nu","phi_y",-0.00130001559094874
"holdout","NIKKEI","STAR_SV","2025-04","gamma_severe","phi_y",-0.000145282245634168
"holdout","NIKKEI","STAR_SV","2025-04","gamma_mild","phi_y",-8.04516812273709e-05
"holdout","NIKKEI","STAR_SV","2025-04","mu_y","mu_h",-0.000399327773591776
"holdout","NIKKEI","STAR_SV","2025-04","phi_y","mu_h",-0.000560959630710087
"holdout","NIKKEI","STAR_SV","2025-04","mu_h","mu_h",0.0565439984609708
"holdout","NIKKEI","STAR_SV","2025-04","phi_h","mu_h",-0.00228553870918331
"holdout","NIKKEI","STAR_SV","2025-04","sigma_eta","mu_h",0.00436571531168524
"holdout","NIKKEI","STAR_SV","2025-04","nu","mu_h",0.045437422124924
"holdout","NIKKEI","STAR_SV","2025-04","gamma_severe","mu_h",0.00259067648571598
"holdout","NIKKEI","STAR_SV","2025-04","gamma_mild","mu_h",0.00244073981494795
"holdout","NIKKEI","STAR_SV","2025-04","mu_y","phi_h",2.06875689245061e-05
"holdout","NIKKEI","STAR_SV","2025-04","phi_y","phi_h",-3.95559223440744e-06
"holdout","NIKKEI","STAR_SV","2025-04","mu_h","phi_h",-0.00228553870918331
"holdout","NIKKEI","STAR_SV","2025-04","phi_h","phi_h",0.000253656556020724
"holdout","NIKKEI","STAR_SV","2025-04","sigma_eta","phi_h",-0.00032829710708649
"holdout","NIKKEI","STAR_SV","2025-04","nu","phi_h",-0.00260869705898147
"holdout","NIKKEI","STAR_SV","2025-04","gamma_severe","phi_h",0.000382900698968727
"holdout","NIKKEI","STAR_SV","2025-04","gamma_mild","phi_h",0.000386018440583901
"holdout","NIKKEI","STAR_SV","2025-04","mu_y","sigma_eta",4.7124541028071e-05
"holdout","NIKKEI","STAR_SV","2025-04","phi_y","sigma_eta",-7.22208085817306e-05
"holdout","NIKKEI","STAR_SV","2025-04","mu_h","sigma_eta",0.00436571531168524
"holdout","NIKKEI","STAR_SV","2025-04","phi_h","sigma_eta",-0.00032829710708649
"holdout","NIKKEI","STAR_SV","2025-04","sigma_eta","sigma_eta",0.00167677395461359
"holdout","NIKKEI","STAR_SV","2025-04","nu","sigma_eta",0.0255654268550582
"holdout","NIKKEI","STAR_SV","2025-04","gamma_severe","sigma_eta",-4.78394835804795e-05
"holdout","NIKKEI","STAR_SV","2025-04","gamma_mild","sigma_eta",4.11650772578376e-06
"holdout","NIKKEI","STAR_SV","2025-04","mu_y","nu",0.00123681363163227
"holdout","NIKKEI","STAR_SV","2025-04","phi_y","nu",-0.00130001559094874
"holdout","NIKKEI","STAR_SV","2025-04","mu_h","nu",0.045437422124924
"holdout","NIKKEI","STAR_SV","2025-04","phi_h","nu",-0.00260869705898147
"holdout","NIKKEI","STAR_SV","2025-04","sigma_eta","nu",0.0255654268550582
"holdout","NIKKEI","STAR_SV","2025-04","nu","nu",2.50967051404593
"holdout","NIKKEI","STAR_SV","2025-04","gamma_severe","nu",0.0132024061229695
"holdout","NIKKEI","STAR_SV","2025-04","gamma_mild","nu",0.0140329173498214
"holdout","NIKKEI","STAR_SV","2025-04","mu_y","gamma_severe",0.000129141616080738
"holdout","NIKKEI","STAR_SV","2025-04","phi_y","gamma_severe",-0.000145282245634168
"holdout","NIKKEI","STAR_SV","2025-04","mu_h","gamma_severe",0.00259067648571598
"holdout","NIKKEI","STAR_SV","2025-04","phi_h","gamma_severe",0.000382900698968727
"holdout","NIKKEI","STAR_SV","2025-04","sigma_eta","gamma_severe",-4.78394835804795e-05
"holdout","NIKKEI","STAR_SV","2025-04","nu","gamma_severe",0.0132024061229695
"holdout","NIKKEI","STAR_SV","2025-04","gamma_severe","gamma_severe",0.00195536686312234
"holdout","NIKKEI","STAR_SV","2025-04","gamma_mild","gamma_severe",0.00186211796551645
"holdout","NIKKEI","STAR_SV","2025-04","mu_y","gamma_mild",0.000115528647629947
"holdout","NIKKEI","STAR_SV","2025-04","phi_y","gamma_mild",-8.04516812273709e-05
"holdout","NIKKEI","STAR_SV","2025-04","mu_h","gamma_mild",0.00244073981494795
"holdout","NIKKEI","STAR_SV","2025-04","phi_h","gamma_mild",0.000386018440583901
"holdout","NIKKEI","STAR_SV","2025-04","sigma_eta","gamma_mild",4.11650772578376e-06
"holdout","NIKKEI","STAR_SV","2025-04","nu","gamma_mild",0.0140329173498214
"holdout","NIKKEI","STAR_SV","2025-04","gamma_severe","gamma_mild",0.00186211796551645
"holdout","NIKKEI","STAR_SV","2025-04","gamma_mild","gamma_mild",0.00604216111173443
"holdout","NIKKEI","STAR_SV","2025-05","mu_y","mu_y",0.000428586872880534
"holdout","NIKKEI","STAR_SV","2025-05","phi_y","mu_y",-4.75981142289386e-05
"holdout","NIKKEI","STAR_SV","2025-05","mu_h","mu_y",-0.000302209642839803
"holdout","NIKKEI","STAR_SV","2025-05","phi_h","mu_y",9.41961897699667e-06
"holdout","NIKKEI","STAR_SV","2025-05","sigma_eta","mu_y",3.37197987569313e-05
"holdout","NIKKEI","STAR_SV","2025-05","nu","mu_y",-0.00128704437074649
"holdout","NIKKEI","STAR_SV","2025-05","gamma_severe","mu_y",0.00011475947313237
"holdout","NIKKEI","STAR_SV","2025-05","gamma_mild","mu_y",8.06938119065538e-05
"holdout","NIKKEI","STAR_SV","2025-05","mu_y","phi_y",-4.75981142289386e-05
"holdout","NIKKEI","STAR_SV","2025-05","phi_y","phi_y",0.000540966152671453
"holdout","NIKKEI","STAR_SV","2025-05","mu_h","phi_y",-0.00108039344178124
"holdout","NIKKEI","STAR_SV","2025-05","phi_h","phi_y",1.82737918597741e-05
"holdout","NIKKEI","STAR_SV","2025-05","sigma_eta","phi_y",-8.69608623571582e-05
"holdout","NIKKEI","STAR_SV","2025-05","nu","phi_y",-0.00032079931577427
"holdout","NIKKEI","STAR_SV","2025-05","gamma_severe","phi_y",-0.000126092784003247
"holdout","NIKKEI","STAR_SV","2025-05","gamma_mild","phi_y",-3.66167298753318e-05
"holdout","NIKKEI","STAR_SV","2025-05","mu_y","mu_h",-0.000302209642839803
"holdout","NIKKEI","STAR_SV","2025-05","phi_y","mu_h",-0.00108039344178124
"holdout","NIKKEI","STAR_SV","2025-05","mu_h","mu_h",0.0804471795395534
"holdout","NIKKEI","STAR_SV","2025-05","phi_h","mu_h",-0.00301131728265267
"holdout","NIKKEI","STAR_SV","2025-05","sigma_eta","mu_h",0.00452388335740964
"holdout","NIKKEI","STAR_SV","2025-05","nu","mu_h",0.0222995093565713
"holdout","NIKKEI","STAR_SV","2025-05","gamma_severe","mu_h",0.00143812323081649
"holdout","NIKKEI","STAR_SV","2025-05","gamma_mild","mu_h",0.000989850451991449
"holdout","NIKKEI","STAR_SV","2025-05","mu_y","phi_h",9.41961897699667e-06
"holdout","NIKKEI","STAR_SV","2025-05","phi_y","phi_h",1.82737918597741e-05
"holdout","NIKKEI","STAR_SV","2025-05","mu_h","phi_h",-0.00301131728265267
"holdout","NIKKEI","STAR_SV","2025-05","phi_h","phi_h",0.000214967749508316
"holdout","NIKKEI","STAR_SV","2025-05","sigma_eta","phi_h",-0.000249612745188349
"holdout","NIKKEI","STAR_SV","2025-05","nu","phi_h",-0.00129678832933401
"holdout","NIKKEI","STAR_SV","2025-05","gamma_severe","phi_h",0.000313873641294572
"holdout","NIKKEI","STAR_SV","2025-05","gamma_mild","phi_h",0.000349742989033035
"holdout","NIKKEI","STAR_SV","2025-05","mu_y","sigma_eta",3.37197987569313e-05
"holdout","NIKKEI","STAR_SV","2025-05","phi_y","sigma_eta",-8.69608623571582e-05
"holdout","NIKKEI","STAR_SV","2025-05","mu_h","sigma_eta",0.00452388335740964
"holdout","NIKKEI","STAR_SV","2025-05","phi_h","sigma_eta",-0.000249612745188349
"holdout","NIKKEI","STAR_SV","2025-05","sigma_eta","sigma_eta",0.0015425903319645
"holdout","NIKKEI","STAR_SV","2025-05","nu","sigma_eta",0.0191700246143062
"holdout","NIKKEI","STAR_SV","2025-05","gamma_severe","sigma_eta",-1.52466344960618e-05
"holdout","NIKKEI","STAR_SV","2025-05","gamma_mild","sigma_eta",2.24149577406046e-05
"holdout","NIKKEI","STAR_SV","2025-05","mu_y","nu",-0.00128704437074649
"holdout","NIKKEI","STAR_SV","2025-05","phi_y","nu",-0.00032079931577427
"holdout","NIKKEI","STAR_SV","2025-05","mu_h","nu",0.0222995093565713
"holdout","NIKKEI","STAR_SV","2025-05","phi_h","nu",-0.00129678832933401
"holdout","NIKKEI","STAR_SV","2025-05","sigma_eta","nu",0.0191700246143062
"holdout","NIKKEI","STAR_SV","2025-05","nu","nu",2.02038569212615
"holdout","NIKKEI","STAR_SV","2025-05","gamma_severe","nu",0.0117435428624012
"holdout","NIKKEI","STAR_SV","2025-05","gamma_mild","nu",0.00903211167194463
"holdout","NIKKEI","STAR_SV","2025-05","mu_y","gamma_severe",0.00011475947313237
"holdout","NIKKEI","STAR_SV","2025-05","phi_y","gamma_severe",-0.000126092784003247
"holdout","NIKKEI","STAR_SV","2025-05","mu_h","gamma_severe",0.00143812323081649
"holdout","NIKKEI","STAR_SV","2025-05","phi_h","gamma_severe",0.000313873641294572
"holdout","NIKKEI","STAR_SV","2025-05","sigma_eta","gamma_severe",-1.52466344960618e-05
"holdout","NIKKEI","STAR_SV","2025-05","nu","gamma_severe",0.0117435428624012
"holdout","NIKKEI","STAR_SV","2025-05","gamma_severe","gamma_severe",0.00171895481030069
"holdout","NIKKEI","STAR_SV","2025-05","gamma_mild","gamma_severe",0.00166008970638315
"holdout","NIKKEI","STAR_SV","2025-05","mu_y","gamma_mild",8.06938119065538e-05
"holdout","NIKKEI","STAR_SV","2025-05","phi_y","gamma_mild",-3.66167298753318e-05
"holdout","NIKKEI","STAR_SV","2025-05","mu_h","gamma_mild",0.000989850451991449
"holdout","NIKKEI","STAR_SV","2025-05","phi_h","gamma_mild",0.000349742989033035
"holdout","NIKKEI","STAR_SV","2025-05","sigma_eta","gamma_mild",2.24149577406046e-05
"holdout","NIKKEI","STAR_SV","2025-05","nu","gamma_mild",0.00903211167194463
"holdout","NIKKEI","STAR_SV","2025-05","gamma_severe","gamma_mild",0.00166008970638315
"holdout","NIKKEI","STAR_SV","2025-05","gamma_mild","gamma_mild",0.0070472056229836
"holdout","NIKKEI","STAR_SV","2025-06","mu_y","mu_y",0.000436607993368741
"holdout","NIKKEI","STAR_SV","2025-06","phi_y","mu_y",-5.8153802858154e-05
"holdout","NIKKEI","STAR_SV","2025-06","mu_h","mu_y",-0.000299831350231396
"holdout","NIKKEI","STAR_SV","2025-06","phi_h","mu_y",1.1286330641346e-05
"holdout","NIKKEI","STAR_SV","2025-06","sigma_eta","mu_y",5.24369454094674e-05
"holdout","NIKKEI","STAR_SV","2025-06","nu","mu_y",-0.000959243316728601
"holdout","NIKKEI","STAR_SV","2025-06","gamma_severe","mu_y",0.000120298098995854
"holdout","NIKKEI","STAR_SV","2025-06","gamma_mild","mu_y",6.99558996353194e-05
"holdout","NIKKEI","STAR_SV","2025-06","mu_y","phi_y",-5.8153802858154e-05
"holdout","NIKKEI","STAR_SV","2025-06","phi_y","phi_y",0.000555961516850862
"holdout","NIKKEI","STAR_SV","2025-06","mu_h","phi_y",-0.000506943280028984
"holdout","NIKKEI","STAR_SV","2025-06","phi_h","phi_y",-6.26013867206681e-06
"holdout","NIKKEI","STAR_SV","2025-06","sigma_eta","phi_y",-7.00196070452529e-05
"holdout","NIKKEI","STAR_SV","2025-06","nu","phi_y",-0.000900528835855761
"holdout","NIKKEI","STAR_SV","2025-06","gamma_severe","phi_y",-0.000135771076996507
"holdout","NIKKEI","STAR_SV","2025-06","gamma_mild","phi_y",-0.000117843833823455
"holdout","NIKKEI","STAR_SV","2025-06","mu_y","mu_h",-0.000299831350231396
"holdout","NIKKEI","STAR_SV","2025-06","phi_y","mu_h",-0.000506943280028984
"holdout","NIKKEI","STAR_SV","2025-06","mu_h","mu_h",0.0579183272775383
"holdout","NIKKEI","STAR_SV","2025-06","phi_h","mu_h",-0.00241975238149445
"holdout","NIKKEI","STAR_SV","2025-06","sigma_eta","mu_h",0.00434374768554161
"holdout","NIKKEI","STAR_SV","2025-06","nu","mu_h",0.0507382440045362
"holdout","NIKKEI","STAR_SV","2025-06","gamma_severe","mu_h",0.00202996547954226
"holdout","NIKKEI","STAR_SV","2025-06","gamma_mild","mu_h",0.0014888440665094
"holdout","NIKKEI","STAR_SV","2025-06","mu_y","phi_h",1.1286330641346e-05
"holdout","NIKKEI","STAR_SV","2025-06","phi_y","phi_h",-6.26013867206681e-06
"holdout","NIKKEI","STAR_SV","2025-06","mu_h","phi_h",-0.00241975238149445
"holdout","NIKKEI","STAR_SV","2025-06","phi_h","phi_h",0.000231310865336719
"holdout","NIKKEI","STAR_SV","2025-06","sigma_eta","phi_h",-0.000290713990316319
"holdout","NIKKEI","STAR_SV","2025-06","nu","phi_h",-0.0031579801761361
"holdout","NIKKEI","STAR_SV","2025-06","gamma_severe","phi_h",0.000324543095907309
"holdout","NIKKEI","STAR_SV","2025-06","gamma_mild","phi_h",0.000342611675845258
"holdout","NIKKEI","STAR_SV","2025-06","mu_y","sigma_eta",5.24369454094674e-05
"holdout","NIKKEI","STAR_SV","2025-06","phi_y","sigma_eta",-7.00196070452529e-05
"holdout","NIKKEI","STAR_SV","2025-06","mu_h","sigma_eta",0.00434374768554161
"holdout","NIKKEI","STAR_SV","2025-06","phi_h","sigma_eta",-0.000290713990316319
"holdout","NIKKEI","STAR_SV","2025-06","sigma_eta","sigma_eta",0.00170268142345058
"holdout","NIKKEI","STAR_SV","2025-06","nu","sigma_eta",0.028573226024548
"holdout","NIKKEI","STAR_SV","2025-06","gamma_severe","sigma_eta",3.7248921208242e-05
"holdout","NIKKEI","STAR_SV","2025-06","gamma_mild","sigma_eta",8.69480265250332e-05
"holdout","NIKKEI","STAR_SV","2025-06","mu_y","nu",-0.000959243316728601
"holdout","NIKKEI","STAR_SV","2025-06","phi_y","nu",-0.000900528835855761
"holdout","NIKKEI","STAR_SV","2025-06","mu_h","nu",0.0507382440045362
"holdout","NIKKEI","STAR_SV","2025-06","phi_h","nu",-0.0031579801761361
"holdout","NIKKEI","STAR_SV","2025-06","sigma_eta","nu",0.028573226024548
"holdout","NIKKEI","STAR_SV","2025-06","nu","nu",2.52901285705706
"holdout","NIKKEI","STAR_SV","2025-06","gamma_severe","nu",0.0123363167814773
"holdout","NIKKEI","STAR_SV","2025-06","gamma_mild","nu",0.0162911670181489
"holdout","NIKKEI","STAR_SV","2025-06","mu_y","gamma_severe",0.000120298098995854
"holdout","NIKKEI","STAR_SV","2025-06","phi_y","gamma_severe",-0.000135771076996507
"holdout","NIKKEI","STAR_SV","2025-06","mu_h","gamma_severe",0.00202996547954226
"holdout","NIKKEI","STAR_SV","2025-06","phi_h","gamma_severe",0.000324543095907309
"holdout","NIKKEI","STAR_SV","2025-06","sigma_eta","gamma_severe",3.7248921208242e-05
"holdout","NIKKEI","STAR_SV","2025-06","nu","gamma_severe",0.0123363167814773
"holdout","NIKKEI","STAR_SV","2025-06","gamma_severe","gamma_severe",0.00174740507337622
"holdout","NIKKEI","STAR_SV","2025-06","gamma_mild","gamma_severe",0.0016229365176616
"holdout","NIKKEI","STAR_SV","2025-06","mu_y","gamma_mild",6.99558996353194e-05
"holdout","NIKKEI","STAR_SV","2025-06","phi_y","gamma_mild",-0.000117843833823455
"holdout","NIKKEI","STAR_SV","2025-06","mu_h","gamma_mild",0.0014888440665094
"holdout","NIKKEI","STAR_SV","2025-06","phi_h","gamma_mild",0.000342611675845258
"holdout","NIKKEI","STAR_SV","2025-06","sigma_eta","gamma_mild",8.69480265250332e-05
"holdout","NIKKEI","STAR_SV","2025-06","nu","gamma_mild",0.0162911670181489
"holdout","NIKKEI","STAR_SV","2025-06","gamma_severe","gamma_mild",0.0016229365176616
"holdout","NIKKEI","STAR_SV","2025-06","gamma_mild","gamma_mild",0.0067829964246134
"holdout","NIKKEI","STAR_SV","2025-07","mu_y","mu_y",0.000451405328431401
"holdout","NIKKEI","STAR_SV","2025-07","phi_y","mu_y",-4.32883965145193e-05
"holdout","NIKKEI","STAR_SV","2025-07","mu_h","mu_y",-0.000489191738875661
"holdout","NIKKEI","STAR_SV","2025-07","phi_h","mu_y",1.69676360995687e-05
"holdout","NIKKEI","STAR_SV","2025-07","sigma_eta","mu_y",4.85556061360538e-05
"holdout","NIKKEI","STAR_SV","2025-07","nu","mu_y",-0.0010293363345125
"holdout","NIKKEI","STAR_SV","2025-07","gamma_severe","mu_y",9.03960634284978e-05
"holdout","NIKKEI","STAR_SV","2025-07","gamma_mild","mu_y",6.48216198951026e-05
"holdout","NIKKEI","STAR_SV","2025-07","mu_y","phi_y",-4.32883965145193e-05
"holdout","NIKKEI","STAR_SV","2025-07","phi_y","phi_y",0.000515790642582344
"holdout","NIKKEI","STAR_SV","2025-07","mu_h","phi_y",-0.000422396931971967
"holdout","NIKKEI","STAR_SV","2025-07","phi_h","phi_y",-9.1523748443513e-06
"holdout","NIKKEI","STAR_SV","2025-07","sigma_eta","phi_y",-5.52156250337946e-05
"holdout","NIKKEI","STAR_SV","2025-07","nu","phi_y",-0.000684562229882674
"holdout","NIKKEI","STAR_SV","2025-07","gamma_severe","phi_y",-0.000132125985460389
"holdout","NIKKEI","STAR_SV","2025-07","gamma_mild","phi_y",-0.00014397919455152
"holdout","NIKKEI","STAR_SV","2025-07","mu_y","mu_h",-0.000489191738875661
"holdout","NIKKEI","STAR_SV","2025-07","phi_y","mu_h",-0.000422396931971967
"holdout","NIKKEI","STAR_SV","2025-07","mu_h","mu_h",0.0456990601096295
"holdout","NIKKEI","STAR_SV","2025-07","phi_h","mu_h",-0.00203927818150204
"holdout","NIKKEI","STAR_SV","2025-07","sigma_eta","mu_h",0.00378723734354387
"holdout","NIKKEI","STAR_SV","2025-07","nu","mu_h",0.0518287666692032
"holdout","NIKKEI","STAR_SV","2025-07","gamma_severe","mu_h",0.00213708979139
"holdout","NIKKEI","STAR_SV","2025-07","gamma_mild","mu_h",0.00200115418641409
"holdout","NIKKEI","STAR_SV","2025-07","mu_y","phi_h",1.69676360995687e-05
"holdout","NIKKEI","STAR_SV","2025-07","phi_y","phi_h",-9.1523748443513e-06
"holdout","NIKKEI","STAR_SV","2025-07","mu_h","phi_h",-0.00203927818150204
"holdout","NIKKEI","STAR_SV","2025-07","phi_h","phi_h",0.000240164376003501
"holdout","NIKKEI","STAR_SV","2025-07","sigma_eta","phi_h",-0.000294536452340848
"holdout","NIKKEI","STAR_SV","2025-07","nu","phi_h",-0.00341191988693786
"holdout","NIKKEI","STAR_SV","2025-07","gamma_severe","phi_h",0.000331317168695924
"holdout","NIKKEI","STAR_SV","2025-07","gamma_mild","phi_h",0.000344581042662872
"holdout","NIKKEI","STAR_SV","2025-07","mu_y","sigma_eta",4.85556061360538e-05
"holdout","NIKKEI","STAR_SV","2025-07","phi_y","sigma_eta",-5.52156250337946e-05
"holdout","NIKKEI","STAR_SV","2025-07","mu_h","sigma_eta",0.00378723734354387
"holdout","NIKKEI","STAR_SV","2025-07","phi_h","sigma_eta",-0.000294536452340848
"holdout","NIKKEI","STAR_SV","2025-07","sigma_eta","sigma_eta",0.00179878311354927
"holdout","NIKKEI","STAR_SV","2025-07","nu","sigma_eta",0.033222062915804
"holdout","NIKKEI","STAR_SV","2025-07","gamma_severe","sigma_eta",7.14928335856777e-05
"holdout","NIKKEI","STAR_SV","2025-07","gamma_mild","sigma_eta",3.23332146511367e-05
"holdout","NIKKEI","STAR_SV","2025-07","mu_y","nu",-0.0010293363345125
"holdout","NIKKEI","STAR_SV","2025-07","phi_y","nu",-0.000684562229882674
"holdout","NIKKEI","STAR_SV","2025-07","mu_h","nu",0.0518287666692032
"holdout","NIKKEI","STAR_SV","2025-07","phi_h","nu",-0.00341191988693786
"holdout","NIKKEI","STAR_SV","2025-07","sigma_eta","nu",0.033222062915804
"holdout","NIKKEI","STAR_SV","2025-07","nu","nu",3.05560604744407
"holdout","NIKKEI","STAR_SV","2025-07","gamma_severe","nu",0.0139017307554879
"holdout","NIKKEI","STAR_SV","2025-07","gamma_mild","nu",0.0112827404589118
"holdout","NIKKEI","STAR_SV","2025-07","mu_y","gamma_severe",9.03960634284978e-05
"holdout","NIKKEI","STAR_SV","2025-07","phi_y","gamma_severe",-0.000132125985460389
"holdout","NIKKEI","STAR_SV","2025-07","mu_h","gamma_severe",0.00213708979139
"holdout","NIKKEI","STAR_SV","2025-07","phi_h","gamma_severe",0.000331317168695924
"holdout","NIKKEI","STAR_SV","2025-07","sigma_eta","gamma_severe",7.14928335856777e-05
"holdout","NIKKEI","STAR_SV","2025-07","nu","gamma_severe",0.0139017307554879
"holdout","NIKKEI","STAR_SV","2025-07","gamma_severe","gamma_severe",0.00171097594398037
"holdout","NIKKEI","STAR_SV","2025-07","gamma_mild","gamma_severe",0.00157478628569041
"holdout","NIKKEI","STAR_SV","2025-07","mu_y","gamma_mild",6.48216198951026e-05
"holdout","NIKKEI","STAR_SV","2025-07","phi_y","gamma_mild",-0.00014397919455152
"holdout","NIKKEI","STAR_SV","2025-07","mu_h","gamma_mild",0.00200115418641409
"holdout","NIKKEI","STAR_SV","2025-07","phi_h","gamma_mild",0.000344581042662872
"holdout","NIKKEI","STAR_SV","2025-07","sigma_eta","gamma_mild",3.23332146511367e-05
"holdout","NIKKEI","STAR_SV","2025-07","nu","gamma_mild",0.0112827404589118
"holdout","NIKKEI","STAR_SV","2025-07","gamma_severe","gamma_mild",0.00157478628569041
"holdout","NIKKEI","STAR_SV","2025-07","gamma_mild","gamma_mild",0.00677140004758057
"holdout","NIKKEI","STAR_SV","2025-09","mu_y","mu_y",0.000463258699315311
"holdout","NIKKEI","STAR_SV","2025-09","phi_y","mu_y",-4.87842368080213e-05
"holdout","NIKKEI","STAR_SV","2025-09","mu_h","mu_y",-0.000525740635538984
"holdout","NIKKEI","STAR_SV","2025-09","phi_h","mu_y",8.82437525742884e-06
"holdout","NIKKEI","STAR_SV","2025-09","sigma_eta","mu_y",4.76529839680738e-05
"holdout","NIKKEI","STAR_SV","2025-09","nu","mu_y",-0.000995284465651192
"holdout","NIKKEI","STAR_SV","2025-09","gamma_severe","mu_y",9.32664960298728e-05
"holdout","NIKKEI","STAR_SV","2025-09","gamma_mild","mu_y",9.37968356230672e-05
"holdout","NIKKEI","STAR_SV","2025-09","mu_y","phi_y",-4.87842368080213e-05
"holdout","NIKKEI","STAR_SV","2025-09","phi_y","phi_y",0.000542227981855339
"holdout","NIKKEI","STAR_SV","2025-09","mu_h","phi_y",-0.000715521164784847
"holdout","NIKKEI","STAR_SV","2025-09","phi_h","phi_y",1.17581606973883e-05
"holdout","NIKKEI","STAR_SV","2025-09","sigma_eta","phi_y",-0.000115742915322376
"holdout","NIKKEI","STAR_SV","2025-09","nu","phi_y",-0.00217423648108855
"holdout","NIKKEI","STAR_SV","2025-09","gamma_severe","phi_y",-0.000102729614555207
"holdout","NIKKEI","STAR_SV","2025-09","gamma_mild","phi_y",-5.38122396829769e-05
"holdout","NIKKEI","STAR_SV","2025-09","mu_y","mu_h",-0.000525740635538984
"holdout","NIKKEI","STAR_SV","2025-09","phi_y","mu_h",-0.000715521164784847
"holdout","NIKKEI","STAR_SV","2025-09","mu_h","mu_h",0.0830876121328995
"holdout","NIKKEI","STAR_SV","2025-09","phi_h","mu_h",-0.00321367246968052
"holdout","NIKKEI","STAR_SV","2025-09","sigma_eta","mu_h",0.00469515407398767
"holdout","NIKKEI","STAR_SV","2025-09","nu","mu_h",0.0315593890211133
"holdout","NIKKEI","STAR_SV","2025-09","gamma_severe","mu_h",0.000910119370728282
"holdout","NIKKEI","STAR_SV","2025-09","gamma_mild","mu_h",-8.55540273497807e-05
"holdout","NIKKEI","STAR_SV","2025-09","mu_y","phi_h",8.82437525742884e-06
"holdout","NIKKEI","STAR_SV","2025-09","phi_y","phi_h",1.17581606973883e-05
"holdout","NIKKEI","STAR_SV","2025-09","mu_h","phi_h",-0.00321367246968052
"holdout","NIKKEI","STAR_SV","2025-09","phi_h","phi_h",0.00021973339625016
"holdout","NIKKEI","STAR_SV","2025-09","sigma_eta","phi_h",-0.000266244977767192
"holdout","NIKKEI","STAR_SV","2025-09","nu","phi_h",-0.00166620366681395
"holdout","NIKKEI","STAR_SV","2025-09","gamma_severe","phi_h",0.000302246970876915
"holdout","NIKKEI","STAR_SV","2025-09","gamma_mild","phi_h",0.000363512841031536
"holdout","NIKKEI","STAR_SV","2025-09","mu_y","sigma_eta",4.76529839680738e-05
"holdout","NIKKEI","STAR_SV","2025-09","phi_y","sigma_eta",-0.000115742915322376
"holdout","NIKKEI","STAR_SV","2025-09","mu_h","sigma_eta",0.00469515407398767
"holdout","NIKKEI","STAR_SV","2025-09","phi_h","sigma_eta",-0.000266244977767192
"holdout","NIKKEI","STAR_SV","2025-09","sigma_eta","sigma_eta",0.00158523489408643
"holdout","NIKKEI","STAR_SV","2025-09","nu","sigma_eta",0.0212655944254941
"holdout","NIKKEI","STAR_SV","2025-09","gamma_severe","sigma_eta",-4.65569480597761e-05
"holdout","NIKKEI","STAR_SV","2025-09","gamma_mild","sigma_eta",-0.000118187864220611
"holdout","NIKKEI","STAR_SV","2025-09","mu_y","nu",-0.000995284465651192
"holdout","NIKKEI","STAR_SV","2025-09","phi_y","nu",-0.00217423648108855
"holdout","NIKKEI","STAR_SV","2025-09","mu_h","nu",0.0315593890211133
"holdout","NIKKEI","STAR_SV","2025-09","phi_h","nu",-0.00166620366681395
"holdout","NIKKEI","STAR_SV","2025-09","sigma_eta","nu",0.0212655944254941
"holdout","NIKKEI","STAR_SV","2025-09","nu","nu",2.2226251385483
"holdout","NIKKEI","STAR_SV","2025-09","gamma_severe","nu",0.0106875389031848
"holdout","NIKKEI","STAR_SV","2025-09","gamma_mild","nu",0.00999926196625404
"holdout","NIKKEI","STAR_SV","2025-09","mu_y","gamma_severe",9.32664960298728e-05
"holdout","NIKKEI","STAR_SV","2025-09","phi_y","gamma_severe",-0.000102729614555207
"holdout","NIKKEI","STAR_SV","2025-09","mu_h","gamma_severe",0.000910119370728282
"holdout","NIKKEI","STAR_SV","2025-09","phi_h","gamma_severe",0.000302246970876915
"holdout","NIKKEI","STAR_SV","2025-09","sigma_eta","gamma_severe",-4.65569480597761e-05
"holdout","NIKKEI","STAR_SV","2025-09","nu","gamma_severe",0.0106875389031848
"holdout","NIKKEI","STAR_SV","2025-09","gamma_severe","gamma_severe",0.00156814876528177
"holdout","NIKKEI","STAR_SV","2025-09","gamma_mild","gamma_severe",0.00149342837870512
"holdout","NIKKEI","STAR_SV","2025-09","mu_y","gamma_mild",9.37968356230672e-05
"holdout","NIKKEI","STAR_SV","2025-09","phi_y","gamma_mild",-5.38122396829769e-05
"holdout","NIKKEI","STAR_SV","2025-09","mu_h","gamma_mild",-8.55540273497807e-05
"holdout","NIKKEI","STAR_SV","2025-09","phi_h","gamma_mild",0.000363512841031536
"holdout","NIKKEI","STAR_SV","2025-09","sigma_eta","gamma_mild",-0.000118187864220611
"holdout","NIKKEI","STAR_SV","2025-09","nu","gamma_mild",0.00999926196625404
"holdout","NIKKEI","STAR_SV","2025-09","gamma_severe","gamma_mild",0.00149342837870512
"holdout","NIKKEI","STAR_SV","2025-09","gamma_mild","gamma_mild",0.00781139850211384
"holdout","NIKKEI","STAR_SV","2025-10","mu_y","mu_y",0.000472096188481753
"holdout","NIKKEI","STAR_SV","2025-10","phi_y","mu_y",-4.18113870273244e-05
"holdout","NIKKEI","STAR_SV","2025-10","mu_h","mu_y",-0.000383642008401345
"holdout","NIKKEI","STAR_SV","2025-10","phi_h","mu_y",5.87621815863676e-06
"holdout","NIKKEI","STAR_SV","2025-10","sigma_eta","mu_y",3.26870637960178e-05
"holdout","NIKKEI","STAR_SV","2025-10","nu","mu_y",-0.00182338252068356
"holdout","NIKKEI","STAR_SV","2025-10","gamma_severe","mu_y",0.000102719263394993
"holdout","NIKKEI","STAR_SV","2025-10","gamma_mild","mu_y",8.18750947439465e-05
"holdout","NIKKEI","STAR_SV","2025-10","mu_y","phi_y",-4.18113870273244e-05
"holdout","NIKKEI","STAR_SV","2025-10","phi_y","phi_y",0.000580890428497386
"holdout","NIKKEI","STAR_SV","2025-10","mu_h","phi_y",-0.000727042927566371
"holdout","NIKKEI","STAR_SV","2025-10","phi_h","phi_y",9.10654401516556e-06
"holdout","NIKKEI","STAR_SV","2025-10","sigma_eta","phi_y",-9.51644937812779e-05
"holdout","NIKKEI","STAR_SV","2025-10","nu","phi_y",-0.0020695052321771
"holdout","NIKKEI","STAR_SV","2025-10","gamma_severe","phi_y",-0.000132636281226823
"holdout","NIKKEI","STAR_SV","2025-10","gamma_mild","phi_y",-0.000155135285425841
"holdout","NIKKEI","STAR_SV","2025-10","mu_y","mu_h",-0.000383642008401345
"holdout","NIKKEI","STAR_SV","2025-10","phi_y","mu_h",-0.000727042927566371
"holdout","NIKKEI","STAR_SV","2025-10","mu_h","mu_h",0.0734364520896289
"holdout","NIKKEI","STAR_SV","2025-10","phi_h","mu_h",-0.00325222006982925
"holdout","NIKKEI","STAR_SV","2025-10","sigma_eta","mu_h",0.00465273190625098
"holdout","NIKKEI","STAR_SV","2025-10","nu","mu_h",0.0370261465817502
"holdout","NIKKEI","STAR_SV","2025-10","gamma_severe","mu_h",0.00100904923974475
"holdout","NIKKEI","STAR_SV","2025-10","gamma_mild","mu_h",-0.000460640167431427
"holdout","NIKKEI","STAR_SV","2025-10","mu_y","phi_h",5.87621815863676e-06
"holdout","NIKKEI","STAR_SV","2025-10","phi_y","phi_h",9.10654401516556e-06
"holdout","NIKKEI","STAR_SV","2025-10","mu_h","phi_h",-0.00325222006982925
"holdout","NIKKEI","STAR_SV","2025-10","phi_h","phi_h",0.000248284995687277
"holdout","NIKKEI","STAR_SV","2025-10","sigma_eta","phi_h",-0.000292317429205263
"holdout","NIKKEI","STAR_SV","2025-10","nu","phi_h",-0.00238754487626729
"holdout","NIKKEI","STAR_SV","2025-10","gamma_severe","phi_h",0.000293644082494265
"holdout","NIKKEI","STAR_SV","2025-10","gamma_mild","phi_h",0.000368833236204081
"holdout","NIKKEI","STAR_SV","2025-10","mu_y","sigma_eta",3.26870637960178e-05
"holdout","NIKKEI","STAR_SV","2025-10","phi_y","sigma_eta",-9.51644937812779e-05
"holdout","NIKKEI","STAR_SV","2025-10","mu_h","sigma_eta",0.00465273190625098
"holdout","NIKKEI","STAR_SV","2025-10","phi_h","sigma_eta",-0.000292317429205263
"holdout","NIKKEI","STAR_SV","2025-10","sigma_eta","sigma_eta",0.001846944424723
"holdout","NIKKEI","STAR_SV","2025-10","nu","sigma_eta",0.0287997121767378
"holdout","NIKKEI","STAR_SV","2025-10","gamma_severe","sigma_eta",2.36743546017541e-05
"holdout","NIKKEI","STAR_SV","2025-10","gamma_mild","sigma_eta",9.53837270752886e-05
"holdout","NIKKEI","STAR_SV","2025-10","mu_y","nu",-0.00182338252068356
"holdout","NIKKEI","STAR_SV","2025-10","phi_y","nu",-0.0020695052321771
"holdout","NIKKEI","STAR_SV","2025-10","mu_h","nu",0.0370261465817502
"holdout","NIKKEI","STAR_SV","2025-10","phi_h","nu",-0.00238754487626729
"holdout","NIKKEI","STAR_SV","2025-10","sigma_eta","nu",0.0287997121767378
"holdout","NIKKEI","STAR_SV","2025-10","nu","nu",2.53665801159733
"holdout","NIKKEI","STAR_SV","2025-10","gamma_severe","nu",0.0109122821227877
"holdout","NIKKEI","STAR_SV","2025-10","gamma_mild","nu",0.0117543443258175
"holdout","NIKKEI","STAR_SV","2025-10","mu_y","gamma_severe",0.000102719263394993
"holdout","NIKKEI","STAR_SV","2025-10","phi_y","gamma_severe",-0.000132636281226823
"holdout","NIKKEI","STAR_SV","2025-10","mu_h","gamma_severe",0.00100904923974475
"holdout","NIKKEI","STAR_SV","2025-10","phi_h","gamma_severe",0.000293644082494265
"holdout","NIKKEI","STAR_SV","2025-10","sigma_eta","gamma_severe",2.36743546017541e-05
"holdout","NIKKEI","STAR_SV","2025-10","nu","gamma_severe",0.0109122821227877
"holdout","NIKKEI","STAR_SV","2025-10","gamma_severe","gamma_severe",0.00147552104994481
"holdout","NIKKEI","STAR_SV","2025-10","gamma_mild","gamma_severe",0.00135750273169963
"holdout","NIKKEI","STAR_SV","2025-10","mu_y","gamma_mild",8.18750947439465e-05
"holdout","NIKKEI","STAR_SV","2025-10","phi_y","gamma_mild",-0.000155135285425841
"holdout","NIKKEI","STAR_SV","2025-10","mu_h","gamma_mild",-0.000460640167431427
"holdout","NIKKEI","STAR_SV","2025-10","phi_h","gamma_mild",0.000368833236204081
"holdout","NIKKEI","STAR_SV","2025-10","sigma_eta","gamma_mild",9.53837270752886e-05
"holdout","NIKKEI","STAR_SV","2025-10","nu","gamma_mild",0.0117543443258175
"holdout","NIKKEI","STAR_SV","2025-10","gamma_severe","gamma_mild",0.00135750273169963
"holdout","NIKKEI","STAR_SV","2025-10","gamma_mild","gamma_mild",0.00810373119416325
"holdout","NIKKEI","STAR_SV","2025-11","mu_y","mu_y",0.000491066202158381
"holdout","NIKKEI","STAR_SV","2025-11","phi_y","mu_y",-6.62319079059756e-05
"holdout","NIKKEI","STAR_SV","2025-11","mu_h","mu_y",-0.000318847132443971
"holdout","NIKKEI","STAR_SV","2025-11","phi_h","mu_y",1.55092241824439e-05
"holdout","NIKKEI","STAR_SV","2025-11","sigma_eta","mu_y",3.27486580015399e-05
"holdout","NIKKEI","STAR_SV","2025-11","nu","mu_y",-0.000671596499451491
"holdout","NIKKEI","STAR_SV","2025-11","gamma_severe","mu_y",0.000146540092457793
"holdout","NIKKEI","STAR_SV","2025-11","gamma_mild","mu_y",0.000123699961823339
"holdout","NIKKEI","STAR_SV","2025-11","mu_y","phi_y",-6.62319079059756e-05
"holdout","NIKKEI","STAR_SV","2025-11","phi_y","phi_y",0.000525342962378185
"holdout","NIKKEI","STAR_SV","2025-11","mu_h","phi_y",-0.000539136586965297
"holdout","NIKKEI","STAR_SV","2025-11","phi_h","phi_y",7.14529397730111e-06
"holdout","NIKKEI","STAR_SV","2025-11","sigma_eta","phi_y",-8.61177147245028e-05
"holdout","NIKKEI","STAR_SV","2025-11","nu","phi_y",-0.00026538240015181
"holdout","NIKKEI","STAR_SV","2025-11","gamma_severe","phi_y",-0.00010182614263622
"holdout","NIKKEI","STAR_SV","2025-11","gamma_mild","phi_y",-0.000101502693389958
"holdout","NIKKEI","STAR_SV","2025-11","mu_y","mu_h",-0.000318847132443971
"holdout","NIKKEI","STAR_SV","2025-11","phi_y","mu_h",-0.000539136586965297
"holdout","NIKKEI","STAR_SV","2025-11","mu_h","mu_h",0.0663747669072595
"holdout","NIKKEI","STAR_SV","2025-11","phi_h","mu_h",-0.00322211546924061
"holdout","NIKKEI","STAR_SV","2025-11","sigma_eta","mu_h",0.00477748484490398
"holdout","NIKKEI","STAR_SV","2025-11","nu","mu_h",0.0367338231531962
"holdout","NIKKEI","STAR_SV","2025-11","gamma_severe","mu_h",0.00174562340115284
"holdout","NIKKEI","STAR_SV","2025-11","gamma_mild","mu_h",0.00111641869150438
"holdout","NIKKEI","STAR_SV","2025-11","mu_y","phi_h",1.55092241824439e-05
"holdout","NIKKEI","STAR_SV","2025-11","phi_y","phi_h",7.14529397730111e-06
"holdout","NIKKEI","STAR_SV","2025-11","mu_h","phi_h",-0.00322211546924061
"holdout","NIKKEI","STAR_SV","2025-11","phi_h","phi_h",0.000285845059218352
"holdout","NIKKEI","STAR_SV","2025-11","sigma_eta","phi_h",-0.000332184008839092
"holdout","NIKKEI","STAR_SV","2025-11","nu","phi_h",-0.00256566741025547
"holdout","NIKKEI","STAR_SV","2025-11","gamma_severe","phi_h",0.000312329431070464
"holdout","NIKKEI","STAR_SV","2025-11","gamma_mild","phi_h",0.000334521096169024
"holdout","NIKKEI","STAR_SV","2025-11","mu_y","sigma_eta",3.27486580015399e-05
"holdout","NIKKEI","STAR_SV","2025-11","phi_y","sigma_eta",-8.61177147245028e-05
"holdout","NIKKEI","STAR_SV","2025-11","mu_h","sigma_eta",0.00477748484490398
"holdout","NIKKEI","STAR_SV","2025-11","phi_h","sigma_eta",-0.000332184008839092
"holdout","NIKKEI","STAR_SV","2025-11","sigma_eta","sigma_eta",0.0019431751026566
"holdout","NIKKEI","STAR_SV","2025-11","nu","sigma_eta",0.0308609138481341
"holdout","NIKKEI","STAR_SV","2025-11","gamma_severe","sigma_eta",8.53495568164247e-05
"holdout","NIKKEI","STAR_SV","2025-11","gamma_mild","sigma_eta",8.99915562238693e-05
"holdout","NIKKEI","STAR_SV","2025-11","mu_y","nu",-0.000671596499451491
"holdout","NIKKEI","STAR_SV","2025-11","phi_y","nu",-0.00026538240015181
"holdout","NIKKEI","STAR_SV","2025-11","mu_h","nu",0.0367338231531962
"holdout","NIKKEI","STAR_SV","2025-11","phi_h","nu",-0.00256566741025547
"holdout","NIKKEI","STAR_SV","2025-11","sigma_eta","nu",0.0308609138481341
"holdout","NIKKEI","STAR_SV","2025-11","nu","nu",2.82378996100275
"holdout","NIKKEI","STAR_SV","2025-11","gamma_severe","nu",0.0132789503675869
"holdout","NIKKEI","STAR_SV","2025-11","gamma_mild","nu",0.00974517039720643
"holdout","NIKKEI","STAR_SV","2025-11","mu_y","gamma_severe",0.000146540092457793
"holdout","NIKKEI","STAR_SV","2025-11","phi_y","gamma_severe",-0.00010182614263622
"holdout","NIKKEI","STAR_SV","2025-11","mu_h","gamma_severe",0.00174562340115284
"holdout","NIKKEI","STAR_SV","2025-11","phi_h","gamma_severe",0.000312329431070464
"holdout","NIKKEI","STAR_SV","2025-11","sigma_eta","gamma_severe",8.53495568164247e-05
"holdout","NIKKEI","STAR_SV","2025-11","nu","gamma_severe",0.0132789503675869
"holdout","NIKKEI","STAR_SV","2025-11","gamma_severe","gamma_severe",0.00167732136771083
"holdout","NIKKEI","STAR_SV","2025-11","gamma_mild","gamma_severe",0.00152486446894884
"holdout","NIKKEI","STAR_SV","2025-11","mu_y","gamma_mild",0.000123699961823339
"holdout","NIKKEI","STAR_SV","2025-11","phi_y","gamma_mild",-0.000101502693389958
"holdout","NIKKEI","STAR_SV","2025-11","mu_h","gamma_mild",0.00111641869150438
"holdout","NIKKEI","STAR_SV","2025-11","phi_h","gamma_mild",0.000334521096169024
"holdout","NIKKEI","STAR_SV","2025-11","sigma_eta","gamma_mild",8.99915562238693e-05
"holdout","NIKKEI","STAR_SV","2025-11","nu","gamma_mild",0.00974517039720643
"holdout","NIKKEI","STAR_SV","2025-11","gamma_severe","gamma_mild",0.00152486446894884
"holdout","NIKKEI","STAR_SV","2025-11","gamma_mild","gamma_mild",0.00652291056948299
"holdout","NIKKEI","STAR_SV","2025-12","mu_y","mu_y",0.000448046926321364
"holdout","NIKKEI","STAR_SV","2025-12","phi_y","mu_y",-5.21602912617271e-05
"holdout","NIKKEI","STAR_SV","2025-12","mu_h","mu_y",-0.000580113006661434
"holdout","NIKKEI","STAR_SV","2025-12","phi_h","mu_y",2.43052393946699e-05
"holdout","NIKKEI","STAR_SV","2025-12","sigma_eta","mu_y",-7.68716948293149e-06
"holdout","NIKKEI","STAR_SV","2025-12","nu","mu_y",-0.000803198938157622
"holdout","NIKKEI","STAR_SV","2025-12","gamma_severe","mu_y",0.000115355798253638
"holdout","NIKKEI","STAR_SV","2025-12","gamma_mild","mu_y",7.73781472464684e-05
"holdout","NIKKEI","STAR_SV","2025-12","mu_y","phi_y",-5.21602912617271e-05
"holdout","NIKKEI","STAR_SV","2025-12","phi_y","phi_y",0.000524517657488134
"holdout","NIKKEI","STAR_SV","2025-12","mu_h","phi_y",-0.000591998790910666
"holdout","NIKKEI","STAR_SV","2025-12","phi_h","phi_y",1.94611572063893e-06
"holdout","NIKKEI","STAR_SV","2025-12","sigma_eta","phi_y",-5.89798467917134e-05
"holdout","NIKKEI","STAR_SV","2025-12","nu","phi_y",-0.000823814466235262
"holdout","NIKKEI","STAR_SV","2025-12","gamma_severe","phi_y",-0.00010969676894375
"holdout","NIKKEI","STAR_SV","2025-12","gamma_mild","phi_y",-3.23501194318942e-05
"holdout","NIKKEI","STAR_SV","2025-12","mu_y","mu_h",-0.000580113006661434
"holdout","NIKKEI","STAR_SV","2025-12","phi_y","mu_h",-0.000591998790910666
"holdout","NIKKEI","STAR_SV","2025-12","mu_h","mu_h",0.0753149084788091
"holdout","NIKKEI","STAR_SV","2025-12","phi_h","mu_h",-0.00342267742541373
"holdout","NIKKEI","STAR_SV","2025-12","sigma_eta","mu_h",0.00483180975418113
"holdout","NIKKEI","STAR_SV","2025-12","nu","mu_h",0.0561347900315417
"holdout","NIKKEI","STAR_SV","2025-12","gamma_severe","mu_h",0.00137739045126803
"holdout","NIKKEI","STAR_SV","2025-12","gamma_mild","mu_h",-0.000251462447234478
"holdout","NIKKEI","STAR_SV","2025-12","mu_y","phi_h",2.43052393946699e-05
"holdout","NIKKEI","STAR_SV","2025-12","phi_y","phi_h",1.94611572063893e-06
"holdout","NIKKEI","STAR_SV","2025-12","mu_h","phi_h",-0.00342267742541373
"holdout","NIKKEI","STAR_SV","2025-12","phi_h","phi_h",0.000280517708498617
"holdout","NIKKEI","STAR_SV","2025-12","sigma_eta","phi_h",-0.000337786404355509
"holdout","NIKKEI","STAR_SV","2025-12","nu","phi_h",-0.00415784987288383
"holdout","NIKKEI","STAR_SV","2025-12","gamma_severe","phi_h",0.000331734214128523
"holdout","NIKKEI","STAR_SV","2025-12","gamma_mild","phi_h",0.00041952651760309
"holdout","NIKKEI","STAR_SV","2025-12","mu_y","sigma_eta",-7.68716948293149e-06
"holdout","NIKKEI","STAR_SV","2025-12","phi_y","sigma_eta",-5.89798467917134e-05
"holdout","NIKKEI","STAR_SV","2025-12","mu_h","sigma_eta",0.00483180975418113
"holdout","NIKKEI","STAR_SV","2025-12","phi_h","sigma_eta",-0.000337786404355509
"holdout","NIKKEI","STAR_SV","2025-12","sigma_eta","sigma_eta",0.00172873170191963
"holdout","NIKKEI","STAR_SV","2025-12","nu","sigma_eta",0.0288613412824434
"holdout","NIKKEI","STAR_SV","2025-12","gamma_severe","sigma_eta",-4.58829752708821e-05
"holdout","NIKKEI","STAR_SV","2025-12","gamma_mild","sigma_eta",-0.000102026694296643
"holdout","NIKKEI","STAR_SV","2025-12","mu_y","nu",-0.000803198938157622
"holdout","NIKKEI","STAR_SV","2025-12","phi_y","nu",-0.000823814466235262
"holdout","NIKKEI","STAR_SV","2025-12","mu_h","nu",0.0561347900315417
"holdout","NIKKEI","STAR_SV","2025-12","phi_h","nu",-0.00415784987288383
"holdout","NIKKEI","STAR_SV","2025-12","sigma_eta","nu",0.0288613412824434
"holdout","NIKKEI","STAR_SV","2025-12","nu","nu",2.75359046696528
"holdout","NIKKEI","STAR_SV","2025-12","gamma_severe","nu",0.0102378411014185
"holdout","NIKKEI","STAR_SV","2025-12","gamma_mild","nu",0.00964117661539295
"holdout","NIKKEI","STAR_SV","2025-12","mu_y","gamma_severe",0.000115355798253638
"holdout","NIKKEI","STAR_SV","2025-12","phi_y","gamma_severe",-0.00010969676894375
"holdout","NIKKEI","STAR_SV","2025-12","mu_h","gamma_severe",0.00137739045126803
"holdout","NIKKEI","STAR_SV","2025-12","phi_h","gamma_severe",0.000331734214128523
"holdout","NIKKEI","STAR_SV","2025-12","sigma_eta","gamma_severe",-4.58829752708821e-05
"holdout","NIKKEI","STAR_SV","2025-12","nu","gamma_severe",0.0102378411014185
"holdout","NIKKEI","STAR_SV","2025-12","gamma_severe","gamma_severe",0.00165730526913663
"holdout","NIKKEI","STAR_SV","2025-12","gamma_mild","gamma_severe",0.00156162395297241
"holdout","NIKKEI","STAR_SV","2025-12","mu_y","gamma_mild",7.73781472464684e-05
"holdout","NIKKEI","STAR_SV","2025-12","phi_y","gamma_mild",-3.23501194318942e-05
"holdout","NIKKEI","STAR_SV","2025-12","mu_h","gamma_mild",-0.000251462447234478
"holdout","NIKKEI","STAR_SV","2025-12","phi_h","gamma_mild",0.00041952651760309
"holdout","NIKKEI","STAR_SV","2025-12","sigma_eta","gamma_mild",-0.000102026694296643
"holdout","NIKKEI","STAR_SV","2025-12","nu","gamma_mild",0.00964117661539295
"holdout","NIKKEI","STAR_SV","2025-12","gamma_severe","gamma_mild",0.00156162395297241
"holdout","NIKKEI","STAR_SV","2025-12","gamma_mild","gamma_mild",0.00713394518193219
